#                                                                            --- full sequence --- -------------- this domain -------------   hmm coord   ali coord   env coord
# target name        accession   tlen query name           accession   qlen   E-value  score  bias   #  of  c-Evalue  i-Evalue  score  bias  from    to  from    to  from    to  acc description of target
#------------------- ---------- ----- -------------------- ---------- ----- --------- ------ ----- --- --- --------- --------- ------ ----- ----- ----- ----- ----- ----- ----- ---- ---------------------
10087_g              -           1298 18694                -            404   5.5e-80  268.8   0.1   1   3     0.029       2.5    6.4   0.0     5    36    67    98    63   102 0.88 length=1299	scaffold=gi528858384	strand=-
10087_g              -           1298 18694                -            404   5.5e-80  268.8   0.1   2   3   1.5e-45   1.3e-43  149.0   0.0    34   169   130   264   111   277 0.95 length=1299	scaffold=gi528858384	strand=-
10087_g              -           1298 18694                -            404   5.5e-80  268.8   0.1   3   3   1.1e-31   9.7e-30  103.3   0.0   177   395   336   549   317   556 0.77 length=1299	scaffold=gi528858384	strand=-
12434_g              -           1298 18694                -            404   5.5e-80  268.8   0.1   1   3     0.029       2.5    6.4   0.0     5    36    67    98    63   102 0.88 length=1299	scaffold=gi527308984	strand=+
12434_g              -           1298 18694                -            404   5.5e-80  268.8   0.1   2   3   1.5e-45   1.3e-43  149.0   0.0    34   169   130   264   111   277 0.95 length=1299	scaffold=gi527308984	strand=+
12434_g              -           1298 18694                -            404   5.5e-80  268.8   0.1   3   3   1.1e-31   9.7e-30  103.3   0.0   177   395   336   549   317   556 0.77 length=1299	scaffold=gi527308984	strand=+
419_g                -            206 18694                -            404   6.8e-78  261.9   0.1   1   1   9.4e-80   8.1e-78  261.6   0.1   230   399    24   199    19   204 0.93 length=207	scaffold=gi528858395	strand=+
756_g                -            206 18694                -            404   6.8e-78  261.9   0.1   1   1   9.4e-80   8.1e-78  261.6   0.1   230   399    24   199    19   204 0.93 length=207	scaffold=gi527315607	strand=-
6953_g               -            752 18694                -            404   9.8e-72  241.6   0.0   1   2   4.4e-52   3.8e-50  170.5   0.1     8   228     6   235     2   239 0.84 length=753	scaffold=gi528858387	strand=+
6953_g               -            752 18694                -            404   9.8e-72  241.6   0.0   2   2   3.1e-21   2.6e-19   68.9   0.0   269   382   239   352   236   368 0.95 length=753	scaffold=gi528858387	strand=+
7958_g               -            752 18694                -            404   9.8e-72  241.6   0.0   1   2   4.4e-52   3.8e-50  170.5   0.1     8   228     6   235     2   239 0.84 length=753	scaffold=gi527311550	strand=-
7958_g               -            752 18694                -            404   9.8e-72  241.6   0.0   2   2   3.1e-21   2.6e-19   68.9   0.0   269   382   239   352   236   368 0.95 length=753	scaffold=gi527311550	strand=-
10713_g              -            472 18694                -            404   6.7e-56  189.4   0.0   1   2   8.3e-46   7.1e-44  149.8   0.0    12   229    90   307    82   319 0.86 length=473	scaffold=gi528858383	strand=+
10713_g              -            472 18694                -            404   6.7e-56  189.4   0.0   2   2   1.1e-11   9.7e-10   37.4   0.0   267   355   376   462   350   469 0.86 length=473	scaffold=gi528858383	strand=+
11510_g              -            472 18694                -            404   6.7e-56  189.4   0.0   1   2   8.3e-46   7.1e-44  149.8   0.0    12   229    90   307    82   319 0.86 length=473	scaffold=gi527307902	strand=+
11510_g              -            472 18694                -            404   6.7e-56  189.4   0.0   2   2   1.1e-11   9.7e-10   37.4   0.0   267   355   376   462   350   469 0.86 length=473	scaffold=gi527307902	strand=+
7280_g               -            515 18694                -            404   8.1e-53  179.3   0.0   1   3   0.00016     0.014   13.8   0.0    12    47    48    84    41    91 0.84 length=516	scaffold=gi528858387	strand=-
7280_g               -            515 18694                -            404   8.1e-53  179.3   0.0   2   3     5e-40   4.3e-38  130.8   0.1    60   238   124   314   122   326 0.78 length=516	scaffold=gi528858387	strand=-
7280_g               -            515 18694                -            404   8.1e-53  179.3   0.0   3   3   2.5e-09   2.2e-07   29.7   0.0   269   352   409   498   401   506 0.76 length=516	scaffold=gi528858387	strand=-
7638_g               -            515 18694                -            404   8.1e-53  179.3   0.0   1   3   0.00016     0.014   13.8   0.0    12    47    48    84    41    91 0.84 length=516	scaffold=gi527311550	strand=+
7638_g               -            515 18694                -            404   8.1e-53  179.3   0.0   2   3     5e-40   4.3e-38  130.8   0.1    60   238   124   314   122   326 0.78 length=516	scaffold=gi527311550	strand=+
7638_g               -            515 18694                -            404   8.1e-53  179.3   0.0   3   3   2.5e-09   2.2e-07   29.7   0.0   269   352   409   498   401   506 0.76 length=516	scaffold=gi527311550	strand=+
5016_g               -           4658 18694                -            404   5.5e-35  120.6   0.0   1   3    0.0018      0.16   10.3   0.0    25    76  4094  4148  4085  4151 0.82 length=4659	scaffold=gi528858389	strand=+
5016_g               -           4658 18694                -            404   5.5e-35  120.6   0.0   2   3   3.3e-24   2.9e-22   78.7   0.4    90   232  4256  4378  4249  4382 0.92 length=4659	scaffold=gi528858389	strand=+
5016_g               -           4658 18694                -            404   5.5e-35  120.6   0.0   3   3   4.7e-06   0.00041   18.9   0.0   267   343  4387  4463  4384  4468 0.94 length=4659	scaffold=gi528858389	strand=+
5488_g               -           4658 18694                -            404   5.5e-35  120.6   0.0   1   3    0.0018      0.16   10.3   0.0    25    76  4094  4148  4085  4151 0.82 length=4659	scaffold=gi527313191	strand=+
5488_g               -           4658 18694                -            404   5.5e-35  120.6   0.0   2   3   3.3e-24   2.9e-22   78.7   0.4    90   232  4256  4378  4249  4382 0.92 length=4659	scaffold=gi527313191	strand=+
5488_g               -           4658 18694                -            404   5.5e-35  120.6   0.0   3   3   4.7e-06   0.00041   18.9   0.0   267   343  4387  4463  4384  4468 0.94 length=4659	scaffold=gi527313191	strand=+
3025_g               -            738 18694                -            404   1.3e-31  109.4   0.1   1   4   3.3e-15   2.8e-13   49.0   0.0    59   149    87   174    49   181 0.89 length=739	scaffold=gi528858386	strand=+
3025_g               -            738 18694                -            404   1.3e-31  109.4   0.1   2   4       2.8   2.4e+02   -0.1   0.0   144   166   248   270   229   276 0.78 length=739	scaffold=gi528858386	strand=+
3025_g               -            738 18694                -            404   1.3e-31  109.4   0.1   3   4   1.1e-07   9.5e-06   24.3   0.0   191   225   276   310   273   313 0.93 length=739	scaffold=gi528858386	strand=+
3025_g               -            738 18694                -            404   1.3e-31  109.4   0.1   4   4   2.4e-09   2.1e-07   29.7   0.0   268   358   393   497   386   502 0.64 length=739	scaffold=gi528858386	strand=+
3706_g               -            738 18694                -            404   1.3e-31  109.4   0.1   1   4   3.3e-15   2.8e-13   49.0   0.0    59   149    87   174    49   181 0.89 length=739	scaffold=gi527310709	strand=+
3706_g               -            738 18694                -            404   1.3e-31  109.4   0.1   2   4       2.8   2.4e+02   -0.1   0.0   144   166   248   270   229   276 0.78 length=739	scaffold=gi527310709	strand=+
3706_g               -            738 18694                -            404   1.3e-31  109.4   0.1   3   4   1.1e-07   9.5e-06   24.3   0.0   191   225   276   310   273   313 0.93 length=739	scaffold=gi527310709	strand=+
3706_g               -            738 18694                -            404   1.3e-31  109.4   0.1   4   4   2.4e-09   2.1e-07   29.7   0.0   268   358   393   497   386   502 0.64 length=739	scaffold=gi527310709	strand=+
2139_g               -            564 18694                -            404   8.2e-31  106.8   5.0   1   3   4.1e-24   3.5e-22   78.4   0.4     8   174    44   210    38   227 0.85 length=565	scaffold=gi528858392	strand=+
2139_g               -            564 18694                -            404   8.2e-31  106.8   5.0   2   3    0.0076      0.65    8.3   0.1   202   233   273   302   266   305 0.89 length=565	scaffold=gi528858392	strand=+
2139_g               -            564 18694                -            404   8.2e-31  106.8   5.0   3   3   1.2e-06   0.00011   20.8   0.0   314   358   330   374   311   397 0.89 length=565	scaffold=gi528858392	strand=+
2420_g               -            564 18694                -            404   8.2e-31  106.8   5.0   1   3   4.1e-24   3.5e-22   78.4   0.4     8   174    44   210    38   227 0.85 length=565	scaffold=gi527314679	strand=-
2420_g               -            564 18694                -            404   8.2e-31  106.8   5.0   2   3    0.0076      0.65    8.3   0.1   202   233   273   302   266   305 0.89 length=565	scaffold=gi527314679	strand=-
2420_g               -            564 18694                -            404   8.2e-31  106.8   5.0   3   3   1.2e-06   0.00011   20.8   0.0   314   358   330   374   311   397 0.89 length=565	scaffold=gi527314679	strand=-
3087_g               -            543 18694                -            404   1.2e-30  106.2   2.9   1   3   2.9e-22   2.5e-20   72.3   0.4     6   166    67   227    63   237 0.84 length=544	scaffold=gi528858386	strand=+
3087_g               -            543 18694                -            404   1.2e-30  106.2   2.9   2   3   0.00095     0.082   11.3   0.1   197   232   236   269   227   272 0.86 length=544	scaffold=gi528858386	strand=+
3087_g               -            543 18694                -            404   1.2e-30  106.2   2.9   3   3   6.5e-07   5.6e-05   21.7   0.0   316   360   300   344   288   358 0.89 length=544	scaffold=gi528858386	strand=+
3768_g               -            543 18694                -            404   1.2e-30  106.2   2.9   1   3   2.9e-22   2.5e-20   72.3   0.4     6   166    67   227    63   237 0.84 length=544	scaffold=gi527310709	strand=+
3768_g               -            543 18694                -            404   1.2e-30  106.2   2.9   2   3   0.00095     0.082   11.3   0.1   197   232   236   269   227   272 0.86 length=544	scaffold=gi527310709	strand=+
3768_g               -            543 18694                -            404   1.2e-30  106.2   2.9   3   3   6.5e-07   5.6e-05   21.7   0.0   316   360   300   344   288   358 0.89 length=544	scaffold=gi527310709	strand=+
12862_g              -           3670 18694                -            404   1.5e-30  106.0   5.3   1   3   7.6e-24   6.6e-22   77.5   0.2     6   165  3061  3219  3056  3231 0.86 length=3671	scaffold=gi527310678	strand=-
12862_g              -           3670 18694                -            404   1.5e-30  106.0   5.3   2   3   0.00062     0.054   11.9   0.0   200   232  3232  3263  3223  3266 0.84 length=3671	scaffold=gi527310678	strand=-
12862_g              -           3670 18694                -            404   1.5e-30  106.0   5.3   3   3   1.5e-05    0.0013   17.2   0.0   316   354  3294  3332  3283  3353 0.84 length=3671	scaffold=gi527310678	strand=-
8981_g               -           3670 18694                -            404   1.5e-30  106.0   5.3   1   3   7.6e-24   6.6e-22   77.5   0.2     6   165  3061  3219  3056  3231 0.86 length=3671	scaffold=gi528858385	strand=-
8981_g               -           3670 18694                -            404   1.5e-30  106.0   5.3   2   3   0.00062     0.054   11.9   0.0   200   232  3232  3263  3223  3266 0.84 length=3671	scaffold=gi528858385	strand=-
8981_g               -           3670 18694                -            404   1.5e-30  106.0   5.3   3   3   1.5e-05    0.0013   17.2   0.0   316   354  3294  3332  3283  3353 0.84 length=3671	scaffold=gi528858385	strand=-
5655_g               -            659 18694                -            404   1.4e-29  102.8   4.0   1   4         1        90    1.3   0.0     6    31    64    89    59    93 0.88 length=660	scaffold=gi528858388	strand=+
5655_g               -            659 18694                -            404   1.4e-29  102.8   4.0   2   4   5.6e-16   4.8e-14   51.6   0.3    54   164   175   282   166   292 0.85 length=660	scaffold=gi528858388	strand=+
5655_g               -            659 18694                -            404   1.4e-29  102.8   4.0   3   4   3.6e-07   3.1e-05   22.6   0.0   195   232   291   328   284   333 0.90 length=660	scaffold=gi528858388	strand=+
5655_g               -            659 18694                -            404   1.4e-29  102.8   4.0   4   4   4.1e-08   3.6e-06   25.7   0.0   268   361   339   438   331   446 0.70 length=660	scaffold=gi528858388	strand=+
6591_g               -            659 18694                -            404   1.4e-29  102.8   4.0   1   4         1        90    1.3   0.0     6    31    64    89    59    93 0.88 length=660	scaffold=gi527312496	strand=-
6591_g               -            659 18694                -            404   1.4e-29  102.8   4.0   2   4   5.6e-16   4.8e-14   51.6   0.3    54   164   175   282   166   292 0.85 length=660	scaffold=gi527312496	strand=-
6591_g               -            659 18694                -            404   1.4e-29  102.8   4.0   3   4   3.6e-07   3.1e-05   22.6   0.0   195   232   291   328   284   333 0.90 length=660	scaffold=gi527312496	strand=-
6591_g               -            659 18694                -            404   1.4e-29  102.8   4.0   4   4   4.1e-08   3.6e-06   25.7   0.0   268   361   339   438   331   446 0.70 length=660	scaffold=gi527312496	strand=-
13409_g              -            682 18694                -            404   1.4e-27   96.2   0.1   1   3   4.5e-21   3.9e-19   68.4   0.1    19   165   218   361   202   371 0.81 length=683	scaffold=gi527309735	strand=-
13409_g              -            682 18694                -            404   1.4e-27   96.2   0.1   2   3    0.0056      0.48    8.8   0.0   193   232   367   404   361   407 0.84 length=683	scaffold=gi527309735	strand=-
13409_g              -            682 18694                -            404   1.4e-27   96.2   0.1   3   3   4.8e-05    0.0042   15.6   0.0   314   350   433   469   413   476 0.90 length=683	scaffold=gi527309735	strand=-
9259_g               -            682 18694                -            404   1.4e-27   96.2   0.1   1   3   4.5e-21   3.9e-19   68.4   0.1    19   165   218   361   202   371 0.81 length=683	scaffold=gi528858385	strand=+
9259_g               -            682 18694                -            404   1.4e-27   96.2   0.1   2   3    0.0056      0.48    8.8   0.0   193   232   367   404   361   407 0.84 length=683	scaffold=gi528858385	strand=+
9259_g               -            682 18694                -            404   1.4e-27   96.2   0.1   3   3   4.8e-05    0.0042   15.6   0.0   314   350   433   469   413   476 0.90 length=683	scaffold=gi528858385	strand=+
4677_g               -            798 18694                -            404   2.7e-27   95.2   1.0   1   3   2.4e-22   2.1e-20   72.5   0.0    10   165   276   429   270   440 0.87 length=799	scaffold=gi528858389	strand=-
4677_g               -            798 18694                -            404   2.7e-27   95.2   1.0   2   3     0.083       7.2    4.9   0.0   198   232   440   472   431   475 0.85 length=799	scaffold=gi528858389	strand=-
4677_g               -            798 18694                -            404   2.7e-27   95.2   1.0   3   3   6.9e-05     0.006   15.0   0.1   315   360   502   547   498   588 0.84 length=799	scaffold=gi528858389	strand=-
5149_g               -            798 18694                -            404   2.7e-27   95.2   1.0   1   3   2.4e-22   2.1e-20   72.5   0.0    10   165   276   429   270   440 0.87 length=799	scaffold=gi527313191	strand=-
5149_g               -            798 18694                -            404   2.7e-27   95.2   1.0   2   3     0.083       7.2    4.9   0.0   198   232   440   472   431   475 0.85 length=799	scaffold=gi527313191	strand=-
5149_g               -            798 18694                -            404   2.7e-27   95.2   1.0   3   3   6.9e-05     0.006   15.0   0.1   315   360   502   547   498   588 0.84 length=799	scaffold=gi527313191	strand=-
6076_g               -            877 18694                -            404   9.9e-26   90.1   1.5   1   5       1.5   1.3e+02    0.7   0.0    10    31   259   280   254   291 0.82 length=878	scaffold=gi528858388	strand=+
6076_g               -            877 18694                -            404   9.9e-26   90.1   1.5   2   5      0.14        12    4.2   0.0    57    78   356   377   330   388 0.83 length=878	scaffold=gi528858388	strand=+
6076_g               -            877 18694                -            404   9.9e-26   90.1   1.5   3   5   9.5e-10   8.2e-08   31.0   0.1   114   168   558   620   554   625 0.85 length=878	scaffold=gi528858388	strand=+
6076_g               -            877 18694                -            404   9.9e-26   90.1   1.5   4   5   1.7e-08   1.5e-06   26.9   0.1   193   232   624   663   616   688 0.91 length=878	scaffold=gi528858388	strand=+
6076_g               -            877 18694                -            404   9.9e-26   90.1   1.5   5   5   8.1e-07     7e-05   21.4   0.0   308   354   720   768   666   803 0.72 length=878	scaffold=gi528858388	strand=+
6176_g               -            877 18694                -            404   9.9e-26   90.1   1.5   1   5       1.5   1.3e+02    0.7   0.0    10    31   259   280   254   291 0.82 length=878	scaffold=gi527312496	strand=-
6176_g               -            877 18694                -            404   9.9e-26   90.1   1.5   2   5      0.14        12    4.2   0.0    57    78   356   377   330   388 0.83 length=878	scaffold=gi527312496	strand=-
6176_g               -            877 18694                -            404   9.9e-26   90.1   1.5   3   5   9.5e-10   8.2e-08   31.0   0.1   114   168   558   620   554   625 0.85 length=878	scaffold=gi527312496	strand=-
6176_g               -            877 18694                -            404   9.9e-26   90.1   1.5   4   5   1.7e-08   1.5e-06   26.9   0.1   193   232   624   663   616   688 0.91 length=878	scaffold=gi527312496	strand=-
6176_g               -            877 18694                -            404   9.9e-26   90.1   1.5   5   5   8.1e-07     7e-05   21.4   0.0   308   354   720   768   666   803 0.72 length=878	scaffold=gi527312496	strand=-
10747_g              -            758 18694                -            404   5.3e-24   84.4   0.0   1   2   1.2e-18     1e-16   60.4   0.0     9   231   177   413   170   425 0.77 length=759	scaffold=gi528858383	strand=+
10747_g              -            758 18694                -            404   5.3e-24   84.4   0.0   2   2   1.5e-06   0.00013   20.5   0.1   313   376   469   533   458   562 0.75 length=759	scaffold=gi528858383	strand=+
11544_g              -            758 18694                -            404   5.3e-24   84.4   0.0   1   2   1.2e-18     1e-16   60.4   0.0     9   231   177   413   170   425 0.77 length=759	scaffold=gi527307902	strand=+
11544_g              -            758 18694                -            404   5.3e-24   84.4   0.0   2   2   1.5e-06   0.00013   20.5   0.1   313   376   469   533   458   562 0.75 length=759	scaffold=gi527307902	strand=+
7894_g               -           1349 18694                -            404   1.1e-22   80.0   2.4   1   4   6.1e-09   5.2e-07   28.4   0.0    15    85   577   649   570   658 0.88 length=1350	scaffold=gi527311550	strand=-
7894_g               -           1349 18694                -            404   1.1e-22   80.0   2.4   2   4   5.3e-11   4.5e-09   35.2   0.1   112   165   744   797   731   807 0.89 length=1350	scaffold=gi527311550	strand=-
7894_g               -           1349 18694                -            404   1.1e-22   80.0   2.4   3   4       1.4   1.2e+02    0.9   0.0   203   232   813   842   804   846 0.81 length=1350	scaffold=gi527311550	strand=-
7894_g               -           1349 18694                -            404   1.1e-22   80.0   2.4   4   4   0.00063     0.054   11.9   0.0   319   351   872   904   864   933 0.92 length=1350	scaffold=gi527311550	strand=-
7017_g               -           1368 18694                -            404   1.2e-22   79.9   2.4   1   4   6.2e-09   5.3e-07   28.4   0.0    15    85   596   668   589   677 0.88 length=1369	scaffold=gi528858387	strand=+
7017_g               -           1368 18694                -            404   1.2e-22   79.9   2.4   2   4   5.4e-11   4.6e-09   35.2   0.1   112   165   763   816   750   826 0.89 length=1369	scaffold=gi528858387	strand=+
7017_g               -           1368 18694                -            404   1.2e-22   79.9   2.4   3   4       1.4   1.2e+02    0.8   0.0   203   232   832   861   823   865 0.81 length=1369	scaffold=gi528858387	strand=+
7017_g               -           1368 18694                -            404   1.2e-22   79.9   2.4   4   4   0.00064     0.055   11.9   0.0   319   351   891   923   883   952 0.92 length=1369	scaffold=gi528858387	strand=+
6709_g               -           1884 18694                -            404   1.2e-21   76.6   0.0   1   2     4e-14   3.5e-12   45.5   0.0   116   232   854   972   850   976 0.82 length=1885	scaffold=gi528858387	strand=-
6709_g               -           1884 18694                -            404   1.2e-21   76.6   0.0   2   2   6.3e-09   5.4e-07   28.4   0.0   276   356   990  1077   979  1088 0.72 length=1885	scaffold=gi528858387	strand=-
8200_g               -           1884 18694                -            404   1.2e-21   76.6   0.0   1   2     4e-14   3.5e-12   45.5   0.0   116   232   854   972   850   976 0.82 length=1885	scaffold=gi527311550	strand=+
8200_g               -           1884 18694                -            404   1.2e-21   76.6   0.0   2   2   6.3e-09   5.4e-07   28.4   0.0   276   356   990  1077   979  1088 0.72 length=1885	scaffold=gi527311550	strand=+
10129_g              -           1384 18694                -            404   3.3e-21   75.2   5.8   1   3   1.6e-13   1.3e-11   43.5   0.8    14   169  1022  1180  1013  1184 0.76 length=1385	scaffold=gi528858384	strand=-
10129_g              -           1384 18694                -            404   3.3e-21   75.2   5.8   2   3   8.2e-06   0.00071   18.1   0.1   191   231  1179  1218  1173  1223 0.85 length=1385	scaffold=gi528858384	strand=-
10129_g              -           1384 18694                -            404   3.3e-21   75.2   5.8   3   3   3.9e-05    0.0034   15.9   0.0   324   354  1321  1351  1309  1365 0.83 length=1385	scaffold=gi528858384	strand=-
12392_g              -           1384 18694                -            404   3.3e-21   75.2   5.8   1   3   1.6e-13   1.3e-11   43.5   0.8    14   169  1022  1180  1013  1184 0.76 length=1385	scaffold=gi527308984	strand=+
12392_g              -           1384 18694                -            404   3.3e-21   75.2   5.8   2   3   8.2e-06   0.00071   18.1   0.1   191   231  1179  1218  1173  1223 0.85 length=1385	scaffold=gi527308984	strand=+
12392_g              -           1384 18694                -            404   3.3e-21   75.2   5.8   3   3   3.9e-05    0.0034   15.9   0.0   324   354  1321  1351  1309  1365 0.83 length=1385	scaffold=gi527308984	strand=+
13451_g              -            960 18694                -            404   5.9e-21   74.3   0.1   1   3   4.9e-19   4.2e-17   61.6   0.0    11   168   484   639   478   649 0.83 length=961	scaffold=gi527309735	strand=-
13451_g              -            960 18694                -            404   5.9e-21   74.3   0.1   2   3       2.9   2.5e+02   -0.2   0.0   200   232   649   679   640   707 0.80 length=961	scaffold=gi527309735	strand=-
13451_g              -            960 18694                -            404   5.9e-21   74.3   0.1   3   3    0.0052      0.45    8.9   0.0   315   350   709   744   701   753 0.91 length=961	scaffold=gi527309735	strand=-
9214_g               -            960 18694                -            404   5.9e-21   74.3   0.1   1   3   4.9e-19   4.2e-17   61.6   0.0    11   168   484   639   478   649 0.83 length=961	scaffold=gi528858385	strand=+
9214_g               -            960 18694                -            404   5.9e-21   74.3   0.1   2   3       2.9   2.5e+02   -0.2   0.0   200   232   649   679   640   707 0.80 length=961	scaffold=gi528858385	strand=+
9214_g               -            960 18694                -            404   5.9e-21   74.3   0.1   3   3    0.0052      0.45    8.9   0.0   315   350   709   744   701   753 0.91 length=961	scaffold=gi528858385	strand=+
4268_g               -           1657 18694                -            404     1e-20   73.6   0.0   1   2   8.2e-15   7.1e-13   47.7   0.0    94   166   911   985   904   994 0.90 length=1658	scaffold=gi528858390	strand=+
4268_g               -           1657 18694                -            404     1e-20   73.6   0.0   2   2   2.6e-07   2.2e-05   23.0   0.0   195   233  1367  1404  1342  1411 0.85 length=1658	scaffold=gi528858390	strand=+
8337_g               -           1657 18694                -            404     1e-20   73.6   0.0   1   2   8.2e-15   7.1e-13   47.7   0.0    94   166   911   985   904   994 0.90 length=1658	scaffold=gi527313991	strand=-
8337_g               -           1657 18694                -            404     1e-20   73.6   0.0   2   2   2.6e-07   2.2e-05   23.0   0.0   195   233  1367  1404  1342  1411 0.85 length=1658	scaffold=gi527313991	strand=-
4789_g               -           1638 18694                -            404   1.3e-20   73.2   1.0   1   3   6.5e-09   5.6e-07   28.3   0.1    12   150  1196  1338  1192  1345 0.80 length=1639	scaffold=gi528858389	strand=+
4789_g               -           1638 18694                -            404   1.3e-20   73.2   1.0   2   3   4.3e-08   3.7e-06   25.6   0.0   193   235  1450  1491  1438  1506 0.85 length=1639	scaffold=gi528858389	strand=+
4789_g               -           1638 18694                -            404   1.3e-20   73.2   1.0   3   3   3.1e-05    0.0027   16.2   0.0   300   353  1581  1633  1569  1637 0.85 length=1639	scaffold=gi528858389	strand=+
5261_g               -           1638 18694                -            404   1.3e-20   73.2   1.0   1   3   6.5e-09   5.6e-07   28.3   0.1    12   150  1196  1338  1192  1345 0.80 length=1639	scaffold=gi527313191	strand=+
5261_g               -           1638 18694                -            404   1.3e-20   73.2   1.0   2   3   4.3e-08   3.7e-06   25.6   0.0   193   235  1450  1491  1438  1506 0.85 length=1639	scaffold=gi527313191	strand=+
5261_g               -           1638 18694                -            404   1.3e-20   73.2   1.0   3   3   3.1e-05    0.0027   16.2   0.0   300   353  1581  1633  1569  1637 0.85 length=1639	scaffold=gi527313191	strand=+
1564_g               -           1105 18694                -            404   1.5e-19   69.8   0.0   1   2   7.8e-17   6.7e-15   54.4   0.0     8   232   271   497   264   512 0.81 length=1106	scaffold=gi527315005	strand=+
1564_g               -           1105 18694                -            404   1.5e-19   69.8   0.0   2   2   0.00029     0.025   13.0   0.0   306   353   540   588   531   596 0.88 length=1106	scaffold=gi527315005	strand=+
10700_g              -           3828 18694                -            404   1.5e-19   69.7   0.6   1   3   2.2e-18   1.9e-16   59.5   0.0    13   171   258   417   247   427 0.88 length=3829	scaffold=gi528858383	strand=-
10700_g              -           3828 18694                -            404   1.5e-19   69.7   0.6   2   3     0.041       3.5    5.9   0.0   198   234   423   458   417   465 0.82 length=3829	scaffold=gi528858383	strand=-
10700_g              -           3828 18694                -            404   1.5e-19   69.7   0.6   3   3       1.2   1.1e+02    1.0   0.0   319   362   487   530   483   554 0.81 length=3829	scaffold=gi528858383	strand=-
11497_g              -           3828 18694                -            404   1.5e-19   69.7   0.6   1   3   2.2e-18   1.9e-16   59.5   0.0    13   171   258   417   247   427 0.88 length=3829	scaffold=gi527307902	strand=-
11497_g              -           3828 18694                -            404   1.5e-19   69.7   0.6   2   3     0.041       3.5    5.9   0.0   198   234   423   458   417   465 0.82 length=3829	scaffold=gi527307902	strand=-
11497_g              -           3828 18694                -            404   1.5e-19   69.7   0.6   3   3       1.2   1.1e+02    1.0   0.0   319   362   487   530   483   554 0.81 length=3829	scaffold=gi527307902	strand=-
1074_g               -           1130 18694                -            404   1.5e-19   69.7   0.0   1   2   8.1e-17     7e-15   54.3   0.0     8   232   271   497   264   512 0.81 length=1131	scaffold=gi528858393	strand=-
1074_g               -           1130 18694                -            404   1.5e-19   69.7   0.0   2   2    0.0003     0.026   12.9   0.0   306   353   540   588   531   596 0.88 length=1131	scaffold=gi528858393	strand=-
1158_g               -           1197 18694                -            404   2.3e-17   62.5   0.1   1   5       4.8   4.2e+02   -0.9   0.0     9    46   381   418   376   463 0.87 length=1198	scaffold=gi528858393	strand=+
1158_g               -           1197 18694                -            404   2.3e-17   62.5   0.1   2   5   0.00011    0.0094   14.4   0.0   118   150   597   629   590   632 0.93 length=1198	scaffold=gi528858393	strand=+
1158_g               -           1197 18694                -            404   2.3e-17   62.5   0.1   3   5      0.46        40    2.5   0.0   154   185   829   860   827   877 0.71 length=1198	scaffold=gi528858393	strand=+
1158_g               -           1197 18694                -            404   2.3e-17   62.5   0.1   4   5   5.6e-07   4.8e-05   21.9   0.0   185   233   972  1020   946  1030 0.76 length=1198	scaffold=gi528858393	strand=+
1158_g               -           1197 18694                -            404   2.3e-17   62.5   0.1   5   5   2.7e-05    0.0023   16.4   0.0   320   353  1159  1192  1152  1196 0.90 length=1198	scaffold=gi528858393	strand=+
1479_g               -           1197 18694                -            404   2.3e-17   62.5   0.1   1   5       4.8   4.2e+02   -0.9   0.0     9    46   381   418   376   463 0.87 length=1198	scaffold=gi527315005	strand=-
1479_g               -           1197 18694                -            404   2.3e-17   62.5   0.1   2   5   0.00011    0.0094   14.4   0.0   118   150   597   629   590   632 0.93 length=1198	scaffold=gi527315005	strand=-
1479_g               -           1197 18694                -            404   2.3e-17   62.5   0.1   3   5      0.46        40    2.5   0.0   154   185   829   860   827   877 0.71 length=1198	scaffold=gi527315005	strand=-
1479_g               -           1197 18694                -            404   2.3e-17   62.5   0.1   4   5   5.6e-07   4.8e-05   21.9   0.0   185   233   972  1020   946  1030 0.76 length=1198	scaffold=gi527315005	strand=-
1479_g               -           1197 18694                -            404   2.3e-17   62.5   0.1   5   5   2.7e-05    0.0023   16.4   0.0   320   353  1159  1192  1152  1196 0.90 length=1198	scaffold=gi527315005	strand=-
11026_g              -           1460 18694                -            404   4.7e-16   58.2   0.0   1   2    0.0014      0.12   10.7   0.0   145   174    54    83    46    99 0.79 length=1461	scaffold=gi528858383	strand=-
11026_g              -           1460 18694                -            404   4.7e-16   58.2   0.0   2   2   8.1e-14     7e-12   44.4   0.0   189   233   146   190   123   222 0.91 length=1461	scaffold=gi528858383	strand=-
11823_g              -           1460 18694                -            404   4.7e-16   58.2   0.0   1   2    0.0014      0.12   10.7   0.0   145   174    54    83    46    99 0.79 length=1461	scaffold=gi527307902	strand=-
11823_g              -           1460 18694                -            404   4.7e-16   58.2   0.0   2   2   8.1e-14     7e-12   44.4   0.0   189   233   146   190   123   222 0.91 length=1461	scaffold=gi527307902	strand=-
3134_g               -           1388 18694                -            404   6.9e-16   57.6   0.1   1   3   4.7e-13     4e-11   41.9   0.1    12   148   962  1097   952  1103 0.85 length=1389	scaffold=gi528858386	strand=+
3134_g               -           1388 18694                -            404   6.9e-16   57.6   0.1   2   3      0.68        59    1.9   0.0   198   232  1234  1268  1213  1272 0.76 length=1389	scaffold=gi528858386	strand=+
3134_g               -           1388 18694                -            404   6.9e-16   57.6   0.1   3   3     0.003      0.26    9.6   0.0   317   349  1300  1332  1283  1340 0.87 length=1389	scaffold=gi528858386	strand=+
3815_g               -           1388 18694                -            404   6.9e-16   57.6   0.1   1   3   4.7e-13     4e-11   41.9   0.1    12   148   962  1097   952  1103 0.85 length=1389	scaffold=gi527310709	strand=+
3815_g               -           1388 18694                -            404   6.9e-16   57.6   0.1   2   3      0.68        59    1.9   0.0   198   232  1234  1268  1213  1272 0.76 length=1389	scaffold=gi527310709	strand=+
3815_g               -           1388 18694                -            404   6.9e-16   57.6   0.1   3   3     0.003      0.26    9.6   0.0   317   349  1300  1332  1283  1340 0.87 length=1389	scaffold=gi527310709	strand=+
4324_g               -           2454 18694                -            404   1.3e-15   56.7   0.0   1   3   1.1e-14   9.8e-13   47.3   0.0    11   173   461   632   453   651 0.78 length=2455	scaffold=gi528858390	strand=-
4324_g               -           2454 18694                -            404   1.3e-15   56.7   0.0   2   3       5.6   4.8e+02   -1.1   0.0   174   211   748   785   736   792 0.80 length=2455	scaffold=gi528858390	strand=-
4324_g               -           2454 18694                -            404   1.3e-15   56.7   0.0   3   3     0.053       4.6    5.5   0.0   314   350   912   948   908   955 0.92 length=2455	scaffold=gi528858390	strand=-
8283_g               -           2454 18694                -            404   1.3e-15   56.7   0.0   1   3   1.1e-14   9.8e-13   47.3   0.0    11   173   461   632   453   651 0.78 length=2455	scaffold=gi527313991	strand=+
8283_g               -           2454 18694                -            404   1.3e-15   56.7   0.0   2   3       5.6   4.8e+02   -1.1   0.0   174   211   748   785   736   792 0.80 length=2455	scaffold=gi527313991	strand=+
8283_g               -           2454 18694                -            404   1.3e-15   56.7   0.0   3   3     0.053       4.6    5.5   0.0   314   350   912   948   908   955 0.92 length=2455	scaffold=gi527313991	strand=+
4581_g               -            234 18694                -            404   1.9e-15   56.2   0.5   1   4       1.5   1.3e+02    0.8   0.0    13    36     2    25     1    31 0.81 length=235	scaffold=gi528858390	strand=-
4581_g               -            234 18694                -            404   1.9e-15   56.2   0.5   2   4   3.3e-12   2.9e-10   39.1   0.0   104   174    48   118    41   124 0.91 length=235	scaffold=gi528858390	strand=-
4581_g               -            234 18694                -            404   1.9e-15   56.2   0.5   3   4    0.0021      0.18   10.1   0.0   200   232   123   154   113   161 0.82 length=235	scaffold=gi528858390	strand=-
4581_g               -            234 18694                -            404   1.9e-15   56.2   0.5   4   4      0.67        58    1.9   0.0   323   361   190   228   173   234 0.79 length=235	scaffold=gi528858390	strand=-
8596_g               -            234 18694                -            404   1.9e-15   56.2   0.5   1   4       1.5   1.3e+02    0.8   0.0    13    36     2    25     1    31 0.81 length=235	scaffold=gi527313757	strand=-
8596_g               -            234 18694                -            404   1.9e-15   56.2   0.5   2   4   3.3e-12   2.9e-10   39.1   0.0   104   174    48   118    41   124 0.91 length=235	scaffold=gi527313757	strand=-
8596_g               -            234 18694                -            404   1.9e-15   56.2   0.5   3   4    0.0021      0.18   10.1   0.0   200   232   123   154   113   161 0.82 length=235	scaffold=gi527313757	strand=-
8596_g               -            234 18694                -            404   1.9e-15   56.2   0.5   4   4      0.67        58    1.9   0.0   323   361   190   228   173   234 0.79 length=235	scaffold=gi527313757	strand=-
6553_g               -            902 18694                -            404   3.2e-15   55.4   0.0   1   4   6.4e-08   5.5e-06   25.0   0.0    54   150   502   593   464   596 0.82 length=903	scaffold=gi527312496	strand=+
6553_g               -            902 18694                -            404   3.2e-15   55.4   0.0   2   4     0.093         8    4.7   0.0   154   179   682   707   675   723 0.73 length=903	scaffold=gi527312496	strand=+
6553_g               -            902 18694                -            404   3.2e-15   55.4   0.0   3   4     0.028       2.4    6.5   0.0   203   229   812   837   804   844 0.85 length=903	scaffold=gi527312496	strand=+
6553_g               -            902 18694                -            404   3.2e-15   55.4   0.0   4   4   0.00019     0.016   13.6   0.0   311   351   859   900   852   901 0.86 length=903	scaffold=gi527312496	strand=+
10680_g              -           1714 18694                -            404   5.3e-15   54.7   0.2   1   3   1.8e-08   1.6e-06   26.8   0.3     7   140  1029  1161  1024  1165 0.88 length=1715	scaffold=gi528858383	strand=+
10680_g              -           1714 18694                -            404   5.3e-15   54.7   0.2   2   3     0.043       3.7    5.8   0.0   140   175  1198  1236  1188  1256 0.78 length=1715	scaffold=gi528858383	strand=+
10680_g              -           1714 18694                -            404   5.3e-15   54.7   0.2   3   3   1.1e-05   0.00098   17.6   0.0   311   355  1494  1538  1475  1560 0.84 length=1715	scaffold=gi528858383	strand=+
11477_g              -           1714 18694                -            404   5.3e-15   54.7   0.2   1   3   1.8e-08   1.6e-06   26.8   0.3     7   140  1029  1161  1024  1165 0.88 length=1715	scaffold=gi527307902	strand=+
11477_g              -           1714 18694                -            404   5.3e-15   54.7   0.2   2   3     0.043       3.7    5.8   0.0   140   175  1198  1236  1188  1256 0.78 length=1715	scaffold=gi527307902	strand=+
11477_g              -           1714 18694                -            404   5.3e-15   54.7   0.2   3   3   1.1e-05   0.00098   17.6   0.0   311   355  1494  1538  1475  1560 0.84 length=1715	scaffold=gi527307902	strand=+
5694_g               -            916 18694                -            404   1.5e-14   53.2   0.1   1   4   6.5e-08   5.7e-06   25.0   0.0    54   150   502   593   465   596 0.82 length=917	scaffold=gi528858388	strand=-
5694_g               -            916 18694                -            404   1.5e-14   53.2   0.1   2   4     0.095       8.2    4.7   0.0   154   179   682   707   675   723 0.73 length=917	scaffold=gi528858388	strand=-
5694_g               -            916 18694                -            404   1.5e-14   53.2   0.1   3   4     0.028       2.4    6.5   0.0   203   229   812   837   804   844 0.85 length=917	scaffold=gi528858388	strand=-
5694_g               -            916 18694                -            404   1.5e-14   53.2   0.1   4   4   0.00085     0.074   11.4   0.0   311   350   859   899   852   911 0.84 length=917	scaffold=gi528858388	strand=-
2533_g               -           1068 18694                -            404   1.6e-14   53.2   0.0   1   3   1.4e-12   1.2e-10   40.4   0.0     8   165   452   606   445   622 0.84 length=1069	scaffold=gi528858386	strand=-
2533_g               -           1068 18694                -            404   1.6e-14   53.2   0.0   2   3    0.0084      0.72    8.2   0.0   202   234   622   653   615   668 0.83 length=1069	scaffold=gi528858386	strand=-
2533_g               -           1068 18694                -            404   1.6e-14   53.2   0.0   3   3       1.3   1.1e+02    1.0   0.0   316   359   678   726   658   738 0.75 length=1069	scaffold=gi528858386	strand=-
3214_g               -           1068 18694                -            404   1.6e-14   53.2   0.0   1   3   1.4e-12   1.2e-10   40.4   0.0     8   165   452   606   445   622 0.84 length=1069	scaffold=gi527310881	strand=-
3214_g               -           1068 18694                -            404   1.6e-14   53.2   0.0   2   3    0.0084      0.72    8.2   0.0   202   234   622   653   615   668 0.83 length=1069	scaffold=gi527310881	strand=-
3214_g               -           1068 18694                -            404   1.6e-14   53.2   0.0   3   3       1.3   1.1e+02    1.0   0.0   316   359   678   726   658   738 0.75 length=1069	scaffold=gi527310881	strand=-
12237_g              -           3194 18694                -            404     2e-14   52.8   0.1   1   3   8.9e-13   7.7e-11   41.0   0.1    10   170   184   340   179   348 0.86 length=3195	scaffold=gi527308984	strand=+
12237_g              -           3194 18694                -            404     2e-14   52.8   0.1   2   3       6.7   5.7e+02   -1.4   0.0   203   232   350   378   341   382 0.85 length=3195	scaffold=gi527308984	strand=+
12237_g              -           3194 18694                -            404     2e-14   52.8   0.1   3   3    0.0067      0.58    8.5   0.0   312   356   405   449   384   467 0.80 length=3195	scaffold=gi527308984	strand=+
10287_g              -           3287 18694                -            404   2.1e-14   52.7   0.1   1   3   9.2e-13     8e-11   41.0   0.1    10   170   277   433   272   441 0.86 length=3288	scaffold=gi528858384	strand=-
10287_g              -           3287 18694                -            404   2.1e-14   52.7   0.1   2   3       6.9   5.9e+02   -1.4   0.0   203   232   443   471   434   475 0.85 length=3288	scaffold=gi528858384	strand=-
10287_g              -           3287 18694                -            404   2.1e-14   52.7   0.1   3   3    0.0069       0.6    8.4   0.0   312   356   498   542   477   560 0.80 length=3288	scaffold=gi528858384	strand=-
13486_g              -            420 18694                -            404     9e-13   47.4   0.8   1   2     1e-13   8.8e-12   44.1   0.2    25   170   208   352   201   360 0.81 length=421	scaffold=gi527309735	strand=-
13486_g              -            420 18694                -            404     9e-13   47.4   0.8   2   2      0.75        65    1.8   0.0   203   232   361   389   353   392 0.85 length=421	scaffold=gi527309735	strand=-
9179_g               -            420 18694                -            404     9e-13   47.4   0.8   1   2     1e-13   8.8e-12   44.1   0.2    25   170   208   352   201   360 0.81 length=421	scaffold=gi528858385	strand=+
9179_g               -            420 18694                -            404     9e-13   47.4   0.8   2   2      0.75        65    1.8   0.0   203   232   361   389   353   392 0.85 length=421	scaffold=gi528858385	strand=+
10360_g              -           2214 18694                -            404   1.7e-12   46.5   0.0   1   2   5.8e-09     5e-07   28.5   0.0    92   168    20   101    10   145 0.76 length=2215	scaffold=gi528858384	strand=+
10360_g              -           2214 18694                -            404   1.7e-12   46.5   0.0   2   2      0.15        13    4.1   0.0   319   349   177   207   169   221 0.88 length=2215	scaffold=gi528858384	strand=+
2923_g               -           2033 18694                -            404   1.7e-12   46.5   1.1   1   3   1.9e-11   1.6e-09   36.7   0.2   110   173   875   938   847   945 0.83 length=2034	scaffold=gi528858386	strand=+
2923_g               -           2033 18694                -            404   1.7e-12   46.5   1.1   2   3      0.25        21    3.3   0.1   203   232   946   975   937   979 0.87 length=2034	scaffold=gi528858386	strand=+
2923_g               -           2033 18694                -            404   1.7e-12   46.5   1.1   3   3      0.25        22    3.3   0.0   318   355  1004  1041   995  1049 0.88 length=2034	scaffold=gi528858386	strand=+
3604_g               -           2033 18694                -            404   1.7e-12   46.5   1.1   1   3   1.9e-11   1.6e-09   36.7   0.2   110   173   875   938   847   945 0.83 length=2034	scaffold=gi527310881	strand=+
3604_g               -           2033 18694                -            404   1.7e-12   46.5   1.1   2   3      0.25        21    3.3   0.1   203   232   946   975   937   979 0.87 length=2034	scaffold=gi527310881	strand=+
3604_g               -           2033 18694                -            404   1.7e-12   46.5   1.1   3   3      0.25        22    3.3   0.0   318   355  1004  1041   995  1049 0.88 length=2034	scaffold=gi527310881	strand=+
12164_g              -           2273 18694                -            404   1.8e-12   46.4   0.0   1   2     6e-09   5.2e-07   28.4   0.0    92   168    20   101    10   145 0.76 length=2274	scaffold=gi527308984	strand=-
12164_g              -           2273 18694                -            404   1.8e-12   46.4   0.0   2   2      0.15        13    4.0   0.0   319   349   177   207   169   221 0.88 length=2274	scaffold=gi527308984	strand=-
2966_g               -           1605 18694                -            404     2e-12   46.2   4.6   1   2   5.6e-12   4.8e-10   38.4   2.3    13   172   111   287   103   291 0.80 length=1606	scaffold=gi528858386	strand=-
2966_g               -           1605 18694                -            404     2e-12   46.2   4.6   2   2      0.01      0.88    7.9   0.0   197   231   290   325   285   331 0.85 length=1606	scaffold=gi528858386	strand=-
3647_g               -           1605 18694                -            404     2e-12   46.2   4.6   1   2   5.6e-12   4.8e-10   38.4   2.3    13   172   111   287   103   291 0.80 length=1606	scaffold=gi527310881	strand=-
3647_g               -           1605 18694                -            404     2e-12   46.2   4.6   2   2      0.01      0.88    7.9   0.0   197   231   290   325   285   331 0.85 length=1606	scaffold=gi527310881	strand=-
4251_g               -           2419 18694                -            404   2.2e-12   46.1   0.0   1   1   4.3e-14   3.7e-12   45.4   0.0    60   183  1784  1903  1765  1915 0.84 length=2420	scaffold=gi528858390	strand=+
8354_g               -           2419 18694                -            404   2.2e-12   46.1   0.0   1   1   4.3e-14   3.7e-12   45.4   0.0    60   183  1784  1903  1765  1915 0.84 length=2420	scaffold=gi527313991	strand=-
11126_g              -           2704 18694                -            404   2.8e-12   45.8   0.0   1   4      0.04       3.4    6.0   0.0    14    69  1096  1153  1083  1158 0.84 length=2705	scaffold=gi528858383	strand=-
11126_g              -           2704 18694                -            404   2.8e-12   45.8   0.0   2   4   0.00064     0.056   11.8   0.0    92   150  1220  1280  1211  1309 0.91 length=2705	scaffold=gi528858383	strand=-
11126_g              -           2704 18694                -            404   2.8e-12   45.8   0.0   3   4     2e-05    0.0018   16.8   0.0   196   232  1652  1687  1626  1690 0.82 length=2705	scaffold=gi528858383	strand=-
11126_g              -           2704 18694                -            404   2.8e-12   45.8   0.0   4   4     0.058         5    5.4   0.0   321   352  2232  2263  2220  2276 0.86 length=2705	scaffold=gi528858383	strand=-
11923_g              -           2704 18694                -            404   2.8e-12   45.8   0.0   1   4      0.04       3.4    6.0   0.0    14    69  1096  1153  1083  1158 0.84 length=2705	scaffold=gi527307902	strand=-
11923_g              -           2704 18694                -            404   2.8e-12   45.8   0.0   2   4   0.00064     0.056   11.8   0.0    92   150  1220  1280  1211  1309 0.91 length=2705	scaffold=gi527307902	strand=-
11923_g              -           2704 18694                -            404   2.8e-12   45.8   0.0   3   4     2e-05    0.0018   16.8   0.0   196   232  1652  1687  1626  1690 0.82 length=2705	scaffold=gi527307902	strand=-
11923_g              -           2704 18694                -            404   2.8e-12   45.8   0.0   4   4     0.058         5    5.4   0.0   321   352  2232  2263  2220  2276 0.86 length=2705	scaffold=gi527307902	strand=-
2160_g               -           1906 18694                -            404     5e-12   44.9   4.8   1   4   0.00012      0.01   14.2   0.1     4    84   812   893   810   898 0.83 length=1907	scaffold=gi528858392	strand=+
2160_g               -           1906 18694                -            404     5e-12   44.9   4.8   2   4     0.019       1.6    7.0   0.1    84   143  1121  1181  1115  1219 0.79 length=1907	scaffold=gi528858392	strand=+
2160_g               -           1906 18694                -            404     5e-12   44.9   4.8   3   4    0.0032      0.28    9.6   0.0   194   233  1224  1261  1221  1264 0.86 length=1907	scaffold=gi528858392	strand=+
2160_g               -           1906 18694                -            404     5e-12   44.9   4.8   4   4   0.00041     0.036   12.5   0.0   313   361  1288  1336  1271  1355 0.87 length=1907	scaffold=gi528858392	strand=+
2469_g               -           1906 18694                -            404     5e-12   44.9   4.8   1   4   0.00012      0.01   14.2   0.1     4    84   812   893   810   898 0.83 length=1907	scaffold=gi527314663	strand=+
2469_g               -           1906 18694                -            404     5e-12   44.9   4.8   2   4     0.019       1.6    7.0   0.1    84   143  1121  1181  1115  1219 0.79 length=1907	scaffold=gi527314663	strand=+
2469_g               -           1906 18694                -            404     5e-12   44.9   4.8   3   4    0.0032      0.28    9.6   0.0   194   233  1224  1261  1221  1264 0.86 length=1907	scaffold=gi527314663	strand=+
2469_g               -           1906 18694                -            404     5e-12   44.9   4.8   4   4   0.00041     0.036   12.5   0.0   313   361  1288  1336  1271  1355 0.87 length=1907	scaffold=gi527314663	strand=+
10004_g              -           1826 18694                -            404   9.3e-12   44.1   1.6   1   3   2.3e-11     2e-09   36.4   0.3    14   167  1515  1665  1503  1673 0.86 length=1827	scaffold=gi528858384	strand=-
10004_g              -           1826 18694                -            404   9.3e-12   44.1   1.6   2   3      0.06       5.2    5.4   0.0   198   232  1672  1705  1664  1733 0.85 length=1827	scaffold=gi528858384	strand=-
10004_g              -           1826 18694                -            404   9.3e-12   44.1   1.6   3   3       5.5   4.7e+02   -1.1   0.0   313   341  1732  1760  1712  1781 0.68 length=1827	scaffold=gi528858384	strand=-
12514_g              -           1826 18694                -            404   9.3e-12   44.1   1.6   1   3   2.3e-11     2e-09   36.4   0.3    14   167  1515  1665  1503  1673 0.86 length=1827	scaffold=gi527308984	strand=+
12514_g              -           1826 18694                -            404   9.3e-12   44.1   1.6   2   3      0.06       5.2    5.4   0.0   198   232  1672  1705  1664  1733 0.85 length=1827	scaffold=gi527308984	strand=+
12514_g              -           1826 18694                -            404   9.3e-12   44.1   1.6   3   3       5.5   4.7e+02   -1.1   0.0   313   341  1732  1760  1712  1781 0.68 length=1827	scaffold=gi527308984	strand=+
2157_g               -           3069 18694                -            404   1.2e-11   43.7   0.0   1   4       1.1        99    1.1   0.0    32    98  1814  1879  1808  1898 0.74 length=3070	scaffold=gi528858392	strand=+
2157_g               -           3069 18694                -            404   1.2e-11   43.7   0.0   2   4   1.8e-05    0.0015   17.0   0.0   112   149  2088  2125  2080  2129 0.92 length=3070	scaffold=gi528858392	strand=+
2157_g               -           3069 18694                -            404   1.2e-11   43.7   0.0   3   4   3.4e-05    0.0029   16.1   0.0   201   233  2949  2980  2941  2993 0.88 length=3070	scaffold=gi528858392	strand=+
2157_g               -           3069 18694                -            404   1.2e-11   43.7   0.0   4   4      0.23        20    3.4   0.0   319   351  3022  3053  3017  3061 0.81 length=3070	scaffold=gi528858392	strand=+
2466_g               -           3069 18694                -            404   1.2e-11   43.7   0.0   1   4       1.1        99    1.1   0.0    32    98  1814  1879  1808  1898 0.74 length=3070	scaffold=gi527314663	strand=+
2466_g               -           3069 18694                -            404   1.2e-11   43.7   0.0   2   4   1.8e-05    0.0015   17.0   0.0   112   149  2088  2125  2080  2129 0.92 length=3070	scaffold=gi527314663	strand=+
2466_g               -           3069 18694                -            404   1.2e-11   43.7   0.0   3   4   3.4e-05    0.0029   16.1   0.0   201   233  2949  2980  2941  2993 0.88 length=3070	scaffold=gi527314663	strand=+
2466_g               -           3069 18694                -            404   1.2e-11   43.7   0.0   4   4      0.23        20    3.4   0.0   319   351  3022  3053  3017  3061 0.81 length=3070	scaffold=gi527314663	strand=+
7151_g               -            582 18694                -            404   3.4e-11   42.2   0.5   1   2   7.5e-11   6.5e-09   34.7   0.1    92   164    57   130     3   148 0.88 length=583	scaffold=gi528858387	strand=+
7151_g               -            582 18694                -            404   3.4e-11   42.2   0.5   2   2     0.071       6.1    5.1   0.0   213   232   247   266   244   268 0.91 length=583	scaffold=gi528858387	strand=+
7766_g               -            582 18694                -            404   3.4e-11   42.2   0.5   1   2   7.5e-11   6.5e-09   34.7   0.1    92   164    57   130     3   148 0.88 length=583	scaffold=gi527311550	strand=-
7766_g               -            582 18694                -            404   3.4e-11   42.2   0.5   2   2     0.071       6.1    5.1   0.0   213   232   247   266   244   268 0.91 length=583	scaffold=gi527311550	strand=-
1455_g               -            530 18694                -            404   5.6e-11   41.5   0.1   1   3   8.2e-08   7.1e-06   24.7   0.0     7    80    72   148    66   167 0.82 length=531	scaffold=gi527315005	strand=+
1455_g               -            530 18694                -            404   5.6e-11   41.5   0.1   2   3         1        88    1.3   0.0   202   228   210   234   201   240 0.85 length=531	scaffold=gi527315005	strand=+
1455_g               -            530 18694                -            404   5.6e-11   41.5   0.1   3   3   0.00076     0.066   11.6   0.0   308   365   260   317   248   325 0.84 length=531	scaffold=gi527315005	strand=+
2122_g               -           1120 18694                -            404   4.1e-10   38.6   0.0   1   3       6.9   5.9e+02   -1.4   0.0     9    41    88   120    82   126 0.81 length=1121	scaffold=gi528858392	strand=+
2122_g               -           1120 18694                -            404   4.1e-10   38.6   0.0   2   3   4.1e-10   3.5e-08   32.3   0.0    91   172   254   343   217   352 0.82 length=1121	scaffold=gi528858392	strand=+
2122_g               -           1120 18694                -            404   4.1e-10   38.6   0.0   3   3      0.19        16    3.8   0.0   193   247   344   397   338   401 0.76 length=1121	scaffold=gi528858392	strand=+
1150_g               -           1947 18694                -            404   4.8e-10   38.4   1.3   1   3   0.00052     0.045   12.1   0.2   114   149   464   500   438   505 0.78 length=1948	scaffold=gi528858393	strand=+
1150_g               -           1947 18694                -            404   4.8e-10   38.4   1.3   2   3   7.2e-06   0.00062   18.3   0.0   191   233   862   903   854   917 0.90 length=1948	scaffold=gi528858393	strand=+
1150_g               -           1947 18694                -            404   4.8e-10   38.4   1.3   3   3      0.12        10    4.4   0.0   311   355  1012  1059  1000  1075 0.75 length=1948	scaffold=gi528858393	strand=+
1488_g               -           2023 18694                -            404   5.8e-10   38.1   1.4   1   3   0.00054     0.047   12.1   0.2   114   149   540   576   514   581 0.78 length=2024	scaffold=gi527315005	strand=-
1488_g               -           2023 18694                -            404   5.8e-10   38.1   1.4   2   3   7.5e-06   0.00065   18.2   0.0   191   233   938   979   930   992 0.90 length=2024	scaffold=gi527315005	strand=-
1488_g               -           2023 18694                -            404   5.8e-10   38.1   1.4   3   3      0.12        11    4.3   0.0   311   355  1088  1135  1076  1151 0.75 length=2024	scaffold=gi527315005	strand=-
6831_g               -           1098 18694                -            404   7.4e-10   37.8   0.0   1   1   5.6e-11   4.8e-09   35.1   0.0    19   235   507   740   502   752 0.73 length=1099	scaffold=gi528858387	strand=+
8082_g               -           1098 18694                -            404   7.4e-10   37.8   0.0   1   1   5.6e-11   4.8e-09   35.1   0.0    19   235   507   740   502   752 0.73 length=1099	scaffold=gi527311550	strand=-
5005_g               -            311 18694                -            404     1e-09   37.3   0.0   1   2   1.2e-05     0.001   17.6   0.0   118   161   148   191   139   217 0.87 length=312	scaffold=gi528858389	strand=+
5005_g               -            311 18694                -            404     1e-09   37.3   0.0   2   2     1e-05   0.00087   17.8   0.0   309   360   240   293   221   303 0.85 length=312	scaffold=gi528858389	strand=+
5477_g               -            311 18694                -            404     1e-09   37.3   0.0   1   2   1.2e-05     0.001   17.6   0.0   118   161   148   191   139   217 0.87 length=312	scaffold=gi527313191	strand=+
5477_g               -            311 18694                -            404     1e-09   37.3   0.0   2   2     1e-05   0.00087   17.8   0.0   309   360   240   293   221   303 0.85 length=312	scaffold=gi527313191	strand=+
4793_g               -           3957 18694                -            404   1.1e-09   37.2   0.0   1   2     5e-11   4.3e-09   35.3   0.0   121   168  1695  1745  1681  1764 0.82 length=3958	scaffold=gi528858389	strand=-
4793_g               -           3957 18694                -            404   1.1e-09   37.2   0.0   2   2       7.2   6.2e+02   -1.5   0.0   193   231  1830  1867  1822  1878 0.86 length=3958	scaffold=gi528858389	strand=-
5265_g               -           3957 18694                -            404   1.1e-09   37.2   0.0   1   2     5e-11   4.3e-09   35.3   0.0   121   168  1695  1745  1681  1764 0.82 length=3958	scaffold=gi527313191	strand=-
5265_g               -           3957 18694                -            404   1.1e-09   37.2   0.0   2   2       7.2   6.2e+02   -1.5   0.0   193   231  1830  1867  1822  1878 0.86 length=3958	scaffold=gi527313191	strand=-
6740_g               -           5119 18694                -            404   1.1e-09   37.2   0.0   1   2       1.8   1.6e+02    0.5   0.0    10    76  4049  4119  4041  4123 0.80 length=5120	scaffold=gi528858387	strand=+
6740_g               -           5119 18694                -            404   1.1e-09   37.2   0.0   2   2   1.2e-10     1e-08   34.1   0.0   121   170  4786  4836  4779  4842 0.88 length=5120	scaffold=gi528858387	strand=+
8170_g               -           5119 18694                -            404   1.1e-09   37.2   0.0   1   2       1.8   1.6e+02    0.5   0.0    10    76  4049  4119  4041  4123 0.80 length=5120	scaffold=gi527311550	strand=-
8170_g               -           5119 18694                -            404   1.1e-09   37.2   0.0   2   2   1.2e-10     1e-08   34.1   0.0   121   170  4786  4836  4779  4842 0.88 length=5120	scaffold=gi527311550	strand=-
6062_g               -           2040 18694                -            404   1.2e-09   37.1   0.0   1   3       1.4   1.2e+02    0.8   0.0    15    83   346   418   343   422 0.78 length=2041	scaffold=gi528858388	strand=+
6062_g               -           2040 18694                -            404   1.2e-09   37.1   0.0   2   3   1.4e-08   1.2e-06   27.2   0.0   110   186   535   611   502   618 0.83 length=2041	scaffold=gi528858388	strand=+
6062_g               -           2040 18694                -            404   1.2e-09   37.1   0.0   3   3      0.14        12    4.2   0.1   217   233   986  1002   982  1037 0.76 length=2041	scaffold=gi528858388	strand=+
6190_g               -           2040 18694                -            404   1.2e-09   37.1   0.0   1   3       1.4   1.2e+02    0.8   0.0    15    83   346   418   343   422 0.78 length=2041	scaffold=gi527312496	strand=-
6190_g               -           2040 18694                -            404   1.2e-09   37.1   0.0   2   3   1.4e-08   1.2e-06   27.2   0.0   110   186   535   611   502   618 0.83 length=2041	scaffold=gi527312496	strand=-
6190_g               -           2040 18694                -            404   1.2e-09   37.1   0.0   3   3      0.14        12    4.2   0.1   217   233   986  1002   982  1037 0.76 length=2041	scaffold=gi527312496	strand=-
13372_g              -           2080 18694                -            404   1.5e-09   36.8   0.1   1   2   0.00017     0.015   13.7   0.0    11    57  1755  1801  1749  1815 0.81 length=2081	scaffold=gi527309735	strand=+
13372_g              -           2080 18694                -            404   1.5e-09   36.8   0.1   2   2   1.3e-06   0.00011   20.7   0.0   197   232  1940  1974  1927  1987 0.86 length=2081	scaffold=gi527309735	strand=+
9296_g               -           2080 18694                -            404   1.5e-09   36.8   0.1   1   2   0.00017     0.015   13.7   0.0    11    57  1755  1801  1749  1815 0.81 length=2081	scaffold=gi528858385	strand=-
9296_g               -           2080 18694                -            404   1.5e-09   36.8   0.1   2   2   1.3e-06   0.00011   20.7   0.0   197   232  1940  1974  1927  1987 0.86 length=2081	scaffold=gi528858385	strand=-
693_g                -           1453 18694                -            404   1.5e-09   36.7   0.0   1   1   4.1e-11   3.5e-09   35.6   0.0    19   169   715   861   704   871 0.82 length=1454	scaffold=gi527315607	strand=+
479_g                -           1564 18694                -            404   1.6e-09   36.6   0.0   1   1   4.5e-11   3.9e-09   35.4   0.0    19   169   715   861   704   871 0.82 length=1565	scaffold=gi528858395	strand=-
5014_g               -            367 18694                -            404   1.8e-09   36.5   0.0   1   2   1.7e-09   1.5e-07   30.2   0.1    61   173   103   231    95   249 0.67 length=368	scaffold=gi528858389	strand=-
5014_g               -            367 18694                -            404   1.8e-09   36.5   0.0   2   2      0.37        32    2.8   0.0   314   357   306   349   298   360 0.86 length=368	scaffold=gi528858389	strand=-
5486_g               -            367 18694                -            404   1.8e-09   36.5   0.0   1   2   1.7e-09   1.5e-07   30.2   0.1    61   173   103   231    95   249 0.67 length=368	scaffold=gi527313191	strand=-
5486_g               -            367 18694                -            404   1.8e-09   36.5   0.0   2   2      0.37        32    2.8   0.0   314   357   306   349   298   360 0.86 length=368	scaffold=gi527313191	strand=-
4295_g               -           2611 18694                -            404   2.3e-09   36.2   0.0   1   3   1.9e-05    0.0016   16.9   0.0   115   149   230   264   222   269 0.90 length=2612	scaffold=gi528858390	strand=+
4295_g               -           2611 18694                -            404   2.3e-09   36.2   0.0   2   3    0.0001    0.0091   14.4   0.0   196   231   399   442   363   450 0.63 length=2612	scaffold=gi528858390	strand=+
4295_g               -           2611 18694                -            404   2.3e-09   36.2   0.0   3   3       2.3     2e+02    0.2   0.0   318   342   989  1013   973  1020 0.77 length=2612	scaffold=gi528858390	strand=+
8310_g               -           2611 18694                -            404   2.3e-09   36.2   0.0   1   3   1.9e-05    0.0016   16.9   0.0   115   149   230   264   222   269 0.90 length=2612	scaffold=gi527313991	strand=-
8310_g               -           2611 18694                -            404   2.3e-09   36.2   0.0   2   3    0.0001    0.0091   14.4   0.0   196   231   399   442   363   450 0.63 length=2612	scaffold=gi527313991	strand=-
8310_g               -           2611 18694                -            404   2.3e-09   36.2   0.0   3   3       2.3     2e+02    0.2   0.0   318   342   989  1013   973  1020 0.77 length=2612	scaffold=gi527313991	strand=-
2650_g               -            175 18694                -            404   3.8e-09   35.5   0.0   1   2   2.6e-05    0.0022   16.4   0.0    14    54    46    86    35    91 0.91 length=176	scaffold=gi528858386	strand=-
2650_g               -            175 18694                -            404   3.8e-09   35.5   0.0   2   2   1.4e-05    0.0012   17.4   0.0   319   356    96   133    85   139 0.89 length=176	scaffold=gi528858386	strand=-
3331_g               -            175 18694                -            404   3.8e-09   35.5   0.0   1   2   2.6e-05    0.0022   16.4   0.0    14    54    46    86    35    91 0.91 length=176	scaffold=gi527310881	strand=-
3331_g               -            175 18694                -            404   3.8e-09   35.5   0.0   2   2   1.4e-05    0.0012   17.4   0.0   319   356    96   133    85   139 0.89 length=176	scaffold=gi527310881	strand=-
7430_g               -            801 18694                -            404   5.6e-09   34.9   0.0   1   2   5.9e-07   5.1e-05   21.9   0.1    46   147   484   577   467   580 0.69 length=802	scaffold=gi528858387	strand=-
7430_g               -            801 18694                -            404   5.6e-09   34.9   0.0   2   2    0.0015      0.13   10.7   0.0   146   233   618   707   608   719 0.78 length=802	scaffold=gi528858387	strand=-
7490_g               -            801 18694                -            404   5.6e-09   34.9   0.0   1   2   5.9e-07   5.1e-05   21.9   0.1    46   147   484   577   467   580 0.69 length=802	scaffold=gi527311550	strand=+
7490_g               -            801 18694                -            404   5.6e-09   34.9   0.0   2   2    0.0015      0.13   10.7   0.0   146   233   618   707   608   719 0.78 length=802	scaffold=gi527311550	strand=+
2437_g               -           3667 18694                -            404   8.1e-09   34.4   0.0   1   2   1.4e-09   1.2e-07   30.5   0.0    91   173  2801  2891  2764  2908 0.83 length=3668	scaffold=gi527314679	strand=-
2437_g               -           3667 18694                -            404   8.1e-09   34.4   0.0   2   2      0.88        76    1.5   0.0   199   247  2897  2944  2888  2948 0.75 length=3668	scaffold=gi527314679	strand=-
10934_g              -            770 18694                -            404   4.4e-08   32.0   1.1   1   1   2.9e-08   2.5e-06   26.1   1.1    11   177   178   340   169   360 0.73 length=771	scaffold=gi528858383	strand=+
11731_g              -            770 18694                -            404   4.4e-08   32.0   1.1   1   1   2.9e-08   2.5e-06   26.1   1.1    11   177   178   340   169   360 0.73 length=771	scaffold=gi527307902	strand=+
5975_g               -           1539 18694                -            404   4.5e-08   31.9   0.4   1   2   0.00071     0.061   11.7   0.1    64   173    93   230    87   253 0.63 length=1540	scaffold=gi528858388	strand=-
5975_g               -           1539 18694                -            404   4.5e-08   31.9   0.4   2   2   0.00029     0.025   13.0   0.0   312   349   489   526   473   536 0.90 length=1540	scaffold=gi528858388	strand=-
6277_g               -           1539 18694                -            404   4.5e-08   31.9   0.4   1   2   0.00071     0.061   11.7   0.1    64   173    93   230    87   253 0.63 length=1540	scaffold=gi527312496	strand=+
6277_g               -           1539 18694                -            404   4.5e-08   31.9   0.4   2   2   0.00029     0.025   13.0   0.0   312   349   489   526   473   536 0.90 length=1540	scaffold=gi527312496	strand=+
4333_g               -            957 18694                -            404   5.8e-08   31.6   0.0   1   2      0.34        29    2.9   0.0   144   170   396   426   391   450 0.75 length=958	scaffold=gi528858390	strand=+
4333_g               -            957 18694                -            404   5.8e-08   31.6   0.0   2   2   2.7e-08   2.3e-06   26.3   0.0   114   179   734   802   711   819 0.78 length=958	scaffold=gi528858390	strand=+
8275_g               -            957 18694                -            404   5.8e-08   31.6   0.0   1   2      0.34        29    2.9   0.0   144   170   396   426   391   450 0.75 length=958	scaffold=gi527313991	strand=-
8275_g               -            957 18694                -            404   5.8e-08   31.6   0.0   2   2   2.7e-08   2.3e-06   26.3   0.0   114   179   734   802   711   819 0.78 length=958	scaffold=gi527313991	strand=-
4720_g               -           1535 18694                -            404     6e-08   31.5   0.0   1   2   2.1e-08   1.9e-06   26.6   0.0   124   178   859   913   828   936 0.84 length=1536	scaffold=gi528858389	strand=-
4720_g               -           1535 18694                -            404     6e-08   31.5   0.0   2   2      0.44        38    2.5   0.0   317   359  1104  1149  1079  1158 0.81 length=1536	scaffold=gi528858389	strand=-
5192_g               -           1535 18694                -            404     6e-08   31.5   0.0   1   2   2.1e-08   1.9e-06   26.6   0.0   124   178   859   913   828   936 0.84 length=1536	scaffold=gi527313191	strand=-
5192_g               -           1535 18694                -            404     6e-08   31.5   0.0   2   2      0.44        38    2.5   0.0   317   359  1104  1149  1079  1158 0.81 length=1536	scaffold=gi527313191	strand=-
4267_g               -           1763 18694                -            404   6.6e-08   31.4   0.2   1   3   2.6e-05    0.0022   16.5   0.1    93   149   248   305   214   309 0.76 length=1764	scaffold=gi528858390	strand=-
4267_g               -           1763 18694                -            404   6.6e-08   31.4   0.2   2   3     0.071       6.1    5.1   0.0   198   232   419   452   397   457 0.84 length=1764	scaffold=gi528858390	strand=-
4267_g               -           1763 18694                -            404   6.6e-08   31.4   0.2   3   3     0.044       3.8    5.8   0.0   322   352   496   527   485   533 0.89 length=1764	scaffold=gi528858390	strand=-
8338_g               -           1763 18694                -            404   6.6e-08   31.4   0.2   1   3   2.6e-05    0.0022   16.5   0.1    93   149   248   305   214   309 0.76 length=1764	scaffold=gi527313991	strand=+
8338_g               -           1763 18694                -            404   6.6e-08   31.4   0.2   2   3     0.071       6.1    5.1   0.0   198   232   419   452   397   457 0.84 length=1764	scaffold=gi527313991	strand=+
8338_g               -           1763 18694                -            404   6.6e-08   31.4   0.2   3   3     0.044       3.8    5.8   0.0   322   352   496   527   485   533 0.89 length=1764	scaffold=gi527313991	strand=+
4662_g               -            596 18694                -            404   2.5e-07   29.5   0.0   1   3   5.4e-06   0.00047   18.7   0.1    91   160   394   461   383   468 0.90 length=597	scaffold=gi528858389	strand=-
4662_g               -            596 18694                -            404   2.5e-07   29.5   0.0   2   3      0.12        10    4.4   0.0   192   241   468   516   463   524 0.84 length=597	scaffold=gi528858389	strand=-
4662_g               -            596 18694                -            404   2.5e-07   29.5   0.0   3   3      0.35        31    2.8   0.0   325   361   525   561   520   576 0.84 length=597	scaffold=gi528858389	strand=-
5134_g               -            596 18694                -            404   2.5e-07   29.5   0.0   1   3   5.4e-06   0.00047   18.7   0.1    91   160   394   461   383   468 0.90 length=597	scaffold=gi527313191	strand=-
5134_g               -            596 18694                -            404   2.5e-07   29.5   0.0   2   3      0.12        10    4.4   0.0   192   241   468   516   463   524 0.84 length=597	scaffold=gi527313191	strand=-
5134_g               -            596 18694                -            404   2.5e-07   29.5   0.0   3   3      0.35        31    2.8   0.0   325   361   525   561   520   576 0.84 length=597	scaffold=gi527313191	strand=-
9199_g               -           1754 18694                -            404   3.8e-07   28.9   0.0   1   2   3.4e-08   2.9e-06   25.9   0.0    20   171    70   213    56   229 0.70 length=1755	scaffold=gi528858385	strand=-
9199_g               -           1754 18694                -            404   3.8e-07   28.9   0.0   2   2         3   2.6e+02   -0.2   0.0   334   372  1307  1345  1304  1354 0.86 length=1755	scaffold=gi528858385	strand=-
13466_g              -           1794 18694                -            404     4e-07   28.8   0.0   1   2   3.5e-08     3e-06   25.9   0.0    20   171    70   213    56   229 0.70 length=1795	scaffold=gi527309735	strand=+
13466_g              -           1794 18694                -            404     4e-07   28.8   0.0   2   2         3   2.6e+02   -0.2   0.0   334   372  1307  1345  1304  1354 0.86 length=1795	scaffold=gi527309735	strand=+
3002_g               -            564 18694                -            404   7.4e-07   27.9   0.1   1   1   1.3e-08   1.1e-06   27.3   0.1    62   171   262   368   213   390 0.76 length=565	scaffold=gi528858386	strand=-
3683_g               -            564 18694                -            404   7.4e-07   27.9   0.1   1   1   1.3e-08   1.1e-06   27.3   0.1    62   171   262   368   213   390 0.76 length=565	scaffold=gi527310881	strand=-
4471_g               -            866 18694                -            404   1.3e-06   27.1   0.0   1   4       9.8   8.4e+02   -1.9   0.0    19    44   203   229   187   230 0.75 length=867	scaffold=gi528858390	strand=-
4471_g               -            866 18694                -            404   1.3e-06   27.1   0.0   2   4   2.5e-06   0.00022   19.8   0.0   113   148   375   410   368   414 0.90 length=867	scaffold=gi528858390	strand=-
4471_g               -            866 18694                -            404   1.3e-06   27.1   0.0   3   4       3.3   2.9e+02   -0.4   0.0   196   232   759   799   726   801 0.66 length=867	scaffold=gi528858390	strand=-
4471_g               -            866 18694                -            404   1.3e-06   27.1   0.0   4   4      0.61        53    2.0   0.0   315   350   828   863   822   865 0.92 length=867	scaffold=gi528858390	strand=-
8486_g               -            866 18694                -            404   1.3e-06   27.1   0.0   1   4       9.8   8.4e+02   -1.9   0.0    19    44   203   229   187   230 0.75 length=867	scaffold=gi527313757	strand=-
8486_g               -            866 18694                -            404   1.3e-06   27.1   0.0   2   4   2.5e-06   0.00022   19.8   0.0   113   148   375   410   368   414 0.90 length=867	scaffold=gi527313757	strand=-
8486_g               -            866 18694                -            404   1.3e-06   27.1   0.0   3   4       3.3   2.9e+02   -0.4   0.0   196   232   759   799   726   801 0.66 length=867	scaffold=gi527313757	strand=-
8486_g               -            866 18694                -            404   1.3e-06   27.1   0.0   4   4      0.61        53    2.0   0.0   315   350   828   863   822   865 0.92 length=867	scaffold=gi527313757	strand=-
5637_g               -            634 18694                -            404   1.6e-06   26.8   0.0   1   2   1.1e-06   9.2e-05   21.0   0.0    16   165   334   508   319   522 0.72 length=635	scaffold=gi528858388	strand=+
5637_g               -            634 18694                -            404   1.6e-06   26.8   0.0   2   2      0.53        46    2.2   0.0   322   356   560   595   543   609 0.81 length=635	scaffold=gi528858388	strand=+
6609_g               -            634 18694                -            404   1.6e-06   26.8   0.0   1   2   1.1e-06   9.2e-05   21.0   0.0    16   165   334   508   319   522 0.72 length=635	scaffold=gi527312496	strand=-
6609_g               -            634 18694                -            404   1.6e-06   26.8   0.0   2   2      0.53        46    2.2   0.0   322   356   560   595   543   609 0.81 length=635	scaffold=gi527312496	strand=-
2756_g               -           4254 18694                -            404     2e-06   26.5   0.0   1   2   1.4e-07   1.3e-05   23.9   0.0   119   160   816   857   804   864 0.89 length=4255	scaffold=gi528858386	strand=-
2756_g               -           4254 18694                -            404     2e-06   26.5   0.0   2   2       3.2   2.7e+02   -0.3   0.0   197   234   942   978   914   983 0.78 length=4255	scaffold=gi528858386	strand=-
3437_g               -           4254 18694                -            404     2e-06   26.5   0.0   1   2   1.4e-07   1.3e-05   23.9   0.0   119   160   816   857   804   864 0.89 length=4255	scaffold=gi527310881	strand=-
3437_g               -           4254 18694                -            404     2e-06   26.5   0.0   2   2       3.2   2.7e+02   -0.3   0.0   197   234   942   978   914   983 0.78 length=4255	scaffold=gi527310881	strand=-
7129_g               -           2802 18694                -            404   2.5e-06   26.2   0.0   1   3      0.18        15    3.8   0.0     6    78  2176  2249  2172  2265 0.80 length=2803	scaffold=gi528858387	strand=+
7129_g               -           2802 18694                -            404   2.5e-06   26.2   0.0   2   3     0.058         5    5.4   0.0   117   150  2409  2444  2392  2450 0.83 length=2803	scaffold=gi528858387	strand=+
7129_g               -           2802 18694                -            404   2.5e-06   26.2   0.0   3   3   0.00034     0.029   12.8   0.0   192   233  2558  2598  2547  2615 0.88 length=2803	scaffold=gi528858387	strand=+
7788_g               -           2802 18694                -            404   2.5e-06   26.2   0.0   1   3      0.18        15    3.8   0.0     6    78  2176  2249  2172  2265 0.80 length=2803	scaffold=gi527311550	strand=-
7788_g               -           2802 18694                -            404   2.5e-06   26.2   0.0   2   3     0.058         5    5.4   0.0   117   150  2409  2444  2392  2450 0.83 length=2803	scaffold=gi527311550	strand=-
7788_g               -           2802 18694                -            404   2.5e-06   26.2   0.0   3   3   0.00034     0.029   12.8   0.0   192   233  2558  2598  2547  2615 0.88 length=2803	scaffold=gi527311550	strand=-
2961_g               -           1757 18694                -            404   2.8e-06   26.0   0.0   1   3     0.057       4.9    5.4   0.0    19    97   370   442   362   451 0.83 length=1758	scaffold=gi528858386	strand=-
2961_g               -           1757 18694                -            404   2.8e-06   26.0   0.0   2   3   3.1e-05    0.0027   16.2   0.0   107   149   545   587   538   611 0.88 length=1758	scaffold=gi528858386	strand=-
2961_g               -           1757 18694                -            404   2.8e-06   26.0   0.0   3   3       5.4   4.7e+02   -1.1   0.0   155   232   719   798   716   801 0.63 length=1758	scaffold=gi528858386	strand=-
3642_g               -           1757 18694                -            404   2.8e-06   26.0   0.0   1   3     0.057       4.9    5.4   0.0    19    97   370   442   362   451 0.83 length=1758	scaffold=gi527310881	strand=-
3642_g               -           1757 18694                -            404   2.8e-06   26.0   0.0   2   3   3.1e-05    0.0027   16.2   0.0   107   149   545   587   538   611 0.88 length=1758	scaffold=gi527310881	strand=-
3642_g               -           1757 18694                -            404   2.8e-06   26.0   0.0   3   3       5.4   4.7e+02   -1.1   0.0   155   232   719   798   716   801 0.63 length=1758	scaffold=gi527310881	strand=-
1173_g               -           2502 18694                -            404     3e-06   25.9   0.0   1   1   5.5e-08   4.8e-06   25.2   0.0   117   232  2311  2420  2304  2425 0.75 length=2503	scaffold=gi528858393	strand=-
1464_g               -           2502 18694                -            404     3e-06   25.9   0.0   1   1   5.5e-08   4.8e-06   25.2   0.0   117   232  2311  2420  2304  2425 0.75 length=2503	scaffold=gi527315005	strand=+
13220_g              -           2498 18694                -            404     5e-06   25.2   0.0   1   2     0.024       2.1    6.7   0.0   141   174  2015  2047  2005  2077 0.82 length=2499	scaffold=gi527309735	strand=-
13220_g              -           2498 18694                -            404     5e-06   25.2   0.0   2   2   4.7e-05    0.0041   15.6   0.0   319   358  2404  2443  2397  2451 0.85 length=2499	scaffold=gi527309735	strand=-
9445_g               -           2498 18694                -            404     5e-06   25.2   0.0   1   2     0.024       2.1    6.7   0.0   141   174  2015  2047  2005  2077 0.82 length=2499	scaffold=gi528858385	strand=+
9445_g               -           2498 18694                -            404     5e-06   25.2   0.0   2   2   4.7e-05    0.0041   15.6   0.0   319   358  2404  2443  2397  2451 0.85 length=2499	scaffold=gi528858385	strand=+
2569_g               -           1080 18694                -            404   6.4e-06   24.8   0.1   1   3       8.6   7.5e+02   -1.7   0.0   114   141   464   491   459   498 0.85 length=1081	scaffold=gi528858386	strand=+
2569_g               -           1080 18694                -            404   6.4e-06   24.8   0.1   2   3    0.0028      0.25    9.7   0.0   195   228   613   644   605   650 0.81 length=1081	scaffold=gi528858386	strand=+
2569_g               -           1080 18694                -            404   6.4e-06   24.8   0.1   3   3    0.0011     0.095   11.1   0.0   317   359   916   958   903   990 0.80 length=1081	scaffold=gi528858386	strand=+
3250_g               -           1080 18694                -            404   6.4e-06   24.8   0.1   1   3       8.6   7.5e+02   -1.7   0.0   114   141   464   491   459   498 0.85 length=1081	scaffold=gi527310881	strand=+
3250_g               -           1080 18694                -            404   6.4e-06   24.8   0.1   2   3    0.0028      0.25    9.7   0.0   195   228   613   644   605   650 0.81 length=1081	scaffold=gi527310881	strand=+
3250_g               -           1080 18694                -            404   6.4e-06   24.8   0.1   3   3    0.0011     0.095   11.1   0.0   317   359   916   958   903   990 0.80 length=1081	scaffold=gi527310881	strand=+
9501_g               -            873 18694                -            404   8.2e-06   24.5   0.4   1   3    0.0093       0.8    8.0   0.0     7    48   327   368   323   373 0.91 length=874	scaffold=gi528858385	strand=+
9501_g               -            873 18694                -            404   8.2e-06   24.5   0.4   2   3   0.00025     0.022   13.2   0.1    71   143   506   574   503   586 0.79 length=874	scaffold=gi528858385	strand=+
9501_g               -            873 18694                -            404   8.2e-06   24.5   0.4   3   3       9.4   8.1e+02   -1.9   0.0   210   228   715   733   713   737 0.84 length=874	scaffold=gi528858385	strand=+
13164_g              -            894 18694                -            404     9e-06   24.3   0.5   1   3    0.0095      0.82    8.0   0.0     7    48   348   389   344   394 0.91 length=895	scaffold=gi527309735	strand=-
13164_g              -            894 18694                -            404     9e-06   24.3   0.5   2   3   0.00026     0.023   13.1   0.1    71   143   527   595   524   606 0.79 length=895	scaffold=gi527309735	strand=-
13164_g              -            894 18694                -            404     9e-06   24.3   0.5   3   3       9.6   8.3e+02   -1.9   0.0   210   228   736   754   734   758 0.84 length=895	scaffold=gi527309735	strand=-
13071_g              -            935 18694                -            404   1.4e-05   23.7   0.5   1   1   4.1e-07   3.6e-05   22.4   0.1   120   155   750   785   732   864 0.74 length=936	scaffold=gi527309735	strand=-
9595_g               -            935 18694                -            404   1.4e-05   23.7   0.5   1   1   4.1e-07   3.6e-05   22.4   0.1   120   155   750   785   732   864 0.74 length=936	scaffold=gi528858385	strand=+
11027_g              -            955 18694                -            404     2e-05   23.2   0.1   1   2    0.0018      0.15   10.4   0.0    16    47   646   677   637   680 0.87 length=956	scaffold=gi528858383	strand=-
11027_g              -            955 18694                -            404     2e-05   23.2   0.1   2   2    0.0015      0.13   10.6   0.0    89   144   849   906   842   911 0.83 length=956	scaffold=gi528858383	strand=-
11824_g              -            955 18694                -            404     2e-05   23.2   0.1   1   2    0.0018      0.15   10.4   0.0    16    47   646   677   637   680 0.87 length=956	scaffold=gi527307902	strand=-
11824_g              -            955 18694                -            404     2e-05   23.2   0.1   2   2    0.0015      0.13   10.6   0.0    89   144   849   906   842   911 0.83 length=956	scaffold=gi527307902	strand=-
1182_g               -            420 18694                -            404   0.00013   20.5   0.1   1   3      0.37        32    2.8   0.0    61    80    19    38    14    57 0.79 length=421	scaffold=gi528858393	strand=-
1182_g               -            420 18694                -            404   0.00013   20.5   0.1   2   3      0.77        67    1.7   0.0   202   228   100   124    91   130 0.85 length=421	scaffold=gi528858393	strand=-
1182_g               -            420 18694                -            404   0.00013   20.5   0.1   3   3   0.00055     0.047   12.1   0.0   308   365   150   207   138   215 0.84 length=421	scaffold=gi528858393	strand=-
10690_g              -           1275 18694                -            404   0.00016   20.2   0.0   1   2     0.025       2.2    6.6   0.0    53   151   426   524   417   570 0.75 length=1276	scaffold=gi528858383	strand=+
10690_g              -           1275 18694                -            404   0.00016   20.2   0.0   2   2   0.00096     0.083   11.3   0.0   283   350   625   685   619   699 0.81 length=1276	scaffold=gi528858383	strand=+
11487_g              -           1275 18694                -            404   0.00016   20.2   0.0   1   2     0.025       2.2    6.6   0.0    53   151   426   524   417   570 0.75 length=1276	scaffold=gi527307902	strand=+
11487_g              -           1275 18694                -            404   0.00016   20.2   0.0   2   2   0.00096     0.083   11.3   0.0   283   350   625   685   619   699 0.81 length=1276	scaffold=gi527307902	strand=+
13129_g              -            781 18694                -            404    0.0006   18.3   0.0   1   3    0.0071      0.61    8.4   0.0    92   149    75   136     6   146 0.82 length=782	scaffold=gi527309735	strand=-
13129_g              -            781 18694                -            404    0.0006   18.3   0.0   2   3     0.039       3.4    6.0   0.0   152   231   178   249   176   259 0.66 length=782	scaffold=gi527309735	strand=-
13129_g              -            781 18694                -            404    0.0006   18.3   0.0   3   3       3.8   3.3e+02   -0.6   0.0   313   344   304   337   295   354 0.80 length=782	scaffold=gi527309735	strand=-
1984_g               -           3290 18694                -            404   0.00063   18.3   0.0   1   1   1.5e-05    0.0013   17.2   0.0   120   152  3132  3164  3122  3169 0.89 length=3291	scaffold=gi528858392	strand=-
2276_g               -           3290 18694                -            404   0.00063   18.3   0.0   1   1   1.5e-05    0.0013   17.2   0.0   120   152  3132  3164  3122  3169 0.89 length=3291	scaffold=gi527314726	strand=+
1944_g               -            230 18694                -            404   0.00067   18.2   0.3   1   3     0.067       5.8    5.2   0.1    15    48     4    37     1    80 0.64 length=231	scaffold=gi528858392	strand=+
1944_g               -            230 18694                -            404   0.00067   18.2   0.3   2   3    0.0028      0.24    9.8   0.0   139   174    85   120    70   128 0.86 length=231	scaffold=gi528858392	strand=+
1944_g               -            230 18694                -            404   0.00067   18.2   0.3   3   3       3.6   3.1e+02   -0.5   0.0   323   356   171   205   164   221 0.71 length=231	scaffold=gi528858392	strand=+
2317_g               -            230 18694                -            404   0.00067   18.2   0.3   1   3     0.067       5.8    5.2   0.1    15    48     4    37     1    80 0.64 length=231	scaffold=gi527314726	strand=-
2317_g               -            230 18694                -            404   0.00067   18.2   0.3   2   3    0.0028      0.24    9.8   0.0   139   174    85   120    70   128 0.86 length=231	scaffold=gi527314726	strand=-
2317_g               -            230 18694                -            404   0.00067   18.2   0.3   3   3       3.6   3.1e+02   -0.5   0.0   323   356   171   205   164   221 0.71 length=231	scaffold=gi527314726	strand=-
1394_g               -            245 18694                -            404   0.00068   18.2   0.0   1   2      0.77        67    1.7   0.0   193   212     2    21     1    34 0.79 length=246	scaffold=gi527315005	strand=+
1394_g               -            245 18694                -            404   0.00068   18.2   0.0   2   2   0.00012      0.01   14.2   0.0   321   358    56    93    48    99 0.89 length=246	scaffold=gi527315005	strand=+
13481_g              -           4300 18694                -            404   0.00086   17.8   0.0   1   3      0.14        12    4.2   0.0    58   136  1669  1744  1665  1747 0.82 length=4301	scaffold=gi527309735	strand=+
13481_g              -           4300 18694                -            404   0.00086   17.8   0.0   2   3    0.0069       0.6    8.5   0.0   138   167  1790  1819  1786  1832 0.89 length=4301	scaffold=gi527309735	strand=+
13481_g              -           4300 18694                -            404   0.00086   17.8   0.0   3   3       1.8   1.6e+02    0.5   0.0   326   356  1937  1967  1928  1981 0.84 length=4301	scaffold=gi527309735	strand=+
9184_g               -           4300 18694                -            404   0.00086   17.8   0.0   1   3      0.14        12    4.2   0.0    58   136  1669  1744  1665  1747 0.82 length=4301	scaffold=gi528858385	strand=-
9184_g               -           4300 18694                -            404   0.00086   17.8   0.0   2   3    0.0069       0.6    8.5   0.0   138   167  1790  1819  1786  1832 0.89 length=4301	scaffold=gi528858385	strand=-
9184_g               -           4300 18694                -            404   0.00086   17.8   0.0   3   3       1.8   1.6e+02    0.5   0.0   326   356  1937  1967  1928  1981 0.84 length=4301	scaffold=gi528858385	strand=-
4157_g               -            681 18694                -            404    0.0011   17.5   0.0   1   3       1.7   1.5e+02    0.6   0.0   116   149   346   379   335   384 0.82 length=682	scaffold=gi528858391	strand=-
4157_g               -            681 18694                -            404    0.0011   17.5   0.0   2   3    0.0058       0.5    8.7   0.0   200   233   428   460   409   464 0.89 length=682	scaffold=gi528858391	strand=-
4157_g               -            681 18694                -            404    0.0011   17.5   0.0   3   3      0.16        14    4.0   0.0   314   350   553   589   544   603 0.89 length=682	scaffold=gi528858391	strand=-
8937_g               -            681 18694                -            404    0.0011   17.5   0.0   1   3       1.7   1.5e+02    0.6   0.0   116   149   346   379   335   384 0.82 length=682	scaffold=gi527314250	strand=-
8937_g               -            681 18694                -            404    0.0011   17.5   0.0   2   3    0.0058       0.5    8.7   0.0   200   233   428   460   409   464 0.89 length=682	scaffold=gi527314250	strand=-
8937_g               -            681 18694                -            404    0.0011   17.5   0.0   3   3      0.16        14    4.0   0.0   314   350   553   589   544   603 0.89 length=682	scaffold=gi527314250	strand=-
4303_g               -            687 18694                -            404    0.0019   16.7   0.0   1   2    0.0027      0.24    9.8   0.0   120   161   391   432   371   444 0.87 length=688	scaffold=gi528858390	strand=+
4303_g               -            687 18694                -            404    0.0019   16.7   0.0   2   2      0.21        18    3.6   0.0   324   354   504   534   496   555 0.85 length=688	scaffold=gi528858390	strand=+
8303_g               -            687 18694                -            404    0.0019   16.7   0.0   1   2    0.0027      0.24    9.8   0.0   120   161   391   432   371   444 0.87 length=688	scaffold=gi527313991	strand=-
8303_g               -            687 18694                -            404    0.0019   16.7   0.0   2   2      0.21        18    3.6   0.0   324   354   504   534   496   555 0.85 length=688	scaffold=gi527313991	strand=-
10141_g              -           1025 18694                -            404    0.0067   14.9   0.0   1   2    0.0032      0.28    9.5   0.0   131   166   847   882   840   892 0.90 length=1026	scaffold=gi528858384	strand=-
10141_g              -           1025 18694                -            404    0.0067   14.9   0.0   2   2      0.34        30    2.9   0.0   318   358   968  1009   938  1014 0.80 length=1026	scaffold=gi528858384	strand=-
12380_g              -           1025 18694                -            404    0.0067   14.9   0.0   1   2    0.0032      0.28    9.5   0.0   131   166   847   882   840   892 0.90 length=1026	scaffold=gi527308984	strand=+
12380_g              -           1025 18694                -            404    0.0067   14.9   0.0   2   2      0.34        30    2.9   0.0   318   358   968  1009   938  1014 0.80 length=1026	scaffold=gi527308984	strand=+
1244_g               -            208 18694                -            404    0.0099   14.3   0.0   1   1   0.00019     0.016   13.6   0.0   321   358    19    56     5    62 0.87 length=209	scaffold=gi528858393	strand=-
12921_g              -            989 18694                -            404     0.014   13.8   0.0   1   2     0.033       2.9    6.2   0.0    19    81    71   132    60   176 0.79 length=990	scaffold=gi527309735	strand=+
12921_g              -            989 18694                -            404     0.014   13.8   0.0   2   2     0.062       5.3    5.3   0.0   194   231   456   492   438   495 0.84 length=990	scaffold=gi527309735	strand=+
9741_g               -            989 18694                -            404     0.014   13.8   0.0   1   2     0.033       2.9    6.2   0.0    19    81    71   132    60   176 0.79 length=990	scaffold=gi528858385	strand=-
9741_g               -            989 18694                -            404     0.014   13.8   0.0   2   2     0.062       5.3    5.3   0.0   194   231   456   492   438   495 0.84 length=990	scaffold=gi528858385	strand=-
1760_g               -           1131 18694                -            404     0.015   13.7   0.0   1   2      0.49        42    2.4   0.0   119   232   165   278   155   284 0.63 length=1132	scaffold=gi527315322	strand=+
1760_g               -           1131 18694                -            404     0.015   13.7   0.0   2   2    0.0055      0.47    8.8   0.0   320   357   331   368   316   379 0.87 length=1132	scaffold=gi527315322	strand=+
943_g                -           1131 18694                -            404     0.015   13.7   0.0   1   2      0.49        42    2.4   0.0   119   232   165   278   155   284 0.63 length=1132	scaffold=gi528858394	strand=+
943_g                -           1131 18694                -            404     0.015   13.7   0.0   2   2    0.0055      0.47    8.8   0.0   320   357   331   368   316   379 0.87 length=1132	scaffold=gi528858394	strand=+
4892_g               -           1122 18694                -            404     0.017   13.6   0.0   1   2   0.00069      0.06   11.8   0.0   117   172   950  1005   938  1025 0.83 length=1123	scaffold=gi528858389	strand=-
4892_g               -           1122 18694                -            404     0.017   13.6   0.0   2   2       6.5   5.6e+02   -1.3   0.0   308   351  1078  1122  1063  1122 0.74 length=1123	scaffold=gi528858389	strand=-
5364_g               -           1122 18694                -            404     0.017   13.6   0.0   1   2   0.00069      0.06   11.8   0.0   117   172   950  1005   938  1025 0.83 length=1123	scaffold=gi527313191	strand=-
5364_g               -           1122 18694                -            404     0.017   13.6   0.0   2   2       6.5   5.6e+02   -1.3   0.0   308   351  1078  1122  1063  1122 0.74 length=1123	scaffold=gi527313191	strand=-
9536_g               -            779 18694                -            404     0.019   13.4   1.0   1   3     0.007      0.61    8.4   0.0    92   149    75   136     6   146 0.82 length=780	scaffold=gi528858385	strand=+
9536_g               -            779 18694                -            404     0.019   13.4   1.0   2   3       1.1        94    1.2   0.4   152   187   178   210   176   252 0.52 length=780	scaffold=gi528858385	strand=+
9536_g               -            779 18694                -            404     0.019   13.4   1.0   3   3       3.8   3.3e+02   -0.6   0.0   313   344   302   335   293   352 0.80 length=780	scaffold=gi528858385	strand=+
2820_g               -           1054 18694                -            404      0.03   12.7   0.0   1   1    0.0012       0.1   11.0   0.0   126   150   199   223   158   247 0.85 length=1055	scaffold=gi528858386	strand=+
3501_g               -           1054 18694                -            404      0.03   12.7   0.0   1   1    0.0012       0.1   11.0   0.0   126   150   199   223   158   247 0.85 length=1055	scaffold=gi527310881	strand=+
13567_g              -           1582 18694                -            404      0.05   12.0   0.1   1   1     0.001      0.09   11.2   0.1   113   161   478   526   467   536 0.85 length=1583	scaffold=gi527309735	strand=-
9097_g               -           1582 18694                -            404      0.05   12.0   0.1   1   1     0.001      0.09   11.2   0.1   113   161   478   526   467   536 0.85 length=1583	scaffold=gi528858385	strand=+
11108_g              -           2322 18694                -            404     0.078   11.4   0.0   1   2     0.011      0.93    7.8   0.0   109   164   290   345   285   356 0.92 length=2323	scaffold=gi528858383	strand=-
11108_g              -           2322 18694                -            404     0.078   11.4   0.0   2   2       1.4   1.2e+02    0.8   0.0   324   352   792   820   784   826 0.88 length=2323	scaffold=gi528858383	strand=-
11905_g              -           2322 18694                -            404     0.078   11.4   0.0   1   2     0.011      0.93    7.8   0.0   109   164   290   345   285   356 0.92 length=2323	scaffold=gi527307902	strand=-
11905_g              -           2322 18694                -            404     0.078   11.4   0.0   2   2       1.4   1.2e+02    0.8   0.0   324   352   792   820   784   826 0.88 length=2323	scaffold=gi527307902	strand=-
3916_g               -           1351 18694                -            404      0.13   10.6   0.0   1   2      0.63        55    2.0   0.0   209   233   975   999   961  1004 0.86 length=1352	scaffold=gi528858391	strand=-
3916_g               -           1351 18694                -            404      0.13   10.6   0.0   2   2     0.037       3.2    6.0   0.0   319   358  1023  1062  1014  1080 0.87 length=1352	scaffold=gi528858391	strand=-
8696_g               -           1351 18694                -            404      0.13   10.6   0.0   1   2      0.63        55    2.0   0.0   209   233   975   999   961  1004 0.86 length=1352	scaffold=gi527314479	strand=-
8696_g               -           1351 18694                -            404      0.13   10.6   0.0   2   2     0.037       3.2    6.0   0.0   319   358  1023  1062  1014  1080 0.87 length=1352	scaffold=gi527314479	strand=-
166_g                -           1429 18694                -            404      0.86    7.9   2.5   1   2       7.3   6.3e+02   -1.5   0.1    20    81   521   585   507   595 0.65 length=1430	scaffold=gi528858396	strand=-
166_g                -           1429 18694                -            404      0.86    7.9   2.5   2   2      0.04       3.5    5.9   0.6   203   233   797   825   726   830 0.81 length=1430	scaffold=gi528858396	strand=-
224_g                -           1429 18694                -            404      0.86    7.9   2.5   1   2       7.3   6.3e+02   -1.5   0.1    20    81   521   585   507   595 0.65 length=1430	scaffold=gi527315854	strand=+
224_g                -           1429 18694                -            404      0.86    7.9   2.5   2   2      0.04       3.5    5.9   0.6   203   233   797   825   726   830 0.81 length=1430	scaffold=gi527315854	strand=+
#
# Program:         hmmsearch
# Version:         3.4 (Aug 2023)
# Pipeline mode:   SEARCH
# Query file:      /home/inf-20-2025/Malaria/busco_downloads/lineages/apicomplexa_odb12/hmms/18694at5794.hmm
# Target file:     /home/inf-20-2025/Malaria/Results/6_nobird_annotation/T_gondii.faa
# Option settings: hmmsearch --domtblout Results/8_busco/T_gondii/run_apicomplexa_odb12/hmmer_output/initial_run_results/18694at5794.out --cpu 1 /home/inf-20-2025/Malaria/busco_downloads/lineages/apicomplexa_odb12/hmms/18694at5794.hmm /home/inf-20-2025/Malaria/Results/6_nobird_annotation/T_gondii.faa 
# Current dir:     /home/inf-20-2025/Malaria
# Date:            Wed Mar  4 18:32:59 2026
# [ok]
