#                                                                            --- full sequence --- -------------- this domain -------------   hmm coord   ali coord   env coord
# target name        accession   tlen query name           accession   qlen   E-value  score  bias   #  of  c-Evalue  i-Evalue  score  bias  from    to  from    to  from    to  acc description of target
#------------------- ---------- ----- -------------------- ---------- ----- --------- ------ ----- --- --- --------- --------- ------ ----- ----- ----- ----- ----- ----- ----- ---- ---------------------
4789_g               -           1638 2798                 -            354  8.6e-132  439.0   0.1   1   3   5.5e-60   4.2e-58  196.6   0.0    18   189  1159  1341  1144  1348 0.88 length=1639	scaffold=gi528858389	strand=+
4789_g               -           1638 2798                 -            354  8.6e-132  439.0   0.1   2   3   5.5e-55   4.2e-53  180.2   0.0   188   299  1431  1543  1426  1557 0.93 length=1639	scaffold=gi528858389	strand=+
4789_g               -           1638 2798                 -            354  8.6e-132  439.0   0.1   3   3   6.2e-18   4.7e-16   58.3   0.2   297   353  1575  1631  1569  1632 0.92 length=1639	scaffold=gi528858389	strand=+
5261_g               -           1638 2798                 -            354  8.6e-132  439.0   0.1   1   3   5.5e-60   4.2e-58  196.6   0.0    18   189  1159  1341  1144  1348 0.88 length=1639	scaffold=gi527313191	strand=+
5261_g               -           1638 2798                 -            354  8.6e-132  439.0   0.1   2   3   5.5e-55   4.2e-53  180.2   0.0   188   299  1431  1543  1426  1557 0.93 length=1639	scaffold=gi527313191	strand=+
5261_g               -           1638 2798                 -            354  8.6e-132  439.0   0.1   3   3   6.2e-18   4.7e-16   58.3   0.2   297   353  1575  1631  1569  1632 0.92 length=1639	scaffold=gi527313191	strand=+
10129_g              -           1384 2798                 -            354   5.6e-61  206.1   0.2   1   1   1.4e-61     1e-59  201.9   0.2    27   353   993  1348   968  1349 0.77 length=1385	scaffold=gi528858384	strand=-
12392_g              -           1384 2798                 -            354   5.6e-61  206.1   0.2   1   1   1.4e-61     1e-59  201.9   0.2    27   353   993  1348   968  1349 0.77 length=1385	scaffold=gi527308984	strand=+
11126_g              -           2704 2798                 -            354   1.8e-49  168.2   0.1   1   4   1.1e-05   0.00087   18.0   0.0    55   107  1096  1155  1075  1159 0.80 length=2705	scaffold=gi528858383	strand=-
11126_g              -           2704 2798                 -            354   1.8e-49  168.2   0.1   2   4   1.5e-15   1.1e-13   50.5   0.0   110   188  1203  1282  1199  1303 0.90 length=2705	scaffold=gi528858383	strand=-
11126_g              -           2704 2798                 -            354   1.8e-49  168.2   0.1   3   4   3.3e-20   2.6e-18   65.7   0.0   209   288  1651  1731  1639  1740 0.91 length=2705	scaffold=gi528858383	strand=-
11126_g              -           2704 2798                 -            354   1.8e-49  168.2   0.1   4   4   1.2e-08   9.5e-07   27.7   0.0   321   352  2230  2261  2218  2263 0.92 length=2705	scaffold=gi528858383	strand=-
11923_g              -           2704 2798                 -            354   1.8e-49  168.2   0.1   1   4   1.1e-05   0.00087   18.0   0.0    55   107  1096  1155  1075  1159 0.80 length=2705	scaffold=gi527307902	strand=-
11923_g              -           2704 2798                 -            354   1.8e-49  168.2   0.1   2   4   1.5e-15   1.1e-13   50.5   0.0   110   188  1203  1282  1199  1303 0.90 length=2705	scaffold=gi527307902	strand=-
11923_g              -           2704 2798                 -            354   1.8e-49  168.2   0.1   3   4   3.3e-20   2.6e-18   65.7   0.0   209   288  1651  1731  1639  1740 0.91 length=2705	scaffold=gi527307902	strand=-
11923_g              -           2704 2798                 -            354   1.8e-49  168.2   0.1   4   4   1.2e-08   9.5e-07   27.7   0.0   321   352  2230  2261  2218  2263 0.92 length=2705	scaffold=gi527307902	strand=-
1150_g               -           1947 2798                 -            354     2e-46  158.2   0.2   1   4   6.3e-06   0.00049   18.8   0.0    43   110   304   375   265   382 0.80 length=1948	scaffold=gi528858393	strand=+
1150_g               -           1947 2798                 -            354     2e-46  158.2   0.2   2   4   5.9e-11   4.5e-09   35.3   0.0   125   186   438   501   424   505 0.89 length=1948	scaffold=gi528858393	strand=+
1150_g               -           1947 2798                 -            354     2e-46  158.2   0.2   3   4   2.1e-22   1.6e-20   73.0   0.0   191   278   848   941   833   948 0.90 length=1948	scaffold=gi528858393	strand=+
1150_g               -           1947 2798                 -            354     2e-46  158.2   0.2   4   4   6.3e-08   4.8e-06   25.4   0.3   319   353  1021  1055   996  1056 0.90 length=1948	scaffold=gi528858393	strand=+
1488_g               -           2023 2798                 -            354   2.4e-46  157.9   0.2   1   4   6.6e-06   0.00051   18.7   0.0    43   110   380   451   341   458 0.80 length=2024	scaffold=gi527315005	strand=-
1488_g               -           2023 2798                 -            354   2.4e-46  157.9   0.2   2   4   6.1e-11   4.7e-09   35.3   0.0   125   186   514   577   500   581 0.89 length=2024	scaffold=gi527315005	strand=-
1488_g               -           2023 2798                 -            354   2.4e-46  157.9   0.2   3   4   2.2e-22   1.7e-20   72.9   0.0   191   278   924  1017   909  1024 0.90 length=2024	scaffold=gi527315005	strand=-
1488_g               -           2023 2798                 -            354   2.4e-46  157.9   0.2   4   4   6.6e-08     5e-06   25.3   0.3   319   353  1097  1131  1072  1132 0.90 length=2024	scaffold=gi527315005	strand=-
13372_g              -           2080 2798                 -            354   4.1e-45  153.9   0.0   1   1   2.7e-46     2e-44  151.6   0.0    19   264  1722  1993  1702  1995 0.78 length=2081	scaffold=gi527309735	strand=+
9296_g               -           2080 2798                 -            354   4.1e-45  153.9   0.0   1   1   2.7e-46     2e-44  151.6   0.0    19   264  1722  1993  1702  1995 0.78 length=2081	scaffold=gi528858385	strand=-
3087_g               -            543 2798                 -            354   3.3e-41  141.1   0.0   1   2   1.1e-35   8.7e-34  116.6   0.0    47   263    67   287    54   292 0.89 length=544	scaffold=gi528858386	strand=+
3087_g               -            543 2798                 -            354   3.3e-41  141.1   0.0   2   2     6e-07   4.6e-05   22.2   0.0   326   351   308   333   300   335 0.91 length=544	scaffold=gi528858386	strand=+
3768_g               -            543 2798                 -            354   3.3e-41  141.1   0.0   1   2   1.1e-35   8.7e-34  116.6   0.0    47   263    67   287    54   292 0.89 length=544	scaffold=gi527310709	strand=+
3768_g               -            543 2798                 -            354   3.3e-41  141.1   0.0   2   2     6e-07   4.6e-05   22.2   0.0   326   351   308   333   300   335 0.91 length=544	scaffold=gi527310709	strand=+
2139_g               -            564 2798                 -            354   5.3e-41  140.3   1.2   1   3   2.6e-29     2e-27   95.7   0.1    48   205    43   203    33   209 0.89 length=565	scaffold=gi528858392	strand=+
2139_g               -            564 2798                 -            354   5.3e-41  140.3   1.2   2   3   3.8e-07   2.9e-05   22.8   0.0   216   263   273   319   268   322 0.90 length=565	scaffold=gi528858392	strand=+
2139_g               -            564 2798                 -            354   5.3e-41  140.3   1.2   3   3   5.3e-06   0.00041   19.0   0.0   324   353   338   367   327   368 0.90 length=565	scaffold=gi528858392	strand=+
2420_g               -            564 2798                 -            354   5.3e-41  140.3   1.2   1   3   2.6e-29     2e-27   95.7   0.1    48   205    43   203    33   209 0.89 length=565	scaffold=gi527314679	strand=-
2420_g               -            564 2798                 -            354   5.3e-41  140.3   1.2   2   3   3.8e-07   2.9e-05   22.8   0.0   216   263   273   319   268   322 0.90 length=565	scaffold=gi527314679	strand=-
2420_g               -            564 2798                 -            354   5.3e-41  140.3   1.2   3   3   5.3e-06   0.00041   19.0   0.0   324   353   338   367   327   368 0.90 length=565	scaffold=gi527314679	strand=-
10087_g              -           1298 2798                 -            354   8.5e-39  133.1   0.0   1   2   1.1e-15   8.1e-14   50.9   0.1    75   199   130   256   116   260 0.80 length=1299	scaffold=gi528858384	strand=-
10087_g              -           1298 2798                 -            354   8.5e-39  133.1   0.0   2   2   1.7e-24   1.3e-22   79.9   0.0   207   352   352   505   347   507 0.84 length=1299	scaffold=gi528858384	strand=-
12434_g              -           1298 2798                 -            354   8.5e-39  133.1   0.0   1   2   1.1e-15   8.1e-14   50.9   0.1    75   199   130   256   116   260 0.80 length=1299	scaffold=gi527308984	strand=+
12434_g              -           1298 2798                 -            354   8.5e-39  133.1   0.0   2   2   1.7e-24   1.3e-22   79.9   0.0   207   352   352   505   347   507 0.84 length=1299	scaffold=gi527308984	strand=+
6953_g               -            752 2798                 -            354   1.5e-38  132.3   3.0   1   3     3e-21   2.3e-19   69.2   0.6    49   201     6   158     1   162 0.83 length=753	scaffold=gi528858387	strand=+
6953_g               -            752 2798                 -            354   1.5e-38  132.3   3.0   2   3   5.2e-12     4e-10   38.8   0.0   208   241   201   235   192   243 0.88 length=753	scaffold=gi528858387	strand=+
6953_g               -            752 2798                 -            354   1.5e-38  132.3   3.0   3   3   3.1e-07   2.4e-05   23.1   0.0   312   352   280   320   265   322 0.87 length=753	scaffold=gi528858387	strand=+
7958_g               -            752 2798                 -            354   1.5e-38  132.3   3.0   1   3     3e-21   2.3e-19   69.2   0.6    49   201     6   158     1   162 0.83 length=753	scaffold=gi527311550	strand=-
7958_g               -            752 2798                 -            354   1.5e-38  132.3   3.0   2   3   5.2e-12     4e-10   38.8   0.0   208   241   201   235   192   243 0.88 length=753	scaffold=gi527311550	strand=-
7958_g               -            752 2798                 -            354   1.5e-38  132.3   3.0   3   3   3.1e-07   2.4e-05   23.1   0.0   312   352   280   320   265   322 0.87 length=753	scaffold=gi527311550	strand=-
12862_g              -           3670 2798                 -            354   7.9e-37  126.6   0.2   1   2   1.3e-34   9.7e-33  113.2   0.1    44   252  3058  3270  3036  3275 0.86 length=3671	scaffold=gi527310678	strand=-
12862_g              -           3670 2798                 -            354   7.9e-37  126.6   0.2   2   2    0.0011     0.088   11.3   0.0   325   353  3301  3329  3292  3330 0.91 length=3671	scaffold=gi527310678	strand=-
8981_g               -           3670 2798                 -            354   7.9e-37  126.6   0.2   1   2   1.3e-34   9.7e-33  113.2   0.1    44   252  3058  3270  3036  3275 0.86 length=3671	scaffold=gi528858385	strand=-
8981_g               -           3670 2798                 -            354   7.9e-37  126.6   0.2   2   2    0.0011     0.088   11.3   0.0   325   353  3301  3329  3292  3330 0.91 length=3671	scaffold=gi528858385	strand=-
12237_g              -           3194 2798                 -            354   7.6e-35  120.1   0.0   1   2   7.1e-32   5.4e-30  104.1   0.0    54   262   187   395   183   399 0.90 length=3195	scaffold=gi527308984	strand=+
12237_g              -           3194 2798                 -            354   7.6e-35  120.1   0.0   2   2   0.00017     0.013   14.0   0.0   315   352   406   443   394   445 0.85 length=3195	scaffold=gi527308984	strand=+
10287_g              -           3287 2798                 -            354   8.1e-35  120.0   0.0   1   2   7.3e-32   5.6e-30  104.1   0.0    54   262   280   488   276   492 0.90 length=3288	scaffold=gi528858384	strand=-
10287_g              -           3287 2798                 -            354   8.1e-35  120.0   0.0   2   2   0.00018     0.014   14.0   0.0   315   352   499   536   487   538 0.85 length=3288	scaffold=gi528858384	strand=-
7280_g               -            515 2798                 -            354   1.3e-34  119.4   4.6   1   4     0.033       2.5    6.6   0.0    55    89    50    85    35    90 0.88 length=516	scaffold=gi528858387	strand=-
7280_g               -            515 2798                 -            354   1.3e-34  119.4   4.6   2   4   2.1e-14   1.6e-12   46.7   0.4   102   201   127   222   116   230 0.85 length=516	scaffold=gi528858387	strand=-
7280_g               -            515 2798                 -            354   1.3e-34  119.4   4.6   3   4   6.1e-10   4.7e-08   32.0   0.0   213   248   275   311   263   322 0.84 length=516	scaffold=gi528858387	strand=-
7280_g               -            515 2798                 -            354   1.3e-34  119.4   4.6   4   4   3.5e-10   2.7e-08   32.8   0.1   304   353   448   497   427   498 0.88 length=516	scaffold=gi528858387	strand=-
7638_g               -            515 2798                 -            354   1.3e-34  119.4   4.6   1   4     0.033       2.5    6.6   0.0    55    89    50    85    35    90 0.88 length=516	scaffold=gi527311550	strand=+
7638_g               -            515 2798                 -            354   1.3e-34  119.4   4.6   2   4   2.1e-14   1.6e-12   46.7   0.4   102   201   127   222   116   230 0.85 length=516	scaffold=gi527311550	strand=+
7638_g               -            515 2798                 -            354   1.3e-34  119.4   4.6   3   4   6.1e-10   4.7e-08   32.0   0.0   213   248   275   311   263   322 0.84 length=516	scaffold=gi527311550	strand=+
7638_g               -            515 2798                 -            354   1.3e-34  119.4   4.6   4   4   3.5e-10   2.7e-08   32.8   0.1   304   353   448   497   427   498 0.88 length=516	scaffold=gi527311550	strand=+
4677_g               -            798 2798                 -            354   4.9e-34  117.4   0.0   1   2   9.5e-29   7.3e-27   93.9   0.0    27   263   252   490   229   498 0.82 length=799	scaffold=gi528858389	strand=-
4677_g               -            798 2798                 -            354   4.9e-34  117.4   0.0   2   2   9.3e-07   7.1e-05   21.5   0.0   326   352   511   537   503   539 0.91 length=799	scaffold=gi528858389	strand=-
5149_g               -            798 2798                 -            354   4.9e-34  117.4   0.0   1   2   9.5e-29   7.3e-27   93.9   0.0    27   263   252   490   229   498 0.82 length=799	scaffold=gi527313191	strand=-
5149_g               -            798 2798                 -            354   4.9e-34  117.4   0.0   2   2   9.3e-07   7.1e-05   21.5   0.0   326   352   511   537   503   539 0.91 length=799	scaffold=gi527313191	strand=-
10713_g              -            472 2798                 -            354   8.6e-34  116.6   0.6   1   4   1.7e-20   1.3e-18   66.7   0.0    24   199    61   234    40   240 0.83 length=473	scaffold=gi528858383	strand=+
10713_g              -            472 2798                 -            354   8.6e-34  116.6   0.6   2   4   1.2e-07   8.9e-06   24.5   0.1   216   242   280   307   271   312 0.88 length=473	scaffold=gi528858383	strand=+
10713_g              -            472 2798                 -            354   8.6e-34  116.6   0.6   3   4      0.73        56    2.1   0.0   242   271   364   393   361   397 0.91 length=473	scaffold=gi528858383	strand=+
10713_g              -            472 2798                 -            354   8.6e-34  116.6   0.6   4   4   8.2e-06   0.00063   18.4   0.1   322   352   427   457   418   459 0.88 length=473	scaffold=gi528858383	strand=+
11510_g              -            472 2798                 -            354   8.6e-34  116.6   0.6   1   4   1.7e-20   1.3e-18   66.7   0.0    24   199    61   234    40   240 0.83 length=473	scaffold=gi527307902	strand=+
11510_g              -            472 2798                 -            354   8.6e-34  116.6   0.6   2   4   1.2e-07   8.9e-06   24.5   0.1   216   242   280   307   271   312 0.88 length=473	scaffold=gi527307902	strand=+
11510_g              -            472 2798                 -            354   8.6e-34  116.6   0.6   3   4      0.73        56    2.1   0.0   242   271   364   393   361   397 0.91 length=473	scaffold=gi527307902	strand=+
11510_g              -            472 2798                 -            354   8.6e-34  116.6   0.6   4   4   8.2e-06   0.00063   18.4   0.1   322   352   427   457   418   459 0.88 length=473	scaffold=gi527307902	strand=+
13409_g              -            682 2798                 -            354     1e-32  113.1   0.0   1   2   3.4e-28   2.6e-26   92.0   0.0    43   263   199   422   191   429 0.85 length=683	scaffold=gi527309735	strand=-
13409_g              -            682 2798                 -            354     1e-32  113.1   0.0   2   2   5.9e-06   0.00045   18.9   0.0   325   353   442   470   432   471 0.90 length=683	scaffold=gi527309735	strand=-
9259_g               -            682 2798                 -            354     1e-32  113.1   0.0   1   2   3.4e-28   2.6e-26   92.0   0.0    43   263   199   422   191   429 0.85 length=683	scaffold=gi528858385	strand=+
9259_g               -            682 2798                 -            354     1e-32  113.1   0.0   2   2   5.9e-06   0.00045   18.9   0.0   325   353   442   470   432   471 0.90 length=683	scaffold=gi528858385	strand=+
5655_g               -            659 2798                 -            354   9.3e-32  110.0   0.2   1   2       4.6   3.5e+02   -0.5   0.0    54    74    71    91    61   100 0.90 length=660	scaffold=gi528858388	strand=+
5655_g               -            659 2798                 -            354   9.3e-32  110.0   0.2   2   2   9.5e-33   7.3e-31  107.0   0.4   149   352   230   427   163   428 0.79 length=660	scaffold=gi528858388	strand=+
6591_g               -            659 2798                 -            354   9.3e-32  110.0   0.2   1   2       4.6   3.5e+02   -0.5   0.0    54    74    71    91    61   100 0.90 length=660	scaffold=gi527312496	strand=-
6591_g               -            659 2798                 -            354   9.3e-32  110.0   0.2   2   2   9.5e-33   7.3e-31  107.0   0.4   149   352   230   427   163   428 0.79 length=660	scaffold=gi527312496	strand=-
5016_g               -           4658 2798                 -            354   3.9e-31  107.9   0.0   1   2   1.6e-27   1.2e-25   89.8   0.0   124   270  4255  4403  4249  4407 0.91 length=4659	scaffold=gi528858389	strand=+
5016_g               -           4658 2798                 -            354   3.9e-31  107.9   0.0   2   2   6.3e-05    0.0048   15.5   0.0   307   345  4425  4463  4417  4466 0.92 length=4659	scaffold=gi528858389	strand=+
5488_g               -           4658 2798                 -            354   3.9e-31  107.9   0.0   1   2   1.6e-27   1.2e-25   89.8   0.0   124   270  4255  4403  4249  4407 0.91 length=4659	scaffold=gi527313191	strand=+
5488_g               -           4658 2798                 -            354   3.9e-31  107.9   0.0   2   2   6.3e-05    0.0048   15.5   0.0   307   345  4425  4463  4417  4466 0.92 length=4659	scaffold=gi527313191	strand=+
6076_g               -            877 2798                 -            354   1.2e-30  106.3   0.0   1   2       0.2        15    4.0   0.0    50    80   258   288   233   292 0.80 length=878	scaffold=gi528858388	strand=+
6076_g               -            877 2798                 -            354   1.2e-30  106.3   0.0   2   2   2.8e-30   2.2e-28   98.9   0.0   153   352   561   764   556   766 0.79 length=878	scaffold=gi528858388	strand=+
6176_g               -            877 2798                 -            354   1.2e-30  106.3   0.0   1   2       0.2        15    4.0   0.0    50    80   258   288   233   292 0.80 length=878	scaffold=gi527312496	strand=-
6176_g               -            877 2798                 -            354   1.2e-30  106.3   0.0   2   2   2.8e-30   2.2e-28   98.9   0.0   153   352   561   764   556   766 0.79 length=878	scaffold=gi527312496	strand=-
10700_g              -           3828 2798                 -            354   2.1e-29  102.2   0.2   1   2   1.3e-27   9.7e-26   90.2   0.0    55   263   259   474   249   485 0.82 length=3829	scaffold=gi528858383	strand=-
10700_g              -           3828 2798                 -            354   2.1e-29  102.2   0.2   2   2    0.0036      0.28    9.7   0.3   324   351   490   517   484   519 0.91 length=3829	scaffold=gi528858383	strand=-
11497_g              -           3828 2798                 -            354   2.1e-29  102.2   0.2   1   2   1.3e-27   9.7e-26   90.2   0.0    55   263   259   474   249   485 0.82 length=3829	scaffold=gi527307902	strand=-
11497_g              -           3828 2798                 -            354   2.1e-29  102.2   0.2   2   2    0.0036      0.28    9.7   0.3   324   351   490   517   484   519 0.91 length=3829	scaffold=gi527307902	strand=-
2923_g               -           2033 2798                 -            354   1.3e-27   96.3   0.1   1   2   1.1e-25   8.7e-24   83.7   0.0   116   265   845   995   837  1001 0.89 length=2034	scaffold=gi528858386	strand=+
2923_g               -           2033 2798                 -            354   1.3e-27   96.3   0.1   2   2    0.0024      0.19   10.3   0.0   326   351  1010  1035  1003  1037 0.93 length=2034	scaffold=gi528858386	strand=+
3604_g               -           2033 2798                 -            354   1.3e-27   96.3   0.1   1   2   1.1e-25   8.7e-24   83.7   0.0   116   265   845   995   837  1001 0.89 length=2034	scaffold=gi527310881	strand=+
3604_g               -           2033 2798                 -            354   1.3e-27   96.3   0.1   2   2    0.0024      0.19   10.3   0.0   326   351  1010  1035  1003  1037 0.93 length=2034	scaffold=gi527310881	strand=+
10004_g              -           1826 2798                 -            354   1.6e-27   96.0   0.0   1   1   3.3e-29   2.5e-27   95.4   0.0    46   259  1506  1719  1495  1745 0.88 length=1827	scaffold=gi528858384	strand=-
12514_g              -           1826 2798                 -            354   1.6e-27   96.0   0.0   1   1   3.3e-29   2.5e-27   95.4   0.0    46   259  1506  1719  1495  1745 0.88 length=1827	scaffold=gi527308984	strand=+
4581_g               -            234 2798                 -            354   2.1e-27   95.6   0.0   1   2   5.4e-26   4.2e-24   84.8   0.0   144   264    52   174    42   185 0.85 length=235	scaffold=gi528858390	strand=-
4581_g               -            234 2798                 -            354   2.1e-27   95.6   0.0   2   2    0.0083      0.64    8.5   0.0   326   352   191   217   171   219 0.80 length=235	scaffold=gi528858390	strand=-
8596_g               -            234 2798                 -            354   2.1e-27   95.6   0.0   1   2   5.4e-26   4.2e-24   84.8   0.0   144   264    52   174    42   185 0.85 length=235	scaffold=gi527313757	strand=-
8596_g               -            234 2798                 -            354   2.1e-27   95.6   0.0   2   2    0.0083      0.64    8.5   0.0   326   352   191   217   171   219 0.80 length=235	scaffold=gi527313757	strand=-
7894_g               -           1349 2798                 -            354   8.6e-27   93.6   0.0   1   3   5.2e-05     0.004   15.8   0.0    53   135   574   658   552   670 0.83 length=1350	scaffold=gi527311550	strand=-
7894_g               -           1349 2798                 -            354   8.6e-27   93.6   0.0   2   3   1.9e-18   1.5e-16   59.9   0.0   152   263   748   860   733   864 0.88 length=1350	scaffold=gi527311550	strand=-
7894_g               -           1349 2798                 -            354   8.6e-27   93.6   0.0   3   3   0.00017     0.013   14.0   0.0   326   353   877   904   871   905 0.92 length=1350	scaffold=gi527311550	strand=-
7017_g               -           1368 2798                 -            354     9e-27   93.5   0.0   1   3   5.3e-05    0.0041   15.7   0.0    53   135   593   677   571   689 0.83 length=1369	scaffold=gi528858387	strand=+
7017_g               -           1368 2798                 -            354     9e-27   93.5   0.0   2   3     2e-18   1.5e-16   59.9   0.0   152   263   767   879   752   883 0.88 length=1369	scaffold=gi528858387	strand=+
7017_g               -           1368 2798                 -            354     9e-27   93.5   0.0   3   3   0.00018     0.014   14.0   0.0   326   353   896   923   890   924 0.92 length=1369	scaffold=gi528858387	strand=+
13451_g              -            960 2798                 -            354   1.8e-25   89.3   0.0   1   2   5.5e-22   4.2e-20   71.6   0.0    46   262   478   696   445   700 0.84 length=961	scaffold=gi527309735	strand=-
13451_g              -            960 2798                 -            354   1.8e-25   89.3   0.0   2   2   6.9e-05    0.0053   15.4   0.1   325   352   717   744   710   746 0.92 length=961	scaffold=gi527309735	strand=-
9214_g               -            960 2798                 -            354   1.8e-25   89.3   0.0   1   2   5.5e-22   4.2e-20   71.6   0.0    46   262   478   696   445   700 0.84 length=961	scaffold=gi528858385	strand=+
9214_g               -            960 2798                 -            354   1.8e-25   89.3   0.0   2   2   6.9e-05    0.0053   15.4   0.1   325   352   717   744   710   746 0.92 length=961	scaffold=gi528858385	strand=+
10747_g              -            758 2798                 -            354   4.4e-25   88.0   0.0   1   2   1.6e-15   1.2e-13   50.4   0.0    55   205   182   337   172   343 0.80 length=759	scaffold=gi528858383	strand=+
10747_g              -            758 2798                 -            354   4.4e-25   88.0   0.0   2   2   1.8e-08   1.4e-06   27.1   0.2   217   352   387   506   380   508 0.69 length=759	scaffold=gi528858383	strand=+
11544_g              -            758 2798                 -            354   4.4e-25   88.0   0.0   1   2   1.6e-15   1.2e-13   50.4   0.0    55   205   182   337   172   343 0.80 length=759	scaffold=gi527307902	strand=+
11544_g              -            758 2798                 -            354   4.4e-25   88.0   0.0   2   2   1.8e-08   1.4e-06   27.1   0.2   217   352   387   506   380   508 0.69 length=759	scaffold=gi527307902	strand=+
6709_g               -           1884 2798                 -            354   5.4e-24   84.4   0.0   1   2   4.7e-10   3.6e-08   32.4   0.0   151   225   853   932   848   939 0.84 length=1885	scaffold=gi528858387	strand=-
6709_g               -           1884 2798                 -            354   5.4e-24   84.4   0.0   2   2   7.8e-15     6e-13   48.1   0.0   224   352   951  1071   941  1073 0.78 length=1885	scaffold=gi528858387	strand=-
8200_g               -           1884 2798                 -            354   5.4e-24   84.4   0.0   1   2   4.7e-10   3.6e-08   32.4   0.0   151   225   853   932   848   939 0.84 length=1885	scaffold=gi527311550	strand=+
8200_g               -           1884 2798                 -            354   5.4e-24   84.4   0.0   2   2   7.8e-15     6e-13   48.1   0.0   224   352   951  1071   941  1073 0.78 length=1885	scaffold=gi527311550	strand=+
6553_g               -            902 2798                 -            354     1e-22   80.2   1.2   1   3   5.6e-10   4.3e-08   32.1   0.0   137   185   546   592   480   598 0.78 length=903	scaffold=gi527312496	strand=+
6553_g               -            902 2798                 -            354     1e-22   80.2   1.2   2   3   8.3e-07   6.4e-05   21.7   0.0   214   245   809   840   806   851 0.90 length=903	scaffold=gi527312496	strand=+
6553_g               -            902 2798                 -            354     1e-22   80.2   1.2   3   3   2.3e-07   1.8e-05   23.5   0.1   321   352   868   899   853   901 0.89 length=903	scaffold=gi527312496	strand=+
1564_g               -           1105 2798                 -            354   1.3e-22   79.9   0.0   1   2     6e-15   4.6e-13   48.5   0.0    37   256   259   508   230   511 0.76 length=1106	scaffold=gi527315005	strand=+
1564_g               -           1105 2798                 -            354   1.3e-22   79.9   0.0   2   2   4.6e-09   3.5e-07   29.1   0.0   285   352   517   585   499   587 0.81 length=1106	scaffold=gi527315005	strand=+
1074_g               -           1130 2798                 -            354   1.4e-22   79.8   0.0   1   2   6.3e-15   4.8e-13   48.4   0.0    37   256   259   508   230   511 0.76 length=1131	scaffold=gi528858393	strand=-
1074_g               -           1130 2798                 -            354   1.4e-22   79.8   0.0   2   2   4.7e-09   3.6e-07   29.1   0.0   285   352   517   585   499   587 0.81 length=1131	scaffold=gi528858393	strand=-
5694_g               -            916 2798                 -            354   6.2e-22   77.6   1.2   1   3   5.8e-10   4.4e-08   32.1   0.0   137   185   546   592   480   598 0.78 length=917	scaffold=gi528858388	strand=-
5694_g               -            916 2798                 -            354   6.2e-22   77.6   1.2   2   3   8.4e-07   6.5e-05   21.7   0.0   214   245   809   840   806   851 0.90 length=917	scaffold=gi528858388	strand=-
5694_g               -            916 2798                 -            354   6.2e-22   77.6   1.2   3   3   1.3e-06    0.0001   21.0   0.1   321   351   868   898   853   901 0.88 length=917	scaffold=gi528858388	strand=-
10680_g              -           1714 2798                 -            354   7.1e-22   77.5   0.5   1   3     6e-07   4.6e-05   22.1   0.1    49   177  1030  1162  1017  1170 0.80 length=1715	scaffold=gi528858383	strand=+
10680_g              -           1714 2798                 -            354   7.1e-22   77.5   0.5   2   3   1.7e-09   1.3e-07   30.5   0.0   176   242  1197  1266  1179  1276 0.80 length=1715	scaffold=gi528858383	strand=+
10680_g              -           1714 2798                 -            354   7.1e-22   77.5   0.5   3   3   1.1e-06   8.4e-05   21.3   0.0   324   353  1505  1534  1493  1535 0.92 length=1715	scaffold=gi528858383	strand=+
11477_g              -           1714 2798                 -            354   7.1e-22   77.5   0.5   1   3     6e-07   4.6e-05   22.1   0.1    49   177  1030  1162  1017  1170 0.80 length=1715	scaffold=gi527307902	strand=+
11477_g              -           1714 2798                 -            354   7.1e-22   77.5   0.5   2   3   1.7e-09   1.3e-07   30.5   0.0   176   242  1197  1266  1179  1276 0.80 length=1715	scaffold=gi527307902	strand=+
11477_g              -           1714 2798                 -            354   7.1e-22   77.5   0.5   3   3   1.1e-06   8.4e-05   21.3   0.0   324   353  1505  1534  1493  1535 0.92 length=1715	scaffold=gi527307902	strand=+
10360_g              -           2214 2798                 -            354   7.3e-22   77.4   0.0   1   2   9.3e-20   7.2e-18   64.3   0.0   155   263    49   160    37   168 0.90 length=2215	scaffold=gi528858384	strand=+
10360_g              -           2214 2798                 -            354   7.3e-22   77.4   0.0   2   2    0.0017      0.13   10.8   0.0   325   351   181   207   177   210 0.92 length=2215	scaffold=gi528858384	strand=+
12164_g              -           2273 2798                 -            354   7.8e-22   77.3   0.0   1   2   9.6e-20   7.4e-18   64.2   0.0   155   263    49   160    37   168 0.90 length=2274	scaffold=gi527308984	strand=-
12164_g              -           2273 2798                 -            354   7.8e-22   77.3   0.0   2   2    0.0017      0.13   10.8   0.0   325   351   181   207   177   210 0.92 length=2274	scaffold=gi527308984	strand=-
2157_g               -           3069 2798                 -            354   1.5e-21   76.4   0.0   1   3   2.5e-06   0.00019   20.1   0.0   144   186  2082  2126  2065  2132 0.76 length=3070	scaffold=gi528858392	strand=+
2157_g               -           3069 2798                 -            354   1.5e-21   76.4   0.0   2   3     8e-13   6.1e-11   41.5   0.0   188   263  2920  2998  2914  3002 0.86 length=3070	scaffold=gi528858392	strand=+
2157_g               -           3069 2798                 -            354   1.5e-21   76.4   0.0   3   3    0.0017      0.13   10.8   0.0   325   353  3026  3053  3019  3054 0.90 length=3070	scaffold=gi528858392	strand=+
2466_g               -           3069 2798                 -            354   1.5e-21   76.4   0.0   1   3   2.5e-06   0.00019   20.1   0.0   144   186  2082  2126  2065  2132 0.76 length=3070	scaffold=gi527314663	strand=+
2466_g               -           3069 2798                 -            354   1.5e-21   76.4   0.0   2   3     8e-13   6.1e-11   41.5   0.0   188   263  2920  2998  2914  3002 0.86 length=3070	scaffold=gi527314663	strand=+
2466_g               -           3069 2798                 -            354   1.5e-21   76.4   0.0   3   3    0.0017      0.13   10.8   0.0   325   353  3026  3053  3019  3054 0.90 length=3070	scaffold=gi527314663	strand=+
2533_g               -           1068 2798                 -            354     2e-21   75.9   0.0   1   2   9.1e-23     7e-21   74.2   0.0    54   277   457   683   433   695 0.87 length=1069	scaffold=gi528858386	strand=-
2533_g               -           1068 2798                 -            354     2e-21   75.9   0.0   2   2       4.4   3.4e+02   -0.4   0.0   325   351   685   716   681   718 0.86 length=1069	scaffold=gi528858386	strand=-
3214_g               -           1068 2798                 -            354     2e-21   75.9   0.0   1   2   9.1e-23     7e-21   74.2   0.0    54   277   457   683   433   695 0.87 length=1069	scaffold=gi527310881	strand=-
3214_g               -           1068 2798                 -            354     2e-21   75.9   0.0   2   2       4.4   3.4e+02   -0.4   0.0   325   351   685   716   681   718 0.86 length=1069	scaffold=gi527310881	strand=-
3134_g               -           1388 2798                 -            354   7.3e-21   74.1   0.0   1   3   6.9e-11   5.3e-09   35.1   0.0    61   186   970  1099   964  1105 0.80 length=1389	scaffold=gi528858386	strand=+
3134_g               -           1388 2798                 -            354   7.3e-21   74.1   0.0   2   3   4.7e-08   3.6e-06   25.8   0.0   191   262  1211  1285  1207  1289 0.84 length=1389	scaffold=gi528858386	strand=+
3134_g               -           1388 2798                 -            354   7.3e-21   74.1   0.0   3   3    0.0046      0.35    9.4   0.0   325   351  1306  1332  1299  1335 0.92 length=1389	scaffold=gi528858386	strand=+
3815_g               -           1388 2798                 -            354   7.3e-21   74.1   0.0   1   3   6.9e-11   5.3e-09   35.1   0.0    61   186   970  1099   964  1105 0.80 length=1389	scaffold=gi527310709	strand=+
3815_g               -           1388 2798                 -            354   7.3e-21   74.1   0.0   2   3   4.7e-08   3.6e-06   25.8   0.0   191   262  1211  1285  1207  1289 0.84 length=1389	scaffold=gi527310709	strand=+
3815_g               -           1388 2798                 -            354   7.3e-21   74.1   0.0   3   3    0.0046      0.35    9.4   0.0   325   351  1306  1332  1299  1335 0.92 length=1389	scaffold=gi527310709	strand=+
2160_g               -           1906 2798                 -            354   7.4e-21   74.1   0.0   1   2     1e-16   7.9e-15   54.3   0.0   125   263  1127  1278  1124  1281 0.81 length=1907	scaffold=gi528858392	strand=+
2160_g               -           1906 2798                 -            354   7.4e-21   74.1   0.0   2   2   1.5e-05    0.0012   17.5   0.0   326   351  1299  1324  1292  1327 0.92 length=1907	scaffold=gi528858392	strand=+
2469_g               -           1906 2798                 -            354   7.4e-21   74.1   0.0   1   2     1e-16   7.9e-15   54.3   0.0   125   263  1127  1278  1124  1281 0.81 length=1907	scaffold=gi527314663	strand=+
2469_g               -           1906 2798                 -            354   7.4e-21   74.1   0.0   2   2   1.5e-05    0.0012   17.5   0.0   326   351  1299  1324  1292  1327 0.92 length=1907	scaffold=gi527314663	strand=+
2966_g               -           1605 2798                 -            354   1.9e-20   72.7   0.0   1   2     1e-21   7.7e-20   70.8   0.0    53   255   110   336    98   347 0.79 length=1606	scaffold=gi528858386	strand=-
2966_g               -           1605 2798                 -            354   1.9e-20   72.7   0.0   2   2       6.4   4.9e+02   -1.0   0.0   326   347   362   383   357   389 0.84 length=1606	scaffold=gi528858386	strand=-
3647_g               -           1605 2798                 -            354   1.9e-20   72.7   0.0   1   2     1e-21   7.7e-20   70.8   0.0    53   255   110   336    98   347 0.79 length=1606	scaffold=gi527310881	strand=-
3647_g               -           1605 2798                 -            354   1.9e-20   72.7   0.0   2   2       6.4   4.9e+02   -1.0   0.0   326   347   362   383   357   389 0.84 length=1606	scaffold=gi527310881	strand=-
3002_g               -            564 2798                 -            354   7.9e-20   70.7   0.3   1   3   1.2e-15   9.4e-14   50.7   0.0    56   204   214   363   202   376 0.90 length=565	scaffold=gi528858386	strand=-
3002_g               -            564 2798                 -            354   7.9e-20   70.7   0.3   2   3     0.017       1.3    7.5   0.0   227   254   427   454   425   458 0.88 length=565	scaffold=gi528858386	strand=-
3002_g               -            564 2798                 -            354   7.9e-20   70.7   0.3   3   3    0.0061      0.47    9.0   0.2   290   353   462   525   455   526 0.89 length=565	scaffold=gi528858386	strand=-
3683_g               -            564 2798                 -            354   7.9e-20   70.7   0.3   1   3   1.2e-15   9.4e-14   50.7   0.0    56   204   214   363   202   376 0.90 length=565	scaffold=gi527310881	strand=-
3683_g               -            564 2798                 -            354   7.9e-20   70.7   0.3   2   3     0.017       1.3    7.5   0.0   227   254   427   454   425   458 0.88 length=565	scaffold=gi527310881	strand=-
3683_g               -            564 2798                 -            354   7.9e-20   70.7   0.3   3   3    0.0061      0.47    9.0   0.2   290   353   462   525   455   526 0.89 length=565	scaffold=gi527310881	strand=-
1158_g               -           1197 2798                 -            354   1.2e-19   70.1   4.3   1   4       0.2        15    4.0   0.0    22    93   352   424   343   432 0.82 length=1198	scaffold=gi528858393	strand=+
1158_g               -           1197 2798                 -            354   1.2e-19   70.1   4.3   2   4   2.1e-05    0.0016   17.1   0.0   154   188   597   631   586   635 0.89 length=1198	scaffold=gi528858393	strand=+
1158_g               -           1197 2798                 -            354   1.2e-19   70.1   4.3   3   4   6.5e-08     5e-06   25.3   0.3   216   269   989  1043   981  1047 0.91 length=1198	scaffold=gi528858393	strand=+
1158_g               -           1197 2798                 -            354   1.2e-19   70.1   4.3   4   4   7.1e-07   5.4e-05   21.9   0.1   319   352  1156  1189  1146  1191 0.91 length=1198	scaffold=gi528858393	strand=+
1479_g               -           1197 2798                 -            354   1.2e-19   70.1   4.3   1   4       0.2        15    4.0   0.0    22    93   352   424   343   432 0.82 length=1198	scaffold=gi527315005	strand=-
1479_g               -           1197 2798                 -            354   1.2e-19   70.1   4.3   2   4   2.1e-05    0.0016   17.1   0.0   154   188   597   631   586   635 0.89 length=1198	scaffold=gi527315005	strand=-
1479_g               -           1197 2798                 -            354   1.2e-19   70.1   4.3   3   4   6.5e-08     5e-06   25.3   0.3   216   269   989  1043   981  1047 0.91 length=1198	scaffold=gi527315005	strand=-
1479_g               -           1197 2798                 -            354   1.2e-19   70.1   4.3   4   4   7.1e-07   5.4e-05   21.9   0.1   319   352  1156  1189  1146  1191 0.91 length=1198	scaffold=gi527315005	strand=-
4324_g               -           2454 2798                 -            354   2.6e-19   69.0   0.0   1   3     1e-16   7.9e-15   54.3   0.0    24   200   433   621   414   631 0.76 length=2455	scaffold=gi528858390	strand=-
4324_g               -           2454 2798                 -            354   2.6e-19   69.0   0.0   2   3       7.5   5.8e+02   -1.2   0.0   232   264   870   902   862   918 0.85 length=2455	scaffold=gi528858390	strand=-
4324_g               -           2454 2798                 -            354   2.6e-19   69.0   0.0   3   3    0.0018      0.14   10.7   0.0   324   352   920   948   908   949 0.89 length=2455	scaffold=gi528858390	strand=-
8283_g               -           2454 2798                 -            354   2.6e-19   69.0   0.0   1   3     1e-16   7.9e-15   54.3   0.0    24   200   433   621   414   631 0.76 length=2455	scaffold=gi527313991	strand=+
8283_g               -           2454 2798                 -            354   2.6e-19   69.0   0.0   2   3       7.5   5.8e+02   -1.2   0.0   232   264   870   902   862   918 0.85 length=2455	scaffold=gi527313991	strand=+
8283_g               -           2454 2798                 -            354   2.6e-19   69.0   0.0   3   3    0.0018      0.14   10.7   0.0   324   352   920   948   908   949 0.89 length=2455	scaffold=gi527313991	strand=+
3025_g               -            738 2798                 -            354     4e-19   68.4   0.2   1   3   2.4e-09   1.8e-07   30.0   0.1    94   187    86   176    66   180 0.82 length=739	scaffold=gi528858386	strand=+
3025_g               -            738 2798                 -            354     4e-19   68.4   0.2   2   3    0.0018      0.14   10.7   0.0   212   238   283   310   251   311 0.73 length=739	scaffold=gi528858386	strand=+
3025_g               -            738 2798                 -            354     4e-19   68.4   0.2   3   3     2e-07   1.6e-05   23.7   0.0   325   353   462   490   444   491 0.92 length=739	scaffold=gi528858386	strand=+
3706_g               -            738 2798                 -            354     4e-19   68.4   0.2   1   3   2.4e-09   1.8e-07   30.0   0.1    94   187    86   176    66   180 0.82 length=739	scaffold=gi527310709	strand=+
3706_g               -            738 2798                 -            354     4e-19   68.4   0.2   2   3    0.0018      0.14   10.7   0.0   212   238   283   310   251   311 0.73 length=739	scaffold=gi527310709	strand=+
3706_g               -            738 2798                 -            354     4e-19   68.4   0.2   3   3     2e-07   1.6e-05   23.7   0.0   325   353   462   490   444   491 0.92 length=739	scaffold=gi527310709	strand=+
4267_g               -           1763 2798                 -            354   5.9e-19   67.8   4.3   1   3   1.1e-09   8.3e-08   31.2   0.2   113   187   233   307   221   311 0.77 length=1764	scaffold=gi528858390	strand=-
4267_g               -           1763 2798                 -            354   5.9e-19   67.8   4.3   2   3   2.4e-06   0.00019   20.1   0.0   192   249   389   456   377   472 0.73 length=1764	scaffold=gi528858390	strand=-
4267_g               -           1763 2798                 -            354   5.9e-19   67.8   4.3   3   3   3.7e-05    0.0029   16.2   0.3   325   352   497   525   492   526 0.90 length=1764	scaffold=gi528858390	strand=-
8338_g               -           1763 2798                 -            354   5.9e-19   67.8   4.3   1   3   1.1e-09   8.3e-08   31.2   0.2   113   187   233   307   221   311 0.77 length=1764	scaffold=gi527313991	strand=+
8338_g               -           1763 2798                 -            354   5.9e-19   67.8   4.3   2   3   2.4e-06   0.00019   20.1   0.0   192   249   389   456   377   472 0.73 length=1764	scaffold=gi527313991	strand=+
8338_g               -           1763 2798                 -            354   5.9e-19   67.8   4.3   3   3   3.7e-05    0.0029   16.2   0.3   325   352   497   525   492   526 0.90 length=1764	scaffold=gi527313991	strand=+
13486_g              -            420 2798                 -            354   1.5e-18   66.5   0.0   1   1   2.8e-20   2.1e-18   66.0   0.0    86   252   236   396   206   409 0.80 length=421	scaffold=gi527309735	strand=-
9179_g               -            420 2798                 -            354   1.5e-18   66.5   0.0   1   1   2.8e-20   2.1e-18   66.0   0.0    86   252   236   396   206   409 0.80 length=421	scaffold=gi528858385	strand=+
4471_g               -            866 2798                 -            354   2.7e-18   65.7   0.0   1   3   2.5e-07   1.9e-05   23.4   0.0   149   187   375   413   361   418 0.89 length=867	scaffold=gi528858390	strand=-
4471_g               -            866 2798                 -            354   2.7e-18   65.7   0.0   2   3   5.5e-07   4.2e-05   22.3   0.0   190   273   736   828   726   834 0.80 length=867	scaffold=gi528858390	strand=-
4471_g               -            866 2798                 -            354   2.7e-18   65.7   0.0   3   3   4.3e-05    0.0033   16.0   0.0   324   353   835   864   829   865 0.90 length=867	scaffold=gi528858390	strand=-
8486_g               -            866 2798                 -            354   2.7e-18   65.7   0.0   1   3   2.5e-07   1.9e-05   23.4   0.0   149   187   375   413   361   418 0.89 length=867	scaffold=gi527313757	strand=-
8486_g               -            866 2798                 -            354   2.7e-18   65.7   0.0   2   3   5.5e-07   4.2e-05   22.3   0.0   190   273   736   828   726   834 0.80 length=867	scaffold=gi527313757	strand=-
8486_g               -            866 2798                 -            354   2.7e-18   65.7   0.0   3   3   4.3e-05    0.0033   16.0   0.0   324   353   835   864   829   865 0.90 length=867	scaffold=gi527313757	strand=-
2569_g               -           1080 2798                 -            354     4e-17   61.8   0.0   1   3       1.2        94    1.4   0.0   145   175   459   489   426   491 0.78 length=1081	scaffold=gi528858386	strand=+
2569_g               -           1080 2798                 -            354     4e-17   61.8   0.0   2   3   1.5e-12   1.1e-10   40.6   0.0   178   264   580   667   574   669 0.92 length=1081	scaffold=gi528858386	strand=+
2569_g               -           1080 2798                 -            354     4e-17   61.8   0.0   3   3   8.3e-05    0.0064   15.1   0.0   324   352   921   949   905   951 0.91 length=1081	scaffold=gi528858386	strand=+
3250_g               -           1080 2798                 -            354     4e-17   61.8   0.0   1   3       1.2        94    1.4   0.0   145   175   459   489   426   491 0.78 length=1081	scaffold=gi527310881	strand=+
3250_g               -           1080 2798                 -            354     4e-17   61.8   0.0   2   3   1.5e-12   1.1e-10   40.6   0.0   178   264   580   667   574   669 0.92 length=1081	scaffold=gi527310881	strand=+
3250_g               -           1080 2798                 -            354     4e-17   61.8   0.0   3   3   8.3e-05    0.0064   15.1   0.0   324   352   921   949   905   951 0.91 length=1081	scaffold=gi527310881	strand=+
1455_g               -            530 2798                 -            354   9.2e-17   60.6   0.0   1   3   9.1e-08     7e-06   24.8   0.0    48   135    72   163    56   174 0.80 length=531	scaffold=gi527315005	strand=+
1455_g               -            530 2798                 -            354   9.2e-17   60.6   0.0   2   3    0.0016      0.12   10.9   0.0   214   263   208   256   189   260 0.86 length=531	scaffold=gi527315005	strand=+
1455_g               -            530 2798                 -            354   9.2e-17   60.6   0.0   3   3   1.2e-06   9.6e-05   21.1   0.1   325   351   275   301   264   303 0.91 length=531	scaffold=gi527315005	strand=+
4268_g               -           1657 2798                 -            354   2.2e-16   59.4   0.0   1   2   1.3e-07   9.7e-06   24.4   0.0   128   201   910   982   898   987 0.84 length=1658	scaffold=gi528858390	strand=+
4268_g               -           1657 2798                 -            354   2.2e-16   59.4   0.0   2   2     4e-10     3e-08   32.6   0.1   215   254  1373  1412  1356  1419 0.85 length=1658	scaffold=gi528858390	strand=+
8337_g               -           1657 2798                 -            354   2.2e-16   59.4   0.0   1   2   1.3e-07   9.7e-06   24.4   0.0   128   201   910   982   898   987 0.84 length=1658	scaffold=gi527313991	strand=-
8337_g               -           1657 2798                 -            354   2.2e-16   59.4   0.0   2   2     4e-10     3e-08   32.6   0.1   215   254  1373  1412  1356  1419 0.85 length=1658	scaffold=gi527313991	strand=-
10934_g              -            770 2798                 -            354   3.6e-16   58.7   0.0   1   1   6.9e-18   5.3e-16   58.1   0.0    48   207   174   332   155   339 0.87 length=771	scaffold=gi528858383	strand=+
11731_g              -            770 2798                 -            354   3.6e-16   58.7   0.0   1   1   6.9e-18   5.3e-16   58.1   0.0    48   207   174   332   155   339 0.87 length=771	scaffold=gi527307902	strand=+
479_g                -           1564 2798                 -            354   2.2e-15   56.1   0.0   1   1   6.4e-17   4.9e-15   54.9   0.0    58   253   713   912   689   924 0.86 length=1565	scaffold=gi528858395	strand=-
693_g                -           1453 2798                 -            354   2.7e-15   55.8   0.0   1   1   5.8e-17   4.5e-15   55.1   0.0    58   253   713   912   689   924 0.86 length=1454	scaffold=gi527315607	strand=+
11026_g              -           1460 2798                 -            354   1.5e-14   53.4   0.0   1   2   8.7e-16   6.7e-14   51.2   0.0   216   271   159   215   145   222 0.91 length=1461	scaffold=gi528858383	strand=-
11026_g              -           1460 2798                 -            354   1.5e-14   53.4   0.0   2   2       6.5     5e+02   -1.0   0.0   325   340   296   311   292   314 0.92 length=1461	scaffold=gi528858383	strand=-
11823_g              -           1460 2798                 -            354   1.5e-14   53.4   0.0   1   2   8.7e-16   6.7e-14   51.2   0.0   216   271   159   215   145   222 0.91 length=1461	scaffold=gi527307902	strand=-
11823_g              -           1460 2798                 -            354   1.5e-14   53.4   0.0   2   2       6.5     5e+02   -1.0   0.0   325   340   296   311   292   314 0.92 length=1461	scaffold=gi527307902	strand=-
4157_g               -            681 2798                 -            354   3.5e-14   52.1   0.0   1   3   4.2e-05    0.0033   16.1   0.0   158   186   352   380   345   386 0.90 length=682	scaffold=gi528858391	strand=-
4157_g               -            681 2798                 -            354   3.5e-14   52.1   0.0   2   3   8.1e-06   0.00063   18.4   0.0   216   262   430   476   427   480 0.92 length=682	scaffold=gi528858391	strand=-
4157_g               -            681 2798                 -            354   3.5e-14   52.1   0.0   3   3   0.00022     0.017   13.7   0.0   326   352   563   589   551   591 0.90 length=682	scaffold=gi528858391	strand=-
8937_g               -            681 2798                 -            354   3.5e-14   52.1   0.0   1   3   4.2e-05    0.0033   16.1   0.0   158   186   352   380   345   386 0.90 length=682	scaffold=gi527314250	strand=-
8937_g               -            681 2798                 -            354   3.5e-14   52.1   0.0   2   3   8.1e-06   0.00063   18.4   0.0   216   262   430   476   427   480 0.92 length=682	scaffold=gi527314250	strand=-
8937_g               -            681 2798                 -            354   3.5e-14   52.1   0.0   3   3   0.00022     0.017   13.7   0.0   326   352   563   589   551   591 0.90 length=682	scaffold=gi527314250	strand=-
7151_g               -            582 2798                 -            354   9.3e-14   50.7   1.2   1   3   3.9e-10     3e-08   32.6   0.1   107   201    37   129    24   141 0.89 length=583	scaffold=gi528858387	strand=+
7151_g               -            582 2798                 -            354   9.3e-14   50.7   1.2   2   3   0.00028     0.021   13.4   0.1   225   249   246   270   244   274 0.88 length=583	scaffold=gi528858387	strand=+
7151_g               -            582 2798                 -            354   9.3e-14   50.7   1.2   3   3         1        78    1.7   0.0   332   352   278   299   277   301 0.82 length=583	scaffold=gi528858387	strand=+
7766_g               -            582 2798                 -            354   9.3e-14   50.7   1.2   1   3   3.9e-10     3e-08   32.6   0.1   107   201    37   129    24   141 0.89 length=583	scaffold=gi527311550	strand=-
7766_g               -            582 2798                 -            354   9.3e-14   50.7   1.2   2   3   0.00028     0.021   13.4   0.1   225   249   246   270   244   274 0.88 length=583	scaffold=gi527311550	strand=-
7766_g               -            582 2798                 -            354   9.3e-14   50.7   1.2   3   3         1        78    1.7   0.0   332   352   278   299   277   301 0.82 length=583	scaffold=gi527311550	strand=-
4793_g               -           3957 2798                 -            354   3.6e-13   48.8   0.0   1   3   2.4e-07   1.9e-05   23.4   0.0   156   200  1694  1739  1677  1745 0.84 length=3958	scaffold=gi528858389	strand=-
4793_g               -           3957 2798                 -            354   3.6e-13   48.8   0.0   2   3     1e-06   7.9e-05   21.4   0.0   214   246  1837  1869  1828  1875 0.91 length=3958	scaffold=gi528858389	strand=-
4793_g               -           3957 2798                 -            354   3.6e-13   48.8   0.0   3   3       9.1     7e+02   -1.5   0.1   326   346  2003  2023  1995  2026 0.88 length=3958	scaffold=gi528858389	strand=-
5265_g               -           3957 2798                 -            354   3.6e-13   48.8   0.0   1   3   2.4e-07   1.9e-05   23.4   0.0   156   200  1694  1739  1677  1745 0.84 length=3958	scaffold=gi527313191	strand=-
5265_g               -           3957 2798                 -            354   3.6e-13   48.8   0.0   2   3     1e-06   7.9e-05   21.4   0.0   214   246  1837  1869  1828  1875 0.91 length=3958	scaffold=gi527313191	strand=-
5265_g               -           3957 2798                 -            354   3.6e-13   48.8   0.0   3   3       9.1     7e+02   -1.5   0.1   326   346  2003  2023  1995  2026 0.88 length=3958	scaffold=gi527313191	strand=-
9501_g               -            873 2798                 -            354   1.5e-12   46.8   0.1   1   4    0.0013       0.1   11.1   0.0    48    91   327   370   320   375 0.90 length=874	scaffold=gi528858385	strand=+
9501_g               -            873 2798                 -            354   1.5e-12   46.8   0.1   2   4   2.1e-05    0.0016   17.1   0.0   108   180   503   575   486   577 0.87 length=874	scaffold=gi528858385	strand=+
9501_g               -            873 2798                 -            354   1.5e-12   46.8   0.1   3   4   0.00073     0.056   12.0   0.0   180   251   655   743   636   755 0.78 length=874	scaffold=gi528858385	strand=+
9501_g               -            873 2798                 -            354   1.5e-12   46.8   0.1   4   4       3.8   2.9e+02   -0.2   0.0   322   345   772   795   752   800 0.84 length=874	scaffold=gi528858385	strand=+
13164_g              -            894 2798                 -            354   1.7e-12   46.6   0.0   1   4    0.0014      0.11   11.1   0.0    48    91   348   391   341   396 0.90 length=895	scaffold=gi527309735	strand=-
13164_g              -            894 2798                 -            354   1.7e-12   46.6   0.0   2   4   2.2e-05    0.0017   17.0   0.0   108   180   524   596   507   598 0.87 length=895	scaffold=gi527309735	strand=-
13164_g              -            894 2798                 -            354   1.7e-12   46.6   0.0   3   4   0.00076     0.058   11.9   0.0   180   251   676   764   655   772 0.77 length=895	scaffold=gi527309735	strand=-
13164_g              -            894 2798                 -            354   1.7e-12   46.6   0.0   4   4       4.1   3.1e+02   -0.3   0.0   322   345   793   816   775   821 0.84 length=895	scaffold=gi527309735	strand=-
4333_g               -            957 2798                 -            354   6.6e-12   44.7   0.9   1   3       2.1   1.6e+02    0.6   0.0   180   201   396   419   392   424 0.80 length=958	scaffold=gi528858390	strand=+
4333_g               -            957 2798                 -            354   6.6e-12   44.7   0.9   2   3       2.6     2e+02    0.3   0.1   312   341   417   446   402   452 0.81 length=958	scaffold=gi528858390	strand=+
4333_g               -            957 2798                 -            354   6.6e-12   44.7   0.9   3   3   1.3e-12     1e-10   40.7   0.0   128   207   712   792   659   802 0.88 length=958	scaffold=gi528858390	strand=+
8275_g               -            957 2798                 -            354   6.6e-12   44.7   0.9   1   3       2.1   1.6e+02    0.6   0.0   180   201   396   419   392   424 0.80 length=958	scaffold=gi527313991	strand=-
8275_g               -            957 2798                 -            354   6.6e-12   44.7   0.9   2   3       2.6     2e+02    0.3   0.1   312   341   417   446   402   452 0.81 length=958	scaffold=gi527313991	strand=-
8275_g               -            957 2798                 -            354   6.6e-12   44.7   0.9   3   3   1.3e-12     1e-10   40.7   0.0   128   207   712   792   659   802 0.88 length=958	scaffold=gi527313991	strand=-
6062_g               -           2040 2798                 -            354   8.9e-12   44.2   0.0   1   4       8.3   6.4e+02   -1.3   0.0    59    93   349   385   346   405 0.80 length=2041	scaffold=gi528858388	strand=+
6062_g               -           2040 2798                 -            354   8.9e-12   44.2   0.0   2   4   3.4e-06   0.00026   19.7   0.0   155   215   544   602   479   605 0.71 length=2041	scaffold=gi528858388	strand=+
6062_g               -           2040 2798                 -            354   8.9e-12   44.2   0.0   3   4   5.2e-05     0.004   15.8   0.0   232   266   988  1022   983  1035 0.84 length=2041	scaffold=gi528858388	strand=+
6062_g               -           2040 2798                 -            354   8.9e-12   44.2   0.0   4   4       0.3        23    3.4   0.0   325   352  1035  1065  1028  1067 0.79 length=2041	scaffold=gi528858388	strand=+
6190_g               -           2040 2798                 -            354   8.9e-12   44.2   0.0   1   4       8.3   6.4e+02   -1.3   0.0    59    93   349   385   346   405 0.80 length=2041	scaffold=gi527312496	strand=-
6190_g               -           2040 2798                 -            354   8.9e-12   44.2   0.0   2   4   3.4e-06   0.00026   19.7   0.0   155   215   544   602   479   605 0.71 length=2041	scaffold=gi527312496	strand=-
6190_g               -           2040 2798                 -            354   8.9e-12   44.2   0.0   3   4   5.2e-05     0.004   15.8   0.0   232   266   988  1022   983  1035 0.84 length=2041	scaffold=gi527312496	strand=-
6190_g               -           2040 2798                 -            354   8.9e-12   44.2   0.0   4   4       0.3        23    3.4   0.0   325   352  1035  1065  1028  1067 0.79 length=2041	scaffold=gi527312496	strand=-
2961_g               -           1757 2798                 -            354   1.6e-11   43.4   0.1   1   4      0.54        42    2.6   0.0    58   145   368   456   359   469 0.86 length=1758	scaffold=gi528858386	strand=-
2961_g               -           1757 2798                 -            354   1.6e-11   43.4   0.1   2   4   2.7e-06   0.00021   20.0   0.0   155   186   557   588   538   593 0.84 length=1758	scaffold=gi528858386	strand=-
2961_g               -           1757 2798                 -            354   1.6e-11   43.4   0.1   3   4   0.00011    0.0083   14.7   0.0   213   264   765   817   758   821 0.88 length=1758	scaffold=gi528858386	strand=-
2961_g               -           1757 2798                 -            354   1.6e-11   43.4   0.1   4   4       3.8   2.9e+02   -0.2   0.0   338   351   931   944   929   946 0.91 length=1758	scaffold=gi528858386	strand=-
3642_g               -           1757 2798                 -            354   1.6e-11   43.4   0.1   1   4      0.54        42    2.6   0.0    58   145   368   456   359   469 0.86 length=1758	scaffold=gi527310881	strand=-
3642_g               -           1757 2798                 -            354   1.6e-11   43.4   0.1   2   4   2.7e-06   0.00021   20.0   0.0   155   186   557   588   538   593 0.84 length=1758	scaffold=gi527310881	strand=-
3642_g               -           1757 2798                 -            354   1.6e-11   43.4   0.1   3   4   0.00011    0.0083   14.7   0.0   213   264   765   817   758   821 0.88 length=1758	scaffold=gi527310881	strand=-
3642_g               -           1757 2798                 -            354   1.6e-11   43.4   0.1   4   4       3.8   2.9e+02   -0.2   0.0   338   351   931   944   929   946 0.91 length=1758	scaffold=gi527310881	strand=-
13129_g              -            781 2798                 -            354   1.5e-10   40.2   0.9   1   3   0.00021     0.016   13.8   0.0   125   189    73   140     5   143 0.88 length=782	scaffold=gi527309735	strand=-
13129_g              -            781 2798                 -            354   1.5e-10   40.2   0.9   2   3   0.00019     0.014   13.9   0.2   213   254   215   259   176   267 0.72 length=782	scaffold=gi527309735	strand=-
13129_g              -            781 2798                 -            354   1.5e-10   40.2   0.9   3   3    0.0063      0.48    8.9   0.0   321   347   312   338   298   339 0.91 length=782	scaffold=gi527309735	strand=-
2756_g               -           4254 2798                 -            354   1.6e-10   40.1   0.0   1   2     2e-05    0.0016   17.1   0.0    80   198   740   857   710   867 0.72 length=4255	scaffold=gi528858386	strand=-
2756_g               -           4254 2798                 -            354   1.6e-10   40.1   0.0   2   2   2.7e-06    0.0002   20.0   0.0   219   262   950   993   933   996 0.90 length=4255	scaffold=gi528858386	strand=-
3437_g               -           4254 2798                 -            354   1.6e-10   40.1   0.0   1   2     2e-05    0.0016   17.1   0.0    80   198   740   857   710   867 0.72 length=4255	scaffold=gi527310881	strand=-
3437_g               -           4254 2798                 -            354   1.6e-10   40.1   0.0   2   2   2.7e-06    0.0002   20.0   0.0   219   262   950   993   933   996 0.90 length=4255	scaffold=gi527310881	strand=-
5975_g               -           1539 2798                 -            354   2.3e-10   39.6   0.1   1   4    0.0062      0.48    8.9   0.2   110   175    99   164    89   167 0.83 length=1540	scaffold=gi528858388	strand=-
5975_g               -           1539 2798                 -            354   2.3e-10   39.6   0.1   2   4   0.00076     0.058   11.9   0.0   164   221   180   242   172   244 0.72 length=1540	scaffold=gi528858388	strand=-
5975_g               -           1539 2798                 -            354   2.3e-10   39.6   0.1   3   4       1.6   1.2e+02    1.0   0.0   227   248   337   358   335   368 0.79 length=1540	scaffold=gi528858388	strand=-
5975_g               -           1539 2798                 -            354   2.3e-10   39.6   0.1   4   4    0.0009     0.069   11.7   0.0   318   351   493   526   488   528 0.87 length=1540	scaffold=gi528858388	strand=-
6277_g               -           1539 2798                 -            354   2.3e-10   39.6   0.1   1   4    0.0062      0.48    8.9   0.2   110   175    99   164    89   167 0.83 length=1540	scaffold=gi527312496	strand=+
6277_g               -           1539 2798                 -            354   2.3e-10   39.6   0.1   2   4   0.00076     0.058   11.9   0.0   164   221   180   242   172   244 0.72 length=1540	scaffold=gi527312496	strand=+
6277_g               -           1539 2798                 -            354   2.3e-10   39.6   0.1   3   4       1.6   1.2e+02    1.0   0.0   227   248   337   358   335   368 0.79 length=1540	scaffold=gi527312496	strand=+
6277_g               -           1539 2798                 -            354   2.3e-10   39.6   0.1   4   4    0.0009     0.069   11.7   0.0   318   351   493   526   488   528 0.87 length=1540	scaffold=gi527312496	strand=+
10690_g              -           1275 2798                 -            354   2.6e-10   39.4   5.7   1   3   5.8e-06   0.00045   18.9   0.0   136   186   473   523   437   549 0.84 length=1276	scaffold=gi528858383	strand=+
10690_g              -           1275 2798                 -            354   2.6e-10   39.4   5.7   2   3    0.0059      0.45    9.0   0.1   215   253   583   622   580   647 0.85 length=1276	scaffold=gi528858383	strand=+
10690_g              -           1275 2798                 -            354   2.6e-10   39.4   5.7   3   3   0.00047     0.036   12.6   0.0   325   353   658   686   651   687 0.93 length=1276	scaffold=gi528858383	strand=+
11487_g              -           1275 2798                 -            354   2.6e-10   39.4   5.7   1   3   5.8e-06   0.00045   18.9   0.0   136   186   473   523   437   549 0.84 length=1276	scaffold=gi527307902	strand=+
11487_g              -           1275 2798                 -            354   2.6e-10   39.4   5.7   2   3    0.0059      0.45    9.0   0.1   215   253   583   622   580   647 0.85 length=1276	scaffold=gi527307902	strand=+
11487_g              -           1275 2798                 -            354   2.6e-10   39.4   5.7   3   3   0.00047     0.036   12.6   0.0   325   353   658   686   651   687 0.93 length=1276	scaffold=gi527307902	strand=+
4295_g               -           2611 2798                 -            354   3.5e-10   39.0   0.0   1   2   3.3e-05    0.0025   16.4   0.0   153   186   232   265   210   269 0.88 length=2612	scaffold=gi528858390	strand=+
4295_g               -           2611 2798                 -            354   3.5e-10   39.0   0.0   2   2   2.8e-06   0.00022   19.9   0.0   205   270   392   468   366   471 0.86 length=2612	scaffold=gi528858390	strand=+
8310_g               -           2611 2798                 -            354   3.5e-10   39.0   0.0   1   2   3.3e-05    0.0025   16.4   0.0   153   186   232   265   210   269 0.88 length=2612	scaffold=gi527313991	strand=-
8310_g               -           2611 2798                 -            354   3.5e-10   39.0   0.0   2   2   2.8e-06   0.00022   19.9   0.0   205   270   392   468   366   471 0.86 length=2612	scaffold=gi527313991	strand=-
166_g                -           1429 2798                 -            354   6.8e-10   38.0   0.0   1   2       4.5   3.5e+02   -0.5   0.0    52    90   511   550   491   598 0.72 length=1430	scaffold=gi528858396	strand=-
166_g                -           1429 2798                 -            354   6.8e-10   38.0   0.0   2   2   8.5e-11   6.5e-09   34.8   0.0   159   264   728   842   719   847 0.81 length=1430	scaffold=gi528858396	strand=-
224_g                -           1429 2798                 -            354   6.8e-10   38.0   0.0   1   2       4.5   3.5e+02   -0.5   0.0    52    90   511   550   491   598 0.72 length=1430	scaffold=gi527315854	strand=+
224_g                -           1429 2798                 -            354   6.8e-10   38.0   0.0   2   2   8.5e-11   6.5e-09   34.8   0.0   159   264   728   842   719   847 0.81 length=1430	scaffold=gi527315854	strand=+
9536_g               -            779 2798                 -            354   4.8e-09   35.2   0.7   1   3   0.00021     0.016   13.8   0.0   125   189    73   140     5   143 0.88 length=780	scaffold=gi528858385	strand=+
9536_g               -            779 2798                 -            354   4.8e-09   35.2   0.7   2   3    0.0075      0.58    8.7   0.0   230   254   233   257   220   265 0.80 length=780	scaffold=gi528858385	strand=+
9536_g               -            779 2798                 -            354   4.8e-09   35.2   0.7   3   3    0.0063      0.48    8.9   0.0   321   347   310   336   296   337 0.91 length=780	scaffold=gi528858385	strand=+
14893_g              -            275 2798                 -            354   5.9e-09   35.0   0.0   1   1   1.1e-10   8.3e-09   34.5   0.0   157   252    89   183    69   187 0.87 length=276	scaffold=gi527306568	strand=-
5014_g               -            367 2798                 -            354   9.6e-09   34.2   0.0   1   3       6.3   4.9e+02   -1.0   0.0    46    70    26    50    13    57 0.80 length=368	scaffold=gi528858389	strand=-
5014_g               -            367 2798                 -            354   9.6e-09   34.2   0.0   2   3   1.3e-07     1e-05   24.3   0.0   155   263   176   295   135   303 0.75 length=368	scaffold=gi528858389	strand=-
5014_g               -            367 2798                 -            354   9.6e-09   34.2   0.0   3   3     0.041       3.1    6.3   0.0   328   353   318   343   313   344 0.92 length=368	scaffold=gi528858389	strand=-
5486_g               -            367 2798                 -            354   9.6e-09   34.2   0.0   1   3       6.3   4.9e+02   -1.0   0.0    46    70    26    50    13    57 0.80 length=368	scaffold=gi527313191	strand=-
5486_g               -            367 2798                 -            354   9.6e-09   34.2   0.0   2   3   1.3e-07     1e-05   24.3   0.0   155   263   176   295   135   303 0.75 length=368	scaffold=gi527313191	strand=-
5486_g               -            367 2798                 -            354   9.6e-09   34.2   0.0   3   3     0.041       3.1    6.3   0.0   328   353   318   343   313   344 0.92 length=368	scaffold=gi527313191	strand=-
1182_g               -            420 2798                 -            354   1.1e-08   34.0   2.1   1   2    0.0012      0.09   11.3   0.0   214   263    98   146    79   150 0.86 length=421	scaffold=gi528858393	strand=-
1182_g               -            420 2798                 -            354   1.1e-08   34.0   2.1   2   2   9.4e-07   7.2e-05   21.5   0.1   325   351   165   191   154   193 0.91 length=421	scaffold=gi528858393	strand=-
12921_g              -            989 2798                 -            354   1.3e-08   33.8   0.2   1   2      0.22        17    3.8   0.1    60   142    71   156    63   177 0.83 length=990	scaffold=gi527309735	strand=+
12921_g              -            989 2798                 -            354   1.3e-08   33.8   0.2   2   2   1.4e-08   1.1e-06   27.5   0.0   214   264   462   513   447   516 0.87 length=990	scaffold=gi527309735	strand=+
9741_g               -            989 2798                 -            354   1.3e-08   33.8   0.2   1   2      0.22        17    3.8   0.1    60   142    71   156    63   177 0.83 length=990	scaffold=gi528858385	strand=-
9741_g               -            989 2798                 -            354   1.3e-08   33.8   0.2   2   2   1.4e-08   1.1e-06   27.5   0.0   214   264   462   513   447   516 0.87 length=990	scaffold=gi528858385	strand=-
4251_g               -           2419 2798                 -            354   1.9e-08   33.2   0.0   1   1   4.4e-10   3.4e-08   32.4   0.0   129   204  1812  1886  1796  1891 0.89 length=2420	scaffold=gi528858390	strand=+
8354_g               -           2419 2798                 -            354   1.9e-08   33.2   0.0   1   1   4.4e-10   3.4e-08   32.4   0.0   129   204  1812  1886  1796  1891 0.89 length=2420	scaffold=gi527313991	strand=-
4720_g               -           1535 2798                 -            354     3e-08   32.6   0.1   1   3     4e-06   0.00031   19.4   0.0   113   199   812   896   799   903 0.89 length=1536	scaffold=gi528858389	strand=-
4720_g               -           1535 2798                 -            354     3e-08   32.6   0.1   2   3      0.38        29    3.1   0.1   231   252  1053  1074  1048  1081 0.82 length=1536	scaffold=gi528858389	strand=-
4720_g               -           1535 2798                 -            354     3e-08   32.6   0.1   3   3     0.043       3.3    6.2   0.0   325   352  1110  1140  1091  1142 0.84 length=1536	scaffold=gi528858389	strand=-
5192_g               -           1535 2798                 -            354     3e-08   32.6   0.1   1   3     4e-06   0.00031   19.4   0.0   113   199   812   896   799   903 0.89 length=1536	scaffold=gi527313191	strand=-
5192_g               -           1535 2798                 -            354     3e-08   32.6   0.1   2   3      0.38        29    3.1   0.1   231   252  1053  1074  1048  1081 0.82 length=1536	scaffold=gi527313191	strand=-
5192_g               -           1535 2798                 -            354     3e-08   32.6   0.1   3   3     0.043       3.3    6.2   0.0   325   352  1110  1140  1091  1142 0.84 length=1536	scaffold=gi527313191	strand=-
550_g                -            571 2798                 -            354   4.7e-08   32.0   0.0   1   1   1.5e-09   1.2e-07   30.7   0.0   157   252   387   481   373   485 0.87 length=572	scaffold=gi528858395	strand=-
624_g                -            571 2798                 -            354   4.7e-08   32.0   0.0   1   1   1.5e-09   1.2e-07   30.7   0.0   157   252   387   481   373   485 0.87 length=572	scaffold=gi527315607	strand=+
13481_g              -           4300 2798                 -            354   5.4e-08   31.8   0.0   1   4       1.4   1.1e+02    1.2   0.0    87   170  1662  1742  1655  1745 0.71 length=4301	scaffold=gi527309735	strand=+
13481_g              -           4300 2798                 -            354   5.4e-08   31.8   0.0   2   4   0.00052      0.04   12.5   0.0   174   222  1790  1837  1780  1843 0.84 length=4301	scaffold=gi527309735	strand=+
13481_g              -           4300 2798                 -            354   5.4e-08   31.8   0.0   3   4      0.43        33    2.9   0.0   218   248  1869  1899  1860  1917 0.81 length=4301	scaffold=gi527309735	strand=+
13481_g              -           4300 2798                 -            354   5.4e-08   31.8   0.0   4   4     0.006      0.46    9.0   0.0   321   353  1930  1962  1919  1963 0.91 length=4301	scaffold=gi527309735	strand=+
9184_g               -           4300 2798                 -            354   5.4e-08   31.8   0.0   1   4       1.4   1.1e+02    1.2   0.0    87   170  1662  1742  1655  1745 0.71 length=4301	scaffold=gi528858385	strand=-
9184_g               -           4300 2798                 -            354   5.4e-08   31.8   0.0   2   4   0.00052      0.04   12.5   0.0   174   222  1790  1837  1780  1843 0.84 length=4301	scaffold=gi528858385	strand=-
9184_g               -           4300 2798                 -            354   5.4e-08   31.8   0.0   3   4      0.43        33    2.9   0.0   218   248  1869  1899  1860  1917 0.81 length=4301	scaffold=gi528858385	strand=-
9184_g               -           4300 2798                 -            354   5.4e-08   31.8   0.0   4   4     0.006      0.46    9.0   0.0   321   353  1930  1962  1919  1963 0.91 length=4301	scaffold=gi528858385	strand=-
7430_g               -            801 2798                 -            354   6.2e-08   31.6   0.5   1   3   1.9e-05    0.0015   17.2   0.3    82   180   475   574   456   577 0.82 length=802	scaffold=gi528858387	strand=-
7430_g               -            801 2798                 -            354   6.2e-08   31.6   0.5   2   3       1.5   1.2e+02    1.1   0.0   181   203   617   637   610   643 0.81 length=802	scaffold=gi528858387	strand=-
7430_g               -            801 2798                 -            354   6.2e-08   31.6   0.5   3   3    0.0065       0.5    8.9   0.0   220   259   681   721   670   729 0.77 length=802	scaffold=gi528858387	strand=-
7490_g               -            801 2798                 -            354   6.2e-08   31.6   0.5   1   3   1.9e-05    0.0015   17.2   0.3    82   180   475   574   456   577 0.82 length=802	scaffold=gi527311550	strand=+
7490_g               -            801 2798                 -            354   6.2e-08   31.6   0.5   2   3       1.5   1.2e+02    1.1   0.0   181   203   617   637   610   643 0.81 length=802	scaffold=gi527311550	strand=+
7490_g               -            801 2798                 -            354   6.2e-08   31.6   0.5   3   3    0.0065       0.5    8.9   0.0   220   259   681   721   670   729 0.77 length=802	scaffold=gi527311550	strand=+
6740_g               -           5119 2798                 -            354   7.5e-08   31.3   0.2   1   2   4.8e-09   3.7e-07   29.0   0.0   157   206  4786  4834  4771  4838 0.86 length=5120	scaffold=gi528858387	strand=+
6740_g               -           5119 2798                 -            354   7.5e-08   31.3   0.2   2   2       7.9   6.1e+02   -1.3   0.1   310   348  4948  4986  4927  4989 0.84 length=5120	scaffold=gi528858387	strand=+
8170_g               -           5119 2798                 -            354   7.5e-08   31.3   0.2   1   2   4.8e-09   3.7e-07   29.0   0.0   157   206  4786  4834  4771  4838 0.86 length=5120	scaffold=gi527311550	strand=-
8170_g               -           5119 2798                 -            354   7.5e-08   31.3   0.2   2   2       7.9   6.1e+02   -1.3   0.1   310   348  4948  4986  4927  4989 0.84 length=5120	scaffold=gi527311550	strand=-
4262_g               -           6032 2798                 -            354     2e-07   29.9   0.1   1   2   0.00019     0.015   13.9   0.0   157   190  4407  4440  4395  4445 0.88 length=6033	scaffold=gi528858390	strand=-
4262_g               -           6032 2798                 -            354     2e-07   29.9   0.1   2   2   0.00023     0.018   13.6   0.0   232   253  4715  4736  4710  4741 0.90 length=6033	scaffold=gi528858390	strand=-
8343_g               -           6032 2798                 -            354     2e-07   29.9   0.1   1   2   0.00019     0.015   13.9   0.0   157   190  4407  4440  4395  4445 0.88 length=6033	scaffold=gi527313991	strand=+
8343_g               -           6032 2798                 -            354     2e-07   29.9   0.1   2   2   0.00023     0.018   13.6   0.0   232   253  4715  4736  4710  4741 0.90 length=6033	scaffold=gi527313991	strand=+
6831_g               -           1098 2798                 -            354   2.2e-07   29.8   0.0   1   2     9e-05    0.0069   15.0   0.0   172   212   638   676   505   696 0.69 length=1099	scaffold=gi528858387	strand=+
6831_g               -           1098 2798                 -            354   2.2e-07   29.8   0.0   2   2    0.0011     0.087   11.4   0.0   228   245   720   737   712   747 0.86 length=1099	scaffold=gi528858387	strand=+
8082_g               -           1098 2798                 -            354   2.2e-07   29.8   0.0   1   2     9e-05    0.0069   15.0   0.0   172   212   638   676   505   696 0.69 length=1099	scaffold=gi527311550	strand=-
8082_g               -           1098 2798                 -            354   2.2e-07   29.8   0.0   2   2    0.0011     0.087   11.4   0.0   228   245   720   737   712   747 0.86 length=1099	scaffold=gi527311550	strand=-
5005_g               -            311 2798                 -            354   8.1e-07   27.9   0.0   1   2   1.1e-05   0.00084   18.0   0.0   154   244   148   242   142   248 0.77 length=312	scaffold=gi528858389	strand=+
5005_g               -            311 2798                 -            354   8.1e-07   27.9   0.0   2   2     0.011      0.86    8.1   0.0   321   352   252   283   240   285 0.89 length=312	scaffold=gi528858389	strand=+
5477_g               -            311 2798                 -            354   8.1e-07   27.9   0.0   1   2   1.1e-05   0.00084   18.0   0.0   154   244   148   242   142   248 0.77 length=312	scaffold=gi527313191	strand=+
5477_g               -            311 2798                 -            354   8.1e-07   27.9   0.0   2   2     0.011      0.86    8.1   0.0   321   352   252   283   240   285 0.89 length=312	scaffold=gi527313191	strand=+
1953_g               -           3084 2798                 -            354     2e-06   26.6   0.0   1   2   0.00019     0.015   13.9   0.0   146   189  1623  1666  1606  1674 0.85 length=3085	scaffold=gi528858392	strand=+
1953_g               -           3084 2798                 -            354     2e-06   26.6   0.0   2   2    0.0026       0.2   10.2   0.0   189   264  1759  1845  1755  1848 0.74 length=3085	scaffold=gi528858392	strand=+
2307_g               -           3084 2798                 -            354     2e-06   26.6   0.0   1   2   0.00019     0.015   13.9   0.0   146   189  1623  1666  1606  1674 0.85 length=3085	scaffold=gi527314726	strand=-
2307_g               -           3084 2798                 -            354     2e-06   26.6   0.0   2   2    0.0026       0.2   10.2   0.0   189   264  1759  1845  1755  1848 0.74 length=3085	scaffold=gi527314726	strand=-
1394_g               -            245 2798                 -            354   2.8e-06   26.1   0.1   1   1   5.1e-08   3.9e-06   25.7   0.1   321   352    54    85    17    87 0.84 length=246	scaffold=gi527315005	strand=+
7129_g               -           2802 2798                 -            354   5.9e-06   25.1   0.1   1   2      0.19        14    4.1   0.0   154   188  2410  2446  2396  2452 0.84 length=2803	scaffold=gi528858387	strand=+
7129_g               -           2802 2798                 -            354   5.9e-06   25.1   0.1   2   2   7.1e-06   0.00055   18.6   0.0   216   247  2568  2599  2559  2605 0.89 length=2803	scaffold=gi528858387	strand=+
7788_g               -           2802 2798                 -            354   5.9e-06   25.1   0.1   1   2      0.19        14    4.1   0.0   154   188  2410  2446  2396  2452 0.84 length=2803	scaffold=gi527311550	strand=-
7788_g               -           2802 2798                 -            354   5.9e-06   25.1   0.1   2   2   7.1e-06   0.00055   18.6   0.0   216   247  2568  2599  2559  2605 0.89 length=2803	scaffold=gi527311550	strand=-
13071_g              -            935 2798                 -            354   6.3e-06   25.0   0.0   1   1   1.2e-06   8.9e-05   21.2   0.0   156   252   750   867   742   872 0.75 length=936	scaffold=gi527309735	strand=-
9595_g               -            935 2798                 -            354   6.3e-06   25.0   0.0   1   1   1.2e-06   8.9e-05   21.2   0.0   156   252   750   867   742   872 0.75 length=936	scaffold=gi528858385	strand=+
419_g                -            206 2798                 -            354   7.7e-06   24.7   0.0   1   1   1.3e-07   9.9e-06   24.3   0.0   297   352    93   149    81   151 0.83 length=207	scaffold=gi528858395	strand=+
756_g                -            206 2798                 -            354   7.7e-06   24.7   0.0   1   1   1.3e-07   9.9e-06   24.3   0.0   297   352    93   149    81   151 0.83 length=207	scaffold=gi527315607	strand=-
2650_g               -            175 2798                 -            354   1.1e-05   24.1   0.2   1   2    0.0086      0.66    8.5   0.0    55    89    46    80    21    86 0.81 length=176	scaffold=gi528858386	strand=-
2650_g               -            175 2798                 -            354   1.1e-05   24.1   0.2   2   2   0.00018     0.013   14.0   0.1   323   352    98   127    80   129 0.88 length=176	scaffold=gi528858386	strand=-
3331_g               -            175 2798                 -            354   1.1e-05   24.1   0.2   1   2    0.0086      0.66    8.5   0.0    55    89    46    80    21    86 0.81 length=176	scaffold=gi527310881	strand=-
3331_g               -            175 2798                 -            354   1.1e-05   24.1   0.2   2   2   0.00018     0.013   14.0   0.1   323   352    98   127    80   129 0.88 length=176	scaffold=gi527310881	strand=-
11108_g              -           2322 2798                 -            354     2e-05   23.3   0.0   1   2   0.00042     0.032   12.8   0.0   154   206   299   349   291   401 0.72 length=2323	scaffold=gi528858383	strand=-
11108_g              -           2322 2798                 -            354     2e-05   23.3   0.0   2   2     0.011      0.84    8.1   0.0   324   352   790   818   784   820 0.92 length=2323	scaffold=gi528858383	strand=-
11905_g              -           2322 2798                 -            354     2e-05   23.3   0.0   1   2   0.00042     0.032   12.8   0.0   154   206   299   349   291   401 0.72 length=2323	scaffold=gi527307902	strand=-
11905_g              -           2322 2798                 -            354     2e-05   23.3   0.0   2   2     0.011      0.84    8.1   0.0   324   352   790   818   784   820 0.92 length=2323	scaffold=gi527307902	strand=-
1655_g               -            600 2798                 -            354   2.7e-05   22.9   0.0   1   1   6.7e-07   5.2e-05   22.0   0.0   122   188   207   276   193   289 0.72 length=601	scaffold=gi527315322	strand=+
838_g                -            600 2798                 -            354   2.7e-05   22.9   0.0   1   1   6.7e-07   5.2e-05   22.0   0.0   122   188   207   276   193   289 0.72 length=601	scaffold=gi528858394	strand=+
1944_g               -            230 2798                 -            354   2.9e-05   22.8   0.0   1   3     0.019       1.5    7.3   0.0    56   132     4    83     2    86 0.73 length=231	scaffold=gi528858392	strand=+
1944_g               -            230 2798                 -            354   2.9e-05   22.8   0.0   2   3     0.062       4.8    5.6   0.0   176   223    86   134    84   143 0.79 length=231	scaffold=gi528858392	strand=+
1944_g               -            230 2798                 -            354   2.9e-05   22.8   0.0   3   3     0.033       2.5    6.5   0.0   325   347   171   193   162   199 0.86 length=231	scaffold=gi528858392	strand=+
2317_g               -            230 2798                 -            354   2.9e-05   22.8   0.0   1   3     0.019       1.5    7.3   0.0    56   132     4    83     2    86 0.73 length=231	scaffold=gi527314726	strand=-
2317_g               -            230 2798                 -            354   2.9e-05   22.8   0.0   2   3     0.062       4.8    5.6   0.0   176   223    86   134    84   143 0.79 length=231	scaffold=gi527314726	strand=-
2317_g               -            230 2798                 -            354   2.9e-05   22.8   0.0   3   3     0.033       2.5    6.5   0.0   325   347   171   193   162   199 0.86 length=231	scaffold=gi527314726	strand=-
13220_g              -           2498 2798                 -            354     5e-05   22.0   0.0   1   3         2   1.5e+02    0.7   0.0    13    73  1612  1672  1605  1676 0.89 length=2499	scaffold=gi527309735	strand=-
13220_g              -           2498 2798                 -            354     5e-05   22.0   0.0   2   3       3.6   2.8e+02   -0.2   0.0   176   204  2014  2039  2009  2047 0.83 length=2499	scaffold=gi527309735	strand=-
13220_g              -           2498 2798                 -            354     5e-05   22.0   0.0   3   3   2.8e-05    0.0022   16.6   0.0   323   352  2406  2435  2387  2437 0.91 length=2499	scaffold=gi527309735	strand=-
9445_g               -           2498 2798                 -            354     5e-05   22.0   0.0   1   3         2   1.5e+02    0.7   0.0    13    73  1612  1672  1605  1676 0.89 length=2499	scaffold=gi528858385	strand=+
9445_g               -           2498 2798                 -            354     5e-05   22.0   0.0   2   3       3.6   2.8e+02   -0.2   0.0   176   204  2014  2039  2009  2047 0.83 length=2499	scaffold=gi528858385	strand=+
9445_g               -           2498 2798                 -            354     5e-05   22.0   0.0   3   3   2.8e-05    0.0022   16.6   0.0   323   352  2406  2435  2387  2437 0.91 length=2499	scaffold=gi528858385	strand=+
7124_g               -            268 2798                 -            354   5.2e-05   22.0   0.0   1   2   1.3e-05     0.001   17.7   0.0   222   264   128   170   126   177 0.93 length=269	scaffold=gi528858387	strand=-
7124_g               -            268 2798                 -            354   5.2e-05   22.0   0.0   2   2      0.66        51    2.3   0.0   325   352   185   212   178   214 0.91 length=269	scaffold=gi528858387	strand=-
7793_g               -            268 2798                 -            354   5.2e-05   22.0   0.0   1   2   1.3e-05     0.001   17.7   0.0   222   264   128   170   126   177 0.93 length=269	scaffold=gi527311550	strand=+
7793_g               -            268 2798                 -            354   5.2e-05   22.0   0.0   2   2      0.66        51    2.3   0.0   325   352   185   212   178   214 0.91 length=269	scaffold=gi527311550	strand=+
1244_g               -            208 2798                 -            354   9.9e-05   21.1   0.1   1   1   1.8e-06   0.00014   20.6   0.1   326   352    22    48     9    50 0.93 length=209	scaffold=gi528858393	strand=-
6409_g               -            808 2798                 -            354   0.00013   20.7   0.1   1   2    0.0014      0.11   11.1   0.0   158   186   444   472   428   480 0.87 length=809	scaffold=gi527312496	strand=+
6409_g               -            808 2798                 -            354   0.00013   20.7   0.1   2   2     0.018       1.4    7.4   0.0   230   249   659   678   653   684 0.87 length=809	scaffold=gi527312496	strand=+
2820_g               -           1054 2798                 -            354   0.00019   20.1   0.0   1   2     0.036       2.7    6.4   0.0    72   160    81   167    78   173 0.85 length=1055	scaffold=gi528858386	strand=+
2820_g               -           1054 2798                 -            354   0.00019   20.1   0.0   2   2    0.0015      0.11   11.0   0.0   162   186   199   223   193   233 0.87 length=1055	scaffold=gi528858386	strand=+
3501_g               -           1054 2798                 -            354   0.00019   20.1   0.0   1   2     0.036       2.7    6.4   0.0    72   160    81   167    78   173 0.85 length=1055	scaffold=gi527310881	strand=+
3501_g               -           1054 2798                 -            354   0.00019   20.1   0.0   2   2    0.0015      0.11   11.0   0.0   162   186   199   223   193   233 0.87 length=1055	scaffold=gi527310881	strand=+
1760_g               -           1131 2798                 -            354   0.00034   19.3   0.0   1   2     0.075       5.8    5.4   0.0   212   247   243   280   217   282 0.80 length=1132	scaffold=gi527315322	strand=+
1760_g               -           1131 2798                 -            354   0.00034   19.3   0.0   2   2    0.0018      0.14   10.7   0.0   320   352   329   361   317   363 0.91 length=1132	scaffold=gi527315322	strand=+
943_g                -           1131 2798                 -            354   0.00034   19.3   0.0   1   2     0.075       5.8    5.4   0.0   212   247   243   280   217   282 0.80 length=1132	scaffold=gi528858394	strand=+
943_g                -           1131 2798                 -            354   0.00034   19.3   0.0   2   2    0.0018      0.14   10.7   0.0   320   352   329   361   317   363 0.91 length=1132	scaffold=gi528858394	strand=+
4662_g               -            596 2798                 -            354   0.00037   19.2   0.0   1   2   8.3e-05    0.0064   15.1   0.0   157   244   422   506   417   511 0.86 length=597	scaffold=gi528858389	strand=-
4662_g               -            596 2798                 -            354   0.00037   19.2   0.0   2   2      0.88        68    1.9   0.0   326   352   524   550   516   552 0.87 length=597	scaffold=gi528858389	strand=-
5134_g               -            596 2798                 -            354   0.00037   19.2   0.0   1   2   8.3e-05    0.0064   15.1   0.0   157   244   422   506   417   511 0.86 length=597	scaffold=gi527313191	strand=-
5134_g               -            596 2798                 -            354   0.00037   19.2   0.0   2   2      0.88        68    1.9   0.0   326   352   524   550   516   552 0.87 length=597	scaffold=gi527313191	strand=-
3916_g               -           1351 2798                 -            354   0.00052   18.7   0.1   1   2    0.0053      0.41    9.2   0.0   220   260   973  1013   970  1019 0.88 length=1352	scaffold=gi528858391	strand=-
3916_g               -           1351 2798                 -            354   0.00052   18.7   0.1   2   2     0.019       1.4    7.4   0.1   324   353  1026  1055  1015  1056 0.88 length=1352	scaffold=gi528858391	strand=-
8696_g               -           1351 2798                 -            354   0.00052   18.7   0.1   1   2    0.0053      0.41    9.2   0.0   220   260   973  1013   970  1019 0.88 length=1352	scaffold=gi527314479	strand=-
8696_g               -           1351 2798                 -            354   0.00052   18.7   0.1   2   2     0.019       1.4    7.4   0.1   324   353  1026  1055  1015  1056 0.88 length=1352	scaffold=gi527314479	strand=-
5838_g               -           1629 2798                 -            354   0.00057   18.6   0.1   1   2     0.003      0.23   10.0   0.0   158   186   444   472   428   480 0.87 length=1630	scaffold=gi528858388	strand=-
5838_g               -           1629 2798                 -            354   0.00057   18.6   0.1   2   2     0.039         3    6.3   0.0   230   249   659   678   653   684 0.87 length=1630	scaffold=gi528858388	strand=-
2122_g               -           1120 2798                 -            354   0.00067   18.3   0.0   1   1   1.4e-05    0.0011   17.7   0.0   136   244   267   380   250   384 0.78 length=1121	scaffold=gi528858392	strand=+
1984_g               -           3290 2798                 -            354   0.00088   17.9   0.0   1   1   1.9e-05    0.0015   17.2   0.0   157   188  3133  3164  3122  3170 0.89 length=3291	scaffold=gi528858392	strand=-
2276_g               -           3290 2798                 -            354   0.00088   17.9   0.0   1   1   1.9e-05    0.0015   17.2   0.0   157   188  3133  3164  3122  3170 0.89 length=3291	scaffold=gi527314726	strand=+
11027_g              -            955 2798                 -            354   0.00095   17.8   0.0   1   2      0.56        43    2.5   0.0    60    88   649   677   641   680 0.91 length=956	scaffold=gi528858383	strand=-
11027_g              -            955 2798                 -            354   0.00095   17.8   0.0   2   2   0.00037     0.028   13.0   0.0   144   179   870   905   830   909 0.80 length=956	scaffold=gi528858383	strand=-
11824_g              -            955 2798                 -            354   0.00095   17.8   0.0   1   2      0.56        43    2.5   0.0    60    88   649   677   641   680 0.91 length=956	scaffold=gi527307902	strand=-
11824_g              -            955 2798                 -            354   0.00095   17.8   0.0   2   2   0.00037     0.028   13.0   0.0   144   179   870   905   830   909 0.80 length=956	scaffold=gi527307902	strand=-
7024_g               -            346 2798                 -            354    0.0019   16.8   0.0   1   1   4.3e-05    0.0033   16.0   0.0   157   204   210   256   196   259 0.88 length=347	scaffold=gi528858387	strand=-
7887_g               -            346 2798                 -            354    0.0019   16.8   0.0   1   1   4.3e-05    0.0033   16.0   0.0   157   204   210   256   196   259 0.88 length=347	scaffold=gi527311550	strand=+
5637_g               -            634 2798                 -            354    0.0027   16.3   0.0   1   2     0.079       6.1    5.3   0.0    57    87   334   364   316   383 0.85 length=635	scaffold=gi528858388	strand=+
5637_g               -            634 2798                 -            354    0.0027   16.3   0.0   2   2     0.007      0.54    8.8   0.0   157   187   464   494   458   500 0.89 length=635	scaffold=gi528858388	strand=+
6609_g               -            634 2798                 -            354    0.0027   16.3   0.0   1   2     0.079       6.1    5.3   0.0    57    87   334   364   316   383 0.85 length=635	scaffold=gi527312496	strand=-
6609_g               -            634 2798                 -            354    0.0027   16.3   0.0   2   2     0.007      0.54    8.8   0.0   157   187   464   494   458   500 0.89 length=635	scaffold=gi527312496	strand=-
2437_g               -           3667 2798                 -            354    0.0027   16.3   0.0   1   1   5.8e-05    0.0044   15.6   0.0   136   244  2814  2927  2797  2931 0.78 length=3668	scaffold=gi527314679	strand=-
7436_g               -           4020 2798                 -            354    0.0037   15.9   0.0   1   2     0.038       2.9    6.3   0.0   219   245  3292  3317  3287  3320 0.91 length=4021	scaffold=gi528858387	strand=-
7436_g               -           4020 2798                 -            354    0.0037   15.9   0.0   2   2     0.025       1.9    6.9   0.0   322   351  3658  3687  3638  3690 0.92 length=4021	scaffold=gi528858387	strand=-
7484_g               -           4020 2798                 -            354    0.0037   15.9   0.0   1   2     0.038       2.9    6.3   0.0   219   245  3292  3317  3287  3320 0.91 length=4021	scaffold=gi527311550	strand=+
7484_g               -           4020 2798                 -            354    0.0037   15.9   0.0   2   2     0.025       1.9    6.9   0.0   322   351  3658  3687  3638  3690 0.92 length=4021	scaffold=gi527311550	strand=+
1173_g               -           2502 2798                 -            354    0.0092   14.6   0.0   1   1   0.00024     0.018   13.6   0.0   153   199  2311  2354  2301  2363 0.83 length=2503	scaffold=gi528858393	strand=-
1464_g               -           2502 2798                 -            354    0.0092   14.6   0.0   1   1   0.00024     0.018   13.6   0.0   153   199  2311  2354  2301  2363 0.83 length=2503	scaffold=gi527315005	strand=+
9199_g               -           1754 2798                 -            354     0.021   13.4   0.0   1   1   0.00042     0.032   12.8   0.0    61   205    70   209    20   214 0.80 length=1755	scaffold=gi528858385	strand=-
13466_g              -           1794 2798                 -            354     0.022   13.3   0.0   1   1   0.00043     0.033   12.8   0.0    61   205    70   209    20   214 0.80 length=1795	scaffold=gi527309735	strand=+
13202_g              -            779 2798                 -            354     0.028   13.0   0.0   1   1   0.00053     0.041   12.4   0.0   169   209   561   608   509   633 0.73 length=780	scaffold=gi527309735	strand=-
9464_g               -            779 2798                 -            354     0.028   13.0   0.0   1   1   0.00053     0.041   12.4   0.0   169   209   561   608   509   633 0.73 length=780	scaffold=gi528858385	strand=+
4892_g               -           1122 2798                 -            354     0.029   12.9   0.0   1   2     0.043       3.3    6.2   0.0   147   185   944   982   937   986 0.91 length=1123	scaffold=gi528858389	strand=-
4892_g               -           1122 2798                 -            354     0.029   12.9   0.0   2   2      0.14        11    4.5   0.1   304   352  1072  1121  1055  1122 0.84 length=1123	scaffold=gi528858389	strand=-
5364_g               -           1122 2798                 -            354     0.029   12.9   0.0   1   2     0.043       3.3    6.2   0.0   147   185   944   982   937   986 0.91 length=1123	scaffold=gi527313191	strand=-
5364_g               -           1122 2798                 -            354     0.029   12.9   0.0   2   2      0.14        11    4.5   0.1   304   352  1072  1121  1055  1122 0.84 length=1123	scaffold=gi527313191	strand=-
4303_g               -            687 2798                 -            354     0.031   12.9   0.0   1   2     0.017       1.3    7.5   0.0   160   221   395   453   372   489 0.69 length=688	scaffold=gi528858390	strand=+
4303_g               -            687 2798                 -            354     0.031   12.9   0.0   2   2      0.35        27    3.2   0.0   322   352   500   530   494   532 0.90 length=688	scaffold=gi528858390	strand=+
8303_g               -            687 2798                 -            354     0.031   12.9   0.0   1   2     0.017       1.3    7.5   0.0   160   221   395   453   372   489 0.69 length=688	scaffold=gi527313991	strand=-
8303_g               -            687 2798                 -            354     0.031   12.9   0.0   2   2      0.35        27    3.2   0.0   322   352   500   530   494   532 0.90 length=688	scaffold=gi527313991	strand=-
410_g                -            611 2798                 -            354     0.045   12.3   0.1   1   3       1.8   1.4e+02    0.9   0.0   154   186   394   426   386   454 0.83 length=612	scaffold=gi528858395	strand=-
410_g                -            611 2798                 -            354     0.045   12.3   0.1   2   3       0.1       7.8    4.9   0.0   231   262   494   525   484   526 0.92 length=612	scaffold=gi528858395	strand=-
410_g                -            611 2798                 -            354     0.045   12.3   0.1   3   3      0.61        47    2.4   0.0   322   347   557   582   527   589 0.79 length=612	scaffold=gi528858395	strand=-
765_g                -            611 2798                 -            354     0.045   12.3   0.1   1   3       1.8   1.4e+02    0.9   0.0   154   186   394   426   386   454 0.83 length=612	scaffold=gi527315607	strand=+
765_g                -            611 2798                 -            354     0.045   12.3   0.1   2   3       0.1       7.8    4.9   0.0   231   262   494   525   484   526 0.92 length=612	scaffold=gi527315607	strand=+
765_g                -            611 2798                 -            354     0.045   12.3   0.1   3   3      0.61        47    2.4   0.0   322   347   557   582   527   589 0.79 length=612	scaffold=gi527315607	strand=+
10141_g              -           1025 2798                 -            354     0.064   11.8   0.1   1   1    0.0052       0.4    9.2   0.1   157   247   837   932   832   944 0.68 length=1026	scaffold=gi528858384	strand=-
12380_g              -           1025 2798                 -            354     0.064   11.8   0.1   1   1    0.0052       0.4    9.2   0.1   157   247   837   932   832   944 0.68 length=1026	scaffold=gi527308984	strand=+
5044_g               -           1781 2798                 -            354     0.066   11.8   0.0   1   2    0.0065       0.5    8.9   0.0   156   190  1574  1608  1557  1626 0.84 length=1782	scaffold=gi528858389	strand=+
5044_g               -           1781 2798                 -            354     0.066   11.8   0.0   2   2       3.1   2.4e+02    0.1   0.0   232   251  1659  1678  1651  1682 0.87 length=1782	scaffold=gi528858389	strand=+
5516_g               -           1781 2798                 -            354     0.066   11.8   0.0   1   2    0.0065       0.5    8.9   0.0   156   190  1574  1608  1557  1626 0.84 length=1782	scaffold=gi527313191	strand=+
5516_g               -           1781 2798                 -            354     0.066   11.8   0.0   2   2       3.1   2.4e+02    0.1   0.0   232   251  1659  1678  1651  1682 0.87 length=1782	scaffold=gi527313191	strand=+
11190_g              -            778 2798                 -            354      0.19   10.3   0.0   1   1    0.0039       0.3    9.6   0.0   152   188   521   557   499   561 0.86 length=779	scaffold=gi528858383	strand=-
11987_g              -            778 2798                 -            354      0.19   10.3   0.0   1   1    0.0039       0.3    9.6   0.0   152   188   521   557   499   561 0.86 length=779	scaffold=gi527307902	strand=-
#
# Program:         hmmsearch
# Version:         3.4 (Aug 2023)
# Pipeline mode:   SEARCH
# Query file:      /home/inf-20-2025/Malaria/busco_downloads/lineages/apicomplexa_odb12/hmms/2798at5794.hmm
# Target file:     /home/inf-20-2025/Malaria/Results/6_nobird_annotation/T_gondii.faa
# Option settings: hmmsearch --domtblout Results/8_busco/T_gondii/run_apicomplexa_odb12/hmmer_output/initial_run_results/2798at5794.out --cpu 1 /home/inf-20-2025/Malaria/busco_downloads/lineages/apicomplexa_odb12/hmms/2798at5794.hmm /home/inf-20-2025/Malaria/Results/6_nobird_annotation/T_gondii.faa 
# Current dir:     /home/inf-20-2025/Malaria
# Date:            Wed Mar  4 18:33:00 2026
# [ok]
