#                                                                            --- full sequence --- -------------- this domain -------------   hmm coord   ali coord   env coord
# target name        accession   tlen query name           accession   qlen   E-value  score  bias   #  of  c-Evalue  i-Evalue  score  bias  from    to  from    to  from    to  acc description of target
#------------------- ---------- ----- -------------------- ---------- ----- --------- ------ ----- --- --- --------- --------- ------ ----- ----- ----- ----- ----- ----- ----- ---- ---------------------
7424_g               -            866 31266                -            441  2.7e-145  484.1   0.1   1   3   7.8e-54   8.3e-52  176.0   0.0    45   170   178   301   153   305 0.94 length=867	scaffold=gi528858387	strand=+
7424_g               -            866 31266                -            441  2.7e-145  484.1   0.1   2   3   3.4e-44   3.6e-42  144.2   0.5   168   268   439   540   432   544 0.94 length=867	scaffold=gi528858387	strand=+
7424_g               -            866 31266                -            441  2.7e-145  484.1   0.1   3   3   7.1e-49   7.6e-47  159.6   0.0   266   429   587   760   575   770 0.87 length=867	scaffold=gi528858387	strand=+
7496_g               -            866 31266                -            441  2.7e-145  484.1   0.1   1   3   7.8e-54   8.3e-52  176.0   0.0    45   170   178   301   153   305 0.94 length=867	scaffold=gi527311550	strand=-
7496_g               -            866 31266                -            441  2.7e-145  484.1   0.1   2   3   3.4e-44   3.6e-42  144.2   0.5   168   268   439   540   432   544 0.94 length=867	scaffold=gi527311550	strand=-
7496_g               -            866 31266                -            441  2.7e-145  484.1   0.1   3   3   7.1e-49   7.6e-47  159.6   0.0   266   429   587   760   575   770 0.87 length=867	scaffold=gi527311550	strand=-
1903_g               -            659 31266                -            441   9.2e-34  116.5   0.1   1   3     1e-06   0.00011   20.7   0.1   219   286   356   425   339   429 0.82 length=660	scaffold=gi528858392	strand=+
1903_g               -            659 31266                -            441   9.2e-34  116.5   0.1   2   3   2.1e-05    0.0023   16.3   0.0   251   298   435   482   430   489 0.90 length=660	scaffold=gi528858392	strand=+
1903_g               -            659 31266                -            441   9.2e-34  116.5   0.1   3   3   4.8e-22   5.2e-20   71.2   0.0   218   391   486   651   471   652 0.82 length=660	scaffold=gi528858392	strand=+
2359_g               -            659 31266                -            441   9.2e-34  116.5   0.1   1   3     1e-06   0.00011   20.7   0.1   219   286   356   425   339   429 0.82 length=660	scaffold=gi527314726	strand=-
2359_g               -            659 31266                -            441   9.2e-34  116.5   0.1   2   3   2.1e-05    0.0023   16.3   0.0   251   298   435   482   430   489 0.90 length=660	scaffold=gi527314726	strand=-
2359_g               -            659 31266                -            441   9.2e-34  116.5   0.1   3   3   4.8e-22   5.2e-20   71.2   0.0   218   391   486   651   471   652 0.82 length=660	scaffold=gi527314726	strand=-
4491_g               -            711 31266                -            441     6e-33  113.8   7.6   1   3   0.00021     0.022   13.1   0.0   225   311   344   447   339   453 0.78 length=712	scaffold=gi528858390	strand=-
4491_g               -            711 31266                -            441     6e-33  113.8   7.6   2   3   1.4e-09   1.5e-07   30.1   0.0   252   296   453   497   448   505 0.90 length=712	scaffold=gi528858390	strand=-
4491_g               -            711 31266                -            441     6e-33  113.8   7.6   3   3   1.5e-20   1.6e-18   66.3   2.9   223   396   508   691   501   708 0.77 length=712	scaffold=gi528858390	strand=-
8506_g               -            711 31266                -            441     6e-33  113.8   7.6   1   3   0.00021     0.022   13.1   0.0   225   311   344   447   339   453 0.78 length=712	scaffold=gi527313757	strand=-
8506_g               -            711 31266                -            441     6e-33  113.8   7.6   2   3   1.4e-09   1.5e-07   30.1   0.0   252   296   453   497   448   505 0.90 length=712	scaffold=gi527313757	strand=-
8506_g               -            711 31266                -            441     6e-33  113.8   7.6   3   3   1.5e-20   1.6e-18   66.3   2.9   223   396   508   691   501   708 0.77 length=712	scaffold=gi527313757	strand=-
12917_g              -           1311 31266                -            441   4.7e-28   97.7  11.7   1   6   3.6e-08   3.9e-06   25.5   0.1   217   278   551   612   542   630 0.93 length=1312	scaffold=gi527309735	strand=+
12917_g              -           1311 31266                -            441   4.7e-28   97.7  11.7   2   6       1.6   1.7e+02    0.3   0.0    95   150   849   905   814   908 0.73 length=1312	scaffold=gi527309735	strand=+
12917_g              -           1311 31266                -            441   4.7e-28   97.7  11.7   3   6   3.9e-08   4.1e-06   25.4   0.3   239   288  1000  1050   998  1060 0.91 length=1312	scaffold=gi527309735	strand=+
12917_g              -           1311 31266                -            441   4.7e-28   97.7  11.7   4   6   1.6e-08   1.7e-06   26.7   0.1   232   289  1116  1177  1111  1182 0.85 length=1312	scaffold=gi527309735	strand=+
12917_g              -           1311 31266                -            441   4.7e-28   97.7  11.7   5   6   1.8e-08   1.9e-06   26.5   0.2   241   292  1171  1224  1170  1233 0.86 length=1312	scaffold=gi527309735	strand=+
12917_g              -           1311 31266                -            441   4.7e-28   97.7  11.7   6   6     0.051       5.4    5.2   0.0   362   390  1229  1257  1217  1309 0.66 length=1312	scaffold=gi527309735	strand=+
9745_g               -           1311 31266                -            441   4.7e-28   97.7  11.7   1   6   3.6e-08   3.9e-06   25.5   0.1   217   278   551   612   542   630 0.93 length=1312	scaffold=gi528858385	strand=-
9745_g               -           1311 31266                -            441   4.7e-28   97.7  11.7   2   6       1.6   1.7e+02    0.3   0.0    95   150   849   905   814   908 0.73 length=1312	scaffold=gi528858385	strand=-
9745_g               -           1311 31266                -            441   4.7e-28   97.7  11.7   3   6   3.9e-08   4.1e-06   25.4   0.3   239   288  1000  1050   998  1060 0.91 length=1312	scaffold=gi528858385	strand=-
9745_g               -           1311 31266                -            441   4.7e-28   97.7  11.7   4   6   1.6e-08   1.7e-06   26.7   0.1   232   289  1116  1177  1111  1182 0.85 length=1312	scaffold=gi528858385	strand=-
9745_g               -           1311 31266                -            441   4.7e-28   97.7  11.7   5   6   1.8e-08   1.9e-06   26.5   0.2   241   292  1171  1224  1170  1233 0.86 length=1312	scaffold=gi528858385	strand=-
9745_g               -           1311 31266                -            441   4.7e-28   97.7  11.7   6   6     0.051       5.4    5.2   0.0   362   390  1229  1257  1217  1309 0.66 length=1312	scaffold=gi528858385	strand=-
4334_g               -           1364 31266                -            441   6.3e-28   97.3   4.9   1   3   5.1e-11   5.4e-09   34.9   0.0   208   290     3    85     1    93 0.92 length=1365	scaffold=gi528858390	strand=-
4334_g               -           1364 31266                -            441   6.3e-28   97.3   4.9   2   3   8.1e-09   8.6e-07   27.6   0.4   226   292   105   171    99   177 0.90 length=1365	scaffold=gi528858390	strand=-
4334_g               -           1364 31266                -            441   6.3e-28   97.3   4.9   3   3   4.6e-11   4.9e-09   35.0   0.3   222   300   221   301   203   319 0.86 length=1365	scaffold=gi528858390	strand=-
8274_g               -           1364 31266                -            441   6.3e-28   97.3   4.9   1   3   5.1e-11   5.4e-09   34.9   0.0   208   290     3    85     1    93 0.92 length=1365	scaffold=gi527313991	strand=+
8274_g               -           1364 31266                -            441   6.3e-28   97.3   4.9   2   3   8.1e-09   8.6e-07   27.6   0.4   226   292   105   171    99   177 0.90 length=1365	scaffold=gi527313991	strand=+
8274_g               -           1364 31266                -            441   6.3e-28   97.3   4.9   3   3   4.6e-11   4.9e-09   35.0   0.3   222   300   221   301   203   319 0.86 length=1365	scaffold=gi527313991	strand=+
2645_g               -            950 31266                -            441   5.5e-25   87.6   9.1   1   4   2.5e-06   0.00027   19.4   0.0   251   296   653   699   650   702 0.87 length=951	scaffold=gi528858386	strand=+
2645_g               -            950 31266                -            441   5.5e-25   87.6   9.1   2   4   3.6e-16   3.8e-14   51.9   0.0   252   432   698   855   693   862 0.79 length=951	scaffold=gi528858386	strand=+
2645_g               -            950 31266                -            441   5.5e-25   87.6   9.1   3   4      0.17        18    3.5   0.8    93   113   887   907   879   910 0.92 length=951	scaffold=gi528858386	strand=+
2645_g               -            950 31266                -            441   5.5e-25   87.6   9.1   4   4   1.5e-05    0.0016   16.8   3.8   241   287   903   950   894   950 0.89 length=951	scaffold=gi528858386	strand=+
3326_g               -            950 31266                -            441   5.5e-25   87.6   9.1   1   4   2.5e-06   0.00027   19.4   0.0   251   296   653   699   650   702 0.87 length=951	scaffold=gi527310881	strand=+
3326_g               -            950 31266                -            441   5.5e-25   87.6   9.1   2   4   3.6e-16   3.8e-14   51.9   0.0   252   432   698   855   693   862 0.79 length=951	scaffold=gi527310881	strand=+
3326_g               -            950 31266                -            441   5.5e-25   87.6   9.1   3   4      0.17        18    3.5   0.8    93   113   887   907   879   910 0.92 length=951	scaffold=gi527310881	strand=+
3326_g               -            950 31266                -            441   5.5e-25   87.6   9.1   4   4   1.5e-05    0.0016   16.8   3.8   241   287   903   950   894   950 0.89 length=951	scaffold=gi527310881	strand=+
10432_g              -            384 31266                -            441   4.7e-22   77.9  11.4   1   5   3.9e-05    0.0041   15.5   0.1   254   289    93   128    89   130 0.94 length=385	scaffold=gi528858384	strand=-
10432_g              -            384 31266                -            441   4.7e-22   77.9  11.4   2   5   2.2e-10   2.3e-08   32.8   0.2   235   287   116   168   115   176 0.95 length=385	scaffold=gi528858384	strand=-
10432_g              -            384 31266                -            441   4.7e-22   77.9  11.4   3   5   9.1e-09   9.7e-07   27.5   0.8   213   293   139   219   134   229 0.82 length=385	scaffold=gi528858384	strand=-
10432_g              -            384 31266                -            441   4.7e-22   77.9  11.4   4   5     4e-08   4.3e-06   25.3   0.1   225   292   235   300   218   311 0.84 length=385	scaffold=gi528858384	strand=-
10432_g              -            384 31266                -            441   4.7e-22   77.9  11.4   5   5   0.00048     0.051   11.9   0.1    71   112   300   342   297   345 0.87 length=385	scaffold=gi528858384	strand=-
12827_g              -            384 31266                -            441   4.7e-22   77.9  11.4   1   5   3.9e-05    0.0041   15.5   0.1   254   289    93   128    89   130 0.94 length=385	scaffold=gi527308853	strand=+
12827_g              -            384 31266                -            441   4.7e-22   77.9  11.4   2   5   2.2e-10   2.3e-08   32.8   0.2   235   287   116   168   115   176 0.95 length=385	scaffold=gi527308853	strand=+
12827_g              -            384 31266                -            441   4.7e-22   77.9  11.4   3   5   9.1e-09   9.7e-07   27.5   0.8   213   293   139   219   134   229 0.82 length=385	scaffold=gi527308853	strand=+
12827_g              -            384 31266                -            441   4.7e-22   77.9  11.4   4   5     4e-08   4.3e-06   25.3   0.1   225   292   235   300   218   311 0.84 length=385	scaffold=gi527308853	strand=+
12827_g              -            384 31266                -            441   4.7e-22   77.9  11.4   5   5   0.00048     0.051   11.9   0.1    71   112   300   342   297   345 0.87 length=385	scaffold=gi527308853	strand=+
10137_g              -            929 31266                -            441   4.9e-22   77.9   5.0   1   7   0.00016     0.017   13.5   0.0   364   393    17    46     7    61 0.79 length=930	scaffold=gi528858384	strand=+
10137_g              -            929 31266                -            441   4.9e-22   77.9   5.0   2   7    0.0014      0.15   10.3   0.1   255   392   176   208   168   233 0.67 length=930	scaffold=gi528858384	strand=+
10137_g              -            929 31266                -            441   4.9e-22   77.9   5.0   3   7    0.0012      0.13   10.6   0.0   262   285   370   393   366   416 0.82 length=930	scaffold=gi528858384	strand=+
10137_g              -            929 31266                -            441   4.9e-22   77.9   5.0   4   7   0.00018     0.019   13.3   0.0   253   289   485   521   481   526 0.93 length=930	scaffold=gi528858384	strand=+
10137_g              -            929 31266                -            441   4.9e-22   77.9   5.0   5   7   2.2e-06   0.00023   19.6   0.0   360   396   534   570   529   609 0.71 length=930	scaffold=gi528858384	strand=+
10137_g              -            929 31266                -            441   4.9e-22   77.9   5.0   6   7     0.043       4.6    5.5   0.0   361   394   824   857   812   864 0.89 length=930	scaffold=gi528858384	strand=+
10137_g              -            929 31266                -            441   4.9e-22   77.9   5.0   7   7       9.5     1e+03   -2.3   0.0   373   392   906   925   902   927 0.84 length=930	scaffold=gi528858384	strand=+
12384_g              -            929 31266                -            441   4.9e-22   77.9   5.0   1   7   0.00016     0.017   13.5   0.0   364   393    17    46     7    61 0.79 length=930	scaffold=gi527308984	strand=-
12384_g              -            929 31266                -            441   4.9e-22   77.9   5.0   2   7    0.0014      0.15   10.3   0.1   255   392   176   208   168   233 0.67 length=930	scaffold=gi527308984	strand=-
12384_g              -            929 31266                -            441   4.9e-22   77.9   5.0   3   7    0.0012      0.13   10.6   0.0   262   285   370   393   366   416 0.82 length=930	scaffold=gi527308984	strand=-
12384_g              -            929 31266                -            441   4.9e-22   77.9   5.0   4   7   0.00018     0.019   13.3   0.0   253   289   485   521   481   526 0.93 length=930	scaffold=gi527308984	strand=-
12384_g              -            929 31266                -            441   4.9e-22   77.9   5.0   5   7   2.2e-06   0.00023   19.6   0.0   360   396   534   570   529   609 0.71 length=930	scaffold=gi527308984	strand=-
12384_g              -            929 31266                -            441   4.9e-22   77.9   5.0   6   7     0.043       4.6    5.5   0.0   361   394   824   857   812   864 0.89 length=930	scaffold=gi527308984	strand=-
12384_g              -            929 31266                -            441   4.9e-22   77.9   5.0   7   7       9.5     1e+03   -2.3   0.0   373   392   906   925   902   927 0.84 length=930	scaffold=gi527308984	strand=-
10695_g              -            900 31266                -            441   8.5e-22   77.1   5.1   1   3   1.6e-07   1.7e-05   23.3   0.1   237   293   608   664   605   672 0.92 length=901	scaffold=gi528858383	strand=-
10695_g              -            900 31266                -            441   8.5e-22   77.1   5.1   2   3   3.7e-12   3.9e-10   38.6   0.1   220   289   675   744   664   749 0.93 length=901	scaffold=gi528858383	strand=-
10695_g              -            900 31266                -            441   8.5e-22   77.1   5.1   3   3   1.8e-10     2e-08   33.0   0.6   226   392   723   877   720   893 0.76 length=901	scaffold=gi528858383	strand=-
11492_g              -            900 31266                -            441   8.5e-22   77.1   5.1   1   3   1.6e-07   1.7e-05   23.3   0.1   237   293   608   664   605   672 0.92 length=901	scaffold=gi527307902	strand=-
11492_g              -            900 31266                -            441   8.5e-22   77.1   5.1   2   3   3.7e-12   3.9e-10   38.6   0.1   220   289   675   744   664   749 0.93 length=901	scaffold=gi527307902	strand=-
11492_g              -            900 31266                -            441   8.5e-22   77.1   5.1   3   3   1.8e-10     2e-08   33.0   0.6   226   392   723   877   720   893 0.76 length=901	scaffold=gi527307902	strand=-
170_g                -          10106 31266                -            441   2.9e-18   65.4   0.0   1   4   0.00032     0.034   12.5   0.1   254   294   198   238   153   250 0.81 length=10107	scaffold=gi528858396	strand=-
170_g                -          10106 31266                -            441   2.9e-18   65.4   0.0   2   4         4   4.3e+02   -1.0   0.0   237   277   557   597   552   599 0.89 length=10107	scaffold=gi528858396	strand=-
170_g                -          10106 31266                -            441   2.9e-18   65.4   0.0   3   4   7.1e-08   7.6e-06   24.5   0.0   228   298   626   696   619   719 0.88 length=10107	scaffold=gi528858396	strand=-
170_g                -          10106 31266                -            441   2.9e-18   65.4   0.0   4   4   2.6e-07   2.7e-05   22.7   0.0   231   347   740   848   715   857 0.83 length=10107	scaffold=gi528858396	strand=-
220_g                -          10119 31266                -            441   2.9e-18   65.4   0.0   1   4   0.00032     0.034   12.5   0.1   254   294   211   251   166   263 0.81 length=10120	scaffold=gi527315854	strand=+
220_g                -          10119 31266                -            441   2.9e-18   65.4   0.0   2   4         4   4.3e+02   -1.0   0.0   237   277   570   610   565   612 0.89 length=10120	scaffold=gi527315854	strand=+
220_g                -          10119 31266                -            441   2.9e-18   65.4   0.0   3   4   7.1e-08   7.6e-06   24.5   0.0   228   298   639   709   632   732 0.88 length=10120	scaffold=gi527315854	strand=+
220_g                -          10119 31266                -            441   2.9e-18   65.4   0.0   4   4   2.6e-07   2.7e-05   22.7   0.0   231   347   753   861   728   870 0.83 length=10120	scaffold=gi527315854	strand=+
10038_g              -            617 31266                -            441   1.4e-17   63.2   2.2   1   3   8.9e-08   9.5e-06   24.2   0.0   255   348   278   375   273   400 0.74 length=618	scaffold=gi528858384	strand=-
10038_g              -            617 31266                -            441   1.4e-17   63.2   2.2   2   3    0.0031      0.33    9.2   0.1   270   335   419   472   404   478 0.65 length=618	scaffold=gi528858384	strand=-
10038_g              -            617 31266                -            441   1.4e-17   63.2   2.2   3   3   8.6e-09   9.2e-07   27.5   0.3   239   300   496   559   476   589 0.78 length=618	scaffold=gi528858384	strand=-
12482_g              -            617 31266                -            441   1.4e-17   63.2   2.2   1   3   8.9e-08   9.5e-06   24.2   0.0   255   348   278   375   273   400 0.74 length=618	scaffold=gi527308984	strand=+
12482_g              -            617 31266                -            441   1.4e-17   63.2   2.2   2   3    0.0031      0.33    9.2   0.1   270   335   419   472   404   478 0.65 length=618	scaffold=gi527308984	strand=+
12482_g              -            617 31266                -            441   1.4e-17   63.2   2.2   3   3   8.6e-09   9.2e-07   27.5   0.3   239   300   496   559   476   589 0.78 length=618	scaffold=gi527308984	strand=+
12555_g              -            762 31266                -            441   1.6e-17   63.0   0.2   1   5     0.013       1.4    7.1   0.0   251   284   144   177   129   179 0.83 length=763	scaffold=gi527308984	strand=+
12555_g              -            762 31266                -            441   1.6e-17   63.0   0.2   2   5   0.00014     0.015   13.7   0.1   253   298   321   366   316   390 0.80 length=763	scaffold=gi527308984	strand=+
12555_g              -            762 31266                -            441   1.6e-17   63.0   0.2   3   5   3.3e-05    0.0035   15.7   0.0   254   291   505   542   486   566 0.85 length=763	scaffold=gi527308984	strand=+
12555_g              -            762 31266                -            441   1.6e-17   63.0   0.2   4   5       5.2   5.6e+02   -1.4   0.0   263   392   683   707   674   715 0.55 length=763	scaffold=gi527308984	strand=+
12555_g              -            762 31266                -            441   1.6e-17   63.0   0.2   5   5    0.0013      0.14   10.5   0.0   255   284   728   757   721   761 0.90 length=763	scaffold=gi527308984	strand=+
9966_g               -            762 31266                -            441   1.6e-17   63.0   0.2   1   5     0.013       1.4    7.1   0.0   251   284   144   177   129   179 0.83 length=763	scaffold=gi528858384	strand=-
9966_g               -            762 31266                -            441   1.6e-17   63.0   0.2   2   5   0.00014     0.015   13.7   0.1   253   298   321   366   316   390 0.80 length=763	scaffold=gi528858384	strand=-
9966_g               -            762 31266                -            441   1.6e-17   63.0   0.2   3   5   3.3e-05    0.0035   15.7   0.0   254   291   505   542   486   566 0.85 length=763	scaffold=gi528858384	strand=-
9966_g               -            762 31266                -            441   1.6e-17   63.0   0.2   4   5       5.2   5.6e+02   -1.4   0.0   263   392   683   707   674   715 0.55 length=763	scaffold=gi528858384	strand=-
9966_g               -            762 31266                -            441   1.6e-17   63.0   0.2   5   5    0.0013      0.14   10.5   0.0   255   284   728   757   721   761 0.90 length=763	scaffold=gi528858384	strand=-
508_g                -            771 31266                -            441   1.3e-15   56.6   2.0   1   3       6.3   6.8e+02   -1.7   0.0   318   335   304   321   294   327 0.75 length=772	scaffold=gi528858395	strand=+
508_g                -            771 31266                -            441   1.3e-15   56.6   2.0   2   3   3.8e-14     4e-12   45.2   1.1   218   396   354   547   351   556 0.76 length=772	scaffold=gi528858395	strand=+
508_g                -            771 31266                -            441   1.3e-15   56.6   2.0   3   3     0.013       1.4    7.2   0.0   261   310   558   608   550   623 0.70 length=772	scaffold=gi528858395	strand=+
665_g                -            771 31266                -            441   1.3e-15   56.6   2.0   1   3       6.3   6.8e+02   -1.7   0.0   318   335   304   321   294   327 0.75 length=772	scaffold=gi527315607	strand=-
665_g                -            771 31266                -            441   1.3e-15   56.6   2.0   2   3   3.8e-14     4e-12   45.2   1.1   218   396   354   547   351   556 0.76 length=772	scaffold=gi527315607	strand=-
665_g                -            771 31266                -            441   1.3e-15   56.6   2.0   3   3     0.013       1.4    7.2   0.0   261   310   558   608   550   623 0.70 length=772	scaffold=gi527315607	strand=-
6014_g               -           1017 31266                -            441     8e-15   54.1   0.1   1   4   7.4e-05    0.0079   14.6   0.0   220   297   414   496   404   504 0.73 length=1018	scaffold=gi528858388	strand=+
6014_g               -           1017 31266                -            441     8e-15   54.1   0.1   2   4   7.6e-09   8.1e-07   27.7   0.1   252   381   507   631   501   639 0.76 length=1018	scaffold=gi528858388	strand=+
6014_g               -           1017 31266                -            441     8e-15   54.1   0.1   3   4     0.015       1.6    6.9   0.0   272   296   669   693   657   710 0.86 length=1018	scaffold=gi528858388	strand=+
6014_g               -           1017 31266                -            441     8e-15   54.1   0.1   4   4       6.3   6.8e+02   -1.7   0.0   316   347   769   800   757   821 0.62 length=1018	scaffold=gi528858388	strand=+
6237_g               -           1017 31266                -            441     8e-15   54.1   0.1   1   4   7.4e-05    0.0079   14.6   0.0   220   297   414   496   404   504 0.73 length=1018	scaffold=gi527312496	strand=-
6237_g               -           1017 31266                -            441     8e-15   54.1   0.1   2   4   7.6e-09   8.1e-07   27.7   0.1   252   381   507   631   501   639 0.76 length=1018	scaffold=gi527312496	strand=-
6237_g               -           1017 31266                -            441     8e-15   54.1   0.1   3   4     0.015       1.6    6.9   0.0   272   296   669   693   657   710 0.86 length=1018	scaffold=gi527312496	strand=-
6237_g               -           1017 31266                -            441     8e-15   54.1   0.1   4   4       6.3   6.8e+02   -1.7   0.0   316   347   769   800   757   821 0.62 length=1018	scaffold=gi527312496	strand=-
2855_g               -           1850 31266                -            441   1.5e-14   53.2   0.0   1   3    0.0024      0.25    9.6   0.0   256   286  1522  1552  1518  1559 0.93 length=1851	scaffold=gi528858386	strand=+
2855_g               -           1850 31266                -            441   1.5e-14   53.2   0.0   2   3   1.3e-09   1.4e-07   30.2   0.0   222   303  1668  1749  1654  1763 0.91 length=1851	scaffold=gi528858386	strand=+
2855_g               -           1850 31266                -            441   1.5e-14   53.2   0.0   3   3    0.0034      0.37    9.1   0.0   250   286  1801  1837  1791  1841 0.91 length=1851	scaffold=gi528858386	strand=+
3536_g               -           1850 31266                -            441   1.5e-14   53.2   0.0   1   3    0.0024      0.25    9.6   0.0   256   286  1522  1552  1518  1559 0.93 length=1851	scaffold=gi527310881	strand=+
3536_g               -           1850 31266                -            441   1.5e-14   53.2   0.0   2   3   1.3e-09   1.4e-07   30.2   0.0   222   303  1668  1749  1654  1763 0.91 length=1851	scaffold=gi527310881	strand=+
3536_g               -           1850 31266                -            441   1.5e-14   53.2   0.0   3   3    0.0034      0.37    9.1   0.0   250   286  1801  1837  1791  1841 0.91 length=1851	scaffold=gi527310881	strand=+
10425_g              -            644 31266                -            441   2.1e-14   52.7   0.0   1   1     4e-16   4.2e-14   51.7   0.0   239   390    57   196    49   222 0.88 length=645	scaffold=gi528858384	strand=-
12834_g              -            644 31266                -            441   2.1e-14   52.7   0.0   1   1     4e-16   4.2e-14   51.7   0.0   239   390    57   196    49   222 0.88 length=645	scaffold=gi527308853	strand=+
10891_g              -            858 31266                -            441   5.1e-13   48.1   0.1   1   2   1.7e-11   1.8e-09   36.5   0.1   229   400   577   770   559   777 0.69 length=859	scaffold=gi528858383	strand=-
10891_g              -            858 31266                -            441   5.1e-13   48.1   0.1   2   2   4.5e-06   0.00048   18.6   0.0   221   305   692   780   671   840 0.63 length=859	scaffold=gi528858383	strand=-
11688_g              -            858 31266                -            441   5.1e-13   48.1   0.1   1   2   1.7e-11   1.8e-09   36.5   0.1   229   400   577   770   559   777 0.69 length=859	scaffold=gi527307902	strand=-
11688_g              -            858 31266                -            441   5.1e-13   48.1   0.1   2   2   4.5e-06   0.00048   18.6   0.0   221   305   692   780   671   840 0.63 length=859	scaffold=gi527307902	strand=-
10787_g              -            341 31266                -            441   7.1e-13   47.7   0.1   1   3       0.1        11    4.2   0.0   260   301    11    54     3    70 0.78 length=342	scaffold=gi528858383	strand=+
10787_g              -            341 31266                -            441   7.1e-13   47.7   0.1   2   3   9.2e-08   9.8e-06   24.1   0.0   231   299    67   134    59   153 0.84 length=342	scaffold=gi528858383	strand=+
10787_g              -            341 31266                -            441   7.1e-13   47.7   0.1   3   3   3.2e-05    0.0034   15.7   0.0   220   275   240   295   225   297 0.90 length=342	scaffold=gi528858383	strand=+
11584_g              -            341 31266                -            441   7.1e-13   47.7   0.1   1   3       0.1        11    4.2   0.0   260   301    11    54     3    70 0.78 length=342	scaffold=gi527307902	strand=+
11584_g              -            341 31266                -            441   7.1e-13   47.7   0.1   2   3   9.2e-08   9.8e-06   24.1   0.0   231   299    67   134    59   153 0.84 length=342	scaffold=gi527307902	strand=+
11584_g              -            341 31266                -            441   7.1e-13   47.7   0.1   3   3   3.2e-05    0.0034   15.7   0.0   220   275   240   295   225   297 0.90 length=342	scaffold=gi527307902	strand=+
2907_g               -           1269 31266                -            441     2e-12   46.2   2.5   1   4     0.087       9.3    4.4   0.0   266   288   737   759   724   774 0.80 length=1270	scaffold=gi528858386	strand=-
2907_g               -           1269 31266                -            441     2e-12   46.2   2.5   2   4   0.00054     0.057   11.7   0.0   255   286   776   807   769   813 0.91 length=1270	scaffold=gi528858386	strand=-
2907_g               -           1269 31266                -            441     2e-12   46.2   2.5   3   4   2.1e-07   2.3e-05   22.9   0.1   231   297   794   861   793   863 0.86 length=1270	scaffold=gi528858386	strand=-
2907_g               -           1269 31266                -            441     2e-12   46.2   2.5   4   4   0.00019     0.021   13.2   0.0   253   386   859   987   853   996 0.65 length=1270	scaffold=gi528858386	strand=-
3588_g               -           1269 31266                -            441     2e-12   46.2   2.5   1   4     0.087       9.3    4.4   0.0   266   288   737   759   724   774 0.80 length=1270	scaffold=gi527310881	strand=-
3588_g               -           1269 31266                -            441     2e-12   46.2   2.5   2   4   0.00054     0.057   11.7   0.0   255   286   776   807   769   813 0.91 length=1270	scaffold=gi527310881	strand=-
3588_g               -           1269 31266                -            441     2e-12   46.2   2.5   3   4   2.1e-07   2.3e-05   22.9   0.1   231   297   794   861   793   863 0.86 length=1270	scaffold=gi527310881	strand=-
3588_g               -           1269 31266                -            441     2e-12   46.2   2.5   4   4   0.00019     0.021   13.2   0.0   253   386   859   987   853   996 0.65 length=1270	scaffold=gi527310881	strand=-
2132_g               -            697 31266                -            441   2.5e-12   45.9   0.1   1   3      0.48        52    2.0   0.0   259   306   268   316   223   330 0.70 length=698	scaffold=gi528858392	strand=+
2132_g               -            697 31266                -            441   2.5e-12   45.9   0.1   2   3      0.98     1e+02    1.0   0.0   258   276   470   488   464   495 0.76 length=698	scaffold=gi528858392	strand=+
2132_g               -            697 31266                -            441   2.5e-12   45.9   0.1   3   3   3.8e-12     4e-10   38.6   0.0   209   344   562   696   558   697 0.90 length=698	scaffold=gi528858392	strand=+
2427_g               -            697 31266                -            441   2.5e-12   45.9   0.1   1   3      0.48        52    2.0   0.0   259   306   268   316   223   330 0.70 length=698	scaffold=gi527314679	strand=-
2427_g               -            697 31266                -            441   2.5e-12   45.9   0.1   2   3      0.98     1e+02    1.0   0.0   258   276   470   488   464   495 0.76 length=698	scaffold=gi527314679	strand=-
2427_g               -            697 31266                -            441   2.5e-12   45.9   0.1   3   3   3.8e-12     4e-10   38.6   0.0   209   344   562   696   558   697 0.90 length=698	scaffold=gi527314679	strand=-
4504_g               -            462 31266                -            441     1e-11   43.9   5.0   1   3   3.3e-07   3.5e-05   22.3   0.4   220   272   307   359   293   360 0.91 length=463	scaffold=gi528858390	strand=+
4504_g               -            462 31266                -            441     1e-11   43.9   5.0   2   3   0.00035     0.037   12.3   0.0   254   282   377   405   373   409 0.91 length=463	scaffold=gi528858390	strand=+
4504_g               -            462 31266                -            441     1e-11   43.9   5.0   3   3    0.0038      0.41    8.9   0.0   230   285   407   462   405   462 0.92 length=463	scaffold=gi528858390	strand=+
8519_g               -            462 31266                -            441     1e-11   43.9   5.0   1   3   3.3e-07   3.5e-05   22.3   0.4   220   272   307   359   293   360 0.91 length=463	scaffold=gi527313757	strand=+
8519_g               -            462 31266                -            441     1e-11   43.9   5.0   2   3   0.00035     0.037   12.3   0.0   254   282   377   405   373   409 0.91 length=463	scaffold=gi527313757	strand=+
8519_g               -            462 31266                -            441     1e-11   43.9   5.0   3   3    0.0038      0.41    8.9   0.0   230   285   407   462   405   462 0.92 length=463	scaffold=gi527313757	strand=+
13216_g              -           1955 31266                -            441   1.3e-11   43.5   2.0   1   4       2.3   2.4e+02   -0.2   0.0   257   288   285   316   279   329 0.84 length=1956	scaffold=gi527309735	strand=+
13216_g              -           1955 31266                -            441   1.3e-11   43.5   2.0   2   4   1.8e-08   1.9e-06   26.5   0.5   239   293   575   631   572   646 0.83 length=1956	scaffold=gi527309735	strand=+
13216_g              -           1955 31266                -            441   1.3e-11   43.5   2.0   3   4   0.00037      0.04   12.2   0.0   252   291   647   688   641   703 0.86 length=1956	scaffold=gi527309735	strand=+
13216_g              -           1955 31266                -            441   1.3e-11   43.5   2.0   4   4         6   6.4e+02   -1.6   0.0   366   387  1034  1055  1010  1058 0.73 length=1956	scaffold=gi527309735	strand=+
9449_g               -           1955 31266                -            441   1.3e-11   43.5   2.0   1   4       2.3   2.4e+02   -0.2   0.0   257   288   285   316   279   329 0.84 length=1956	scaffold=gi528858385	strand=-
9449_g               -           1955 31266                -            441   1.3e-11   43.5   2.0   2   4   1.8e-08   1.9e-06   26.5   0.5   239   293   575   631   572   646 0.83 length=1956	scaffold=gi528858385	strand=-
9449_g               -           1955 31266                -            441   1.3e-11   43.5   2.0   3   4   0.00037      0.04   12.2   0.0   252   291   647   688   641   703 0.86 length=1956	scaffold=gi528858385	strand=-
9449_g               -           1955 31266                -            441   1.3e-11   43.5   2.0   4   4         6   6.4e+02   -1.6   0.0   366   387  1034  1055  1010  1058 0.73 length=1956	scaffold=gi528858385	strand=-
10633_g              -           2210 31266                -            441   1.7e-11   43.1   0.2   1   3   1.2e-05    0.0012   17.2   0.0   229   302   772   845   758   906 0.86 length=2211	scaffold=gi528858383	strand=+
10633_g              -           2210 31266                -            441   1.7e-11   43.1   0.2   2   3   1.9e-06    0.0002   19.8   0.0   217   282  1251  1316  1242  1334 0.85 length=2211	scaffold=gi528858383	strand=+
10633_g              -           2210 31266                -            441   1.7e-11   43.1   0.2   3   3       1.4   1.5e+02    0.4   0.0   273   293  1854  1874  1851  1892 0.79 length=2211	scaffold=gi528858383	strand=+
11430_g              -           2210 31266                -            441   1.7e-11   43.1   0.2   1   3   1.2e-05    0.0012   17.2   0.0   229   302   772   845   758   906 0.86 length=2211	scaffold=gi527307902	strand=+
11430_g              -           2210 31266                -            441   1.7e-11   43.1   0.2   2   3   1.9e-06    0.0002   19.8   0.0   217   282  1251  1316  1242  1334 0.85 length=2211	scaffold=gi527307902	strand=+
11430_g              -           2210 31266                -            441   1.7e-11   43.1   0.2   3   3       1.4   1.5e+02    0.4   0.0   273   293  1854  1874  1851  1892 0.79 length=2211	scaffold=gi527307902	strand=+
2993_g               -            680 31266                -            441   2.7e-11   42.5   0.2   1   4   1.3e-06   0.00014   20.4   0.0   236   296    55   117    39   167 0.76 length=681	scaffold=gi528858386	strand=+
2993_g               -            680 31266                -            441   2.7e-11   42.5   0.2   2   4   1.3e-05    0.0014   17.0   0.0   250   292   215   258   212   286 0.73 length=681	scaffold=gi528858386	strand=+
2993_g               -            680 31266                -            441   2.7e-11   42.5   0.2   3   4       1.7   1.8e+02    0.2   0.0   226   341   279   400   264   425 0.72 length=681	scaffold=gi528858386	strand=+
2993_g               -            680 31266                -            441   2.7e-11   42.5   0.2   4   4         8   8.5e+02   -2.0   0.0   378   394   616   632   613   641 0.86 length=681	scaffold=gi528858386	strand=+
3674_g               -            680 31266                -            441   2.7e-11   42.5   0.2   1   4   1.3e-06   0.00014   20.4   0.0   236   296    55   117    39   167 0.76 length=681	scaffold=gi527310881	strand=+
3674_g               -            680 31266                -            441   2.7e-11   42.5   0.2   2   4   1.3e-05    0.0014   17.0   0.0   250   292   215   258   212   286 0.73 length=681	scaffold=gi527310881	strand=+
3674_g               -            680 31266                -            441   2.7e-11   42.5   0.2   3   4       1.7   1.8e+02    0.2   0.0   226   341   279   400   264   425 0.72 length=681	scaffold=gi527310881	strand=+
3674_g               -            680 31266                -            441   2.7e-11   42.5   0.2   4   4         8   8.5e+02   -2.0   0.0   378   394   616   632   613   641 0.86 length=681	scaffold=gi527310881	strand=+
11223_g              -            894 31266                -            441   4.4e-11   41.8   0.1   1   3   5.8e-05    0.0062   14.9   0.0   270   334   304   368   297   375 0.78 length=895	scaffold=gi528858383	strand=-
11223_g              -            894 31266                -            441   4.4e-11   41.8   0.1   2   3      0.19        21    3.3   0.0   263   298   378   414   371   469 0.75 length=895	scaffold=gi528858383	strand=-
11223_g              -            894 31266                -            441   4.4e-11   41.8   0.1   3   3     2e-06   0.00021   19.8   0.0   229   301   472   546   461   570 0.77 length=895	scaffold=gi528858383	strand=-
12020_g              -            894 31266                -            441   4.4e-11   41.8   0.1   1   3   5.8e-05    0.0062   14.9   0.0   270   334   304   368   297   375 0.78 length=895	scaffold=gi527307902	strand=-
12020_g              -            894 31266                -            441   4.4e-11   41.8   0.1   2   3      0.19        21    3.3   0.0   263   298   378   414   371   469 0.75 length=895	scaffold=gi527307902	strand=-
12020_g              -            894 31266                -            441   4.4e-11   41.8   0.1   3   3     2e-06   0.00021   19.8   0.0   229   301   472   546   461   570 0.77 length=895	scaffold=gi527307902	strand=-
2020_g               -           1563 31266                -            441   1.7e-10   39.8   2.5   1   6       1.4   1.5e+02    0.5   0.0   270   297   887   914   871   938 0.62 length=1564	scaffold=gi528858392	strand=-
2020_g               -           1563 31266                -            441   1.7e-10   39.8   2.5   2   6       4.9   5.2e+02   -1.3   0.0   270   286  1019  1035  1005  1041 0.82 length=1564	scaffold=gi528858392	strand=-
2020_g               -           1563 31266                -            441   1.7e-10   39.8   2.5   3   6    0.0047       0.5    8.6   0.1   366   394  1115  1143  1109  1147 0.92 length=1564	scaffold=gi528858392	strand=-
2020_g               -           1563 31266                -            441   1.7e-10   39.8   2.5   4   6   2.2e-07   2.3e-05   22.9   0.0   227   292  1123  1190  1121  1196 0.80 length=1564	scaffold=gi528858392	strand=-
2020_g               -           1563 31266                -            441   1.7e-10   39.8   2.5   5   6     0.088       9.4    4.4   0.0   308   379  1285  1355  1268  1364 0.69 length=1564	scaffold=gi528858392	strand=-
2020_g               -           1563 31266                -            441   1.7e-10   39.8   2.5   6   6      0.15        16    3.7   0.0   262   288  1352  1378  1349  1385 0.91 length=1564	scaffold=gi528858392	strand=-
11045_g              -           1826 31266                -            441   1.8e-10   39.8   0.0   1   4       1.3   1.3e+02    0.6   0.0   257   285   611   640   607   644 0.85 length=1827	scaffold=gi528858383	strand=+
11045_g              -           1826 31266                -            441   1.8e-10   39.8   0.0   2   4   6.1e-09   6.6e-07   28.0   0.0   227   293   720   787   712   794 0.90 length=1827	scaffold=gi528858383	strand=+
11045_g              -           1826 31266                -            441   1.8e-10   39.8   0.0   3   4      0.28        30    2.8   0.0   360   393  1597  1628  1575  1634 0.64 length=1827	scaffold=gi528858383	strand=+
11045_g              -           1826 31266                -            441   1.8e-10   39.8   0.0   4   4      0.51        54    1.9   0.0   249   293  1745  1789  1705  1815 0.79 length=1827	scaffold=gi528858383	strand=+
11842_g              -           1826 31266                -            441   1.8e-10   39.8   0.0   1   4       1.3   1.3e+02    0.6   0.0   257   285   611   640   607   644 0.85 length=1827	scaffold=gi527307902	strand=+
11842_g              -           1826 31266                -            441   1.8e-10   39.8   0.0   2   4   6.1e-09   6.6e-07   28.0   0.0   227   293   720   787   712   794 0.90 length=1827	scaffold=gi527307902	strand=+
11842_g              -           1826 31266                -            441   1.8e-10   39.8   0.0   3   4      0.28        30    2.8   0.0   360   393  1597  1628  1575  1634 0.64 length=1827	scaffold=gi527307902	strand=+
11842_g              -           1826 31266                -            441   1.8e-10   39.8   0.0   4   4      0.51        54    1.9   0.0   249   293  1745  1789  1705  1815 0.79 length=1827	scaffold=gi527307902	strand=+
2239_g               -           1588 31266                -            441   1.8e-10   39.7   2.4   1   6       1.4   1.5e+02    0.5   0.0   270   297   887   914   871   938 0.62 length=1589	scaffold=gi527314726	strand=+
2239_g               -           1588 31266                -            441   1.8e-10   39.7   2.4   2   6         5   5.3e+02   -1.4   0.0   270   286  1019  1035  1005  1041 0.82 length=1589	scaffold=gi527314726	strand=+
2239_g               -           1588 31266                -            441   1.8e-10   39.7   2.4   3   6    0.0044      0.47    8.7   0.1   365   394  1114  1143  1105  1147 0.92 length=1589	scaffold=gi527314726	strand=+
2239_g               -           1588 31266                -            441   1.8e-10   39.7   2.4   4   6   2.8e-07     3e-05   22.5   0.0   228   292  1124  1190  1123  1196 0.80 length=1589	scaffold=gi527314726	strand=+
2239_g               -           1588 31266                -            441   1.8e-10   39.7   2.4   5   6      0.09       9.6    4.4   0.0   308   379  1285  1355  1268  1364 0.69 length=1589	scaffold=gi527314726	strand=+
2239_g               -           1588 31266                -            441   1.8e-10   39.7   2.4   6   6      0.15        16    3.7   0.0   262   288  1352  1378  1349  1385 0.91 length=1589	scaffold=gi527314726	strand=+
15731_g              -            177 31266                -            441   4.2e-10   38.5   0.0   1   2     0.028         3    6.1   0.0   237   277    41    81    35    84 0.89 length=178	scaffold=gi527305696	strand=-
15731_g              -            177 31266                -            441   4.2e-10   38.5   0.0   2   2   1.1e-09   1.2e-07   30.4   0.0   228   291   110   173   100   176 0.94 length=178	scaffold=gi527305696	strand=-
7441_g               -            948 31266                -            441   4.9e-10   38.3   4.0   1   4       1.6   1.7e+02    0.3   0.0   272   291   586   605   583   622 0.80 length=949	scaffold=gi528858387	strand=-
7441_g               -            948 31266                -            441   4.9e-10   38.3   4.0   2   4      0.02       2.2    6.5   0.3   271   301   701   731   698   740 0.75 length=949	scaffold=gi528858387	strand=-
7441_g               -            948 31266                -            441   4.9e-10   38.3   4.0   3   4   1.3e-08   1.4e-06   26.9   0.1   215   296   729   811   724   830 0.84 length=949	scaffold=gi528858387	strand=-
7441_g               -            948 31266                -            441   4.9e-10   38.3   4.0   4   4      0.21        22    3.2   0.1   210   245   915   946   907   948 0.81 length=949	scaffold=gi528858387	strand=-
7478_g               -            948 31266                -            441   4.9e-10   38.3   4.0   1   4       1.6   1.7e+02    0.3   0.0   272   291   586   605   583   622 0.80 length=949	scaffold=gi527311550	strand=+
7478_g               -            948 31266                -            441   4.9e-10   38.3   4.0   2   4      0.02       2.2    6.5   0.3   271   301   701   731   698   740 0.75 length=949	scaffold=gi527311550	strand=+
7478_g               -            948 31266                -            441   4.9e-10   38.3   4.0   3   4   1.3e-08   1.4e-06   26.9   0.1   215   296   729   811   724   830 0.84 length=949	scaffold=gi527311550	strand=+
7478_g               -            948 31266                -            441   4.9e-10   38.3   4.0   4   4      0.21        22    3.2   0.1   210   245   915   946   907   948 0.81 length=949	scaffold=gi527311550	strand=+
4982_g               -            832 31266                -            441   6.6e-10   37.9   0.0   1   4   6.6e-07   7.1e-05   21.3   0.0   227   295   287   363   278   368 0.82 length=833	scaffold=gi528858389	strand=+
4982_g               -            832 31266                -            441   6.6e-10   37.9   0.0   2   4       3.2   3.4e+02   -0.7   0.0   251   269   406   424   402   429 0.90 length=833	scaffold=gi528858389	strand=+
4982_g               -            832 31266                -            441   6.6e-10   37.9   0.0   3   4     0.002      0.22    9.8   0.0   233   307   450   523   440   532 0.80 length=833	scaffold=gi528858389	strand=+
4982_g               -            832 31266                -            441   6.6e-10   37.9   0.0   4   4       2.1   2.2e+02   -0.1   0.0   131   154   671   694   622   713 0.51 length=833	scaffold=gi528858389	strand=+
5454_g               -            832 31266                -            441   6.6e-10   37.9   0.0   1   4   6.6e-07   7.1e-05   21.3   0.0   227   295   287   363   278   368 0.82 length=833	scaffold=gi527313191	strand=+
5454_g               -            832 31266                -            441   6.6e-10   37.9   0.0   2   4       3.2   3.4e+02   -0.7   0.0   251   269   406   424   402   429 0.90 length=833	scaffold=gi527313191	strand=+
5454_g               -            832 31266                -            441   6.6e-10   37.9   0.0   3   4     0.002      0.22    9.8   0.0   233   307   450   523   440   532 0.80 length=833	scaffold=gi527313191	strand=+
5454_g               -            832 31266                -            441   6.6e-10   37.9   0.0   4   4       2.1   2.2e+02   -0.1   0.0   131   154   671   694   622   713 0.51 length=833	scaffold=gi527313191	strand=+
4983_g               -           1584 31266                -            441   6.7e-10   37.9   7.4   1   4    0.0002     0.021   13.1   0.0   361   403   920   962   908   973 0.83 length=1585	scaffold=gi528858389	strand=-
4983_g               -           1584 31266                -            441   6.7e-10   37.9   7.4   2   4   0.00016     0.017   13.5   0.1   361   404   976  1021   967  1029 0.80 length=1585	scaffold=gi528858389	strand=-
4983_g               -           1584 31266                -            441   6.7e-10   37.9   7.4   3   4    0.0012      0.13   10.5   0.8   250   392  1031  1191  1027  1213 0.65 length=1585	scaffold=gi528858389	strand=-
4983_g               -           1584 31266                -            441   6.7e-10   37.9   7.4   4   4     0.033       3.5    5.8   0.8   270   286  1174  1190  1119  1255 0.64 length=1585	scaffold=gi528858389	strand=-
5455_g               -           1584 31266                -            441   6.7e-10   37.9   7.4   1   4    0.0002     0.021   13.1   0.0   361   403   920   962   908   973 0.83 length=1585	scaffold=gi527313191	strand=-
5455_g               -           1584 31266                -            441   6.7e-10   37.9   7.4   2   4   0.00016     0.017   13.5   0.1   361   404   976  1021   967  1029 0.80 length=1585	scaffold=gi527313191	strand=-
5455_g               -           1584 31266                -            441   6.7e-10   37.9   7.4   3   4    0.0012      0.13   10.5   0.8   250   392  1031  1191  1027  1213 0.65 length=1585	scaffold=gi527313191	strand=-
5455_g               -           1584 31266                -            441   6.7e-10   37.9   7.4   4   4     0.033       3.5    5.8   0.8   270   286  1174  1190  1119  1255 0.64 length=1585	scaffold=gi527313191	strand=-
6622_g               -           1050 31266                -            441   9.3e-10   37.4  10.0   1   4      0.33        35    2.6   0.4   364   395    66    97    52   106 0.85 length=1051	scaffold=gi527312496	strand=+
6622_g               -           1050 31266                -            441   9.3e-10   37.4  10.0   2   4   0.00021     0.022   13.1   0.1   250   286   396   434   381   460 0.84 length=1051	scaffold=gi527312496	strand=+
6622_g               -           1050 31266                -            441   9.3e-10   37.4  10.0   3   4   2.9e-08   3.1e-06   25.8   0.0   319   399   578   660   565   680 0.79 length=1051	scaffold=gi527312496	strand=+
6622_g               -           1050 31266                -            441   9.3e-10   37.4  10.0   4   4      0.15        16    3.7   0.0   333   398   641   703   641   712 0.85 length=1051	scaffold=gi527312496	strand=+
5624_g               -           1081 31266                -            441   1.1e-09   37.2  10.0   1   4      0.34        36    2.5   0.4   364   395    66    97    52   106 0.85 length=1082	scaffold=gi528858388	strand=-
5624_g               -           1081 31266                -            441   1.1e-09   37.2  10.0   2   4   0.00022     0.023   13.0   0.1   250   286   396   434   381   460 0.84 length=1082	scaffold=gi528858388	strand=-
5624_g               -           1081 31266                -            441   1.1e-09   37.2  10.0   3   4     3e-08   3.2e-06   25.7   0.0   319   399   578   660   565   680 0.79 length=1082	scaffold=gi528858388	strand=-
5624_g               -           1081 31266                -            441   1.1e-09   37.2  10.0   4   4      0.15        16    3.6   0.0   333   398   641   703   641   712 0.85 length=1082	scaffold=gi528858388	strand=-
10388_g              -           1596 31266                -            441   1.2e-09   37.0   0.5   1   3   5.3e-05    0.0057   15.0   0.1   198   247   668   714   657   722 0.80 length=1597	scaffold=gi528858384	strand=-
10388_g              -           1596 31266                -            441   1.2e-09   37.0   0.5   2   3   0.00051     0.054   11.8   0.0   252   317   827   890   820   932 0.82 length=1597	scaffold=gi528858384	strand=-
10388_g              -           1596 31266                -            441   1.2e-09   37.0   0.5   3   3     0.062       6.6    4.9   0.0   245   279  1292  1326  1288  1334 0.86 length=1597	scaffold=gi528858384	strand=-
12136_g              -           1596 31266                -            441   1.2e-09   37.0   0.5   1   3   5.3e-05    0.0057   15.0   0.1   198   247   668   714   657   722 0.80 length=1597	scaffold=gi527308984	strand=+
12136_g              -           1596 31266                -            441   1.2e-09   37.0   0.5   2   3   0.00051     0.054   11.8   0.0   252   317   827   890   820   932 0.82 length=1597	scaffold=gi527308984	strand=+
12136_g              -           1596 31266                -            441   1.2e-09   37.0   0.5   3   3     0.062       6.6    4.9   0.0   245   279  1292  1326  1288  1334 0.86 length=1597	scaffold=gi527308984	strand=+
11205_g              -            670 31266                -            441   1.9e-09   36.4   0.0   1   2      0.19        21    3.3   0.0   265   286   270   291   246   303 0.79 length=671	scaffold=gi528858383	strand=+
11205_g              -            670 31266                -            441   1.9e-09   36.4   0.0   2   2   8.4e-10   8.9e-08   30.9   0.0   262   401   450   586   447   619 0.77 length=671	scaffold=gi528858383	strand=+
12002_g              -            670 31266                -            441   1.9e-09   36.4   0.0   1   2      0.19        21    3.3   0.0   265   286   270   291   246   303 0.79 length=671	scaffold=gi527307902	strand=+
12002_g              -            670 31266                -            441   1.9e-09   36.4   0.0   2   2   8.4e-10   8.9e-08   30.9   0.0   262   401   450   586   447   619 0.77 length=671	scaffold=gi527307902	strand=+
12688_g              -           1741 31266                -            441     2e-09   36.3   0.0   1   2     4e-08   4.3e-06   25.3   0.0   221   293   907   979   901  1004 0.90 length=1742	scaffold=gi527308984	strand=-
12688_g              -           1741 31266                -            441     2e-09   36.3   0.0   2   2    0.0061      0.65    8.2   0.0   250   297  1506  1558  1491  1585 0.78 length=1742	scaffold=gi527308984	strand=-
9835_g               -           1741 31266                -            441     2e-09   36.3   0.0   1   2     4e-08   4.3e-06   25.3   0.0   221   293   907   979   901  1004 0.90 length=1742	scaffold=gi528858384	strand=+
9835_g               -           1741 31266                -            441     2e-09   36.3   0.0   2   2    0.0061      0.65    8.2   0.0   250   297  1506  1558  1491  1585 0.78 length=1742	scaffold=gi528858384	strand=+
6847_g               -           1353 31266                -            441   3.4e-09   35.5   0.0   1   2   1.4e-08   1.5e-06   26.8   0.0   252   392   517   658   512   662 0.83 length=1354	scaffold=gi528858387	strand=+
6847_g               -           1353 31266                -            441   3.4e-09   35.5   0.0   2   2     0.039       4.1    5.6   0.0   331   390  1186  1242  1149  1246 0.83 length=1354	scaffold=gi528858387	strand=+
8067_g               -           1353 31266                -            441   3.4e-09   35.5   0.0   1   2   1.4e-08   1.5e-06   26.8   0.0   252   392   517   658   512   662 0.83 length=1354	scaffold=gi527311550	strand=-
8067_g               -           1353 31266                -            441   3.4e-09   35.5   0.0   2   2     0.039       4.1    5.6   0.0   331   390  1186  1242  1149  1246 0.83 length=1354	scaffold=gi527311550	strand=-
5020_g               -            661 31266                -            441   6.6e-09   34.6   0.3   1   4     0.021       2.2    6.5   0.0   362   394   136   168   129   178 0.89 length=662	scaffold=gi528858389	strand=-
5020_g               -            661 31266                -            441   6.6e-09   34.6   0.3   2   4       4.9   5.2e+02   -1.3   0.0    91   113   193   214   187   219 0.74 length=662	scaffold=gi528858389	strand=-
5020_g               -            661 31266                -            441   6.6e-09   34.6   0.3   3   4      0.31        33    2.6   0.0   275   297   345   367   341   412 0.78 length=662	scaffold=gi528858389	strand=-
5020_g               -            661 31266                -            441   6.6e-09   34.6   0.3   4   4   5.5e-06   0.00059   18.3   0.0   231   300   440   525   388   542 0.68 length=662	scaffold=gi528858389	strand=-
5492_g               -            661 31266                -            441   6.6e-09   34.6   0.3   1   4     0.021       2.2    6.5   0.0   362   394   136   168   129   178 0.89 length=662	scaffold=gi527313191	strand=-
5492_g               -            661 31266                -            441   6.6e-09   34.6   0.3   2   4       4.9   5.2e+02   -1.3   0.0    91   113   193   214   187   219 0.74 length=662	scaffold=gi527313191	strand=-
5492_g               -            661 31266                -            441   6.6e-09   34.6   0.3   3   4      0.31        33    2.6   0.0   275   297   345   367   341   412 0.78 length=662	scaffold=gi527313191	strand=-
5492_g               -            661 31266                -            441   6.6e-09   34.6   0.3   4   4   5.5e-06   0.00059   18.3   0.0   231   300   440   525   388   542 0.68 length=662	scaffold=gi527313191	strand=-
4276_g               -            710 31266                -            441   8.5e-09   34.2   6.2   1   5   2.7e-06   0.00029   19.3   0.1   235   290   175   230   128   250 0.81 length=711	scaffold=gi528858390	strand=-
4276_g               -            710 31266                -            441   8.5e-09   34.2   6.2   2   5       0.2        22    3.2   0.0   271   300   272   301   267   311 0.82 length=711	scaffold=gi528858390	strand=-
4276_g               -            710 31266                -            441   8.5e-09   34.2   6.2   3   5    0.0039      0.42    8.9   0.1   269   297   343   370   307   390 0.70 length=711	scaffold=gi528858390	strand=-
4276_g               -            710 31266                -            441   8.5e-09   34.2   6.2   4   5      0.61        65    1.7   0.0   270   301   441   472   439   484 0.88 length=711	scaffold=gi528858390	strand=-
4276_g               -            710 31266                -            441   8.5e-09   34.2   6.2   5   5       4.3   4.6e+02   -1.1   0.1   156   190   574   608   569   612 0.88 length=711	scaffold=gi528858390	strand=-
8329_g               -            710 31266                -            441   8.5e-09   34.2   6.2   1   5   2.7e-06   0.00029   19.3   0.1   235   290   175   230   128   250 0.81 length=711	scaffold=gi527313991	strand=+
8329_g               -            710 31266                -            441   8.5e-09   34.2   6.2   2   5       0.2        22    3.2   0.0   271   300   272   301   267   311 0.82 length=711	scaffold=gi527313991	strand=+
8329_g               -            710 31266                -            441   8.5e-09   34.2   6.2   3   5    0.0039      0.42    8.9   0.1   269   297   343   370   307   390 0.70 length=711	scaffold=gi527313991	strand=+
8329_g               -            710 31266                -            441   8.5e-09   34.2   6.2   4   5      0.61        65    1.7   0.0   270   301   441   472   439   484 0.88 length=711	scaffold=gi527313991	strand=+
8329_g               -            710 31266                -            441   8.5e-09   34.2   6.2   5   5       4.3   4.6e+02   -1.1   0.1   156   190   574   608   569   612 0.88 length=711	scaffold=gi527313991	strand=+
7061_g               -           3572 31266                -            441     3e-08   32.4   0.5   1   2     0.026       2.8    6.2   0.1   218   247    36    65    33    75 0.89 length=3573	scaffold=gi528858387	strand=+
7061_g               -           3572 31266                -            441     3e-08   32.4   0.5   2   2   1.3e-07   1.3e-05   23.7   0.0   223   287  3499  3564  3459  3569 0.90 length=3573	scaffold=gi528858387	strand=+
7855_g               -           3572 31266                -            441     3e-08   32.4   0.5   1   2     0.026       2.8    6.2   0.1   218   247    36    65    33    75 0.89 length=3573	scaffold=gi527311550	strand=-
7855_g               -           3572 31266                -            441     3e-08   32.4   0.5   2   2   1.3e-07   1.3e-05   23.7   0.0   223   287  3499  3564  3459  3569 0.90 length=3573	scaffold=gi527311550	strand=-
7315_g               -           1625 31266                -            441   8.7e-08   30.9   0.5   1   2      0.77        82    1.3   0.0   256   293   353   391   346   407 0.57 length=1626	scaffold=gi528858387	strand=+
7315_g               -           1625 31266                -            441   8.7e-08   30.9   0.5   2   2     3e-08   3.2e-06   25.7   0.0   220   286   505   572   497   577 0.90 length=1626	scaffold=gi528858387	strand=+
7604_g               -           1625 31266                -            441   8.7e-08   30.9   0.5   1   2      0.77        82    1.3   0.0   256   293   353   391   346   407 0.57 length=1626	scaffold=gi527311550	strand=-
7604_g               -           1625 31266                -            441   8.7e-08   30.9   0.5   2   2     3e-08   3.2e-06   25.7   0.0   220   286   505   572   497   577 0.90 length=1626	scaffold=gi527311550	strand=-
13034_g              -           2693 31266                -            441     1e-07   30.7   0.1   1   3      0.38        41    2.3   0.0   378   414  1496  1533  1462  1553 0.64 length=2694	scaffold=gi527309735	strand=+
13034_g              -           2693 31266                -            441     1e-07   30.7   0.1   2   3    0.0026      0.27    9.5   0.0   251   285  2142  2176  2139  2183 0.91 length=2694	scaffold=gi527309735	strand=+
13034_g              -           2693 31266                -            441     1e-07   30.7   0.1   3   3   1.3e-06   0.00014   20.4   0.0   173   344  2151  2316  2150  2343 0.77 length=2694	scaffold=gi527309735	strand=+
9631_g               -           2693 31266                -            441     1e-07   30.7   0.1   1   3      0.38        41    2.3   0.0   378   414  1496  1533  1462  1553 0.64 length=2694	scaffold=gi528858385	strand=-
9631_g               -           2693 31266                -            441     1e-07   30.7   0.1   2   3    0.0026      0.27    9.5   0.0   251   285  2142  2176  2139  2183 0.91 length=2694	scaffold=gi528858385	strand=-
9631_g               -           2693 31266                -            441     1e-07   30.7   0.1   3   3   1.3e-06   0.00014   20.4   0.0   173   344  2151  2316  2150  2343 0.77 length=2694	scaffold=gi528858385	strand=-
1123_g               -            751 31266                -            441   2.5e-07   29.4   0.0   1   3   0.00033     0.035   12.4   0.0   222   286   161   226   154   265 0.82 length=752	scaffold=gi528858393	strand=+
1123_g               -            751 31266                -            441   2.5e-07   29.4   0.0   2   3    0.0071      0.75    8.0   0.0   232   275   308   352   288   354 0.73 length=752	scaffold=gi528858393	strand=+
1123_g               -            751 31266                -            441   2.5e-07   29.4   0.0   3   3     0.087       9.3    4.4   0.0   274   309   376   411   373   421 0.79 length=752	scaffold=gi528858393	strand=+
1515_g               -            751 31266                -            441   2.5e-07   29.4   0.0   1   3   0.00033     0.035   12.4   0.0   222   286   161   226   154   265 0.82 length=752	scaffold=gi527315005	strand=-
1515_g               -            751 31266                -            441   2.5e-07   29.4   0.0   2   3    0.0071      0.75    8.0   0.0   232   275   308   352   288   354 0.73 length=752	scaffold=gi527315005	strand=-
1515_g               -            751 31266                -            441   2.5e-07   29.4   0.0   3   3     0.087       9.3    4.4   0.0   274   309   376   411   373   421 0.79 length=752	scaffold=gi527315005	strand=-
7320_g               -           1127 31266                -            441   4.5e-07   28.5   1.5   1   3       1.1   1.2e+02    0.8   0.0   127   156   336   365   331   392 0.88 length=1128	scaffold=gi528858387	strand=+
7320_g               -           1127 31266                -            441   4.5e-07   28.5   1.5   2   3   0.00021     0.023   13.0   0.0   312   400   389   474   360   482 0.77 length=1128	scaffold=gi528858387	strand=+
7320_g               -           1127 31266                -            441   4.5e-07   28.5   1.5   3   3   0.00039     0.042   12.2   0.2   172   277   702   810   655   821 0.82 length=1128	scaffold=gi528858387	strand=+
7599_g               -           1127 31266                -            441   4.5e-07   28.5   1.5   1   3       1.1   1.2e+02    0.8   0.0   127   156   336   365   331   392 0.88 length=1128	scaffold=gi527311550	strand=-
7599_g               -           1127 31266                -            441   4.5e-07   28.5   1.5   2   3   0.00021     0.023   13.0   0.0   312   400   389   474   360   482 0.77 length=1128	scaffold=gi527311550	strand=-
7599_g               -           1127 31266                -            441   4.5e-07   28.5   1.5   3   3   0.00039     0.042   12.2   0.2   172   277   702   810   655   821 0.82 length=1128	scaffold=gi527311550	strand=-
2835_g               -            808 31266                -            441   5.1e-07   28.4   2.8   1   3   6.2e-06   0.00066   18.1   0.1   252   310   433   492   427   504 0.80 length=809	scaffold=gi528858386	strand=-
2835_g               -            808 31266                -            441   5.1e-07   28.4   2.8   2   3     0.058       6.2    5.0   0.0   261   304   567   611   560   623 0.83 length=809	scaffold=gi528858386	strand=-
2835_g               -            808 31266                -            441   5.1e-07   28.4   2.8   3   3      0.42        45    2.2   0.2   248   289   690   731   660   759 0.80 length=809	scaffold=gi528858386	strand=-
3516_g               -            808 31266                -            441   5.1e-07   28.4   2.8   1   3   6.2e-06   0.00066   18.1   0.1   252   310   433   492   427   504 0.80 length=809	scaffold=gi527310881	strand=-
3516_g               -            808 31266                -            441   5.1e-07   28.4   2.8   2   3     0.058       6.2    5.0   0.0   261   304   567   611   560   623 0.83 length=809	scaffold=gi527310881	strand=-
3516_g               -            808 31266                -            441   5.1e-07   28.4   2.8   3   3      0.42        45    2.2   0.2   248   289   690   731   660   759 0.80 length=809	scaffold=gi527310881	strand=-
5705_g               -            343 31266                -            441   6.5e-07   28.0   0.0   1   1     9e-09   9.7e-07   27.5   0.0   254   297   279   322   274   332 0.88 length=344	scaffold=gi528858388	strand=+
6542_g               -            343 31266                -            441   6.5e-07   28.0   0.0   1   1     9e-09   9.7e-07   27.5   0.0   254   297   279   322   274   332 0.88 length=344	scaffold=gi527312496	strand=-
307_g                -            538 31266                -            441     1e-06   27.4   0.0   1   2     0.003      0.32    9.3   0.0   369   399   190   220   179   229 0.82 length=539	scaffold=gi527315854	strand=-
307_g                -            538 31266                -            441     1e-06   27.4   0.0   2   2   3.9e-05    0.0041   15.5   0.0   248   306   235   293   233   305 0.87 length=539	scaffold=gi527315854	strand=-
84_g                 -            538 31266                -            441     1e-06   27.4   0.0   1   2     0.003      0.32    9.3   0.0   369   399   190   220   179   229 0.82 length=539	scaffold=gi528858396	strand=+
84_g                 -            538 31266                -            441     1e-06   27.4   0.0   2   2   3.9e-05    0.0041   15.5   0.0   248   306   235   293   233   305 0.87 length=539	scaffold=gi528858396	strand=+
2698_g               -           1342 31266                -            441     6e-06   24.8   1.2   1   4      0.13        14    3.9   0.0   246   289   584   629   577   650 0.74 length=1343	scaffold=gi528858386	strand=-
2698_g               -           1342 31266                -            441     6e-06   24.8   1.2   2   4     0.013       1.4    7.1   0.0   270   311   730   770   719   784 0.71 length=1343	scaffold=gi528858386	strand=-
2698_g               -           1342 31266                -            441     6e-06   24.8   1.2   3   4      0.91        98    1.1   0.0   241   273   983  1017   978  1024 0.64 length=1343	scaffold=gi528858386	strand=-
2698_g               -           1342 31266                -            441     6e-06   24.8   1.2   4   4     0.014       1.5    7.1   0.0   257   300  1149  1196  1145  1218 0.66 length=1343	scaffold=gi528858386	strand=-
3379_g               -           1342 31266                -            441     6e-06   24.8   1.2   1   4      0.13        14    3.9   0.0   246   289   584   629   577   650 0.74 length=1343	scaffold=gi527310881	strand=-
3379_g               -           1342 31266                -            441     6e-06   24.8   1.2   2   4     0.013       1.4    7.1   0.0   270   311   730   770   719   784 0.71 length=1343	scaffold=gi527310881	strand=-
3379_g               -           1342 31266                -            441     6e-06   24.8   1.2   3   4      0.91        98    1.1   0.0   241   273   983  1017   978  1024 0.64 length=1343	scaffold=gi527310881	strand=-
3379_g               -           1342 31266                -            441     6e-06   24.8   1.2   4   4     0.014       1.5    7.1   0.0   257   300  1149  1196  1145  1218 0.66 length=1343	scaffold=gi527310881	strand=-
5706_g               -           1995 31266                -            441   6.8e-06   24.7   0.2   1   4      0.17        18    3.5   0.0   241   300     5    66     2    79 0.79 length=1996	scaffold=gi528858388	strand=+
5706_g               -           1995 31266                -            441   6.8e-06   24.7   0.2   2   4       4.1   4.3e+02   -1.1   0.0   322   344   373   395   337   405 0.70 length=1996	scaffold=gi528858388	strand=+
5706_g               -           1995 31266                -            441   6.8e-06   24.7   0.2   3   4       5.2   5.5e+02   -1.4   0.0    88   108   462   481   456   504 0.61 length=1996	scaffold=gi528858388	strand=+
5706_g               -           1995 31266                -            441   6.8e-06   24.7   0.2   4   4   3.3e-05    0.0036   15.7   0.1   232   286  1808  1862  1802  1874 0.85 length=1996	scaffold=gi528858388	strand=+
6541_g               -           1995 31266                -            441   6.8e-06   24.7   0.2   1   4      0.17        18    3.5   0.0   241   300     5    66     2    79 0.79 length=1996	scaffold=gi527312496	strand=-
6541_g               -           1995 31266                -            441   6.8e-06   24.7   0.2   2   4       4.1   4.3e+02   -1.1   0.0   322   344   373   395   337   405 0.70 length=1996	scaffold=gi527312496	strand=-
6541_g               -           1995 31266                -            441   6.8e-06   24.7   0.2   3   4       5.2   5.5e+02   -1.4   0.0    88   108   462   481   456   504 0.61 length=1996	scaffold=gi527312496	strand=-
6541_g               -           1995 31266                -            441   6.8e-06   24.7   0.2   4   4   3.3e-05    0.0036   15.7   0.1   232   286  1808  1862  1802  1874 0.85 length=1996	scaffold=gi527312496	strand=-
6089_g               -            779 31266                -            441   7.1e-06   24.6   0.0   1   3      0.11        12    4.1   0.0   173   220   201   248   191   256 0.74 length=780	scaffold=gi528858388	strand=+
6089_g               -            779 31266                -            441   7.1e-06   24.6   0.0   2   3   3.6e-05    0.0038   15.6   0.0   230   301   344   416   339   431 0.82 length=780	scaffold=gi528858388	strand=+
6089_g               -            779 31266                -            441   7.1e-06   24.6   0.0   3   3       1.3   1.4e+02    0.6   0.0   305   357   520   571   509   589 0.78 length=780	scaffold=gi528858388	strand=+
6164_g               -            779 31266                -            441   7.1e-06   24.6   0.0   1   3      0.11        12    4.1   0.0   173   220   201   248   191   256 0.74 length=780	scaffold=gi527312496	strand=-
6164_g               -            779 31266                -            441   7.1e-06   24.6   0.0   2   3   3.6e-05    0.0038   15.6   0.0   230   301   344   416   339   431 0.82 length=780	scaffold=gi527312496	strand=-
6164_g               -            779 31266                -            441   7.1e-06   24.6   0.0   3   3       1.3   1.4e+02    0.6   0.0   305   357   520   571   509   589 0.78 length=780	scaffold=gi527312496	strand=-
12597_g              -           2080 31266                -            441   9.7e-06   24.1   1.4   1   4   4.5e-05    0.0048   15.3   0.0   246   286   450   490   442   505 0.92 length=2081	scaffold=gi527308984	strand=+
12597_g              -           2080 31266                -            441   9.7e-06   24.1   1.4   2   4       1.6   1.7e+02    0.3   0.1   226   247  1007  1028  1003  1033 0.89 length=2081	scaffold=gi527308984	strand=+
12597_g              -           2080 31266                -            441   9.7e-06   24.1   1.4   3   4      0.78        83    1.3   0.0   269   293  1216  1240  1205  1283 0.62 length=2081	scaffold=gi527308984	strand=+
12597_g              -           2080 31266                -            441   9.7e-06   24.1   1.4   4   4       1.4   1.5e+02    0.4   0.0   258   290  1486  1517  1477  1546 0.76 length=2081	scaffold=gi527308984	strand=+
9926_g               -           2080 31266                -            441   9.7e-06   24.1   1.4   1   4   4.5e-05    0.0048   15.3   0.0   246   286   450   490   442   505 0.92 length=2081	scaffold=gi528858384	strand=-
9926_g               -           2080 31266                -            441   9.7e-06   24.1   1.4   2   4       1.6   1.7e+02    0.3   0.1   226   247  1007  1028  1003  1033 0.89 length=2081	scaffold=gi528858384	strand=-
9926_g               -           2080 31266                -            441   9.7e-06   24.1   1.4   3   4      0.78        83    1.3   0.0   269   293  1216  1240  1205  1283 0.62 length=2081	scaffold=gi528858384	strand=-
9926_g               -           2080 31266                -            441   9.7e-06   24.1   1.4   4   4       1.4   1.5e+02    0.4   0.0   258   290  1486  1517  1477  1546 0.76 length=2081	scaffold=gi528858384	strand=-
10962_g              -           3436 31266                -            441   1.1e-05   24.0   0.2   1   2   0.00045     0.048   12.0   0.0   251   313   127   188   122   203 0.71 length=3437	scaffold=gi528858383	strand=+
10962_g              -           3436 31266                -            441   1.1e-05   24.0   0.2   2   2    0.0029      0.31    9.3   0.2   197   254   302   359   275   377 0.87 length=3437	scaffold=gi528858383	strand=+
11759_g              -           3436 31266                -            441   1.1e-05   24.0   0.2   1   2   0.00045     0.048   12.0   0.0   251   313   127   188   122   203 0.71 length=3437	scaffold=gi527307902	strand=+
11759_g              -           3436 31266                -            441   1.1e-05   24.0   0.2   2   2    0.0029      0.31    9.3   0.2   197   254   302   359   275   377 0.87 length=3437	scaffold=gi527307902	strand=+
6987_g               -            717 31266                -            441   1.4e-05   23.6   0.4   1   2   1.3e-05    0.0014   17.1   0.0   233   295   518   581   498   603 0.81 length=718	scaffold=gi528858387	strand=-
6987_g               -            717 31266                -            441   1.4e-05   23.6   0.4   2   2       0.1        11    4.2   0.1   217   284   635   701   623   707 0.80 length=718	scaffold=gi528858387	strand=-
7925_g               -            717 31266                -            441   1.4e-05   23.6   0.4   1   2   1.3e-05    0.0014   17.1   0.0   233   295   518   581   498   603 0.81 length=718	scaffold=gi527311550	strand=+
7925_g               -            717 31266                -            441   1.4e-05   23.6   0.4   2   2       0.1        11    4.2   0.1   217   284   635   701   623   707 0.80 length=718	scaffold=gi527311550	strand=+
12606_g              -           1148 31266                -            441   1.4e-05   23.6   0.0   1   3   0.00082     0.088   11.1   0.2   251   391   433   560   428   576 0.70 length=1149	scaffold=gi527308984	strand=+
12606_g              -           1148 31266                -            441   1.4e-05   23.6   0.0   2   3      0.89        94    1.1   0.0   229   269   700   740   698   743 0.85 length=1149	scaffold=gi527308984	strand=+
12606_g              -           1148 31266                -            441   1.4e-05   23.6   0.0   3   3     0.036       3.9    5.7   0.0   219   259   875   916   862   924 0.86 length=1149	scaffold=gi527308984	strand=+
9917_g               -           1148 31266                -            441   1.4e-05   23.6   0.0   1   3   0.00082     0.088   11.1   0.2   251   391   433   560   428   576 0.70 length=1149	scaffold=gi528858384	strand=-
9917_g               -           1148 31266                -            441   1.4e-05   23.6   0.0   2   3      0.89        94    1.1   0.0   229   269   700   740   698   743 0.85 length=1149	scaffold=gi528858384	strand=-
9917_g               -           1148 31266                -            441   1.4e-05   23.6   0.0   3   3     0.036       3.9    5.7   0.0   219   259   875   916   862   924 0.86 length=1149	scaffold=gi528858384	strand=-
5687_g               -           1244 31266                -            441   1.5e-05   23.5   0.1   1   2     0.023       2.5    6.3   0.0   270   290  1111  1131  1053  1135 0.85 length=1245	scaffold=gi528858388	strand=+
5687_g               -           1244 31266                -            441   1.5e-05   23.5   0.1   2   2   4.8e-07   5.1e-05   21.8   0.1   218   295  1101  1186  1093  1203 0.80 length=1245	scaffold=gi528858388	strand=+
6560_g               -           1244 31266                -            441   1.5e-05   23.5   0.1   1   2     0.023       2.5    6.3   0.0   270   290  1111  1131  1053  1135 0.85 length=1245	scaffold=gi527312496	strand=-
6560_g               -           1244 31266                -            441   1.5e-05   23.5   0.1   2   2   4.8e-07   5.1e-05   21.8   0.1   218   295  1101  1186  1093  1203 0.80 length=1245	scaffold=gi527312496	strand=-
11274_g              -           2197 31266                -            441   2.2e-05   23.0   0.1   1   3    0.0013      0.14   10.4   0.0   321   414  1278  1373  1262  1400 0.53 length=2198	scaffold=gi528858383	strand=-
11274_g              -           2197 31266                -            441   2.2e-05   23.0   0.1   2   3       1.4   1.5e+02    0.5   0.0   272   288  1692  1708  1678  1719 0.80 length=2198	scaffold=gi528858383	strand=-
11274_g              -           2197 31266                -            441   2.2e-05   23.0   0.1   3   3     0.013       1.4    7.2   0.0   312   392  1835  1917  1819  1923 0.82 length=2198	scaffold=gi528858383	strand=-
12071_g              -           2197 31266                -            441   2.2e-05   23.0   0.1   1   3    0.0013      0.14   10.4   0.0   321   414  1278  1373  1262  1400 0.53 length=2198	scaffold=gi527307902	strand=-
12071_g              -           2197 31266                -            441   2.2e-05   23.0   0.1   2   3       1.4   1.5e+02    0.5   0.0   272   288  1692  1708  1678  1719 0.80 length=2198	scaffold=gi527307902	strand=-
12071_g              -           2197 31266                -            441   2.2e-05   23.0   0.1   3   3     0.013       1.4    7.2   0.0   312   392  1835  1917  1819  1923 0.82 length=2198	scaffold=gi527307902	strand=-
1682_g               -            473 31266                -            441   2.4e-05   22.8   0.1   1   1   3.4e-07   3.6e-05   22.3   0.1   230   281    58   109    50   128 0.95 length=474	scaffold=gi527315322	strand=-
865_g                -            473 31266                -            441   2.4e-05   22.8   0.1   1   1   3.4e-07   3.6e-05   22.3   0.1   230   281    58   109    50   128 0.95 length=474	scaffold=gi528858394	strand=-
13224_g              -           1304 31266                -            441   3.7e-05   22.2   0.0   1   2    0.0027      0.29    9.4   0.0   357   394   614   651   606   672 0.81 length=1305	scaffold=gi527309735	strand=-
13224_g              -           1304 31266                -            441   3.7e-05   22.2   0.0   2   2    0.0019       0.2    9.9   0.0   206   256  1078  1127  1074  1130 0.89 length=1305	scaffold=gi527309735	strand=-
7399_g               -            483 31266                -            441     4e-05   22.1   0.0   1   3       0.5        53    1.9   0.0   265   305    49    89    47   105 0.75 length=484	scaffold=gi528858387	strand=-
7399_g               -            483 31266                -            441     4e-05   22.1   0.0   2   3   3.7e-05    0.0039   15.6   0.0   253   306   218   269   151   282 0.85 length=484	scaffold=gi528858387	strand=-
7399_g               -            483 31266                -            441     4e-05   22.1   0.0   3   3       3.3   3.5e+02   -0.8   0.0   213   239   305   331   300   335 0.89 length=484	scaffold=gi528858387	strand=-
7519_g               -            483 31266                -            441     4e-05   22.1   0.0   1   3       0.5        53    1.9   0.0   265   305    49    89    47   105 0.75 length=484	scaffold=gi527311550	strand=+
7519_g               -            483 31266                -            441     4e-05   22.1   0.0   2   3   3.7e-05    0.0039   15.6   0.0   253   306   218   269   151   282 0.85 length=484	scaffold=gi527311550	strand=+
7519_g               -            483 31266                -            441     4e-05   22.1   0.0   3   3       3.3   3.5e+02   -0.8   0.0   213   239   305   331   300   335 0.89 length=484	scaffold=gi527311550	strand=+
3966_g               -            672 31266                -            441   4.3e-05   22.0   0.0   1   4       7.4   7.9e+02   -1.9   0.0   379   427     8    55     7    64 0.68 length=673	scaffold=gi528858391	strand=+
3966_g               -            672 31266                -            441   4.3e-05   22.0   0.0   2   4       4.9   5.2e+02   -1.3   0.0   251   270   127   146   123   149 0.90 length=673	scaffold=gi528858391	strand=+
3966_g               -            672 31266                -            441   4.3e-05   22.0   0.0   3   4     0.017       1.8    6.8   0.0   272   298   178   204   171   260 0.78 length=673	scaffold=gi528858391	strand=+
3966_g               -            672 31266                -            441   4.3e-05   22.0   0.0   4   4    0.0011      0.12   10.7   0.0   253   293   596   636   568   668 0.67 length=673	scaffold=gi528858391	strand=+
8746_g               -            672 31266                -            441   4.3e-05   22.0   0.0   1   4       7.4   7.9e+02   -1.9   0.0   379   427     8    55     7    64 0.68 length=673	scaffold=gi527314479	strand=+
8746_g               -            672 31266                -            441   4.3e-05   22.0   0.0   2   4       4.9   5.2e+02   -1.3   0.0   251   270   127   146   123   149 0.90 length=673	scaffold=gi527314479	strand=+
8746_g               -            672 31266                -            441   4.3e-05   22.0   0.0   3   4     0.017       1.8    6.8   0.0   272   298   178   204   171   260 0.78 length=673	scaffold=gi527314479	strand=+
8746_g               -            672 31266                -            441   4.3e-05   22.0   0.0   4   4    0.0011      0.12   10.7   0.0   253   293   596   636   568   668 0.67 length=673	scaffold=gi527314479	strand=+
10009_g              -           1575 31266                -            441   4.5e-05   21.9   0.1   1   2    0.0021      0.22    9.8   0.0   306   352   228   274   119   282 0.62 length=1576	scaffold=gi528858384	strand=-
10009_g              -           1575 31266                -            441   4.5e-05   21.9   0.1   2   2    0.0041      0.44    8.8   0.0   238   328   290   386   280   395 0.72 length=1576	scaffold=gi528858384	strand=-
12509_g              -           1575 31266                -            441   4.5e-05   21.9   0.1   1   2    0.0021      0.22    9.8   0.0   306   352   228   274   119   282 0.62 length=1576	scaffold=gi527308984	strand=+
12509_g              -           1575 31266                -            441   4.5e-05   21.9   0.1   2   2    0.0041      0.44    8.8   0.0   238   328   290   386   280   395 0.72 length=1576	scaffold=gi527308984	strand=+
6921_g               -           3003 31266                -            441   9.4e-05   20.9   6.5   1   4       3.6   3.9e+02   -0.9   0.1   230   265   169   204   165   218 0.71 length=3004	scaffold=gi528858387	strand=-
6921_g               -           3003 31266                -            441   9.4e-05   20.9   6.5   2   4     0.026       2.7    6.2   0.0   271   289   283   301   280   332 0.73 length=3004	scaffold=gi528858387	strand=-
6921_g               -           3003 31266                -            441   9.4e-05   20.9   6.5   3   4     0.012       1.2    7.3   0.0   253   288  1026  1061  1019  1083 0.88 length=3004	scaffold=gi528858387	strand=-
6921_g               -           3003 31266                -            441   9.4e-05   20.9   6.5   4   4     0.033       3.5    5.8   0.1   264   292  1215  1243  1211  1263 0.81 length=3004	scaffold=gi528858387	strand=-
7991_g               -           3003 31266                -            441   9.4e-05   20.9   6.5   1   4       3.6   3.9e+02   -0.9   0.1   230   265   169   204   165   218 0.71 length=3004	scaffold=gi527311550	strand=+
7991_g               -           3003 31266                -            441   9.4e-05   20.9   6.5   2   4     0.026       2.7    6.2   0.0   271   289   283   301   280   332 0.73 length=3004	scaffold=gi527311550	strand=+
7991_g               -           3003 31266                -            441   9.4e-05   20.9   6.5   3   4     0.012       1.2    7.3   0.0   253   288  1026  1061  1019  1083 0.88 length=3004	scaffold=gi527311550	strand=+
7991_g               -           3003 31266                -            441   9.4e-05   20.9   6.5   4   4     0.033       3.5    5.8   0.1   264   292  1215  1243  1211  1263 0.81 length=3004	scaffold=gi527311550	strand=+
1805_g               -            269 31266                -            441   0.00011   20.7   0.0   1   4       4.8   5.1e+02   -1.3   0.0   372   382    58    68    44    74 0.72 length=270	scaffold=gi527315322	strand=-
1805_g               -            269 31266                -            441   0.00011   20.7   0.0   2   4     0.013       1.4    7.1   0.0   177   249    77   153    57   158 0.73 length=270	scaffold=gi527315322	strand=-
1805_g               -            269 31266                -            441   0.00011   20.7   0.0   3   4     0.051       5.4    5.2   0.0   246   301   178   232   176   235 0.83 length=270	scaffold=gi527315322	strand=-
1805_g               -            269 31266                -            441   0.00011   20.7   0.0   4   4    0.0036      0.38    9.0   0.0   242   288   215   262   209   267 0.88 length=270	scaffold=gi527315322	strand=-
988_g                -            269 31266                -            441   0.00011   20.7   0.0   1   4       4.8   5.1e+02   -1.3   0.0   372   382    58    68    44    74 0.72 length=270	scaffold=gi528858394	strand=-
988_g                -            269 31266                -            441   0.00011   20.7   0.0   2   4     0.013       1.4    7.1   0.0   177   249    77   153    57   158 0.73 length=270	scaffold=gi528858394	strand=-
988_g                -            269 31266                -            441   0.00011   20.7   0.0   3   4     0.051       5.4    5.2   0.0   246   301   178   232   176   235 0.83 length=270	scaffold=gi528858394	strand=-
988_g                -            269 31266                -            441   0.00011   20.7   0.0   4   4    0.0036      0.38    9.0   0.0   242   288   215   262   209   267 0.88 length=270	scaffold=gi528858394	strand=-
2734_g               -           1606 31266                -            441   0.00012   20.6   4.5   1   3   0.00041     0.044   12.1   0.6   229   301   664   735   655   759 0.73 length=1607	scaffold=gi528858386	strand=+
2734_g               -           1606 31266                -            441   0.00012   20.6   4.5   2   3       1.1   1.1e+02    0.9   0.1   273   288   754   769   747   802 0.82 length=1607	scaffold=gi528858386	strand=+
2734_g               -           1606 31266                -            441   0.00012   20.6   4.5   3   3     0.013       1.4    7.1   0.1   309   397   869   957   851   998 0.72 length=1607	scaffold=gi528858386	strand=+
3415_g               -           1606 31266                -            441   0.00012   20.6   4.5   1   3   0.00041     0.044   12.1   0.6   229   301   664   735   655   759 0.73 length=1607	scaffold=gi527310881	strand=+
3415_g               -           1606 31266                -            441   0.00012   20.6   4.5   2   3       1.1   1.1e+02    0.9   0.1   273   288   754   769   747   802 0.82 length=1607	scaffold=gi527310881	strand=+
3415_g               -           1606 31266                -            441   0.00012   20.6   4.5   3   3     0.013       1.4    7.1   0.1   309   397   869   957   851   998 0.72 length=1607	scaffold=gi527310881	strand=+
10018_g              -           2990 31266                -            441   0.00023   19.6   0.0   1   1   5.4e-06   0.00057   18.3   0.0   224   287   986  1049   979  1053 0.92 length=2991	scaffold=gi528858384	strand=-
12500_g              -           2990 31266                -            441   0.00023   19.6   0.0   1   1   5.4e-06   0.00057   18.3   0.0   224   287   986  1049   979  1053 0.92 length=2991	scaffold=gi527308984	strand=+
1961_g               -            675 31266                -            441    0.0004   18.8   0.8   1   4     0.017       1.8    6.8   0.0   223   278   358   415   353   435 0.77 length=676	scaffold=gi528858392	strand=+
1961_g               -            675 31266                -            441    0.0004   18.8   0.8   2   4         4   4.3e+02   -1.1   0.0   276   294   470   488   467   501 0.84 length=676	scaffold=gi528858392	strand=+
1961_g               -            675 31266                -            441    0.0004   18.8   0.8   3   4     0.061       6.5    4.9   0.0   274   288   534   548   528   570 0.81 length=676	scaffold=gi528858392	strand=+
1961_g               -            675 31266                -            441    0.0004   18.8   0.8   4   4       2.4   2.5e+02   -0.3   0.0   233   269   590   626   584   632 0.80 length=676	scaffold=gi528858392	strand=+
2299_g               -            675 31266                -            441    0.0004   18.8   0.8   1   4     0.017       1.8    6.8   0.0   223   278   358   415   353   435 0.77 length=676	scaffold=gi527314726	strand=-
2299_g               -            675 31266                -            441    0.0004   18.8   0.8   2   4         4   4.3e+02   -1.1   0.0   276   294   470   488   467   501 0.84 length=676	scaffold=gi527314726	strand=-
2299_g               -            675 31266                -            441    0.0004   18.8   0.8   3   4     0.061       6.5    4.9   0.0   274   288   534   548   528   570 0.81 length=676	scaffold=gi527314726	strand=-
2299_g               -            675 31266                -            441    0.0004   18.8   0.8   4   4       2.4   2.5e+02   -0.3   0.0   233   269   590   626   584   632 0.80 length=676	scaffold=gi527314726	strand=-
9442_g               -           3598 31266                -            441   0.00045   18.6   0.0   1   2    0.0082      0.87    7.8   0.0   357   394   614   651   606   672 0.81 length=3599	scaffold=gi528858385	strand=+
9442_g               -           3598 31266                -            441   0.00045   18.6   0.0   2   2    0.0058      0.61    8.3   0.0   206   256  1078  1127  1074  1130 0.89 length=3599	scaffold=gi528858385	strand=+
6765_g               -            683 31266                -            441   0.00083   17.8   0.0   1   1   1.5e-05    0.0016   16.8   0.0   271   342   170   236   163   259 0.74 length=684	scaffold=gi528858387	strand=-
8147_g               -            683 31266                -            441   0.00083   17.8   0.0   1   1   1.5e-05    0.0016   16.8   0.0   271   342   170   236   163   259 0.74 length=684	scaffold=gi527311550	strand=+
5658_g               -           2125 31266                -            441    0.0027   16.1   0.1   1   1   6.9e-05    0.0073   14.7   0.1   257   301  1722  1766  1714  1810 0.81 length=2126	scaffold=gi528858388	strand=+
6589_g               -           2125 31266                -            441    0.0027   16.1   0.1   1   1   6.9e-05    0.0073   14.7   0.1   257   301  1722  1766  1714  1810 0.81 length=2126	scaffold=gi527312496	strand=-
1192_g               -            231 31266                -            441    0.0027   16.1   0.3   1   1   4.8e-05    0.0051   15.2   0.3   269   388    22   127    16   174 0.77 length=232	scaffold=gi528858393	strand=-
1446_g               -            231 31266                -            441    0.0027   16.1   0.3   1   1   4.8e-05    0.0051   15.2   0.3   269   388    22   127    16   174 0.77 length=232	scaffold=gi527315005	strand=+
6063_g               -            700 31266                -            441    0.0028   16.0   0.1   1   2    0.0012      0.12   10.6   0.1   310   385    28    99     7   117 0.76 length=701	scaffold=gi528858388	strand=-
6063_g               -            700 31266                -            441    0.0028   16.0   0.1   2   2      0.21        22    3.2   0.0    85   112   118   145   111   151 0.87 length=701	scaffold=gi528858388	strand=-
6189_g               -            700 31266                -            441    0.0028   16.0   0.1   1   2    0.0012      0.12   10.6   0.1   310   385    28    99     7   117 0.76 length=701	scaffold=gi527312496	strand=+
6189_g               -            700 31266                -            441    0.0028   16.0   0.1   2   2      0.21        22    3.2   0.0    85   112   118   145   111   151 0.87 length=701	scaffold=gi527312496	strand=+
13592_g              -            389 31266                -            441    0.0037   15.7   0.2   1   4      0.37        39    2.4   0.0   271   294    29    52    13    65 0.49 length=390	scaffold=gi527309735	strand=+
13592_g              -            389 31266                -            441    0.0037   15.7   0.2   2   4      0.01       1.1    7.5   0.0   268   295   157   183   119   198 0.70 length=390	scaffold=gi527309735	strand=+
13592_g              -            389 31266                -            441    0.0037   15.7   0.2   3   4       3.2   3.4e+02   -0.7   0.0   261   286   190   215   187   235 0.85 length=390	scaffold=gi527309735	strand=+
13592_g              -            389 31266                -            441    0.0037   15.7   0.2   4   4         5   5.3e+02   -1.4   0.0   273   286   373   386   356   389 0.58 length=390	scaffold=gi527309735	strand=+
7506_g               -            515 31266                -            441    0.0069   14.7   0.0   1   4       1.4   1.5e+02    0.5   0.0   332   358    33    59    24    86 0.83 length=516	scaffold=gi527311550	strand=+
7506_g               -            515 31266                -            441    0.0069   14.7   0.0   2   4      0.34        36    2.5   0.0   273   300   122   149   117   166 0.85 length=516	scaffold=gi527311550	strand=+
7506_g               -            515 31266                -            441    0.0069   14.7   0.0   3   4     0.046         5    5.3   0.0   283   353   316   386   313   398 0.71 length=516	scaffold=gi527311550	strand=+
7506_g               -            515 31266                -            441    0.0069   14.7   0.0   4   4         7   7.4e+02   -1.8   0.1   129   151   475   497   470   504 0.67 length=516	scaffold=gi527311550	strand=+
7412_g               -            508 31266                -            441    0.0076   14.6   0.0   1   4       1.4   1.4e+02    0.5   0.0   332   358    33    59    24    86 0.83 length=509	scaffold=gi528858387	strand=-
7412_g               -            508 31266                -            441    0.0076   14.6   0.0   2   4      0.33        36    2.5   0.0   273   300   122   149   117   166 0.85 length=509	scaffold=gi528858387	strand=-
7412_g               -            508 31266                -            441    0.0076   14.6   0.0   3   4     0.045       4.9    5.4   0.0   283   353   316   386   313   398 0.71 length=509	scaffold=gi528858387	strand=-
7412_g               -            508 31266                -            441    0.0076   14.6   0.0   4   4       2.4   2.5e+02   -0.3   0.0   267   326   433   485   423   506 0.43 length=509	scaffold=gi528858387	strand=-
4945_g               -           1144 31266                -            441      0.01   14.2   0.0   1   4       1.6   1.7e+02    0.3   0.0   379   408    34    63    15    75 0.66 length=1145	scaffold=gi528858389	strand=-
4945_g               -           1144 31266                -            441      0.01   14.2   0.0   2   4      0.98     1e+02    1.0   0.0   233   275    35    77    28   117 0.56 length=1145	scaffold=gi528858389	strand=-
4945_g               -           1144 31266                -            441      0.01   14.2   0.0   3   4    0.0048      0.51    8.6   0.0   258   359   102   187    92   199 0.77 length=1145	scaffold=gi528858389	strand=-
4945_g               -           1144 31266                -            441      0.01   14.2   0.0   4   4       4.2   4.5e+02   -1.1   0.0   273   292   334   353   324   365 0.80 length=1145	scaffold=gi528858389	strand=-
5417_g               -           1144 31266                -            441      0.01   14.2   0.0   1   4       1.6   1.7e+02    0.3   0.0   379   408    34    63    15    75 0.66 length=1145	scaffold=gi527313191	strand=-
5417_g               -           1144 31266                -            441      0.01   14.2   0.0   2   4      0.98     1e+02    1.0   0.0   233   275    35    77    28   117 0.56 length=1145	scaffold=gi527313191	strand=-
5417_g               -           1144 31266                -            441      0.01   14.2   0.0   3   4    0.0048      0.51    8.6   0.0   258   359   102   187    92   199 0.77 length=1145	scaffold=gi527313191	strand=-
5417_g               -           1144 31266                -            441      0.01   14.2   0.0   4   4       4.2   4.5e+02   -1.1   0.0   273   292   334   353   324   365 0.80 length=1145	scaffold=gi527313191	strand=-
516_g                -           2272 31266                -            441      0.02   13.3   3.0   1   2   0.00035     0.038   12.3   0.0   256   304   553   601   548   606 0.83 length=2273	scaffold=gi528858395	strand=-
516_g                -           2272 31266                -            441      0.02   13.3   3.0   2   2         6   6.4e+02   -1.6   0.0   378   395  2044  2061  2042  2070 0.78 length=2273	scaffold=gi528858395	strand=-
657_g                -           2272 31266                -            441      0.02   13.3   3.0   1   2   0.00035     0.038   12.3   0.0   256   304   553   601   548   606 0.83 length=2273	scaffold=gi527315607	strand=+
657_g                -           2272 31266                -            441      0.02   13.3   3.0   2   2         6   6.4e+02   -1.6   0.0   378   395  2044  2061  2042  2070 0.78 length=2273	scaffold=gi527315607	strand=+
12641_g              -           1852 31266                -            441     0.024   13.0   0.5   1   2       2.5   2.6e+02   -0.3   0.0   258   289   380   413   369   426 0.85 length=1853	scaffold=gi527308984	strand=-
12641_g              -           1852 31266                -            441     0.024   13.0   0.5   2   2     0.066         7    4.8   0.0   272   317   519   565   515   585 0.67 length=1853	scaffold=gi527308984	strand=-
9882_g               -           1852 31266                -            441     0.024   13.0   0.5   1   2       2.5   2.6e+02   -0.3   0.0   258   289   380   413   369   426 0.85 length=1853	scaffold=gi528858384	strand=+
9882_g               -           1852 31266                -            441     0.024   13.0   0.5   2   2     0.066         7    4.8   0.0   272   317   519   565   515   585 0.67 length=1853	scaffold=gi528858384	strand=+
9071_g               -            333 31266                -            441     0.038   12.3   0.2   1   4       3.3   3.5e+02   -0.8   0.0   277   300    67    90    61   102 0.76 length=334	scaffold=gi528858385	strand=-
9071_g               -            333 31266                -            441     0.038   12.3   0.2   2   4    0.0084       0.9    7.8   0.0   269   297   102   129    71   150 0.71 length=334	scaffold=gi528858385	strand=-
9071_g               -            333 31266                -            441     0.038   12.3   0.2   3   4       3.4   3.6e+02   -0.8   0.0   261   285   134   158   130   162 0.84 length=334	scaffold=gi528858385	strand=-
9071_g               -            333 31266                -            441     0.038   12.3   0.2   4   4       4.1   4.4e+02   -1.1   0.0   273   286   317   330   300   333 0.58 length=334	scaffold=gi528858385	strand=-
10422_g              -            131 31266                -            441     0.079   11.3   0.0   1   1    0.0014      0.15   10.3   0.0   218   275     9    64     3    72 0.90 length=132	scaffold=gi528858384	strand=+
12837_g              -            168 31266                -            441     0.087   11.1   0.0   1   2    0.0026      0.27    9.5   0.0   218   275     9    64     3    71 0.90 length=169	scaffold=gi527308853	strand=-
12837_g              -            168 31266                -            441     0.087   11.1   0.0   2   2       3.8     4e+02   -1.0   0.0   262   282    86   106    77   152 0.63 length=169	scaffold=gi527308853	strand=-
#
# Program:         hmmsearch
# Version:         3.4 (Aug 2023)
# Pipeline mode:   SEARCH
# Query file:      /home/inf-20-2025/Malaria/busco_downloads/lineages/apicomplexa_odb12/hmms/31266at5794.hmm
# Target file:     /home/inf-20-2025/Malaria/Results/6_nobird_annotation/T_gondii.faa
# Option settings: hmmsearch --domtblout Results/8_busco/T_gondii/run_apicomplexa_odb12/hmmer_output/initial_run_results/31266at5794.out --cpu 1 /home/inf-20-2025/Malaria/busco_downloads/lineages/apicomplexa_odb12/hmms/31266at5794.hmm /home/inf-20-2025/Malaria/Results/6_nobird_annotation/T_gondii.faa 
# Current dir:     /home/inf-20-2025/Malaria
# Date:            Wed Mar  4 18:33:01 2026
# [ok]
