#                                                                            --- full sequence --- -------------- this domain -------------   hmm coord   ali coord   env coord
# target name        accession   tlen query name           accession   qlen   E-value  score  bias   #  of  c-Evalue  i-Evalue  score  bias  from    to  from    to  from    to  acc description of target
#------------------- ---------- ----- -------------------- ---------- ----- --------- ------ ----- --- --- --------- --------- ------ ----- ----- ----- ----- ----- ----- ----- ---- ---------------------
4491_g               -            711 31553                -            383  3.5e-144  480.1   9.9   1   6   2.4e-30   2.4e-28   98.9   0.4     1   106    79   204    79   214 0.79 length=712	scaffold=gi528858390	strand=-
4491_g               -            711 31553                -            383  3.5e-144  480.1   9.9   2   6   4.1e-11   4.1e-09   35.6   0.0   107   149   234   276   224   293 0.89 length=712	scaffold=gi528858390	strand=-
4491_g               -            711 31553                -            383  3.5e-144  480.1   9.9   3   6   0.00084     0.084   11.5   0.0   325   361   349   385   343   393 0.84 length=712	scaffold=gi528858390	strand=-
4491_g               -            711 31553                -            383  3.5e-144  480.1   9.9   4   6      0.18        18    3.8   0.0   159   177   409   427   405   433 0.70 length=712	scaffold=gi528858390	strand=-
4491_g               -            711 31553                -            383  3.5e-144  480.1   9.9   5   6     4e-64     4e-62  210.0   0.2   161   304   437   580   428   590 0.91 length=712	scaffold=gi528858390	strand=-
4491_g               -            711 31553                -            383  3.5e-144  480.1   9.9   6   6   5.5e-35   5.5e-33  114.2   0.1   302   383   607   688   602   688 0.97 length=712	scaffold=gi528858390	strand=-
8506_g               -            711 31553                -            383  3.5e-144  480.1   9.9   1   6   2.4e-30   2.4e-28   98.9   0.4     1   106    79   204    79   214 0.79 length=712	scaffold=gi527313757	strand=-
8506_g               -            711 31553                -            383  3.5e-144  480.1   9.9   2   6   4.1e-11   4.1e-09   35.6   0.0   107   149   234   276   224   293 0.89 length=712	scaffold=gi527313757	strand=-
8506_g               -            711 31553                -            383  3.5e-144  480.1   9.9   3   6   0.00084     0.084   11.5   0.0   325   361   349   385   343   393 0.84 length=712	scaffold=gi527313757	strand=-
8506_g               -            711 31553                -            383  3.5e-144  480.1   9.9   4   6      0.18        18    3.8   0.0   159   177   409   427   405   433 0.70 length=712	scaffold=gi527313757	strand=-
8506_g               -            711 31553                -            383  3.5e-144  480.1   9.9   5   6     4e-64     4e-62  210.0   0.2   161   304   437   580   428   590 0.91 length=712	scaffold=gi527313757	strand=-
8506_g               -            711 31553                -            383  3.5e-144  480.1   9.9   6   6   5.5e-35   5.5e-33  114.2   0.1   302   383   607   688   602   688 0.97 length=712	scaffold=gi527313757	strand=-
10695_g              -            900 31553                -            383   2.1e-58  197.8  13.1   1   4   8.1e-09   8.1e-07   28.0   0.1   244   310   606   671   585   672 0.77 length=901	scaffold=gi528858383	strand=-
10695_g              -            900 31553                -            383   2.1e-58  197.8  13.1   2   4   1.1e-32   1.1e-30  106.5   2.0   164   373   607   817   603   828 0.90 length=901	scaffold=gi528858383	strand=-
10695_g              -            900 31553                -            383   2.1e-58  197.8  13.1   3   4   7.3e-27   7.3e-25   87.4   0.8   177   382   665   877   661   878 0.87 length=901	scaffold=gi528858383	strand=-
10695_g              -            900 31553                -            383   2.1e-58  197.8  13.1   4   4      0.14        14    4.2   0.0   152   183   856   887   839   891 0.86 length=901	scaffold=gi528858383	strand=-
11492_g              -            900 31553                -            383   2.1e-58  197.8  13.1   1   4   8.1e-09   8.1e-07   28.0   0.1   244   310   606   671   585   672 0.77 length=901	scaffold=gi527307902	strand=-
11492_g              -            900 31553                -            383   2.1e-58  197.8  13.1   2   4   1.1e-32   1.1e-30  106.5   2.0   164   373   607   817   603   828 0.90 length=901	scaffold=gi527307902	strand=-
11492_g              -            900 31553                -            383   2.1e-58  197.8  13.1   3   4   7.3e-27   7.3e-25   87.4   0.8   177   382   665   877   661   878 0.87 length=901	scaffold=gi527307902	strand=-
11492_g              -            900 31553                -            383   2.1e-58  197.8  13.1   4   4      0.14        14    4.2   0.0   152   183   856   887   839   891 0.86 length=901	scaffold=gi527307902	strand=-
4334_g               -           1364 31553                -            383   1.1e-41  142.8   3.3   1   3   4.1e-31   4.1e-29  101.4   0.5   179   343     7   169     2   172 0.95 length=1365	scaffold=gi528858390	strand=-
4334_g               -           1364 31553                -            383   1.1e-41  142.8   3.3   2   3   0.00053     0.053   12.2   0.0   179   215   211   247   197   253 0.83 length=1365	scaffold=gi528858390	strand=-
4334_g               -           1364 31553                -            383   1.1e-41  142.8   3.3   3   3   1.7e-11   1.7e-09   36.8   0.1   150   250   221   326   220   335 0.84 length=1365	scaffold=gi528858390	strand=-
8274_g               -           1364 31553                -            383   1.1e-41  142.8   3.3   1   3   4.1e-31   4.1e-29  101.4   0.5   179   343     7   169     2   172 0.95 length=1365	scaffold=gi527313991	strand=+
8274_g               -           1364 31553                -            383   1.1e-41  142.8   3.3   2   3   0.00053     0.053   12.2   0.0   179   215   211   247   197   253 0.83 length=1365	scaffold=gi527313991	strand=+
8274_g               -           1364 31553                -            383   1.1e-41  142.8   3.3   3   3   1.7e-11   1.7e-09   36.8   0.1   150   250   221   326   220   335 0.84 length=1365	scaffold=gi527313991	strand=+
12917_g              -           1311 31553                -            383   5.6e-40  137.2   0.2   1   3   1.4e-10   1.4e-08   33.8   0.0   175   245   542   612   538   623 0.93 length=1312	scaffold=gi527309735	strand=+
12917_g              -           1311 31553                -            383   5.6e-40  137.2   0.2   2   3   3.1e-12   3.1e-10   39.3   0.2   289   365   998  1074   995  1080 0.95 length=1312	scaffold=gi527309735	strand=+
12917_g              -           1311 31553                -            383   5.6e-40  137.2   0.2   3   3   3.2e-18   3.2e-16   59.0   0.0   158   294  1114  1256  1092  1274 0.84 length=1312	scaffold=gi527309735	strand=+
9745_g               -           1311 31553                -            383   5.6e-40  137.2   0.2   1   3   1.4e-10   1.4e-08   33.8   0.0   175   245   542   612   538   623 0.93 length=1312	scaffold=gi528858385	strand=-
9745_g               -           1311 31553                -            383   5.6e-40  137.2   0.2   2   3   3.1e-12   3.1e-10   39.3   0.2   289   365   998  1074   995  1080 0.95 length=1312	scaffold=gi528858385	strand=-
9745_g               -           1311 31553                -            383   5.6e-40  137.2   0.2   3   3   3.2e-18   3.2e-16   59.0   0.0   158   294  1114  1256  1092  1274 0.84 length=1312	scaffold=gi528858385	strand=-
10432_g              -            384 31553                -            383   1.4e-37  129.3   3.5   1   2   6.9e-24   6.9e-22   77.6   1.4   223   353    95   226    92   227 0.87 length=385	scaffold=gi528858384	strand=-
10432_g              -            384 31553                -            383   1.4e-37  129.3   3.5   2   2   1.9e-16   1.9e-14   53.1   0.1   224   346   225   349   222   361 0.80 length=385	scaffold=gi528858384	strand=-
12827_g              -            384 31553                -            383   1.4e-37  129.3   3.5   1   2   6.9e-24   6.9e-22   77.6   1.4   223   353    95   226    92   227 0.87 length=385	scaffold=gi527308853	strand=+
12827_g              -            384 31553                -            383   1.4e-37  129.3   3.5   2   2   1.9e-16   1.9e-14   53.1   0.1   224   346   225   349   222   361 0.80 length=385	scaffold=gi527308853	strand=+
1903_g               -            659 31553                -            383   3.7e-36  124.6   4.3   1   2   1.1e-10   1.1e-08   34.1   0.0   269   342   355   428   342   435 0.88 length=660	scaffold=gi528858392	strand=+
1903_g               -            659 31553                -            383   3.7e-36  124.6   4.3   2   2   3.7e-28   3.7e-26   91.7   0.0   175   382   434   652   430   653 0.87 length=660	scaffold=gi528858392	strand=+
2359_g               -            659 31553                -            383   3.7e-36  124.6   4.3   1   2   1.1e-10   1.1e-08   34.1   0.0   269   342   355   428   342   435 0.88 length=660	scaffold=gi527314726	strand=-
2359_g               -            659 31553                -            383   3.7e-36  124.6   4.3   2   2   3.7e-28   3.7e-26   91.7   0.0   175   382   434   652   430   653 0.87 length=660	scaffold=gi527314726	strand=-
2645_g               -            950 31553                -            383   2.8e-34  118.4   0.0   1   3   3.9e-17   3.9e-15   55.4   0.0   259   350   652   743   651   749 0.90 length=951	scaffold=gi528858386	strand=+
2645_g               -            950 31553                -            383   2.8e-34  118.4   0.0   2   3   0.00048     0.048   12.3   0.0   273   348   751   825   746   835 0.89 length=951	scaffold=gi528858386	strand=+
2645_g               -            950 31553                -            383   2.8e-34  118.4   0.0   3   3   1.2e-14   1.2e-12   47.2   0.0   193   297   841   950   824   950 0.88 length=951	scaffold=gi528858386	strand=+
3326_g               -            950 31553                -            383   2.8e-34  118.4   0.0   1   3   3.9e-17   3.9e-15   55.4   0.0   259   350   652   743   651   749 0.90 length=951	scaffold=gi527310881	strand=+
3326_g               -            950 31553                -            383   2.8e-34  118.4   0.0   2   3   0.00048     0.048   12.3   0.0   273   348   751   825   746   835 0.89 length=951	scaffold=gi527310881	strand=+
3326_g               -            950 31553                -            383   2.8e-34  118.4   0.0   3   3   1.2e-14   1.2e-12   47.2   0.0   193   297   841   950   824   950 0.88 length=951	scaffold=gi527310881	strand=+
170_g                -          10106 31553                -            383     2e-24   86.0   1.2   1   3    0.0068      0.68    8.5   0.1   311   382   156   231   137   238 0.62 length=10107	scaffold=gi528858396	strand=-
170_g                -          10106 31553                -            383     2e-24   86.0   1.2   2   3   2.6e-09   2.6e-07   29.6   0.0   175   353   527   698   440   704 0.76 length=10107	scaffold=gi528858396	strand=-
170_g                -          10106 31553                -            383     2e-24   86.0   1.2   3   3   4.5e-13   4.5e-11   42.0   0.0   229   341   728   847   715   856 0.85 length=10107	scaffold=gi528858396	strand=-
12555_g              -            762 31553                -            383     2e-24   86.0   0.8   1   5     0.036       3.6    6.1   0.0   349   378   147   176   138   178 0.86 length=763	scaffold=gi527308984	strand=+
12555_g              -            762 31553                -            383     2e-24   86.0   0.8   2   5   4.7e-12   4.7e-10   38.7   0.1   220   334   321   445   291   456 0.83 length=763	scaffold=gi527308984	strand=+
12555_g              -            762 31553                -            383     2e-24   86.0   0.8   3   5   5.6e-05    0.0056   15.4   0.0   221   256   505   540   484   552 0.69 length=763	scaffold=gi527308984	strand=+
12555_g              -            762 31553                -            383     2e-24   86.0   0.8   4   5      0.57        57    2.2   0.0   282   302   691   712   673   724 0.75 length=763	scaffold=gi527308984	strand=+
12555_g              -            762 31553                -            383     2e-24   86.0   0.8   5   5   1.6e-05    0.0016   17.1   0.0   178   209   726   757   685   761 0.66 length=763	scaffold=gi527308984	strand=+
9966_g               -            762 31553                -            383     2e-24   86.0   0.8   1   5     0.036       3.6    6.1   0.0   349   378   147   176   138   178 0.86 length=763	scaffold=gi528858384	strand=-
9966_g               -            762 31553                -            383     2e-24   86.0   0.8   2   5   4.7e-12   4.7e-10   38.7   0.1   220   334   321   445   291   456 0.83 length=763	scaffold=gi528858384	strand=-
9966_g               -            762 31553                -            383     2e-24   86.0   0.8   3   5   5.6e-05    0.0056   15.4   0.0   221   256   505   540   484   552 0.69 length=763	scaffold=gi528858384	strand=-
9966_g               -            762 31553                -            383     2e-24   86.0   0.8   4   5      0.57        57    2.2   0.0   282   302   691   712   673   724 0.75 length=763	scaffold=gi528858384	strand=-
9966_g               -            762 31553                -            383     2e-24   86.0   0.8   5   5   1.6e-05    0.0016   17.1   0.0   178   209   726   757   685   761 0.66 length=763	scaffold=gi528858384	strand=-
10633_g              -           2210 31553                -            383     3e-24   85.4   2.4   1   4   5.4e-14   5.4e-12   45.0   0.0   147   279   763   899   757   909 0.83 length=2211	scaffold=gi528858383	strand=+
10633_g              -           2210 31553                -            383     3e-24   85.4   2.4   2   4   0.00049     0.049   12.3   0.4   194   296   985  1090   978  1095 0.78 length=2211	scaffold=gi528858383	strand=+
10633_g              -           2210 31553                -            383     3e-24   85.4   2.4   3   4   4.7e-07   4.7e-05   22.2   0.0   181   253  1248  1320  1234  1325 0.75 length=2211	scaffold=gi528858383	strand=+
10633_g              -           2210 31553                -            383     3e-24   85.4   2.4   4   4       1.4   1.4e+02    0.9   0.0   198   214  1854  1870  1849  1899 0.70 length=2211	scaffold=gi528858383	strand=+
11430_g              -           2210 31553                -            383     3e-24   85.4   2.4   1   4   5.4e-14   5.4e-12   45.0   0.0   147   279   763   899   757   909 0.83 length=2211	scaffold=gi527307902	strand=+
11430_g              -           2210 31553                -            383     3e-24   85.4   2.4   2   4   0.00049     0.049   12.3   0.4   194   296   985  1090   978  1095 0.78 length=2211	scaffold=gi527307902	strand=+
11430_g              -           2210 31553                -            383     3e-24   85.4   2.4   3   4   4.7e-07   4.7e-05   22.2   0.0   181   253  1248  1320  1234  1325 0.75 length=2211	scaffold=gi527307902	strand=+
11430_g              -           2210 31553                -            383     3e-24   85.4   2.4   4   4       1.4   1.4e+02    0.9   0.0   198   214  1854  1870  1849  1899 0.70 length=2211	scaffold=gi527307902	strand=+
4504_g               -            462 31553                -            383   1.7e-23   82.9   1.1   1   3   2.4e-14   2.4e-12   46.2   0.0   232   320   269   355   250   359 0.91 length=463	scaffold=gi528858390	strand=+
4504_g               -            462 31553                -            383   1.7e-23   82.9   1.1   2   3   5.9e-06   0.00059   18.6   0.0   175   207   373   405   361   408 0.85 length=463	scaffold=gi528858390	strand=+
4504_g               -            462 31553                -            383   1.7e-23   82.9   1.1   3   3     4e-05     0.004   15.9   0.0   239   294   407   461   404   462 0.68 length=463	scaffold=gi528858390	strand=+
8519_g               -            462 31553                -            383   1.7e-23   82.9   1.1   1   3   2.4e-14   2.4e-12   46.2   0.0   232   320   269   355   250   359 0.91 length=463	scaffold=gi527313757	strand=+
8519_g               -            462 31553                -            383   1.7e-23   82.9   1.1   2   3   5.9e-06   0.00059   18.6   0.0   175   207   373   405   361   408 0.85 length=463	scaffold=gi527313757	strand=+
8519_g               -            462 31553                -            383   1.7e-23   82.9   1.1   3   3     4e-05     0.004   15.9   0.0   239   294   407   461   404   462 0.68 length=463	scaffold=gi527313757	strand=+
220_g                -          10119 31553                -            383   1.7e-23   82.9   4.4   1   3    0.0067      0.67    8.5   0.1   311   382   169   244   146   251 0.63 length=10120	scaffold=gi527315854	strand=+
220_g                -          10119 31553                -            383   1.7e-23   82.9   4.4   2   3   2.6e-09   2.6e-07   29.6   0.0   175   353   540   711   453   717 0.76 length=10120	scaffold=gi527315854	strand=+
220_g                -          10119 31553                -            383   1.7e-23   82.9   4.4   3   3   4.5e-13   4.5e-11   42.0   0.0   229   341   741   860   728   869 0.85 length=10120	scaffold=gi527315854	strand=+
2907_g               -           1269 31553                -            383   1.1e-21   77.0   1.5   1   2   1.5e-21   1.5e-19   70.0   0.2   169   350   715   903   705   906 0.88 length=1270	scaffold=gi528858386	strand=-
2907_g               -           1269 31553                -            383   1.1e-21   77.0   1.5   2   2     0.052       5.2    5.6   0.1   191   244   972  1025   911  1052 0.74 length=1270	scaffold=gi528858386	strand=-
3588_g               -           1269 31553                -            383   1.1e-21   77.0   1.5   1   2   1.5e-21   1.5e-19   70.0   0.2   169   350   715   903   705   906 0.88 length=1270	scaffold=gi527310881	strand=-
3588_g               -           1269 31553                -            383   1.1e-21   77.0   1.5   2   2     0.052       5.2    5.6   0.1   191   244   972  1025   911  1052 0.74 length=1270	scaffold=gi527310881	strand=-
10137_g              -            929 31553                -            383     7e-19   67.7   2.8   1   6    0.0095      0.95    8.0   0.0   264   297    13    45     4    54 0.54 length=930	scaffold=gi528858384	strand=+
10137_g              -            929 31553                -            383     7e-19   67.7   2.8   2   6   0.00024     0.024   13.3   0.1   307   342   176   210   168   224 0.85 length=930	scaffold=gi528858384	strand=+
10137_g              -            929 31553                -            383     7e-19   67.7   2.8   3   6     0.029       2.9    6.4   0.0   185   214   368   397   348   406 0.76 length=930	scaffold=gi528858384	strand=+
10137_g              -            929 31553                -            383     7e-19   67.7   2.8   4   6   8.1e-10   8.1e-08   31.3   0.0   221   298   486   567   481   596 0.58 length=930	scaffold=gi528858384	strand=+
10137_g              -            929 31553                -            383     7e-19   67.7   2.8   5   6      0.91        91    1.5   0.0   173   216   816   859   813   867 0.62 length=930	scaffold=gi528858384	strand=+
10137_g              -            929 31553                -            383     7e-19   67.7   2.8   6   6       1.3   1.3e+02    1.0   0.0   166   214   879   927   853   929 0.68 length=930	scaffold=gi528858384	strand=+
12384_g              -            929 31553                -            383     7e-19   67.7   2.8   1   6    0.0095      0.95    8.0   0.0   264   297    13    45     4    54 0.54 length=930	scaffold=gi527308984	strand=-
12384_g              -            929 31553                -            383     7e-19   67.7   2.8   2   6   0.00024     0.024   13.3   0.1   307   342   176   210   168   224 0.85 length=930	scaffold=gi527308984	strand=-
12384_g              -            929 31553                -            383     7e-19   67.7   2.8   3   6     0.029       2.9    6.4   0.0   185   214   368   397   348   406 0.76 length=930	scaffold=gi527308984	strand=-
12384_g              -            929 31553                -            383     7e-19   67.7   2.8   4   6   8.1e-10   8.1e-08   31.3   0.0   221   298   486   567   481   596 0.58 length=930	scaffold=gi527308984	strand=-
12384_g              -            929 31553                -            383     7e-19   67.7   2.8   5   6      0.91        91    1.5   0.0   173   216   816   859   813   867 0.62 length=930	scaffold=gi527308984	strand=-
12384_g              -            929 31553                -            383     7e-19   67.7   2.8   6   6       1.3   1.3e+02    1.0   0.0   166   214   879   927   853   929 0.68 length=930	scaffold=gi527308984	strand=-
10038_g              -            617 31553                -            383   1.2e-17   63.7   0.9   1   4    0.0094      0.94    8.0   0.0   264   300   278   314   272   319 0.70 length=618	scaffold=gi528858384	strand=-
10038_g              -            617 31553                -            383   1.2e-17   63.7   0.9   2   4      0.28        28    3.2   0.0   228   269   345   387   337   399 0.75 length=618	scaffold=gi528858384	strand=-
10038_g              -            617 31553                -            383   1.2e-17   63.7   0.9   3   4   0.00078     0.078   11.6   0.0   282   329   421   471   417   479 0.76 length=618	scaffold=gi528858384	strand=-
10038_g              -            617 31553                -            383   1.2e-17   63.7   0.9   4   4   4.7e-11   4.7e-09   35.4   0.0   242   299   490   548   480   556 0.91 length=618	scaffold=gi528858384	strand=-
12482_g              -            617 31553                -            383   1.2e-17   63.7   0.9   1   4    0.0094      0.94    8.0   0.0   264   300   278   314   272   319 0.70 length=618	scaffold=gi527308984	strand=+
12482_g              -            617 31553                -            383   1.2e-17   63.7   0.9   2   4      0.28        28    3.2   0.0   228   269   345   387   337   399 0.75 length=618	scaffold=gi527308984	strand=+
12482_g              -            617 31553                -            383   1.2e-17   63.7   0.9   3   4   0.00078     0.078   11.6   0.0   282   329   421   471   417   479 0.76 length=618	scaffold=gi527308984	strand=+
12482_g              -            617 31553                -            383   1.2e-17   63.7   0.9   4   4   4.7e-11   4.7e-09   35.4   0.0   242   299   490   548   480   556 0.91 length=618	scaffold=gi527308984	strand=+
4276_g               -            710 31553                -            383   1.2e-17   63.7   2.2   1   4   2.2e-14   2.2e-12   46.4   0.1   208   317   139   247   130   252 0.91 length=711	scaffold=gi528858390	strand=-
4276_g               -            710 31553                -            383   1.2e-17   63.7   2.2   2   4      0.42        42    2.6   0.0   238   257   272   291   255   296 0.73 length=711	scaffold=gi528858390	strand=-
4276_g               -            710 31553                -            383   1.2e-17   63.7   2.2   3   4     0.014       1.4    7.5   0.0   285   318   349   382   326   392 0.66 length=711	scaffold=gi528858390	strand=-
4276_g               -            710 31553                -            383   1.2e-17   63.7   2.2   4   4      0.32        32    3.0   0.0   283   306   444   467   428   480 0.62 length=711	scaffold=gi528858390	strand=-
8329_g               -            710 31553                -            383   1.2e-17   63.7   2.2   1   4   2.2e-14   2.2e-12   46.4   0.1   208   317   139   247   130   252 0.91 length=711	scaffold=gi527313991	strand=+
8329_g               -            710 31553                -            383   1.2e-17   63.7   2.2   2   4      0.42        42    2.6   0.0   238   257   272   291   255   296 0.73 length=711	scaffold=gi527313991	strand=+
8329_g               -            710 31553                -            383   1.2e-17   63.7   2.2   3   4     0.014       1.4    7.5   0.0   285   318   349   382   326   392 0.66 length=711	scaffold=gi527313991	strand=+
8329_g               -            710 31553                -            383   1.2e-17   63.7   2.2   4   4      0.32        32    3.0   0.0   283   306   444   467   428   480 0.62 length=711	scaffold=gi527313991	strand=+
6921_g               -           3003 31553                -            383   4.4e-17   61.8   0.2   1   5    0.0058      0.58    8.7   0.0   238   274   168   204   164   234 0.88 length=3004	scaffold=gi528858387	strand=-
6921_g               -           3003 31553                -            383   4.4e-17   61.8   0.2   2   5    0.0069      0.69    8.5   0.0   321   351   280   310   275   331 0.90 length=3004	scaffold=gi528858387	strand=-
6921_g               -           3003 31553                -            383   4.4e-17   61.8   0.2   3   5       2.9   2.9e+02   -0.1   0.0   326   350   814   837   782   892 0.74 length=3004	scaffold=gi528858387	strand=-
6921_g               -           3003 31553                -            383   4.4e-17   61.8   0.2   4   5   1.2e-06   0.00012   20.9   0.0   234   319   998  1082   992  1088 0.82 length=3004	scaffold=gi528858387	strand=-
6921_g               -           3003 31553                -            383   4.4e-17   61.8   0.2   5   5   7.2e-05    0.0072   15.0   0.0   190   254  1216  1282  1212  1357 0.86 length=3004	scaffold=gi528858387	strand=-
7991_g               -           3003 31553                -            383   4.4e-17   61.8   0.2   1   5    0.0058      0.58    8.7   0.0   238   274   168   204   164   234 0.88 length=3004	scaffold=gi527311550	strand=+
7991_g               -           3003 31553                -            383   4.4e-17   61.8   0.2   2   5    0.0069      0.69    8.5   0.0   321   351   280   310   275   331 0.90 length=3004	scaffold=gi527311550	strand=+
7991_g               -           3003 31553                -            383   4.4e-17   61.8   0.2   3   5       2.9   2.9e+02   -0.1   0.0   326   350   814   837   782   892 0.74 length=3004	scaffold=gi527311550	strand=+
7991_g               -           3003 31553                -            383   4.4e-17   61.8   0.2   4   5   1.2e-06   0.00012   20.9   0.0   234   319   998  1082   992  1088 0.82 length=3004	scaffold=gi527311550	strand=+
7991_g               -           3003 31553                -            383   4.4e-17   61.8   0.2   5   5   7.2e-05    0.0072   15.0   0.0   190   254  1216  1282  1212  1357 0.86 length=3004	scaffold=gi527311550	strand=+
13216_g              -           1955 31553                -            383     2e-16   59.7   0.3   1   3     0.025       2.5    6.6   0.0   176   216   279   319   261   327 0.85 length=1956	scaffold=gi527309735	strand=+
13216_g              -           1955 31553                -            383     2e-16   59.7   0.3   2   3     0.021         2    6.9   0.0   150   208   397   459   388   462 0.82 length=1956	scaffold=gi527309735	strand=+
13216_g              -           1955 31553                -            383     2e-16   59.7   0.3   3   3   1.1e-11   1.1e-09   37.5   0.1   260   348   588   692   576   695 0.78 length=1956	scaffold=gi527309735	strand=+
9449_g               -           1955 31553                -            383     2e-16   59.7   0.3   1   3     0.025       2.5    6.6   0.0   176   216   279   319   261   327 0.85 length=1956	scaffold=gi528858385	strand=-
9449_g               -           1955 31553                -            383     2e-16   59.7   0.3   2   3     0.021         2    6.9   0.0   150   208   397   459   388   462 0.82 length=1956	scaffold=gi528858385	strand=-
9449_g               -           1955 31553                -            383     2e-16   59.7   0.3   3   3   1.1e-11   1.1e-09   37.5   0.1   260   348   588   692   576   695 0.78 length=1956	scaffold=gi528858385	strand=-
2855_g               -           1850 31553                -            383   4.4e-16   58.5   0.0   1   3   9.6e-06   0.00096   17.9   0.0   223   307  1522  1605  1515  1608 0.91 length=1851	scaffold=gi528858386	strand=+
2855_g               -           1850 31553                -            383   4.4e-16   58.5   0.0   2   3   1.8e-09   1.8e-07   30.2   0.0   260   353  1655  1746  1631  1761 0.78 length=1851	scaffold=gi528858386	strand=+
2855_g               -           1850 31553                -            383   4.4e-16   58.5   0.0   3   3     0.035       3.5    6.2   0.0   210   253  1794  1837  1777  1840 0.88 length=1851	scaffold=gi528858386	strand=+
3536_g               -           1850 31553                -            383   4.4e-16   58.5   0.0   1   3   9.6e-06   0.00096   17.9   0.0   223   307  1522  1605  1515  1608 0.91 length=1851	scaffold=gi527310881	strand=+
3536_g               -           1850 31553                -            383   4.4e-16   58.5   0.0   2   3   1.8e-09   1.8e-07   30.2   0.0   260   353  1655  1746  1631  1761 0.78 length=1851	scaffold=gi527310881	strand=+
3536_g               -           1850 31553                -            383   4.4e-16   58.5   0.0   3   3     0.035       3.5    6.2   0.0   210   253  1794  1837  1777  1840 0.88 length=1851	scaffold=gi527310881	strand=+
10787_g              -            341 31553                -            383   5.3e-16   58.2   0.0   1   3   1.7e-11   1.7e-09   36.8   0.0   196   303    24   128     6   142 0.85 length=342	scaffold=gi528858383	strand=+
10787_g              -            341 31553                -            383   5.3e-16   58.2   0.0   2   3         7     7e+02   -1.4   0.0   239   275   148   184   133   208 0.77 length=342	scaffold=gi528858383	strand=+
10787_g              -            341 31553                -            383   5.3e-16   58.2   0.0   3   3   4.6e-06   0.00046   19.0   0.0   186   243   239   296   179   300 0.81 length=342	scaffold=gi528858383	strand=+
11584_g              -            341 31553                -            383   5.3e-16   58.2   0.0   1   3   1.7e-11   1.7e-09   36.8   0.0   196   303    24   128     6   142 0.85 length=342	scaffold=gi527307902	strand=+
11584_g              -            341 31553                -            383   5.3e-16   58.2   0.0   2   3         7     7e+02   -1.4   0.0   239   275   148   184   133   208 0.77 length=342	scaffold=gi527307902	strand=+
11584_g              -            341 31553                -            383   5.3e-16   58.2   0.0   3   3   4.6e-06   0.00046   19.0   0.0   186   243   239   296   179   300 0.81 length=342	scaffold=gi527307902	strand=+
5020_g               -            661 31553                -            383   6.3e-14   51.4   0.0   1   3   6.1e-08   6.1e-06   25.1   0.0   182   270   136   228   130   248 0.84 length=662	scaffold=gi528858389	strand=-
5020_g               -            661 31553                -            383   6.3e-14   51.4   0.0   2   3   2.1e-05    0.0021   16.8   0.0   198   321   343   480   338   492 0.76 length=662	scaffold=gi528858389	strand=-
5020_g               -            661 31553                -            383   6.3e-14   51.4   0.0   3   3     0.059       5.9    5.4   0.0   281   309   496   524   489   528 0.83 length=662	scaffold=gi528858389	strand=-
5492_g               -            661 31553                -            383   6.3e-14   51.4   0.0   1   3   6.1e-08   6.1e-06   25.1   0.0   182   270   136   228   130   248 0.84 length=662	scaffold=gi527313191	strand=-
5492_g               -            661 31553                -            383   6.3e-14   51.4   0.0   2   3   2.1e-05    0.0021   16.8   0.0   198   321   343   480   338   492 0.76 length=662	scaffold=gi527313191	strand=-
5492_g               -            661 31553                -            383   6.3e-14   51.4   0.0   3   3     0.059       5.9    5.4   0.0   281   309   496   524   489   528 0.83 length=662	scaffold=gi527313191	strand=-
2020_g               -           1563 31553                -            383   6.5e-14   51.4   0.0   1   5         4     4e+02   -0.6   0.0   277   303   885   910   872   924 0.53 length=1564	scaffold=gi528858392	strand=-
2020_g               -           1563 31553                -            383   6.5e-14   51.4   0.0   2   5       3.1   3.1e+02   -0.2   0.0   306   340  1002  1036   997  1044 0.77 length=1564	scaffold=gi528858392	strand=-
2020_g               -           1563 31553                -            383   6.5e-14   51.4   0.0   3   5   6.4e-09   6.3e-07   28.4   0.0   219   302  1106  1190  1101  1195 0.86 length=1564	scaffold=gi528858392	strand=-
2020_g               -           1563 31553                -            383   6.5e-14   51.4   0.0   4   5   0.00057     0.057   12.1   0.0   217   261  1284  1328  1273  1348 0.81 length=1564	scaffold=gi528858392	strand=-
2020_g               -           1563 31553                -            383   6.5e-14   51.4   0.0   5   5      0.47        47    2.4   0.0   190   214  1355  1379  1346  1388 0.65 length=1564	scaffold=gi528858392	strand=-
2239_g               -           1588 31553                -            383     7e-14   51.3   0.0   1   5         4     4e+02   -0.6   0.0   277   303   885   910   872   924 0.53 length=1589	scaffold=gi527314726	strand=+
2239_g               -           1588 31553                -            383     7e-14   51.3   0.0   2   5       3.2   3.2e+02   -0.3   0.0   306   340  1002  1036   997  1044 0.77 length=1589	scaffold=gi527314726	strand=+
2239_g               -           1588 31553                -            383     7e-14   51.3   0.0   3   5   6.5e-09   6.5e-07   28.3   0.0   219   302  1106  1190  1101  1195 0.86 length=1589	scaffold=gi527314726	strand=+
2239_g               -           1588 31553                -            383     7e-14   51.3   0.0   4   5   0.00058     0.058   12.0   0.0   217   261  1284  1328  1273  1348 0.81 length=1589	scaffold=gi527314726	strand=+
2239_g               -           1588 31553                -            383     7e-14   51.3   0.0   5   5      0.48        48    2.4   0.0   190   214  1355  1379  1346  1388 0.65 length=1589	scaffold=gi527314726	strand=+
6014_g               -           1017 31553                -            383   1.1e-13   50.6   0.0   1   3     7e-05     0.007   15.1   0.0   203   300   388   489   386   499 0.79 length=1018	scaffold=gi528858388	strand=+
6014_g               -           1017 31553                -            383   1.1e-13   50.6   0.0   2   3   8.8e-09   8.7e-07   27.9   0.1   259   368   505   628   499   639 0.67 length=1018	scaffold=gi528858388	strand=+
6014_g               -           1017 31553                -            383   1.1e-13   50.6   0.0   3   3       1.1   1.1e+02    1.3   0.0   284   308   671   695   658   725 0.67 length=1018	scaffold=gi528858388	strand=+
6237_g               -           1017 31553                -            383   1.1e-13   50.6   0.0   1   3     7e-05     0.007   15.1   0.0   203   300   388   489   386   499 0.79 length=1018	scaffold=gi527312496	strand=-
6237_g               -           1017 31553                -            383   1.1e-13   50.6   0.0   2   3   8.8e-09   8.7e-07   27.9   0.1   259   368   505   628   499   639 0.67 length=1018	scaffold=gi527312496	strand=-
6237_g               -           1017 31553                -            383   1.1e-13   50.6   0.0   3   3       1.1   1.1e+02    1.3   0.0   284   308   671   695   658   725 0.67 length=1018	scaffold=gi527312496	strand=-
1961_g               -            675 31553                -            383   1.9e-13   49.8   0.6   1   4   4.1e-05    0.0041   15.8   0.0   271   329   355   413   335   422 0.71 length=676	scaffold=gi528858392	strand=+
1961_g               -            675 31553                -            383   1.9e-13   49.8   0.6   2   4   9.9e-05    0.0098   14.6   0.0   284   324   468   509   462   512 0.84 length=676	scaffold=gi528858392	strand=+
1961_g               -            675 31553                -            383   1.9e-13   49.8   0.6   3   4     0.024       2.4    6.7   0.1   325   350   532   557   525   569 0.79 length=676	scaffold=gi528858392	strand=+
1961_g               -            675 31553                -            383   1.9e-13   49.8   0.6   4   4     0.019       1.9    7.1   0.0   280   322   585   627   567   635 0.83 length=676	scaffold=gi528858392	strand=+
2299_g               -            675 31553                -            383   1.9e-13   49.8   0.6   1   4   4.1e-05    0.0041   15.8   0.0   271   329   355   413   335   422 0.71 length=676	scaffold=gi527314726	strand=-
2299_g               -            675 31553                -            383   1.9e-13   49.8   0.6   2   4   9.9e-05    0.0098   14.6   0.0   284   324   468   509   462   512 0.84 length=676	scaffold=gi527314726	strand=-
2299_g               -            675 31553                -            383   1.9e-13   49.8   0.6   3   4     0.024       2.4    6.7   0.1   325   350   532   557   525   569 0.79 length=676	scaffold=gi527314726	strand=-
2299_g               -            675 31553                -            383   1.9e-13   49.8   0.6   4   4     0.019       1.9    7.1   0.0   280   322   585   627   567   635 0.83 length=676	scaffold=gi527314726	strand=-
2993_g               -            680 31553                -            383     2e-13   49.8   0.3   1   3   1.4e-06   0.00014   20.6   0.6   138   215    31   111    21   178 0.68 length=681	scaffold=gi528858386	strand=+
2993_g               -            680 31553                -            383     2e-13   49.8   0.3   2   3   1.4e-06   0.00014   20.7   0.0   263   301   219   257   212   263 0.91 length=681	scaffold=gi528858386	strand=+
2993_g               -            680 31553                -            383     2e-13   49.8   0.3   3   3       1.9   1.9e+02    0.5   0.0   279   297   612   630   607   647 0.61 length=681	scaffold=gi528858386	strand=+
3674_g               -            680 31553                -            383     2e-13   49.8   0.3   1   3   1.4e-06   0.00014   20.6   0.6   138   215    31   111    21   178 0.68 length=681	scaffold=gi527310881	strand=+
3674_g               -            680 31553                -            383     2e-13   49.8   0.3   2   3   1.4e-06   0.00014   20.7   0.0   263   301   219   257   212   263 0.91 length=681	scaffold=gi527310881	strand=+
3674_g               -            680 31553                -            383     2e-13   49.8   0.3   3   3       1.9   1.9e+02    0.5   0.0   279   297   612   630   607   647 0.61 length=681	scaffold=gi527310881	strand=+
13034_g              -           2693 31553                -            383     3e-13   49.2  14.8   1   3     0.002       0.2   10.2   0.0   222   272  1857  1909  1850  1919 0.84 length=2694	scaffold=gi527309735	strand=+
13034_g              -           2693 31553                -            383     3e-13   49.2  14.8   2   3       4.2   4.2e+02   -0.7   0.0   129   154  1928  1953  1913  1961 0.86 length=2694	scaffold=gi527309735	strand=+
13034_g              -           2693 31553                -            383     3e-13   49.2  14.8   3   3   2.6e-14   2.6e-12   46.1   0.0   262   383  2144  2264  2139  2264 0.93 length=2694	scaffold=gi527309735	strand=+
9631_g               -           2693 31553                -            383     3e-13   49.2  14.8   1   3     0.002       0.2   10.2   0.0   222   272  1857  1909  1850  1919 0.84 length=2694	scaffold=gi528858385	strand=-
9631_g               -           2693 31553                -            383     3e-13   49.2  14.8   2   3       4.2   4.2e+02   -0.7   0.0   129   154  1928  1953  1913  1961 0.86 length=2694	scaffold=gi528858385	strand=-
9631_g               -           2693 31553                -            383     3e-13   49.2  14.8   3   3   2.6e-14   2.6e-12   46.1   0.0   262   383  2144  2264  2139  2264 0.93 length=2694	scaffold=gi528858385	strand=-
7441_g               -            948 31553                -            383   1.1e-12   47.3   0.0   1   2   1.1e-14   1.1e-12   47.3   0.0   194   310   699   815   686   850 0.85 length=949	scaffold=gi528858387	strand=-
7441_g               -            948 31553                -            383   1.1e-12   47.3   0.0   2   2       8.4   8.4e+02   -1.7   0.0   152   173   926   946   917   948 0.74 length=949	scaffold=gi528858387	strand=-
7478_g               -            948 31553                -            383   1.1e-12   47.3   0.0   1   2   1.1e-14   1.1e-12   47.3   0.0   194   310   699   815   686   850 0.85 length=949	scaffold=gi527311550	strand=+
7478_g               -            948 31553                -            383   1.1e-12   47.3   0.0   2   2       8.4   8.4e+02   -1.7   0.0   152   173   926   946   917   948 0.74 length=949	scaffold=gi527311550	strand=+
11223_g              -            894 31553                -            383   1.5e-12   46.9   0.1   1   3      0.94        94    1.5   0.0   238   257   305   324   298   346 0.73 length=895	scaffold=gi528858383	strand=-
11223_g              -            894 31553                -            383   1.5e-12   46.9   0.1   2   3   0.00064     0.064   11.9   0.0   273   303   379   409   369   417 0.89 length=895	scaffold=gi528858383	strand=-
11223_g              -            894 31553                -            383   1.5e-12   46.9   0.1   3   3   3.1e-09     3e-07   29.4   0.0   230   307   463   542   457   547 0.87 length=895	scaffold=gi528858383	strand=-
12020_g              -            894 31553                -            383   1.5e-12   46.9   0.1   1   3      0.94        94    1.5   0.0   238   257   305   324   298   346 0.73 length=895	scaffold=gi527307902	strand=-
12020_g              -            894 31553                -            383   1.5e-12   46.9   0.1   2   3   0.00064     0.064   11.9   0.0   273   303   379   409   369   417 0.89 length=895	scaffold=gi527307902	strand=-
12020_g              -            894 31553                -            383   1.5e-12   46.9   0.1   3   3   3.1e-09     3e-07   29.4   0.0   230   307   463   542   457   547 0.87 length=895	scaffold=gi527307902	strand=-
2132_g               -            697 31553                -            383   2.3e-12   46.3   0.1   1   3     0.001       0.1   11.3   0.0   222   291   223   290   216   306 0.87 length=698	scaffold=gi528858392	strand=+
2132_g               -            697 31553                -            383   2.3e-12   46.3   0.1   2   3   6.2e-10   6.2e-08   31.7   0.1   190   300   525   644   470   651 0.86 length=698	scaffold=gi528858392	strand=+
2132_g               -            697 31553                -            383   2.3e-12   46.3   0.1   3   3       8.8   8.8e+02   -1.7   0.0   263   296   664   696   653   697 0.56 length=698	scaffold=gi528858392	strand=+
2427_g               -            697 31553                -            383   2.3e-12   46.3   0.1   1   3     0.001       0.1   11.3   0.0   222   291   223   290   216   306 0.87 length=698	scaffold=gi527314679	strand=-
2427_g               -            697 31553                -            383   2.3e-12   46.3   0.1   2   3   6.2e-10   6.2e-08   31.7   0.1   190   300   525   644   470   651 0.86 length=698	scaffold=gi527314679	strand=-
2427_g               -            697 31553                -            383   2.3e-12   46.3   0.1   3   3       8.8   8.8e+02   -1.7   0.0   263   296   664   696   653   697 0.56 length=698	scaffold=gi527314679	strand=-
2835_g               -            808 31553                -            383     3e-12   45.9   2.8   1   4       2.8   2.8e+02   -0.1   0.0   282   299   367   384   357   401 0.66 length=809	scaffold=gi528858386	strand=-
2835_g               -            808 31553                -            383     3e-12   45.9   2.8   2   4   2.2e-10   2.2e-08   33.2   0.1   263   320   435   492   420   496 0.92 length=809	scaffold=gi528858386	strand=-
2835_g               -            808 31553                -            383     3e-12   45.9   2.8   3   4    0.0095      0.95    8.0   0.0   263   303   561   600   554   606 0.86 length=809	scaffold=gi528858386	strand=-
2835_g               -            808 31553                -            383     3e-12   45.9   2.8   4   4       2.2   2.1e+02    0.3   0.2   325   340   714   729   655   736 0.50 length=809	scaffold=gi528858386	strand=-
3516_g               -            808 31553                -            383     3e-12   45.9   2.8   1   4       2.8   2.8e+02   -0.1   0.0   282   299   367   384   357   401 0.66 length=809	scaffold=gi527310881	strand=-
3516_g               -            808 31553                -            383     3e-12   45.9   2.8   2   4   2.2e-10   2.2e-08   33.2   0.1   263   320   435   492   420   496 0.92 length=809	scaffold=gi527310881	strand=-
3516_g               -            808 31553                -            383     3e-12   45.9   2.8   3   4    0.0095      0.95    8.0   0.0   263   303   561   600   554   606 0.86 length=809	scaffold=gi527310881	strand=-
3516_g               -            808 31553                -            383     3e-12   45.9   2.8   4   4       2.2   2.1e+02    0.3   0.2   325   340   714   729   655   736 0.50 length=809	scaffold=gi527310881	strand=-
2734_g               -           1606 31553                -            383   6.5e-12   44.8   3.6   1   2   1.4e-10   1.4e-08   33.8   0.9   197   342   623   770   519   786 0.70 length=1607	scaffold=gi528858386	strand=+
2734_g               -           1606 31553                -            383   6.5e-12   44.8   3.6   2   2     0.015       1.5    7.4   0.1   280   343   888   955   872   974 0.66 length=1607	scaffold=gi528858386	strand=+
3415_g               -           1606 31553                -            383   6.5e-12   44.8   3.6   1   2   1.4e-10   1.4e-08   33.8   0.9   197   342   623   770   519   786 0.70 length=1607	scaffold=gi527310881	strand=+
3415_g               -           1606 31553                -            383   6.5e-12   44.8   3.6   2   2     0.015       1.5    7.4   0.1   280   343   888   955   872   974 0.66 length=1607	scaffold=gi527310881	strand=+
10425_g              -            644 31553                -            383   9.8e-12   44.2   0.0   1   1   5.4e-13   5.4e-11   41.8   0.0   245   380    54   196    49   199 0.84 length=645	scaffold=gi528858384	strand=-
12834_g              -            644 31553                -            383   9.8e-12   44.2   0.0   1   1   5.4e-13   5.4e-11   41.8   0.0   245   380    54   196    49   199 0.84 length=645	scaffold=gi527308853	strand=+
508_g                -            771 31553                -            383   1.7e-11   43.5   1.3   1   2     0.028       2.8    6.5   0.1   269   343   354   437   348   443 0.73 length=772	scaffold=gi528858395	strand=+
508_g                -            771 31553                -            383   1.7e-11   43.5   1.3   2   2   6.7e-11   6.7e-09   34.9   0.1   233   342   477   587   470   623 0.82 length=772	scaffold=gi528858395	strand=+
665_g                -            771 31553                -            383   1.7e-11   43.5   1.3   1   2     0.028       2.8    6.5   0.1   269   343   354   437   348   443 0.73 length=772	scaffold=gi527315607	strand=-
665_g                -            771 31553                -            383   1.7e-11   43.5   1.3   2   2   6.7e-11   6.7e-09   34.9   0.1   233   342   477   587   470   623 0.82 length=772	scaffold=gi527315607	strand=-
10891_g              -            858 31553                -            383     3e-11   42.6   0.1   1   4       3.7   3.7e+02   -0.5   0.0   269   302   459   492   454   506 0.86 length=859	scaffold=gi528858383	strand=-
10891_g              -            858 31553                -            383     3e-11   42.6   0.1   2   4    0.0072      0.71    8.4   0.0   268   304   614   650   567   666 0.76 length=859	scaffold=gi528858383	strand=-
10891_g              -            858 31553                -            383     3e-11   42.6   0.1   3   4   6.3e-08   6.3e-06   25.1   0.0   238   304   701   769   688   773 0.87 length=859	scaffold=gi528858383	strand=-
10891_g              -            858 31553                -            383     3e-11   42.6   0.1   4   4      0.31        31    3.0   0.0   188   215   814   841   799   847 0.69 length=859	scaffold=gi528858383	strand=-
11688_g              -            858 31553                -            383     3e-11   42.6   0.1   1   4       3.7   3.7e+02   -0.5   0.0   269   302   459   492   454   506 0.86 length=859	scaffold=gi527307902	strand=-
11688_g              -            858 31553                -            383     3e-11   42.6   0.1   2   4    0.0072      0.71    8.4   0.0   268   304   614   650   567   666 0.76 length=859	scaffold=gi527307902	strand=-
11688_g              -            858 31553                -            383     3e-11   42.6   0.1   3   4   6.3e-08   6.3e-06   25.1   0.0   238   304   701   769   688   773 0.87 length=859	scaffold=gi527307902	strand=-
11688_g              -            858 31553                -            383     3e-11   42.6   0.1   4   4      0.31        31    3.0   0.0   188   215   814   841   799   847 0.69 length=859	scaffold=gi527307902	strand=-
15731_g              -            177 31553                -            383     5e-11   41.9   0.0   1   2   0.00039     0.039   12.6   0.0   202   246    39    83    13    88 0.78 length=178	scaffold=gi527305696	strand=-
15731_g              -            177 31553                -            383     5e-11   41.9   0.0   2   2   1.1e-08   1.1e-06   27.6   0.0   283   344   113   173   109   177 0.93 length=178	scaffold=gi527305696	strand=-
3966_g               -            672 31553                -            383   1.1e-10   40.7   0.1   1   3     0.093       9.3    4.8   0.0   326   363     7    44     6    57 0.87 length=673	scaffold=gi528858391	strand=+
3966_g               -            672 31553                -            383   1.1e-10   40.7   0.1   2   3   0.00062     0.062   11.9   0.0   198   257   179   242   176   246 0.80 length=673	scaffold=gi528858391	strand=+
3966_g               -            672 31553                -            383   1.1e-10   40.7   0.1   3   3   4.4e-06   0.00044   19.0   0.1   284   344   572   634   567   655 0.78 length=673	scaffold=gi528858391	strand=+
8746_g               -            672 31553                -            383   1.1e-10   40.7   0.1   1   3     0.093       9.3    4.8   0.0   326   363     7    44     6    57 0.87 length=673	scaffold=gi527314479	strand=+
8746_g               -            672 31553                -            383   1.1e-10   40.7   0.1   2   3   0.00062     0.062   11.9   0.0   198   257   179   242   176   246 0.80 length=673	scaffold=gi527314479	strand=+
8746_g               -            672 31553                -            383   1.1e-10   40.7   0.1   3   3   4.4e-06   0.00044   19.0   0.1   284   344   572   634   567   655 0.78 length=673	scaffold=gi527314479	strand=+
1123_g               -            751 31553                -            383     2e-10   39.9   0.0   1   3   5.2e-07   5.2e-05   22.1   0.0   232   298   162   228   155   252 0.82 length=752	scaffold=gi528858393	strand=+
1123_g               -            751 31553                -            383     2e-10   39.9   0.0   2   3    0.0013      0.13   10.9   0.0   229   279   293   347   289   353 0.53 length=752	scaffold=gi528858393	strand=+
1123_g               -            751 31553                -            383     2e-10   39.9   0.0   3   3      0.36        36    2.8   0.0   326   352   375   401   371   406 0.86 length=752	scaffold=gi528858393	strand=+
1515_g               -            751 31553                -            383     2e-10   39.9   0.0   1   3   5.2e-07   5.2e-05   22.1   0.0   232   298   162   228   155   252 0.82 length=752	scaffold=gi527315005	strand=-
1515_g               -            751 31553                -            383     2e-10   39.9   0.0   2   3    0.0013      0.13   10.9   0.0   229   279   293   347   289   353 0.53 length=752	scaffold=gi527315005	strand=-
1515_g               -            751 31553                -            383     2e-10   39.9   0.0   3   3      0.36        36    2.8   0.0   326   352   375   401   371   406 0.86 length=752	scaffold=gi527315005	strand=-
4983_g               -           1584 31553                -            383   5.1e-10   38.6   0.5   1   2   4.6e-05    0.0046   15.7   0.0   265   345   920  1014   914  1021 0.76 length=1585	scaffold=gi528858389	strand=-
4983_g               -           1584 31553                -            383   5.1e-10   38.6   0.5   2   2   4.4e-05    0.0044   15.7   0.1   219   340  1033  1191  1030  1197 0.67 length=1585	scaffold=gi528858389	strand=-
5455_g               -           1584 31553                -            383   5.1e-10   38.6   0.5   1   2   4.6e-05    0.0046   15.7   0.0   265   345   920  1014   914  1021 0.76 length=1585	scaffold=gi527313191	strand=-
5455_g               -           1584 31553                -            383   5.1e-10   38.6   0.5   2   2   4.4e-05    0.0044   15.7   0.1   219   340  1033  1191  1030  1197 0.67 length=1585	scaffold=gi527313191	strand=-
7315_g               -           1625 31553                -            383   8.1e-10   37.9   0.2   1   2   0.00018     0.018   13.7   0.0   264   304   352   392   348   402 0.86 length=1626	scaffold=gi528858387	strand=+
7315_g               -           1625 31553                -            383   8.1e-10   37.9   0.2   2   2   6.7e-07   6.7e-05   21.7   0.0   224   296   500   572   487   580 0.52 length=1626	scaffold=gi528858387	strand=+
7604_g               -           1625 31553                -            383   8.1e-10   37.9   0.2   1   2   0.00018     0.018   13.7   0.0   264   304   352   392   348   402 0.86 length=1626	scaffold=gi527311550	strand=-
7604_g               -           1625 31553                -            383   8.1e-10   37.9   0.2   2   2   6.7e-07   6.7e-05   21.7   0.0   224   296   500   572   487   580 0.52 length=1626	scaffold=gi527311550	strand=-
4982_g               -            832 31553                -            383   1.3e-09   37.2   0.0   1   3   8.8e-05    0.0088   14.7   0.0   194   257   287   358   283   367 0.71 length=833	scaffold=gi528858389	strand=+
4982_g               -            832 31553                -            383   1.3e-09   37.2   0.0   2   3   1.3e-05    0.0013   17.4   0.0   327   382   449   503   437   506 0.79 length=833	scaffold=gi528858389	strand=+
4982_g               -            832 31553                -            383   1.3e-09   37.2   0.0   3   3       3.8   3.8e+02   -0.5   0.0   135   178   660   702   638   709 0.71 length=833	scaffold=gi528858389	strand=+
5454_g               -            832 31553                -            383   1.3e-09   37.2   0.0   1   3   8.8e-05    0.0088   14.7   0.0   194   257   287   358   283   367 0.71 length=833	scaffold=gi527313191	strand=+
5454_g               -            832 31553                -            383   1.3e-09   37.2   0.0   2   3   1.3e-05    0.0013   17.4   0.0   327   382   449   503   437   506 0.79 length=833	scaffold=gi527313191	strand=+
5454_g               -            832 31553                -            383   1.3e-09   37.2   0.0   3   3       3.8   3.8e+02   -0.5   0.0   135   178   660   702   638   709 0.71 length=833	scaffold=gi527313191	strand=+
12606_g              -           1148 31553                -            383   1.4e-09   37.1   0.6   1   4       2.9   2.9e+02   -0.1   0.0   312   340   442   469   433   474 0.68 length=1149	scaffold=gi527308984	strand=+
12606_g              -           1148 31553                -            383   1.4e-09   37.1   0.6   2   4   2.7e-05    0.0027   16.4   0.5   142   261   491   620   483   626 0.71 length=1149	scaffold=gi527308984	strand=+
12606_g              -           1148 31553                -            383   1.4e-09   37.1   0.6   3   4      0.14        14    4.2   0.0   240   280   702   742   698   822 0.87 length=1149	scaffold=gi527308984	strand=+
12606_g              -           1148 31553                -            383   1.4e-09   37.1   0.6   4   4    0.0052      0.52    8.9   0.0   224   270   871   918   767   932 0.79 length=1149	scaffold=gi527308984	strand=+
9917_g               -           1148 31553                -            383   1.4e-09   37.1   0.6   1   4       2.9   2.9e+02   -0.1   0.0   312   340   442   469   433   474 0.68 length=1149	scaffold=gi528858384	strand=-
9917_g               -           1148 31553                -            383   1.4e-09   37.1   0.6   2   4   2.7e-05    0.0027   16.4   0.5   142   261   491   620   483   626 0.71 length=1149	scaffold=gi528858384	strand=-
9917_g               -           1148 31553                -            383   1.4e-09   37.1   0.6   3   4      0.14        14    4.2   0.0   240   280   702   742   698   822 0.87 length=1149	scaffold=gi528858384	strand=-
9917_g               -           1148 31553                -            383   1.4e-09   37.1   0.6   4   4    0.0052      0.52    8.9   0.0   224   270   871   918   767   932 0.79 length=1149	scaffold=gi528858384	strand=-
4461_g               -            620 31553                -            383   1.6e-08   33.6   0.0   1   3   4.7e-08   4.7e-06   25.5   0.0   217   317   300   398   283   402 0.92 length=621	scaffold=gi528858390	strand=+
4461_g               -            620 31553                -            383   1.6e-08   33.6   0.0   2   3      0.15        15    4.1   0.0   199   298   439   536   434   550 0.78 length=621	scaffold=gi528858390	strand=+
4461_g               -            620 31553                -            383   1.6e-08   33.6   0.0   3   3    0.0001      0.01   14.5   0.0   180   224   549   592   513   604 0.74 length=621	scaffold=gi528858390	strand=+
8476_g               -            620 31553                -            383   1.6e-08   33.6   0.0   1   3   4.7e-08   4.7e-06   25.5   0.0   217   317   300   398   283   402 0.92 length=621	scaffold=gi527313757	strand=+
8476_g               -            620 31553                -            383   1.6e-08   33.6   0.0   2   3      0.15        15    4.1   0.0   199   298   439   536   434   550 0.78 length=621	scaffold=gi527313757	strand=+
8476_g               -            620 31553                -            383   1.6e-08   33.6   0.0   3   3    0.0001      0.01   14.5   0.0   180   224   549   592   513   604 0.74 length=621	scaffold=gi527313757	strand=+
13592_g              -            389 31553                -            383   2.1e-08   33.2   0.1   1   5     0.043       4.3    5.9   0.0   182   218    15    51     3    71 0.67 length=390	scaffold=gi527309735	strand=+
13592_g              -            389 31553                -            383   2.1e-08   33.2   0.1   2   5     0.029       2.9    6.4   0.1   262   308    95   144    86   157 0.75 length=390	scaffold=gi527309735	strand=+
13592_g              -            389 31553                -            383   2.1e-08   33.2   0.1   3   5   0.00037     0.037   12.7   0.0   196   269   160   231   144   235 0.90 length=390	scaffold=gi527309735	strand=+
13592_g              -            389 31553                -            383   2.1e-08   33.2   0.1   4   5       2.3   2.3e+02    0.2   0.0   196   215   300   319   293   338 0.70 length=390	scaffold=gi527309735	strand=+
13592_g              -            389 31553                -            383   2.1e-08   33.2   0.1   5   5       1.5   1.5e+02    0.8   0.0   326   340   373   387   357   389 0.56 length=390	scaffold=gi527309735	strand=+
5706_g               -           1995 31553                -            383   2.5e-08   33.0   9.2   1   3     0.013       1.3    7.6   0.0   250   334     5    86     1    97 0.84 length=1996	scaffold=gi528858388	strand=+
5706_g               -           1995 31553                -            383   2.5e-08   33.0   9.2   2   3      0.13        13    4.3   0.0   270   306   369   405   366   415 0.87 length=1996	scaffold=gi528858388	strand=+
5706_g               -           1995 31553                -            383   2.5e-08   33.0   9.2   3   3   8.9e-08   8.9e-06   24.6   0.1   264   340  1787  1863  1782  1868 0.79 length=1996	scaffold=gi528858388	strand=+
6541_g               -           1995 31553                -            383   2.5e-08   33.0   9.2   1   3     0.013       1.3    7.6   0.0   250   334     5    86     1    97 0.84 length=1996	scaffold=gi527312496	strand=-
6541_g               -           1995 31553                -            383   2.5e-08   33.0   9.2   2   3      0.13        13    4.3   0.0   270   306   369   405   366   415 0.87 length=1996	scaffold=gi527312496	strand=-
6541_g               -           1995 31553                -            383   2.5e-08   33.0   9.2   3   3   8.9e-08   8.9e-06   24.6   0.1   264   340  1787  1863  1782  1868 0.79 length=1996	scaffold=gi527312496	strand=-
7424_g               -            866 31553                -            383   2.7e-08   32.9   0.0   1   3    0.0004      0.04   12.6   0.0   265   326   486   548   441   553 0.77 length=867	scaffold=gi528858387	strand=+
7424_g               -            866 31553                -            383   2.7e-08   32.9   0.0   2   3    0.0095      0.95    8.0   0.0   273   302   585   613   569   619 0.69 length=867	scaffold=gi528858387	strand=+
7424_g               -            866 31553                -            383   2.7e-08   32.9   0.0   3   3      0.13        13    4.3   0.0   187   211   695   719   673   742 0.71 length=867	scaffold=gi528858387	strand=+
7496_g               -            866 31553                -            383   2.7e-08   32.9   0.0   1   3    0.0004      0.04   12.6   0.0   265   326   486   548   441   553 0.77 length=867	scaffold=gi527311550	strand=-
7496_g               -            866 31553                -            383   2.7e-08   32.9   0.0   2   3    0.0095      0.95    8.0   0.0   273   302   585   613   569   619 0.69 length=867	scaffold=gi527311550	strand=-
7496_g               -            866 31553                -            383   2.7e-08   32.9   0.0   3   3      0.13        13    4.3   0.0   187   211   695   719   673   742 0.71 length=867	scaffold=gi527311550	strand=-
6089_g               -            779 31553                -            383   2.8e-08   32.8   0.0   1   2   0.00021     0.021   13.5   0.0   316   366   205   254   194   264 0.79 length=780	scaffold=gi528858388	strand=+
6089_g               -            779 31553                -            383   2.8e-08   32.8   0.0   2   2   3.8e-05    0.0038   15.9   0.0   160   219   346   410   319   446 0.69 length=780	scaffold=gi528858388	strand=+
6164_g               -            779 31553                -            383   2.8e-08   32.8   0.0   1   2   0.00021     0.021   13.5   0.0   316   366   205   254   194   264 0.79 length=780	scaffold=gi527312496	strand=-
6164_g               -            779 31553                -            383   2.8e-08   32.8   0.0   2   2   3.8e-05    0.0038   15.9   0.0   160   219   346   410   319   446 0.69 length=780	scaffold=gi527312496	strand=-
4945_g               -           1144 31553                -            383   3.4e-08   32.6   0.0   1   3   2.4e-07   2.4e-05   23.1   0.0   192   302    27   136    14   143 0.91 length=1145	scaffold=gi528858389	strand=-
4945_g               -           1144 31553                -            383   3.4e-08   32.6   0.0   2   3     0.085       8.5    4.9   0.0   180   236   141   199   134   203 0.75 length=1145	scaffold=gi528858389	strand=-
4945_g               -           1144 31553                -            383   3.4e-08   32.6   0.0   3   3       2.6   2.6e+02   -0.0   0.0   281   301   332   352   316   356 0.67 length=1145	scaffold=gi528858389	strand=-
5417_g               -           1144 31553                -            383   3.4e-08   32.6   0.0   1   3   2.4e-07   2.4e-05   23.1   0.0   192   302    27   136    14   143 0.91 length=1145	scaffold=gi527313191	strand=-
5417_g               -           1144 31553                -            383   3.4e-08   32.6   0.0   2   3     0.085       8.5    4.9   0.0   180   236   141   199   134   203 0.75 length=1145	scaffold=gi527313191	strand=-
5417_g               -           1144 31553                -            383   3.4e-08   32.6   0.0   3   3       2.6   2.6e+02   -0.0   0.0   281   301   332   352   316   356 0.67 length=1145	scaffold=gi527313191	strand=-
11045_g              -           1826 31553                -            383   5.7e-08   31.8   9.1   1   3      0.45        45    2.5   0.0   309   348   611   653   607   660 0.78 length=1827	scaffold=gi528858383	strand=+
11045_g              -           1826 31553                -            383   5.7e-08   31.8   9.1   2   3   5.7e-09   5.7e-07   28.5   0.0   236   327   720   809   710   844 0.90 length=1827	scaffold=gi528858383	strand=+
11045_g              -           1826 31553                -            383   5.7e-08   31.8   9.1   3   3      0.57        57    2.2   0.0   311   342  1601  1629  1592  1637 0.57 length=1827	scaffold=gi528858383	strand=+
11842_g              -           1826 31553                -            383   5.7e-08   31.8   9.1   1   3      0.45        45    2.5   0.0   309   348   611   653   607   660 0.78 length=1827	scaffold=gi527307902	strand=+
11842_g              -           1826 31553                -            383   5.7e-08   31.8   9.1   2   3   5.7e-09   5.7e-07   28.5   0.0   236   327   720   809   710   844 0.90 length=1827	scaffold=gi527307902	strand=+
11842_g              -           1826 31553                -            383   5.7e-08   31.8   9.1   3   3      0.57        57    2.2   0.0   311   342  1601  1629  1592  1637 0.57 length=1827	scaffold=gi527307902	strand=+
12641_g              -           1852 31553                -            383   8.4e-08   31.3   0.4   1   3       4.3   4.3e+02   -0.7   0.0   269   304   150   184   140   191 0.68 length=1853	scaffold=gi527308984	strand=-
12641_g              -           1852 31553                -            383   8.4e-08   31.3   0.4   2   3      0.26        26    3.3   0.1   227   254   272   299   262   301 0.91 length=1853	scaffold=gi527308984	strand=-
12641_g              -           1852 31553                -            383   8.4e-08   31.3   0.4   3   3   3.3e-07   3.3e-05   22.7   0.0   182   258   379   458   354   460 0.57 length=1853	scaffold=gi527308984	strand=-
9882_g               -           1852 31553                -            383   8.4e-08   31.3   0.4   1   3       4.3   4.3e+02   -0.7   0.0   269   304   150   184   140   191 0.68 length=1853	scaffold=gi528858384	strand=+
9882_g               -           1852 31553                -            383   8.4e-08   31.3   0.4   2   3      0.26        26    3.3   0.1   227   254   272   299   262   301 0.91 length=1853	scaffold=gi528858384	strand=+
9882_g               -           1852 31553                -            383   8.4e-08   31.3   0.4   3   3   3.3e-07   3.3e-05   22.7   0.0   182   258   379   458   354   460 0.57 length=1853	scaffold=gi528858384	strand=+
6987_g               -            717 31553                -            383   9.2e-08   31.1   0.1   1   2   6.3e-09   6.3e-07   28.4   0.0   293   382   483   573   479   574 0.89 length=718	scaffold=gi528858387	strand=-
6987_g               -            717 31553                -            383   9.2e-08   31.1   0.1   2   2       2.4   2.4e+02    0.1   0.0   291   336   655   700   633   704 0.68 length=718	scaffold=gi528858387	strand=-
7925_g               -            717 31553                -            383   9.2e-08   31.1   0.1   1   2   6.3e-09   6.3e-07   28.4   0.0   293   382   483   573   479   574 0.89 length=718	scaffold=gi527311550	strand=+
7925_g               -            717 31553                -            383   9.2e-08   31.1   0.1   2   2       2.4   2.4e+02    0.1   0.0   291   336   655   700   633   704 0.68 length=718	scaffold=gi527311550	strand=+
10018_g              -           2990 31553                -            383   1.4e-07   30.6   0.0   1   1     3e-09     3e-07   29.4   0.0   227   296   980  1048   974  1052 0.83 length=2991	scaffold=gi528858384	strand=-
12500_g              -           2990 31553                -            383   1.4e-07   30.6   0.0   1   1     3e-09     3e-07   29.4   0.0   227   296   980  1048   974  1052 0.83 length=2991	scaffold=gi527308984	strand=+
3925_g               -           3451 31553                -            383   1.4e-07   30.5   0.0   1   3      0.29        29    3.2   0.0   283   324  1248  1289  1236  1291 0.77 length=3452	scaffold=gi528858391	strand=+
3925_g               -           3451 31553                -            383   1.4e-07   30.5   0.0   2   3      0.61        61    2.1   0.0   234   276  2011  2053  2004  2056 0.86 length=3452	scaffold=gi528858391	strand=+
3925_g               -           3451 31553                -            383   1.4e-07   30.5   0.0   3   3   1.1e-06   0.00011   21.0   0.0   196   259  2151  2214  2148  2257 0.88 length=3452	scaffold=gi528858391	strand=+
8705_g               -           3451 31553                -            383   1.4e-07   30.5   0.0   1   3      0.29        29    3.2   0.0   283   324  1248  1289  1236  1291 0.77 length=3452	scaffold=gi527314479	strand=+
8705_g               -           3451 31553                -            383   1.4e-07   30.5   0.0   2   3      0.61        61    2.1   0.0   234   276  2011  2053  2004  2056 0.86 length=3452	scaffold=gi527314479	strand=+
8705_g               -           3451 31553                -            383   1.4e-07   30.5   0.0   3   3   1.1e-06   0.00011   21.0   0.0   196   259  2151  2214  2148  2257 0.88 length=3452	scaffold=gi527314479	strand=+
10388_g              -           1596 31553                -            383   1.7e-07   30.3   0.1   1   3    0.0012      0.12   11.0   0.0   251   302   667   717   664   728 0.87 length=1597	scaffold=gi528858384	strand=-
10388_g              -           1596 31553                -            383   1.7e-07   30.3   0.1   2   3    0.0012      0.12   11.0   0.0   265   300   831   865   822   883 0.64 length=1597	scaffold=gi528858384	strand=-
10388_g              -           1596 31553                -            383   1.7e-07   30.3   0.1   3   3      0.25        25    3.4   0.0   174   213  1493  1534  1400  1539 0.77 length=1597	scaffold=gi528858384	strand=-
12136_g              -           1596 31553                -            383   1.7e-07   30.3   0.1   1   3    0.0012      0.12   11.0   0.0   251   302   667   717   664   728 0.87 length=1597	scaffold=gi527308984	strand=+
12136_g              -           1596 31553                -            383   1.7e-07   30.3   0.1   2   3    0.0012      0.12   11.0   0.0   265   300   831   865   822   883 0.64 length=1597	scaffold=gi527308984	strand=+
12136_g              -           1596 31553                -            383   1.7e-07   30.3   0.1   3   3      0.25        25    3.4   0.0   174   213  1493  1534  1400  1539 0.77 length=1597	scaffold=gi527308984	strand=+
1682_g               -            473 31553                -            383   1.9e-07   30.1   0.1   1   1   2.8e-09   2.8e-07   29.5   0.1   281   334    57   109    53   121 0.93 length=474	scaffold=gi527315322	strand=-
865_g                -            473 31553                -            383   1.9e-07   30.1   0.1   1   1   2.8e-09   2.8e-07   29.5   0.1   281   334    57   109    53   121 0.93 length=474	scaffold=gi528858394	strand=-
12551_g              -           4484 31553                -            383   2.1e-07   29.9   0.1   1   2       1.6   1.6e+02    0.7   0.0   271   302  3677  3708  3669  3749 0.87 length=4485	scaffold=gi527308984	strand=+
12551_g              -           4484 31553                -            383   2.1e-07   29.9   0.1   2   2   3.4e-08   3.4e-06   25.9   0.1   233   300  3935  4003  3920  4009 0.81 length=4485	scaffold=gi527308984	strand=+
9970_g               -           4484 31553                -            383   2.1e-07   29.9   0.1   1   2       1.6   1.6e+02    0.7   0.0   271   302  3677  3708  3669  3749 0.87 length=4485	scaffold=gi528858384	strand=-
9970_g               -           4484 31553                -            383   2.1e-07   29.9   0.1   2   2   3.4e-08   3.4e-06   25.9   0.1   233   300  3935  4003  3920  4009 0.81 length=4485	scaffold=gi528858384	strand=-
5687_g               -           1244 31553                -            383   2.2e-07   29.9   0.1   1   2       4.4   4.4e+02   -0.7   0.0   199   233  1055  1089  1050  1094 0.86 length=1245	scaffold=gi528858388	strand=+
5687_g               -           1244 31553                -            383   2.2e-07   29.9   0.1   2   2   2.1e-08   2.1e-06   26.7   0.0   282   360  1113  1198  1108  1209 0.72 length=1245	scaffold=gi528858388	strand=+
6560_g               -           1244 31553                -            383   2.2e-07   29.9   0.1   1   2       4.4   4.4e+02   -0.7   0.0   199   233  1055  1089  1050  1094 0.86 length=1245	scaffold=gi527312496	strand=-
6560_g               -           1244 31553                -            383   2.2e-07   29.9   0.1   2   2   2.1e-08   2.1e-06   26.7   0.0   282   360  1113  1198  1108  1209 0.72 length=1245	scaffold=gi527312496	strand=-
12597_g              -           2080 31553                -            383   5.1e-07   28.7   0.0   1   4    0.0099      0.98    8.0   0.0   299   352   451   504   439   526 0.82 length=2081	scaffold=gi527308984	strand=+
12597_g              -           2080 31553                -            383   5.1e-07   28.7   0.0   2   4     0.037       3.7    6.1   0.0   241   302   622   690   616   716 0.55 length=2081	scaffold=gi527308984	strand=+
12597_g              -           2080 31553                -            383   5.1e-07   28.7   0.0   3   4      0.23        23    3.4   0.0   234   259  1006  1031  1003  1037 0.92 length=2081	scaffold=gi527308984	strand=+
12597_g              -           2080 31553                -            383   5.1e-07   28.7   0.0   4   4      0.18        18    3.9   0.0   281   308  1498  1525  1486  1535 0.86 length=2081	scaffold=gi527308984	strand=+
9926_g               -           2080 31553                -            383   5.1e-07   28.7   0.0   1   4    0.0099      0.98    8.0   0.0   299   352   451   504   439   526 0.82 length=2081	scaffold=gi528858384	strand=-
9926_g               -           2080 31553                -            383   5.1e-07   28.7   0.0   2   4     0.037       3.7    6.1   0.0   241   302   622   690   616   716 0.55 length=2081	scaffold=gi528858384	strand=-
9926_g               -           2080 31553                -            383   5.1e-07   28.7   0.0   3   4      0.23        23    3.4   0.0   234   259  1006  1031  1003  1037 0.92 length=2081	scaffold=gi528858384	strand=-
9926_g               -           2080 31553                -            383   5.1e-07   28.7   0.0   4   4      0.18        18    3.9   0.0   281   308  1498  1525  1486  1535 0.86 length=2081	scaffold=gi528858384	strand=-
9071_g               -            333 31553                -            383   2.1e-06   26.7   0.2   1   4     0.025       2.5    6.6   0.1   264   308    41    88    33   101 0.74 length=334	scaffold=gi528858385	strand=-
9071_g               -            333 31553                -            383   2.1e-06   26.7   0.2   2   4   0.00032     0.032   12.9   0.0   196   269   104   175    98   179 0.90 length=334	scaffold=gi528858385	strand=-
9071_g               -            333 31553                -            383   2.1e-06   26.7   0.2   3   4       1.8   1.8e+02    0.5   0.0   196   215   244   263   237   283 0.70 length=334	scaffold=gi528858385	strand=-
9071_g               -            333 31553                -            383   2.1e-06   26.7   0.2   4   4       1.2   1.2e+02    1.1   0.0   326   340   317   331   301   333 0.56 length=334	scaffold=gi528858385	strand=-
5705_g               -            343 31553                -            383   2.5e-06   26.4   0.1   1   1   3.6e-08   3.6e-06   25.9   0.1   161   217   261   317   220   322 0.84 length=344	scaffold=gi528858388	strand=+
6542_g               -            343 31553                -            383   2.5e-06   26.4   0.1   1   1   3.6e-08   3.6e-06   25.9   0.1   161   217   261   317   220   322 0.84 length=344	scaffold=gi527312496	strand=-
13224_g              -           1304 31553                -            383   8.1e-06   24.7   0.0   1   3    0.0049      0.49    9.0   0.0   168   258   605   700   595   707 0.73 length=1305	scaffold=gi527309735	strand=-
13224_g              -           1304 31553                -            383   8.1e-06   24.7   0.0   2   3    0.0007      0.07   11.8   0.0   224   265  1086  1127  1082  1144 0.89 length=1305	scaffold=gi527309735	strand=-
13224_g              -           1304 31553                -            383   8.1e-06   24.7   0.0   3   3       7.5   7.5e+02   -1.5   0.0   119   168  1153  1202  1130  1206 0.80 length=1305	scaffold=gi527309735	strand=-
6847_g               -           1353 31553                -            383   1.2e-05   24.2   0.4   1   2    0.0013      0.13   10.9   0.0   177   215   517   555   508   562 0.82 length=1354	scaffold=gi528858387	strand=+
6847_g               -           1353 31553                -            383   1.2e-05   24.2   0.4   2   2    0.0028      0.28    9.8   0.0   172   209   618   655   583   661 0.53 length=1354	scaffold=gi528858387	strand=+
8067_g               -           1353 31553                -            383   1.2e-05   24.2   0.4   1   2    0.0013      0.13   10.9   0.0   177   215   517   555   508   562 0.82 length=1354	scaffold=gi527311550	strand=-
8067_g               -           1353 31553                -            383   1.2e-05   24.2   0.4   2   2    0.0028      0.28    9.8   0.0   172   209   618   655   583   661 0.53 length=1354	scaffold=gi527311550	strand=-
7061_g               -           3572 31553                -            383   1.3e-05   24.0   0.7   1   3       3.3   3.3e+02   -0.3   0.0   229   299    38    65    29    85 0.51 length=3573	scaffold=gi528858387	strand=+
7061_g               -           3572 31553                -            383   1.3e-05   24.0   0.7   2   3       2.1   2.1e+02    0.3   0.0   325   374   238   287   231   297 0.86 length=3573	scaffold=gi528858387	strand=+
7061_g               -           3572 31553                -            383   1.3e-05   24.0   0.7   3   3     3e-06    0.0003   19.6   0.1   282   345  3506  3569  3490  3572 0.68 length=3573	scaffold=gi528858387	strand=+
7855_g               -           3572 31553                -            383   1.3e-05   24.0   0.7   1   3       3.3   3.3e+02   -0.3   0.0   229   299    38    65    29    85 0.51 length=3573	scaffold=gi527311550	strand=-
7855_g               -           3572 31553                -            383   1.3e-05   24.0   0.7   2   3       2.1   2.1e+02    0.3   0.0   325   374   238   287   231   297 0.86 length=3573	scaffold=gi527311550	strand=-
7855_g               -           3572 31553                -            383   1.3e-05   24.0   0.7   3   3     3e-06    0.0003   19.6   0.1   282   345  3506  3569  3490  3572 0.68 length=3573	scaffold=gi527311550	strand=-
5658_g               -           2125 31553                -            383   3.2e-05   22.8   0.0   1   1   7.1e-07   7.1e-05   21.6   0.0   179   256  1719  1806  1696  1811 0.79 length=2126	scaffold=gi528858388	strand=+
6589_g               -           2125 31553                -            383   3.2e-05   22.8   0.0   1   1   7.1e-07   7.1e-05   21.6   0.0   179   256  1719  1806  1696  1811 0.79 length=2126	scaffold=gi527312496	strand=-
11274_g              -           2197 31553                -            383   3.5e-05   22.6   0.0   1   3   6.4e-05    0.0064   15.2   0.0   112   255  1201  1352  1193  1356 0.78 length=2198	scaffold=gi528858383	strand=-
11274_g              -           2197 31553                -            383   3.5e-05   22.6   0.0   2   3       2.5   2.5e+02    0.1   0.0   326   342  1693  1709  1673  1721 0.65 length=2198	scaffold=gi528858383	strand=-
11274_g              -           2197 31553                -            383   3.5e-05   22.6   0.0   3   3      0.52        52    2.3   0.0   231   255  1894  1918  1844  1923 0.71 length=2198	scaffold=gi528858383	strand=-
12071_g              -           2197 31553                -            383   3.5e-05   22.6   0.0   1   3   6.4e-05    0.0064   15.2   0.0   112   255  1201  1352  1193  1356 0.78 length=2198	scaffold=gi527307902	strand=-
12071_g              -           2197 31553                -            383   3.5e-05   22.6   0.0   2   3       2.5   2.5e+02    0.1   0.0   326   342  1693  1709  1673  1721 0.65 length=2198	scaffold=gi527307902	strand=-
12071_g              -           2197 31553                -            383   3.5e-05   22.6   0.0   3   3      0.52        52    2.3   0.0   231   255  1894  1918  1844  1923 0.71 length=2198	scaffold=gi527307902	strand=-
583_g                -            402 31553                -            383   4.4e-05   22.3   0.1   1   2       6.8   6.8e+02   -1.4   0.7    76   103   114   141    91   156 0.80 length=403	scaffold=gi528858395	strand=-
583_g                -            402 31553                -            383   4.4e-05   22.3   0.1   2   2   4.4e-07   4.4e-05   22.3   0.1    15    45   182   212   174   233 0.82 length=403	scaffold=gi528858395	strand=-
590_g                -            402 31553                -            383   4.4e-05   22.3   0.1   1   2       6.8   6.8e+02   -1.4   0.7    76   103   114   141    91   156 0.80 length=403	scaffold=gi527315607	strand=+
590_g                -            402 31553                -            383   4.4e-05   22.3   0.1   2   2   4.4e-07   4.4e-05   22.3   0.1    15    45   182   212   174   233 0.82 length=403	scaffold=gi527315607	strand=+
1805_g               -            269 31553                -            383   5.1e-05   22.1   0.0   1   1   0.00014     0.014   14.1   0.0   161   382    47   261    34   262 0.73 length=270	scaffold=gi527315322	strand=-
988_g                -            269 31553                -            383   5.1e-05   22.1   0.0   1   1   0.00014     0.014   14.1   0.0   161   382    47   261    34   262 0.73 length=270	scaffold=gi528858394	strand=-
7140_g               -            565 31553                -            383   5.5e-05   22.0   0.0   1   2   0.00013     0.013   14.1   0.0   236   320    99   188    93   206 0.76 length=566	scaffold=gi528858387	strand=-
7140_g               -            565 31553                -            383   5.5e-05   22.0   0.0   2   2     0.067       6.7    5.2   0.0   190   220   289   320   271   354 0.62 length=566	scaffold=gi528858387	strand=-
7777_g               -            565 31553                -            383   5.5e-05   22.0   0.0   1   2   0.00013     0.013   14.1   0.0   236   320    99   188    93   206 0.76 length=566	scaffold=gi527311550	strand=+
7777_g               -            565 31553                -            383   5.5e-05   22.0   0.0   2   2     0.067       6.7    5.2   0.0   190   220   289   320   271   354 0.62 length=566	scaffold=gi527311550	strand=+
10009_g              -           1575 31553                -            383   7.1e-05   21.6   0.0   1   3      0.22        22    3.5   0.0   266   301   120   156   101   163 0.80 length=1576	scaffold=gi528858384	strand=-
10009_g              -           1575 31553                -            383   7.1e-05   21.6   0.0   2   3       4.2   4.2e+02   -0.7   0.0   275   303   245   273   239   283 0.63 length=1576	scaffold=gi528858384	strand=-
10009_g              -           1575 31553                -            383   7.1e-05   21.6   0.0   3   3   0.00013     0.013   14.2   0.0   244   300   287   349   249   356 0.75 length=1576	scaffold=gi528858384	strand=-
12509_g              -           1575 31553                -            383   7.1e-05   21.6   0.0   1   3      0.22        22    3.5   0.0   266   301   120   156   101   163 0.80 length=1576	scaffold=gi527308984	strand=+
12509_g              -           1575 31553                -            383   7.1e-05   21.6   0.0   2   3       4.2   4.2e+02   -0.7   0.0   275   303   245   273   239   283 0.63 length=1576	scaffold=gi527308984	strand=+
12509_g              -           1575 31553                -            383   7.1e-05   21.6   0.0   3   3   0.00013     0.013   14.2   0.0   244   300   287   349   249   356 0.75 length=1576	scaffold=gi527308984	strand=+
10812_g              -           2474 31553                -            383    0.0001   21.1   0.4   1   3   0.00096     0.096   11.3   0.0   300   345   285   330   280   348 0.63 length=2475	scaffold=gi528858383	strand=-
10812_g              -           2474 31553                -            383    0.0001   21.1   0.4   2   3      0.58        58    2.2   0.2   282   300   489   508   436   515 0.69 length=2475	scaffold=gi528858383	strand=-
10812_g              -           2474 31553                -            383    0.0001   21.1   0.4   3   3      0.34        34    2.9   0.0   240   300   578   639   572   651 0.76 length=2475	scaffold=gi528858383	strand=-
11609_g              -           2474 31553                -            383    0.0001   21.1   0.4   1   3   0.00096     0.096   11.3   0.0   300   345   285   330   280   348 0.63 length=2475	scaffold=gi527307902	strand=-
11609_g              -           2474 31553                -            383    0.0001   21.1   0.4   2   3      0.58        58    2.2   0.2   282   300   489   508   436   515 0.69 length=2475	scaffold=gi527307902	strand=-
11609_g              -           2474 31553                -            383    0.0001   21.1   0.4   3   3      0.34        34    2.9   0.0   240   300   578   639   572   651 0.76 length=2475	scaffold=gi527307902	strand=-
9442_g               -           3598 31553                -            383   0.00012   20.8   0.0   1   2     0.016       1.6    7.3   0.0   168   258   605   700   596   706 0.72 length=3599	scaffold=gi528858385	strand=+
9442_g               -           3598 31553                -            383   0.00012   20.8   0.0   2   2    0.0019      0.19   10.3   0.0   224   265  1086  1127  1082  1153 0.89 length=3599	scaffold=gi528858385	strand=+
307_g                -            538 31553                -            383   0.00017   20.3   0.0   1   2     0.076       7.6    5.1   0.0   223   259   182   219   179   224 0.74 length=539	scaffold=gi527315854	strand=-
307_g                -            538 31553                -            383   0.00017   20.3   0.0   2   2   0.00045     0.045   12.4   0.0   223   261   243   281   233   290 0.70 length=539	scaffold=gi527315854	strand=-
84_g                 -            538 31553                -            383   0.00017   20.3   0.0   1   2     0.076       7.6    5.1   0.0   223   259   182   219   179   224 0.74 length=539	scaffold=gi528858396	strand=+
84_g                 -            538 31553                -            383   0.00017   20.3   0.0   2   2   0.00045     0.045   12.4   0.0   223   261   243   281   233   290 0.70 length=539	scaffold=gi528858396	strand=+
13636_g              -           1465 31553                -            383   0.00017   20.3   0.0   1   3       9.2   9.2e+02   -1.8   0.0   185   215   167   197   111   207 0.73 length=1466	scaffold=gi527309735	strand=+
13636_g              -           1465 31553                -            383   0.00017   20.3   0.0   2   3     0.038       3.8    6.0   0.0   242   299   275   334   270   343 0.87 length=1466	scaffold=gi527309735	strand=+
13636_g              -           1465 31553                -            383   0.00017   20.3   0.0   3   3    0.0015      0.15   10.7   0.0   236   277   462   503   443   508 0.90 length=1466	scaffold=gi527309735	strand=+
9027_g               -           1465 31553                -            383   0.00017   20.3   0.0   1   3       9.2   9.2e+02   -1.8   0.0   185   215   167   197   111   207 0.73 length=1466	scaffold=gi528858385	strand=-
9027_g               -           1465 31553                -            383   0.00017   20.3   0.0   2   3     0.038       3.8    6.0   0.0   242   299   275   334   270   343 0.87 length=1466	scaffold=gi528858385	strand=-
9027_g               -           1465 31553                -            383   0.00017   20.3   0.0   3   3    0.0015      0.15   10.7   0.0   236   277   462   503   443   508 0.90 length=1466	scaffold=gi528858385	strand=-
12688_g              -           1741 31553                -            383    0.0002   20.1   0.1   1   2   6.3e-05    0.0063   15.2   0.0   231   305   908   981   901   985 0.89 length=1742	scaffold=gi527308984	strand=-
12688_g              -           1741 31553                -            383    0.0002   20.1   0.1   2   2      0.92        92    1.5   0.0   280   303  1531  1554  1494  1576 0.71 length=1742	scaffold=gi527308984	strand=-
9835_g               -           1741 31553                -            383    0.0002   20.1   0.1   1   2   6.3e-05    0.0063   15.2   0.0   231   305   908   981   901   985 0.89 length=1742	scaffold=gi528858384	strand=+
9835_g               -           1741 31553                -            383    0.0002   20.1   0.1   2   2      0.92        92    1.5   0.0   280   303  1531  1554  1494  1576 0.71 length=1742	scaffold=gi528858384	strand=+
6765_g               -            683 31553                -            383   0.00035   19.3   0.0   1   1   1.1e-05    0.0011   17.7   0.0   275   308   164   197   160   241 0.94 length=684	scaffold=gi528858387	strand=-
8147_g               -            683 31553                -            383   0.00035   19.3   0.0   1   1   1.1e-05    0.0011   17.7   0.0   275   308   164   197   160   241 0.94 length=684	scaffold=gi527311550	strand=+
2698_g               -           1342 31553                -            383    0.0005   18.8   0.1   1   4     0.031       3.1    6.3   0.0   277   300   607   630   577   636 0.77 length=1343	scaffold=gi528858386	strand=-
2698_g               -           1342 31553                -            383    0.0005   18.8   0.1   2   4      0.57        57    2.2   0.0   293   329   983  1021   979  1027 0.62 length=1343	scaffold=gi528858386	strand=-
2698_g               -           1342 31553                -            383    0.0005   18.8   0.1   3   4       4.7   4.7e+02   -0.8   0.0   283   299  1109  1125  1102  1132 0.70 length=1343	scaffold=gi528858386	strand=-
2698_g               -           1342 31553                -            383    0.0005   18.8   0.1   4   4      0.25        25    3.4   0.0   266   302  1149  1188  1145  1207 0.73 length=1343	scaffold=gi528858386	strand=-
3379_g               -           1342 31553                -            383    0.0005   18.8   0.1   1   4     0.031       3.1    6.3   0.0   277   300   607   630   577   636 0.77 length=1343	scaffold=gi527310881	strand=-
3379_g               -           1342 31553                -            383    0.0005   18.8   0.1   2   4      0.57        57    2.2   0.0   293   329   983  1021   979  1027 0.62 length=1343	scaffold=gi527310881	strand=-
3379_g               -           1342 31553                -            383    0.0005   18.8   0.1   3   4       4.7   4.7e+02   -0.8   0.0   283   299  1109  1125  1102  1132 0.70 length=1343	scaffold=gi527310881	strand=-
3379_g               -           1342 31553                -            383    0.0005   18.8   0.1   4   4      0.25        25    3.4   0.0   266   302  1149  1188  1145  1207 0.73 length=1343	scaffold=gi527310881	strand=-
6622_g               -           1050 31553                -            383    0.0011   17.7   0.4   1   2    0.0088      0.88    8.1   0.0   303   339   397   434   392   459 0.81 length=1051	scaffold=gi527312496	strand=+
6622_g               -           1050 31553                -            383    0.0011   17.7   0.4   2   2     0.098       9.7    4.7   0.0   185   255   626   698   614   705 0.70 length=1051	scaffold=gi527312496	strand=+
1192_g               -            231 31553                -            383    0.0013   17.5   0.7   1   1   9.4e-05    0.0094   14.6   0.7   155   261    22   138     7   147 0.69 length=232	scaffold=gi528858393	strand=-
1446_g               -            231 31553                -            383    0.0013   17.5   0.7   1   1   9.4e-05    0.0094   14.6   0.7   155   261    22   138     7   147 0.69 length=232	scaffold=gi527315005	strand=+
5624_g               -           1081 31553                -            383    0.0013   17.5   0.5   1   2    0.0091      0.91    8.1   0.0   303   339   397   434   392   459 0.81 length=1082	scaffold=gi528858388	strand=-
5624_g               -           1081 31553                -            383    0.0013   17.5   0.5   2   2     0.093       9.3    4.8   0.0   185   255   626   698   603   705 0.73 length=1082	scaffold=gi528858388	strand=-
12242_g              -           1510 31553                -            383    0.0014   17.3   0.1   1   3         6     6e+02   -1.2   0.0   256   296   184   230   176   233 0.64 length=1511	scaffold=gi527308984	strand=+
12242_g              -           1510 31553                -            383    0.0014   17.3   0.1   2   3       7.1   7.1e+02   -1.4   0.0   161   201   340   381   329   386 0.66 length=1511	scaffold=gi527308984	strand=+
12242_g              -           1510 31553                -            383    0.0014   17.3   0.1   3   3   0.00052     0.052   12.2   0.0   225   309   478   575   473   589 0.70 length=1511	scaffold=gi527308984	strand=+
10281_g              -           1517 31553                -            383    0.0014   17.3   0.1   1   3         6     6e+02   -1.2   0.0   256   296   184   230   176   233 0.64 length=1518	scaffold=gi528858384	strand=-
10281_g              -           1517 31553                -            383    0.0014   17.3   0.1   2   3       7.1   7.1e+02   -1.4   0.0   161   201   340   381   329   386 0.66 length=1518	scaffold=gi528858384	strand=-
10281_g              -           1517 31553                -            383    0.0014   17.3   0.1   3   3   0.00053     0.053   12.2   0.0   225   309   478   575   473   589 0.70 length=1518	scaffold=gi528858384	strand=-
7506_g               -            515 31553                -            383     0.007   15.1   0.1   1   2       1.6   1.6e+02    0.7   0.0   199   220   123   144   119   159 0.83 length=516	scaffold=gi527311550	strand=+
7506_g               -            515 31553                -            383     0.007   15.1   0.1   2   2    0.0018      0.18   10.4   0.0   227   262   426   461   421   471 0.83 length=516	scaffold=gi527311550	strand=+
7412_g               -            508 31553                -            383    0.0071   15.0   0.1   1   2       1.6   1.6e+02    0.7   0.0   199   220   123   144   119   159 0.83 length=509	scaffold=gi528858387	strand=-
7412_g               -            508 31553                -            383    0.0071   15.0   0.1   2   2    0.0018      0.18   10.4   0.0   227   262   426   461   421   471 0.83 length=509	scaffold=gi528858387	strand=-
7320_g               -           1127 31553                -            383     0.014   14.0   0.0   1   3    0.0046      0.46    9.1   0.0   232   296   401   465   394   480 0.85 length=1128	scaffold=gi528858387	strand=+
7320_g               -           1127 31553                -            383     0.014   14.0   0.0   2   3       3.3   3.3e+02   -0.3   0.0   225   260   598   633   579   636 0.87 length=1128	scaffold=gi528858387	strand=+
7320_g               -           1127 31553                -            383     0.014   14.0   0.0   3   3         4     4e+02   -0.6   0.0   235   303   711   785   660   824 0.46 length=1128	scaffold=gi528858387	strand=+
7599_g               -           1127 31553                -            383     0.014   14.0   0.0   1   3    0.0046      0.46    9.1   0.0   232   296   401   465   394   480 0.85 length=1128	scaffold=gi527311550	strand=-
7599_g               -           1127 31553                -            383     0.014   14.0   0.0   2   3       3.3   3.3e+02   -0.3   0.0   225   260   598   633   579   636 0.87 length=1128	scaffold=gi527311550	strand=-
7599_g               -           1127 31553                -            383     0.014   14.0   0.0   3   3         4     4e+02   -0.6   0.0   235   303   711   785   660   824 0.46 length=1128	scaffold=gi527311550	strand=-
12877_g              -            632 31553                -            383     0.026   13.2   0.0   1   2       1.4   1.4e+02    0.9   0.0   174   218   232   277   194   283 0.64 length=633	scaffold=gi527310678	strand=-
12877_g              -            632 31553                -            383     0.026   13.2   0.0   2   2     0.003       0.3    9.7   0.0   192   255   390   452   357   456 0.84 length=633	scaffold=gi527310678	strand=-
8996_g               -            632 31553                -            383     0.026   13.2   0.0   1   2       1.4   1.4e+02    0.9   0.0   174   218   232   277   194   283 0.64 length=633	scaffold=gi528858385	strand=-
8996_g               -            632 31553                -            383     0.026   13.2   0.0   2   2     0.003       0.3    9.7   0.0   192   255   390   452   357   456 0.84 length=633	scaffold=gi528858385	strand=-
4351_g               -            758 31553                -            383      0.13   10.9   0.0   1   3       1.5   1.5e+02    0.8   0.0   263   294   154   182   150   188 0.86 length=759	scaffold=gi528858390	strand=+
4351_g               -            758 31553                -            383      0.13   10.9   0.0   2   3         5     5e+02   -0.9   0.0   209   253   288   332   272   340 0.74 length=759	scaffold=gi528858390	strand=+
4351_g               -            758 31553                -            383      0.13   10.9   0.0   3   3     0.051       5.1    5.6   0.0   184   258   383   415   369   443 0.67 length=759	scaffold=gi528858390	strand=+
8257_g               -            758 31553                -            383      0.13   10.9   0.0   1   3       1.5   1.5e+02    0.8   0.0   263   294   154   182   150   188 0.86 length=759	scaffold=gi527313991	strand=-
8257_g               -            758 31553                -            383      0.13   10.9   0.0   2   3         5     5e+02   -0.9   0.0   209   253   288   332   272   340 0.74 length=759	scaffold=gi527313991	strand=-
8257_g               -            758 31553                -            383      0.13   10.9   0.0   3   3     0.051       5.1    5.6   0.0   184   258   383   415   369   443 0.67 length=759	scaffold=gi527313991	strand=-
7399_g               -            483 31553                -            383      0.19   10.3   7.5   1   2       1.6   1.6e+02    0.7   0.0   230   302    47   116    45   126 0.78 length=484	scaffold=gi528858387	strand=-
7399_g               -            483 31553                -            383      0.19   10.3   7.5   2   2    0.0021      0.21   10.2   0.0   266   304   222   257   127   291 0.79 length=484	scaffold=gi528858387	strand=-
7519_g               -            483 31553                -            383      0.19   10.3   7.5   1   2       1.6   1.6e+02    0.7   0.0   230   302    47   116    45   126 0.78 length=484	scaffold=gi527311550	strand=+
7519_g               -            483 31553                -            383      0.19   10.3   7.5   2   2    0.0021      0.21   10.2   0.0   266   304   222   257   127   291 0.79 length=484	scaffold=gi527311550	strand=+
#
# Program:         hmmsearch
# Version:         3.4 (Aug 2023)
# Pipeline mode:   SEARCH
# Query file:      /home/inf-20-2025/Malaria/busco_downloads/lineages/apicomplexa_odb12/hmms/31553at5794.hmm
# Target file:     /home/inf-20-2025/Malaria/Results/6_nobird_annotation/T_gondii.faa
# Option settings: hmmsearch --domtblout Results/8_busco/T_gondii/run_apicomplexa_odb12/hmmer_output/initial_run_results/31553at5794.out --cpu 1 /home/inf-20-2025/Malaria/busco_downloads/lineages/apicomplexa_odb12/hmms/31553at5794.hmm /home/inf-20-2025/Malaria/Results/6_nobird_annotation/T_gondii.faa 
# Current dir:     /home/inf-20-2025/Malaria
# Date:            Wed Mar  4 18:33:07 2026
# [ok]
