#                                                                            --- full sequence --- -------------- this domain -------------   hmm coord   ali coord   env coord
# target name        accession   tlen query name           accession   qlen   E-value  score  bias   #  of  c-Evalue  i-Evalue  score  bias  from    to  from    to  from    to  acc description of target
#------------------- ---------- ----- -------------------- ---------- ----- --------- ------ ----- --- --- --------- --------- ------ ----- ----- ----- ----- ----- ----- ----- ---- ---------------------
13034_g              -           2693 48601                -            765  8.4e-160  533.1   0.0   1   7       2.4   2.5e+02   -0.8   0.0    24    49  1106  1131  1100  1134 0.88 length=2694	scaffold=gi527309735	strand=+
13034_g              -           2693 48601                -            765  8.4e-160  533.1   0.0   2   7       6.1   6.5e+02   -2.2   0.0    92   107  1365  1380  1362  1385 0.87 length=2694	scaffold=gi527309735	strand=+
13034_g              -           2693 48601                -            765  8.4e-160  533.1   0.0   3   7   7.7e-24   8.1e-22   76.8   0.0   113   265  1415  1616  1402  1633 0.75 length=2694	scaffold=gi527309735	strand=+
13034_g              -           2693 48601                -            765  8.4e-160  533.1   0.0   4   7       3.5   3.7e+02   -1.4   0.0   290   311  1742  1763  1735  1772 0.88 length=2694	scaffold=gi527309735	strand=+
13034_g              -           2693 48601                -            765  8.4e-160  533.1   0.0   5   7     4e-18   4.2e-16   57.9   0.0   344   415  1855  1928  1792  1940 0.88 length=2694	scaffold=gi527309735	strand=+
13034_g              -           2693 48601                -            765  8.4e-160  533.1   0.0   6   7   3.3e-91   3.5e-89  299.6   0.0   408   668  2088  2386  2079  2394 0.86 length=2694	scaffold=gi527309735	strand=+
13034_g              -           2693 48601                -            765  8.4e-160  533.1   0.0   7   7   1.6e-24   1.7e-22   79.1   0.0   668   762  2486  2588  2480  2591 0.87 length=2694	scaffold=gi527309735	strand=+
9631_g               -           2693 48601                -            765  8.4e-160  533.1   0.0   1   7       2.4   2.5e+02   -0.8   0.0    24    49  1106  1131  1100  1134 0.88 length=2694	scaffold=gi528858385	strand=-
9631_g               -           2693 48601                -            765  8.4e-160  533.1   0.0   2   7       6.1   6.5e+02   -2.2   0.0    92   107  1365  1380  1362  1385 0.87 length=2694	scaffold=gi528858385	strand=-
9631_g               -           2693 48601                -            765  8.4e-160  533.1   0.0   3   7   7.7e-24   8.1e-22   76.8   0.0   113   265  1415  1616  1402  1633 0.75 length=2694	scaffold=gi528858385	strand=-
9631_g               -           2693 48601                -            765  8.4e-160  533.1   0.0   4   7       3.5   3.7e+02   -1.4   0.0   290   311  1742  1763  1735  1772 0.88 length=2694	scaffold=gi528858385	strand=-
9631_g               -           2693 48601                -            765  8.4e-160  533.1   0.0   5   7     4e-18   4.2e-16   57.9   0.0   344   415  1855  1928  1792  1940 0.88 length=2694	scaffold=gi528858385	strand=-
9631_g               -           2693 48601                -            765  8.4e-160  533.1   0.0   6   7   3.3e-91   3.5e-89  299.6   0.0   408   668  2088  2386  2079  2394 0.86 length=2694	scaffold=gi528858385	strand=-
9631_g               -           2693 48601                -            765  8.4e-160  533.1   0.0   7   7   1.6e-24   1.7e-22   79.1   0.0   668   762  2486  2588  2480  2591 0.87 length=2694	scaffold=gi528858385	strand=-
12917_g              -           1311 48601                -            765   1.8e-35  122.0   1.9   1   6   6.5e-10   6.9e-08   30.8   0.0   448   511   548   611   540   615 0.64 length=1312	scaffold=gi527309735	strand=+
12917_g              -           1311 48601                -            765   1.8e-35  122.0   1.9   2   6       2.8   2.9e+02   -1.0   0.0   472   503   862   894   860   903 0.68 length=1312	scaffold=gi527309735	strand=+
12917_g              -           1311 48601                -            765   1.8e-35  122.0   1.9   3   6   6.2e-06   0.00066   17.6   0.1   348   404  1018  1075  1017  1079 0.85 length=1312	scaffold=gi527309735	strand=+
12917_g              -           1311 48601                -            765   1.8e-35  122.0   1.9   4   6         4   4.3e+02   -1.6   0.0   354   378  1106  1129  1100  1132 0.83 length=1312	scaffold=gi527309735	strand=+
12917_g              -           1311 48601                -            765   1.8e-35  122.0   1.9   5   6   1.3e-16   1.4e-14   52.9   0.0   449   520  1145  1217  1116  1220 0.93 length=1312	scaffold=gi527309735	strand=+
12917_g              -           1311 48601                -            765   1.8e-35  122.0   1.9   6   6   8.1e-08   8.6e-06   23.9   0.0   453   515  1191  1253  1190  1256 0.96 length=1312	scaffold=gi527309735	strand=+
9745_g               -           1311 48601                -            765   1.8e-35  122.0   1.9   1   6   6.5e-10   6.9e-08   30.8   0.0   448   511   548   611   540   615 0.64 length=1312	scaffold=gi528858385	strand=-
9745_g               -           1311 48601                -            765   1.8e-35  122.0   1.9   2   6       2.8   2.9e+02   -1.0   0.0   472   503   862   894   860   903 0.68 length=1312	scaffold=gi528858385	strand=-
9745_g               -           1311 48601                -            765   1.8e-35  122.0   1.9   3   6   6.2e-06   0.00066   17.6   0.1   348   404  1018  1075  1017  1079 0.85 length=1312	scaffold=gi528858385	strand=-
9745_g               -           1311 48601                -            765   1.8e-35  122.0   1.9   4   6         4   4.3e+02   -1.6   0.0   354   378  1106  1129  1100  1132 0.83 length=1312	scaffold=gi528858385	strand=-
9745_g               -           1311 48601                -            765   1.8e-35  122.0   1.9   5   6   1.3e-16   1.4e-14   52.9   0.0   449   520  1145  1217  1116  1220 0.93 length=1312	scaffold=gi528858385	strand=-
9745_g               -           1311 48601                -            765   1.8e-35  122.0   1.9   6   6   8.1e-08   8.6e-06   23.9   0.0   453   515  1191  1253  1190  1256 0.96 length=1312	scaffold=gi528858385	strand=-
4491_g               -            711 48601                -            765   5.3e-31  107.2   0.7   1   5   0.00024     0.026   12.4   0.0   463   500   348   385   345   391 0.83 length=712	scaffold=gi528858390	strand=-
4491_g               -            711 48601                -            765   5.3e-31  107.2   0.7   2   5      0.48        50    1.5   0.0   171   199   410   438   404   452 0.63 length=712	scaffold=gi528858390	strand=-
4491_g               -            711 48601                -            765   5.3e-31  107.2   0.7   3   5   5.1e-05    0.0054   14.6   0.0   486   523   453   491   446   496 0.86 length=712	scaffold=gi528858390	strand=-
4491_g               -            711 48601                -            765   5.3e-31  107.2   0.7   4   5   1.7e-10   1.8e-08   32.7   0.0   346   432   498   582   492   591 0.74 length=712	scaffold=gi528858390	strand=-
4491_g               -            711 48601                -            765   5.3e-31  107.2   0.7   5   5   1.5e-12   1.6e-10   39.5   0.1   483   561   606   688   602   694 0.88 length=712	scaffold=gi528858390	strand=-
8506_g               -            711 48601                -            765   5.3e-31  107.2   0.7   1   5   0.00024     0.026   12.4   0.0   463   500   348   385   345   391 0.83 length=712	scaffold=gi527313757	strand=-
8506_g               -            711 48601                -            765   5.3e-31  107.2   0.7   2   5      0.48        50    1.5   0.0   171   199   410   438   404   452 0.63 length=712	scaffold=gi527313757	strand=-
8506_g               -            711 48601                -            765   5.3e-31  107.2   0.7   3   5   5.1e-05    0.0054   14.6   0.0   486   523   453   491   446   496 0.86 length=712	scaffold=gi527313757	strand=-
8506_g               -            711 48601                -            765   5.3e-31  107.2   0.7   4   5   1.7e-10   1.8e-08   32.7   0.0   346   432   498   582   492   591 0.74 length=712	scaffold=gi527313757	strand=-
8506_g               -            711 48601                -            765   5.3e-31  107.2   0.7   5   5   1.5e-12   1.6e-10   39.5   0.1   483   561   606   688   602   694 0.88 length=712	scaffold=gi527313757	strand=-
4334_g               -           1364 48601                -            765   1.7e-28   98.9   3.2   1   3   4.6e-17   4.9e-15   54.4   0.5   354   521    16   167     7   171 0.92 length=1365	scaffold=gi528858390	strand=-
4334_g               -           1364 48601                -            765   1.7e-28   98.9   3.2   2   3   1.1e-12   1.2e-10   40.0   0.1   447   530   212   298   197   333 0.71 length=1365	scaffold=gi528858390	strand=-
4334_g               -           1364 48601                -            765   1.7e-28   98.9   3.2   3   3       8.4   8.9e+02   -2.6   0.0   487   528   444   487   440   488 0.83 length=1365	scaffold=gi528858390	strand=-
8274_g               -           1364 48601                -            765   1.7e-28   98.9   3.2   1   3   4.6e-17   4.9e-15   54.4   0.5   354   521    16   167     7   171 0.92 length=1365	scaffold=gi527313991	strand=+
8274_g               -           1364 48601                -            765   1.7e-28   98.9   3.2   2   3   1.1e-12   1.2e-10   40.0   0.1   447   530   212   298   197   333 0.71 length=1365	scaffold=gi527313991	strand=+
8274_g               -           1364 48601                -            765   1.7e-28   98.9   3.2   3   3       8.4   8.9e+02   -2.6   0.0   487   528   444   487   440   488 0.83 length=1365	scaffold=gi527313991	strand=+
10432_g              -            384 48601                -            765     2e-28   98.7  14.0   1   4   4.8e-18   5.1e-16   57.7   2.5   411   564    64   217    52   217 0.84 length=385	scaffold=gi528858384	strand=-
10432_g              -            384 48601                -            765     2e-28   98.7  14.0   2   4   4.6e-09   4.9e-07   28.0   0.4   440   494   170   228   168   233 0.85 length=385	scaffold=gi528858384	strand=-
10432_g              -            384 48601                -            765     2e-28   98.7  14.0   3   4   2.7e-11   2.8e-09   35.4   0.2   345   431   222   303   220   319 0.84 length=385	scaffold=gi528858384	strand=-
10432_g              -            384 48601                -            765     2e-28   98.7  14.0   4   4       5.1   5.4e+02   -1.9   0.0   123   144   328   349   323   353 0.75 length=385	scaffold=gi528858384	strand=-
12827_g              -            384 48601                -            765     2e-28   98.7  14.0   1   4   4.8e-18   5.1e-16   57.7   2.5   411   564    64   217    52   217 0.84 length=385	scaffold=gi527308853	strand=+
12827_g              -            384 48601                -            765     2e-28   98.7  14.0   2   4   4.6e-09   4.9e-07   28.0   0.4   440   494   170   228   168   233 0.85 length=385	scaffold=gi527308853	strand=+
12827_g              -            384 48601                -            765     2e-28   98.7  14.0   3   4   2.7e-11   2.8e-09   35.4   0.2   345   431   222   303   220   319 0.84 length=385	scaffold=gi527308853	strand=+
12827_g              -            384 48601                -            765     2e-28   98.7  14.0   4   4       5.1   5.4e+02   -1.9   0.0   123   144   328   349   323   353 0.75 length=385	scaffold=gi527308853	strand=+
10695_g              -            900 48601                -            765   1.3e-27   96.0   6.5   1   6       3.9   4.1e+02   -1.5   0.0   347   369   515   537   511   540 0.89 length=901	scaffold=gi528858383	strand=-
10695_g              -            900 48601                -            765   1.3e-27   96.0   6.5   2   6   1.2e-06   0.00013   20.0   0.1   368   427   606   662   583   667 0.76 length=901	scaffold=gi528858383	strand=-
10695_g              -            900 48601                -            765   1.3e-27   96.0   6.5   3   6   2.5e-06   0.00027   18.9   0.0   450   501   629   680   629   685 0.93 length=901	scaffold=gi528858383	strand=-
10695_g              -            900 48601                -            765   1.3e-27   96.0   6.5   4   6   1.1e-08   1.2e-06   26.7   0.0   344   402   666   724   659   729 0.91 length=901	scaffold=gi528858383	strand=-
10695_g              -            900 48601                -            765   1.3e-27   96.0   6.5   5   6   1.3e-12   1.4e-10   39.7   0.8   466   565   729   832   726   839 0.88 length=901	scaffold=gi528858383	strand=-
10695_g              -            900 48601                -            765   1.3e-27   96.0   6.5   6   6    0.0038       0.4    8.4   0.0   346   379   845   878   838   883 0.87 length=901	scaffold=gi528858383	strand=-
11492_g              -            900 48601                -            765   1.3e-27   96.0   6.5   1   6       3.9   4.1e+02   -1.5   0.0   347   369   515   537   511   540 0.89 length=901	scaffold=gi527307902	strand=-
11492_g              -            900 48601                -            765   1.3e-27   96.0   6.5   2   6   1.2e-06   0.00013   20.0   0.1   368   427   606   662   583   667 0.76 length=901	scaffold=gi527307902	strand=-
11492_g              -            900 48601                -            765   1.3e-27   96.0   6.5   3   6   2.5e-06   0.00027   18.9   0.0   450   501   629   680   629   685 0.93 length=901	scaffold=gi527307902	strand=-
11492_g              -            900 48601                -            765   1.3e-27   96.0   6.5   4   6   1.1e-08   1.2e-06   26.7   0.0   344   402   666   724   659   729 0.91 length=901	scaffold=gi527307902	strand=-
11492_g              -            900 48601                -            765   1.3e-27   96.0   6.5   5   6   1.3e-12   1.4e-10   39.7   0.8   466   565   729   832   726   839 0.88 length=901	scaffold=gi527307902	strand=-
11492_g              -            900 48601                -            765   1.3e-27   96.0   6.5   6   6    0.0038       0.4    8.4   0.0   346   379   845   878   838   883 0.87 length=901	scaffold=gi527307902	strand=-
10633_g              -           2210 48601                -            765   5.2e-26   90.7   0.0   1   3     8e-15   8.4e-13   47.0   0.0   465   571   774   884   770   902 0.91 length=2211	scaffold=gi528858383	strand=+
10633_g              -           2210 48601                -            765   5.2e-26   90.7   0.0   2   3    0.0018      0.19    9.5   0.0   123   180  1033  1087  1023  1091 0.91 length=2211	scaffold=gi528858383	strand=+
10633_g              -           2210 48601                -            765   5.2e-26   90.7   0.0   3   3   2.1e-09   2.2e-07   29.1   0.0   346   425  1247  1323  1238  1333 0.81 length=2211	scaffold=gi528858383	strand=+
11430_g              -           2210 48601                -            765   5.2e-26   90.7   0.0   1   3     8e-15   8.4e-13   47.0   0.0   465   571   774   884   770   902 0.91 length=2211	scaffold=gi527307902	strand=+
11430_g              -           2210 48601                -            765   5.2e-26   90.7   0.0   2   3    0.0018      0.19    9.5   0.0   123   180  1033  1087  1023  1091 0.91 length=2211	scaffold=gi527307902	strand=+
11430_g              -           2210 48601                -            765   5.2e-26   90.7   0.0   3   3   2.1e-09   2.2e-07   29.1   0.0   346   425  1247  1323  1238  1333 0.81 length=2211	scaffold=gi527307902	strand=+
1903_g               -            659 48601                -            765   5.6e-26   90.6   0.1   1   4   1.1e-09   1.2e-07   30.0   0.1   464   520   369   426   364   435 0.92 length=660	scaffold=gi528858392	strand=+
1903_g               -            659 48601                -            765   5.6e-26   90.6   0.1   2   4     0.085         9    3.9   0.0   444   475   436   467   430   494 0.57 length=660	scaffold=gi528858392	strand=+
1903_g               -            659 48601                -            765   5.6e-26   90.6   0.1   3   4     8e-12   8.5e-10   37.1   0.0   456   530   490   565   485   571 0.91 length=660	scaffold=gi528858392	strand=+
1903_g               -            659 48601                -            765   5.6e-26   90.6   0.1   4   4   0.00013     0.013   13.3   0.0   338   423   567   652   558   655 0.73 length=660	scaffold=gi528858392	strand=+
2359_g               -            659 48601                -            765   5.6e-26   90.6   0.1   1   4   1.1e-09   1.2e-07   30.0   0.1   464   520   369   426   364   435 0.92 length=660	scaffold=gi527314726	strand=-
2359_g               -            659 48601                -            765   5.6e-26   90.6   0.1   2   4     0.085         9    3.9   0.0   444   475   436   467   430   494 0.57 length=660	scaffold=gi527314726	strand=-
2359_g               -            659 48601                -            765   5.6e-26   90.6   0.1   3   4     8e-12   8.5e-10   37.1   0.0   456   530   490   565   485   571 0.91 length=660	scaffold=gi527314726	strand=-
2359_g               -            659 48601                -            765   5.6e-26   90.6   0.1   4   4   0.00013     0.013   13.3   0.0   338   423   567   652   558   655 0.73 length=660	scaffold=gi527314726	strand=-
12555_g              -            762 48601                -            765   3.5e-23   81.3   0.0   1   5     0.051       5.4    4.7   0.0   488   514   147   173   141   177 0.85 length=763	scaffold=gi527308984	strand=+
12555_g              -            762 48601                -            765   3.5e-23   81.3   0.0   2   5   1.4e-09   1.5e-07   29.7   0.1   343   436   320   423   295   431 0.80 length=763	scaffold=gi527308984	strand=+
12555_g              -            762 48601                -            765   3.5e-23   81.3   0.0   3   5     0.033       3.5    5.3   0.0   361   420   393   448   389   455 0.77 length=763	scaffold=gi527308984	strand=+
12555_g              -            762 48601                -            765   3.5e-23   81.3   0.0   4   5   4.7e-05     0.005   14.7   0.0   332   380   492   540   483   558 0.88 length=763	scaffold=gi527308984	strand=+
12555_g              -            762 48601                -            765   3.5e-23   81.3   0.0   5   5   1.7e-07   1.8e-05   22.8   0.0   447   514   675   753   669   756 0.80 length=763	scaffold=gi527308984	strand=+
9966_g               -            762 48601                -            765   3.5e-23   81.3   0.0   1   5     0.051       5.4    4.7   0.0   488   514   147   173   141   177 0.85 length=763	scaffold=gi528858384	strand=-
9966_g               -            762 48601                -            765   3.5e-23   81.3   0.0   2   5   1.4e-09   1.5e-07   29.7   0.1   343   436   320   423   295   431 0.80 length=763	scaffold=gi528858384	strand=-
9966_g               -            762 48601                -            765   3.5e-23   81.3   0.0   3   5     0.033       3.5    5.3   0.0   361   420   393   448   389   455 0.77 length=763	scaffold=gi528858384	strand=-
9966_g               -            762 48601                -            765   3.5e-23   81.3   0.0   4   5   4.7e-05     0.005   14.7   0.0   332   380   492   540   483   558 0.88 length=763	scaffold=gi528858384	strand=-
9966_g               -            762 48601                -            765   3.5e-23   81.3   0.0   5   5   1.7e-07   1.8e-05   22.8   0.0   447   514   675   753   669   756 0.80 length=763	scaffold=gi528858384	strand=-
2907_g               -           1269 48601                -            765   8.8e-21   73.4   1.6   1   3      0.15        16    3.1   0.0   349   384   729   764   719   773 0.79 length=1270	scaffold=gi528858386	strand=-
2907_g               -           1269 48601                -            765   8.8e-21   73.4   1.6   2   3   1.1e-21   1.2e-19   69.7   0.7   410   570   745   903   743   905 0.87 length=1270	scaffold=gi528858386	strand=-
2907_g               -           1269 48601                -            765   8.8e-21   73.4   1.6   3   3       1.6   1.7e+02   -0.3   0.0   319   395   932  1010   923  1031 0.75 length=1270	scaffold=gi528858386	strand=-
3588_g               -           1269 48601                -            765   8.8e-21   73.4   1.6   1   3      0.15        16    3.1   0.0   349   384   729   764   719   773 0.79 length=1270	scaffold=gi527310881	strand=-
3588_g               -           1269 48601                -            765   8.8e-21   73.4   1.6   2   3   1.1e-21   1.2e-19   69.7   0.7   410   570   745   903   743   905 0.87 length=1270	scaffold=gi527310881	strand=-
3588_g               -           1269 48601                -            765   8.8e-21   73.4   1.6   3   3       1.6   1.7e+02   -0.3   0.0   319   395   932  1010   923  1031 0.75 length=1270	scaffold=gi527310881	strand=-
2645_g               -            950 48601                -            765   1.3e-15   56.4   1.7   1   2   8.4e-10   8.9e-08   30.4   0.1   490   571   658   744   652   747 0.78 length=951	scaffold=gi528858386	strand=+
2645_g               -            950 48601                -            765   1.3e-15   56.4   1.7   2   2   1.2e-07   1.3e-05   23.3   0.2   355   560   751   950   744   950 0.82 length=951	scaffold=gi528858386	strand=+
3326_g               -            950 48601                -            765   1.3e-15   56.4   1.7   1   2   8.4e-10   8.9e-08   30.4   0.1   490   571   658   744   652   747 0.78 length=951	scaffold=gi527310881	strand=+
3326_g               -            950 48601                -            765   1.3e-15   56.4   1.7   2   2   1.2e-07   1.3e-05   23.3   0.2   355   560   751   950   744   950 0.82 length=951	scaffold=gi527310881	strand=+
6921_g               -           3003 48601                -            765   1.5e-15   56.1   0.7   1   6      0.89        94    0.6   0.0   356   388    78   110    49   119 0.83 length=3004	scaffold=gi528858387	strand=-
6921_g               -           3003 48601                -            765   1.5e-15   56.1   0.7   2   6    0.0039      0.42    8.4   0.0   363   403   169   209   166   219 0.80 length=3004	scaffold=gi528858387	strand=-
6921_g               -           3003 48601                -            765   1.5e-15   56.1   0.7   3   6      0.57        60    1.2   0.0   546   560   285   299   278   313 0.61 length=3004	scaffold=gi528858387	strand=-
6921_g               -           3003 48601                -            765   1.5e-15   56.1   0.7   4   6      0.27        29    2.3   0.1   491   529   798   836   790   841 0.83 length=3004	scaffold=gi528858387	strand=-
6921_g               -           3003 48601                -            765   1.5e-15   56.1   0.7   5   6   1.6e-08   1.7e-06   26.1   0.0   410   538   948  1079   943  1082 0.89 length=3004	scaffold=gi528858387	strand=-
6921_g               -           3003 48601                -            765   1.5e-15   56.1   0.7   6   6    0.0066       0.7    7.6   0.0   363   434  1223  1293  1219  1308 0.79 length=3004	scaffold=gi528858387	strand=-
7991_g               -           3003 48601                -            765   1.5e-15   56.1   0.7   1   6      0.89        94    0.6   0.0   356   388    78   110    49   119 0.83 length=3004	scaffold=gi527311550	strand=+
7991_g               -           3003 48601                -            765   1.5e-15   56.1   0.7   2   6    0.0039      0.42    8.4   0.0   363   403   169   209   166   219 0.80 length=3004	scaffold=gi527311550	strand=+
7991_g               -           3003 48601                -            765   1.5e-15   56.1   0.7   3   6      0.57        60    1.2   0.0   546   560   285   299   278   313 0.61 length=3004	scaffold=gi527311550	strand=+
7991_g               -           3003 48601                -            765   1.5e-15   56.1   0.7   4   6      0.27        29    2.3   0.1   491   529   798   836   790   841 0.83 length=3004	scaffold=gi527311550	strand=+
7991_g               -           3003 48601                -            765   1.5e-15   56.1   0.7   5   6   1.6e-08   1.7e-06   26.1   0.0   410   538   948  1079   943  1082 0.89 length=3004	scaffold=gi527311550	strand=+
7991_g               -           3003 48601                -            765   1.5e-15   56.1   0.7   6   6    0.0066       0.7    7.6   0.0   363   434  1223  1293  1219  1308 0.79 length=3004	scaffold=gi527311550	strand=+
2734_g               -           1606 48601                -            765   1.4e-14   53.0   1.3   1   3     1e-12   1.1e-10   40.1   0.0   379   564   537   725   534   738 0.82 length=1607	scaffold=gi528858386	strand=+
2734_g               -           1606 48601                -            765   1.4e-14   53.0   1.3   2   3   0.00015     0.016   13.1   0.1   362   433   705   778   703   796 0.78 length=1607	scaffold=gi528858386	strand=+
2734_g               -           1606 48601                -            765   1.4e-14   53.0   1.3   3   3      0.02       2.1    6.1   0.0   362   440   889   969   869   981 0.70 length=1607	scaffold=gi528858386	strand=+
3415_g               -           1606 48601                -            765   1.4e-14   53.0   1.3   1   3     1e-12   1.1e-10   40.1   0.0   379   564   537   725   534   738 0.82 length=1607	scaffold=gi527310881	strand=+
3415_g               -           1606 48601                -            765   1.4e-14   53.0   1.3   2   3   0.00015     0.016   13.1   0.1   362   433   705   778   703   796 0.78 length=1607	scaffold=gi527310881	strand=+
3415_g               -           1606 48601                -            765   1.4e-14   53.0   1.3   3   3      0.02       2.1    6.1   0.0   362   440   889   969   869   981 0.70 length=1607	scaffold=gi527310881	strand=+
4504_g               -            462 48601                -            765   4.2e-14   51.3   2.7   1   3   1.8e-11   1.9e-09   36.0   0.4   466   534   277   346   269   351 0.95 length=463	scaffold=gi528858390	strand=+
4504_g               -            462 48601                -            765   4.2e-14   51.3   2.7   2   3   0.00019      0.02   12.7   0.0   483   514   372   403   367   406 0.90 length=463	scaffold=gi528858390	strand=+
4504_g               -            462 48601                -            765   4.2e-14   51.3   2.7   3   3      0.89        94    0.6   0.0   124   150   408   434   405   453 0.78 length=463	scaffold=gi528858390	strand=+
8519_g               -            462 48601                -            765   4.2e-14   51.3   2.7   1   3   1.8e-11   1.9e-09   36.0   0.4   466   534   277   346   269   351 0.95 length=463	scaffold=gi527313757	strand=+
8519_g               -            462 48601                -            765   4.2e-14   51.3   2.7   2   3   0.00019      0.02   12.7   0.0   483   514   372   403   367   406 0.90 length=463	scaffold=gi527313757	strand=+
8519_g               -            462 48601                -            765   4.2e-14   51.3   2.7   3   3      0.89        94    0.6   0.0   124   150   408   434   405   453 0.78 length=463	scaffold=gi527313757	strand=+
10137_g              -            929 48601                -            765     7e-14   50.6   2.8   1   6     0.049       5.2    4.7   0.0   465   485    31    51    26    59 0.85 length=930	scaffold=gi528858384	strand=+
10137_g              -            929 48601                -            765     7e-14   50.6   2.8   2   6     0.022       2.3    5.9   0.1   346   377   176   207   164   215 0.82 length=930	scaffold=gi528858384	strand=+
10137_g              -            929 48601                -            765     7e-14   50.6   2.8   3   6   0.00045     0.047   11.5   0.0   453   480   369   396   361   399 0.89 length=930	scaffold=gi528858384	strand=+
10137_g              -            929 48601                -            765     7e-14   50.6   2.8   4   6   0.00024     0.025   12.4   0.0   486   522   484   521   481   524 0.90 length=930	scaffold=gi528858384	strand=+
10137_g              -            929 48601                -            765     7e-14   50.6   2.8   5   6    0.0017      0.18    9.5   0.0   447   482   534   569   530   581 0.84 length=930	scaffold=gi528858384	strand=+
10137_g              -            929 48601                -            765     7e-14   50.6   2.8   6   6       2.3   2.5e+02   -0.8   0.0   166   186   907   927   902   929 0.72 length=930	scaffold=gi528858384	strand=+
12384_g              -            929 48601                -            765     7e-14   50.6   2.8   1   6     0.049       5.2    4.7   0.0   465   485    31    51    26    59 0.85 length=930	scaffold=gi527308984	strand=-
12384_g              -            929 48601                -            765     7e-14   50.6   2.8   2   6     0.022       2.3    5.9   0.1   346   377   176   207   164   215 0.82 length=930	scaffold=gi527308984	strand=-
12384_g              -            929 48601                -            765     7e-14   50.6   2.8   3   6   0.00045     0.047   11.5   0.0   453   480   369   396   361   399 0.89 length=930	scaffold=gi527308984	strand=-
12384_g              -            929 48601                -            765     7e-14   50.6   2.8   4   6   0.00024     0.025   12.4   0.0   486   522   484   521   481   524 0.90 length=930	scaffold=gi527308984	strand=-
12384_g              -            929 48601                -            765     7e-14   50.6   2.8   5   6    0.0017      0.18    9.5   0.0   447   482   534   569   530   581 0.84 length=930	scaffold=gi527308984	strand=-
12384_g              -            929 48601                -            765     7e-14   50.6   2.8   6   6       2.3   2.5e+02   -0.8   0.0   166   186   907   927   902   929 0.72 length=930	scaffold=gi527308984	strand=-
3925_g               -           3451 48601                -            765     5e-12   44.5   0.8   1   4     0.038         4    5.1   0.0   361   397  1245  1281  1227  1288 0.77 length=3452	scaffold=gi528858391	strand=+
3925_g               -           3451 48601                -            765     5e-12   44.5   0.8   2   4   2.8e-05    0.0029   15.5   0.0   465   503  2017  2055  2011  2065 0.92 length=3452	scaffold=gi528858391	strand=+
3925_g               -           3451 48601                -            765     5e-12   44.5   0.8   3   4   0.00044     0.047   11.5   0.1   361   395  2150  2184  2147  2188 0.85 length=3452	scaffold=gi528858391	strand=+
3925_g               -           3451 48601                -            765     5e-12   44.5   0.8   4   4   1.5e-05    0.0016   16.4   0.6   328   392  2160  2223  2160  2227 0.90 length=3452	scaffold=gi528858391	strand=+
8705_g               -           3451 48601                -            765     5e-12   44.5   0.8   1   4     0.038         4    5.1   0.0   361   397  1245  1281  1227  1288 0.77 length=3452	scaffold=gi527314479	strand=+
8705_g               -           3451 48601                -            765     5e-12   44.5   0.8   2   4   2.8e-05    0.0029   15.5   0.0   465   503  2017  2055  2011  2065 0.92 length=3452	scaffold=gi527314479	strand=+
8705_g               -           3451 48601                -            765     5e-12   44.5   0.8   3   4   0.00044     0.047   11.5   0.1   361   395  2150  2184  2147  2188 0.85 length=3452	scaffold=gi527314479	strand=+
8705_g               -           3451 48601                -            765     5e-12   44.5   0.8   4   4   1.5e-05    0.0016   16.4   0.6   328   392  2160  2223  2160  2227 0.90 length=3452	scaffold=gi527314479	strand=+
220_g                -          10119 48601                -            765   6.6e-12   44.1   0.0   1   3      0.03       3.1    5.5   0.0   346   380   212   246   180   260 0.77 length=10120	scaffold=gi527315854	strand=+
220_g                -          10119 48601                -            765   6.6e-12   44.1   0.0   2   3    0.0012      0.13   10.1   0.0   364   422   642   697   632   708 0.59 length=10120	scaffold=gi527315854	strand=+
220_g                -          10119 48601                -            765   6.6e-12   44.1   0.0   3   3   6.5e-08   6.9e-06   24.2   0.0   354   425   742   815   733   860 0.92 length=10120	scaffold=gi527315854	strand=+
170_g                -          10106 48601                -            765   6.6e-12   44.1   0.0   1   3      0.03       3.1    5.5   0.0   346   380   199   233   167   247 0.77 length=10107	scaffold=gi528858396	strand=-
170_g                -          10106 48601                -            765   6.6e-12   44.1   0.0   2   3    0.0012      0.13   10.1   0.0   364   422   629   684   619   695 0.59 length=10107	scaffold=gi528858396	strand=-
170_g                -          10106 48601                -            765   6.6e-12   44.1   0.0   3   3   6.5e-08   6.8e-06   24.2   0.0   354   425   729   802   720   847 0.92 length=10107	scaffold=gi528858396	strand=-
3966_g               -            672 48601                -            765   7.9e-11   40.5   0.0   1   4     0.021       2.3    5.9   0.0   547   584     8    45     6    70 0.68 length=673	scaffold=gi528858391	strand=+
3966_g               -            672 48601                -            765   7.9e-11   40.5   0.0   2   4       5.6   5.9e+02   -2.1   0.0   483   502   125   144   121   150 0.68 length=673	scaffold=gi528858391	strand=+
3966_g               -            672 48601                -            765   7.9e-11   40.5   0.0   3   4    0.0032      0.34    8.7   0.0   363   429   178   245   172   271 0.87 length=673	scaffold=gi528858391	strand=+
3966_g               -            672 48601                -            765   7.9e-11   40.5   0.0   4   4   5.9e-07   6.2e-05   21.0   0.1   466   524   572   634   570   637 0.86 length=673	scaffold=gi528858391	strand=+
8746_g               -            672 48601                -            765   7.9e-11   40.5   0.0   1   4     0.021       2.3    5.9   0.0   547   584     8    45     6    70 0.68 length=673	scaffold=gi527314479	strand=+
8746_g               -            672 48601                -            765   7.9e-11   40.5   0.0   2   4       5.6   5.9e+02   -2.1   0.0   483   502   125   144   121   150 0.68 length=673	scaffold=gi527314479	strand=+
8746_g               -            672 48601                -            765   7.9e-11   40.5   0.0   3   4    0.0032      0.34    8.7   0.0   363   429   178   245   172   271 0.87 length=673	scaffold=gi527314479	strand=+
8746_g               -            672 48601                -            765   7.9e-11   40.5   0.0   4   4   5.9e-07   6.2e-05   21.0   0.1   466   524   572   634   570   637 0.86 length=673	scaffold=gi527314479	strand=+
4276_g               -            710 48601                -            765   9.1e-11   40.3   8.3   1   5   1.9e-11   2.1e-09   35.8   0.1   473   536   179   243   144   263 0.81 length=711	scaffold=gi528858390	strand=-
4276_g               -            710 48601                -            765   9.1e-11   40.3   8.3   2   5       1.9     2e+02   -0.5   0.0   362   381   272   291   254   315 0.80 length=711	scaffold=gi528858390	strand=-
4276_g               -            710 48601                -            765   9.1e-11   40.3   8.3   3   5      0.11        11    3.6   0.1   543   587   343   388   334   429 0.76 length=711	scaffold=gi528858390	strand=-
4276_g               -            710 48601                -            765   9.1e-11   40.3   8.3   4   5       0.7        74    0.9   0.0   465   487   444   466   441   479 0.85 length=711	scaffold=gi528858390	strand=-
4276_g               -            710 48601                -            765   9.1e-11   40.3   8.3   5   5       2.3   2.4e+02   -0.8   0.1   617   682   575   639   564   694 0.78 length=711	scaffold=gi528858390	strand=-
8329_g               -            710 48601                -            765   9.1e-11   40.3   8.3   1   5   1.9e-11   2.1e-09   35.8   0.1   473   536   179   243   144   263 0.81 length=711	scaffold=gi527313991	strand=+
8329_g               -            710 48601                -            765   9.1e-11   40.3   8.3   2   5       1.9     2e+02   -0.5   0.0   362   381   272   291   254   315 0.80 length=711	scaffold=gi527313991	strand=+
8329_g               -            710 48601                -            765   9.1e-11   40.3   8.3   3   5      0.11        11    3.6   0.1   543   587   343   388   334   429 0.76 length=711	scaffold=gi527313991	strand=+
8329_g               -            710 48601                -            765   9.1e-11   40.3   8.3   4   5       0.7        74    0.9   0.0   465   487   444   466   441   479 0.85 length=711	scaffold=gi527313991	strand=+
8329_g               -            710 48601                -            765   9.1e-11   40.3   8.3   5   5       2.3   2.4e+02   -0.8   0.1   617   682   575   639   564   694 0.78 length=711	scaffold=gi527313991	strand=+
2855_g               -           1850 48601                -            765   1.4e-10   39.7   0.3   1   2     0.006      0.63    7.8   0.0   450   514  1524  1588  1519  1605 0.75 length=1851	scaffold=gi528858386	strand=+
2855_g               -           1850 48601                -            765   1.4e-10   39.7   0.3   2   2     2e-09   2.1e-07   29.2   1.5   456   533  1668  1746  1566  1752 0.65 length=1851	scaffold=gi528858386	strand=+
3536_g               -           1850 48601                -            765   1.4e-10   39.7   0.3   1   2     0.006      0.63    7.8   0.0   450   514  1524  1588  1519  1605 0.75 length=1851	scaffold=gi527310881	strand=+
3536_g               -           1850 48601                -            765   1.4e-10   39.7   0.3   2   2     2e-09   2.1e-07   29.2   1.5   456   533  1668  1746  1566  1752 0.65 length=1851	scaffold=gi527310881	strand=+
7315_g               -           1625 48601                -            765     3e-10   38.6   1.0   1   2     0.015       1.6    6.4   0.0   344   382   350   389   344   396 0.82 length=1626	scaffold=gi528858387	strand=+
7315_g               -           1625 48601                -            765     3e-10   38.6   1.0   2   2   9.7e-10     1e-07   30.2   0.0   345   418   497   568   489   575 0.85 length=1626	scaffold=gi528858387	strand=+
7604_g               -           1625 48601                -            765     3e-10   38.6   1.0   1   2     0.015       1.6    6.4   0.0   344   382   350   389   344   396 0.82 length=1626	scaffold=gi527311550	strand=-
7604_g               -           1625 48601                -            765     3e-10   38.6   1.0   2   2   9.7e-10     1e-07   30.2   0.0   345   418   497   568   489   575 0.85 length=1626	scaffold=gi527311550	strand=-
4982_g               -            832 48601                -            765   8.3e-10   37.1   0.0   1   4     0.006      0.63    7.8   0.0   447   482   323   358   301   366 0.80 length=833	scaffold=gi528858389	strand=+
4982_g               -            832 48601                -            765   8.3e-10   37.1   0.0   2   4       8.3   8.8e+02   -2.6   0.0   486   503   407   424   404   434 0.68 length=833	scaffold=gi528858389	strand=+
4982_g               -            832 48601                -            765   8.3e-10   37.1   0.0   3   4   1.2e-06   0.00012   20.0   0.0   508   562   449   505   437   530 0.60 length=833	scaffold=gi528858389	strand=+
4982_g               -            832 48601                -            765   8.3e-10   37.1   0.0   4   4      0.15        16    3.1   0.0   343   383   662   702   650   708 0.82 length=833	scaffold=gi528858389	strand=+
5454_g               -            832 48601                -            765   8.3e-10   37.1   0.0   1   4     0.006      0.63    7.8   0.0   447   482   323   358   301   366 0.80 length=833	scaffold=gi527313191	strand=+
5454_g               -            832 48601                -            765   8.3e-10   37.1   0.0   2   4       8.3   8.8e+02   -2.6   0.0   486   503   407   424   404   434 0.68 length=833	scaffold=gi527313191	strand=+
5454_g               -            832 48601                -            765   8.3e-10   37.1   0.0   3   4   1.2e-06   0.00012   20.0   0.0   508   562   449   505   437   530 0.60 length=833	scaffold=gi527313191	strand=+
5454_g               -            832 48601                -            765   8.3e-10   37.1   0.0   4   4      0.15        16    3.1   0.0   343   383   662   702   650   708 0.82 length=833	scaffold=gi527313191	strand=+
1961_g               -            675 48601                -            765   1.1e-09   36.8   0.0   1   3     0.013       1.4    6.6   0.0   452   510   353   413   344   417 0.85 length=676	scaffold=gi528858392	strand=+
1961_g               -            675 48601                -            765   1.1e-09   36.8   0.0   2   3    0.0055      0.58    7.9   0.0   468   502   470   505   467   509 0.65 length=676	scaffold=gi528858392	strand=+
1961_g               -            675 48601                -            765   1.1e-09   36.8   0.0   3   3     4e-06   0.00042   18.3   0.0   404   503   528   626   520   630 0.85 length=676	scaffold=gi528858392	strand=+
2299_g               -            675 48601                -            765   1.1e-09   36.8   0.0   1   3     0.013       1.4    6.6   0.0   452   510   353   413   344   417 0.85 length=676	scaffold=gi527314726	strand=-
2299_g               -            675 48601                -            765   1.1e-09   36.8   0.0   2   3    0.0055      0.58    7.9   0.0   468   502   470   505   467   509 0.65 length=676	scaffold=gi527314726	strand=-
2299_g               -            675 48601                -            765   1.1e-09   36.8   0.0   3   3     4e-06   0.00042   18.3   0.0   404   503   528   626   520   630 0.85 length=676	scaffold=gi527314726	strand=-
13216_g              -           1955 48601                -            765   1.3e-09   36.5   0.2   1   2     0.092       9.7    3.8   0.0   544   592   404   455   395   459 0.73 length=1956	scaffold=gi527309735	strand=+
13216_g              -           1955 48601                -            765   1.3e-09   36.5   0.2   2   2   1.6e-09   1.7e-07   29.5   0.0   374   482   577   687   573   693 0.83 length=1956	scaffold=gi527309735	strand=+
9449_g               -           1955 48601                -            765   1.3e-09   36.5   0.2   1   2     0.092       9.7    3.8   0.0   544   592   404   455   395   459 0.73 length=1956	scaffold=gi528858385	strand=-
9449_g               -           1955 48601                -            765   1.3e-09   36.5   0.2   2   2   1.6e-09   1.7e-07   29.5   0.0   374   482   577   687   573   693 0.83 length=1956	scaffold=gi528858385	strand=-
4461_g               -            620 48601                -            765   8.4e-09   33.8   0.0   1   2     0.028         3    5.5   0.0   344   401   303   360   293   400 0.81 length=621	scaffold=gi528858390	strand=+
4461_g               -            620 48601                -            765   8.4e-09   33.8   0.0   2   2   2.1e-08   2.2e-06   25.8   0.0    91   199   477   595   463   608 0.77 length=621	scaffold=gi528858390	strand=+
8476_g               -            620 48601                -            765   8.4e-09   33.8   0.0   1   2     0.028         3    5.5   0.0   344   401   303   360   293   400 0.81 length=621	scaffold=gi527313757	strand=+
8476_g               -            620 48601                -            765   8.4e-09   33.8   0.0   2   2   2.1e-08   2.2e-06   25.8   0.0    91   199   477   595   463   608 0.77 length=621	scaffold=gi527313757	strand=+
5020_g               -            661 48601                -            765     1e-08   33.5   0.0   1   4      0.11        12    3.6   0.0   348   378   136   166   130   170 0.69 length=662	scaffold=gi528858389	strand=-
5020_g               -            661 48601                -            765     1e-08   33.5   0.0   2   4   0.00013     0.014   13.3   0.0   346   391   183   226   177   238 0.85 length=662	scaffold=gi528858389	strand=-
5020_g               -            661 48601                -            765     1e-08   33.5   0.0   3   4       1.1   1.1e+02    0.3   0.0   548   563   345   360   342   368 0.80 length=662	scaffold=gi528858389	strand=-
5020_g               -            661 48601                -            765     1e-08   33.5   0.0   4   4    0.0016      0.17    9.7   0.0   124   198   440   526   438   532 0.75 length=662	scaffold=gi528858389	strand=-
5492_g               -            661 48601                -            765     1e-08   33.5   0.0   1   4      0.11        12    3.6   0.0   348   378   136   166   130   170 0.69 length=662	scaffold=gi527313191	strand=-
5492_g               -            661 48601                -            765     1e-08   33.5   0.0   2   4   0.00013     0.014   13.3   0.0   346   391   183   226   177   238 0.85 length=662	scaffold=gi527313191	strand=-
5492_g               -            661 48601                -            765     1e-08   33.5   0.0   3   4       1.1   1.1e+02    0.3   0.0   548   563   345   360   342   368 0.80 length=662	scaffold=gi527313191	strand=-
5492_g               -            661 48601                -            765     1e-08   33.5   0.0   4   4    0.0016      0.17    9.7   0.0   124   198   440   526   438   532 0.75 length=662	scaffold=gi527313191	strand=-
10891_g              -            858 48601                -            765   1.1e-08   33.4   0.0   1   3     0.032       3.4    5.3   0.0   153   186   615   645   575   660 0.64 length=859	scaffold=gi528858383	strand=-
10891_g              -            858 48601                -            765   1.1e-08   33.4   0.0   2   3     1e-06   0.00011   20.2   0.0   122   197   701   775   699   787 0.88 length=859	scaffold=gi528858383	strand=-
10891_g              -            858 48601                -            765   1.1e-08   33.4   0.0   3   3      0.09       9.5    3.9   0.1   151   187   804   841   797   854 0.69 length=859	scaffold=gi528858383	strand=-
11688_g              -            858 48601                -            765   1.1e-08   33.4   0.0   1   3     0.032       3.4    5.3   0.0   153   186   615   645   575   660 0.64 length=859	scaffold=gi527307902	strand=-
11688_g              -            858 48601                -            765   1.1e-08   33.4   0.0   2   3     1e-06   0.00011   20.2   0.0   122   197   701   775   699   787 0.88 length=859	scaffold=gi527307902	strand=-
11688_g              -            858 48601                -            765   1.1e-08   33.4   0.0   3   3      0.09       9.5    3.9   0.1   151   187   804   841   797   854 0.69 length=859	scaffold=gi527307902	strand=-
4983_g               -           1584 48601                -            765   2.5e-08   32.3   0.0   1   3   1.7e-05    0.0018   16.2   0.0   389   480   920  1010   911  1016 0.88 length=1585	scaffold=gi528858389	strand=-
4983_g               -           1584 48601                -            765   2.5e-08   32.3   0.0   2   3      0.58        61    1.2   0.0   144   164  1032  1052  1028  1083 0.69 length=1585	scaffold=gi528858389	strand=-
4983_g               -           1584 48601                -            765   2.5e-08   32.3   0.0   3   3   0.00085      0.09   10.6   0.0   364   433  1119  1201  1109  1247 0.67 length=1585	scaffold=gi528858389	strand=-
5455_g               -           1584 48601                -            765   2.5e-08   32.3   0.0   1   3   1.7e-05    0.0018   16.2   0.0   389   480   920  1010   911  1016 0.88 length=1585	scaffold=gi527313191	strand=-
5455_g               -           1584 48601                -            765   2.5e-08   32.3   0.0   2   3      0.58        61    1.2   0.0   144   164  1032  1052  1028  1083 0.69 length=1585	scaffold=gi527313191	strand=-
5455_g               -           1584 48601                -            765   2.5e-08   32.3   0.0   3   3   0.00085      0.09   10.6   0.0   364   433  1119  1201  1109  1247 0.67 length=1585	scaffold=gi527313191	strand=-
2835_g               -            808 48601                -            765   1.4e-07   29.7   3.0   1   3       2.2   2.3e+02   -0.7   0.0   362   381   366   385   361   395 0.73 length=809	scaffold=gi528858386	strand=-
2835_g               -            808 48601                -            765   1.4e-07   29.7   3.0   2   3   2.5e-09   2.7e-07   28.8   0.2   341   395   431   486   426   491 0.90 length=809	scaffold=gi528858386	strand=-
2835_g               -            808 48601                -            765   1.4e-07   29.7   3.0   3   3       3.7   3.9e+02   -1.5   0.1   364   561   715   730   663   736 0.62 length=809	scaffold=gi528858386	strand=-
3516_g               -            808 48601                -            765   1.4e-07   29.7   3.0   1   3       2.2   2.3e+02   -0.7   0.0   362   381   366   385   361   395 0.73 length=809	scaffold=gi527310881	strand=-
3516_g               -            808 48601                -            765   1.4e-07   29.7   3.0   2   3   2.5e-09   2.7e-07   28.8   0.2   341   395   431   486   426   491 0.90 length=809	scaffold=gi527310881	strand=-
3516_g               -            808 48601                -            765   1.4e-07   29.7   3.0   3   3       3.7   3.9e+02   -1.5   0.1   364   561   715   730   663   736 0.62 length=809	scaffold=gi527310881	strand=-
13592_g              -            389 48601                -            765   1.7e-07   29.5   0.0   1   4    0.0031      0.32    8.7   0.0   347   397    14    64     8    70 0.88 length=390	scaffold=gi527309735	strand=+
13592_g              -            389 48601                -            765   1.7e-07   29.5   0.0   2   4      0.01       1.1    7.0   0.0   272   392   121   230    99   235 0.83 length=390	scaffold=gi527309735	strand=+
13592_g              -            389 48601                -            765   1.7e-07   29.5   0.0   3   4       1.9     2e+02   -0.5   0.0   364   388   302   326   298   344 0.70 length=390	scaffold=gi527309735	strand=+
13592_g              -            389 48601                -            765   1.7e-07   29.5   0.0   4   4    0.0039      0.41    8.4   0.0   347   378   356   387   339   389 0.81 length=390	scaffold=gi527309735	strand=+
1682_g               -            473 48601                -            765   2.9e-07   28.7   0.1   1   1   3.7e-09   3.9e-07   28.3   0.1   463   514    57   108    55   109 0.95 length=474	scaffold=gi527315322	strand=-
865_g                -            473 48601                -            765   2.9e-07   28.7   0.1   1   1   3.7e-09   3.9e-07   28.3   0.1   463   514    57   108    55   109 0.95 length=474	scaffold=gi528858394	strand=-
2132_g               -            697 48601                -            765     4e-07   28.3   0.0   1   3    0.0021      0.22    9.3   0.0   341   416   218   289   195   312 0.81 length=698	scaffold=gi528858392	strand=+
2132_g               -            697 48601                -            765     4e-07   28.3   0.0   2   3   1.8e-05    0.0019   16.1   0.0   350   430   570   648   559   653 0.88 length=698	scaffold=gi528858392	strand=+
2132_g               -            697 48601                -            765     4e-07   28.3   0.0   3   3       8.6   9.2e+02   -2.7   0.0   353   377   672   696   667   697 0.91 length=698	scaffold=gi528858392	strand=+
2427_g               -            697 48601                -            765     4e-07   28.3   0.0   1   3    0.0021      0.22    9.3   0.0   341   416   218   289   195   312 0.81 length=698	scaffold=gi527314679	strand=-
2427_g               -            697 48601                -            765     4e-07   28.3   0.0   2   3   1.8e-05    0.0019   16.1   0.0   350   430   570   648   559   653 0.88 length=698	scaffold=gi527314679	strand=-
2427_g               -            697 48601                -            765     4e-07   28.3   0.0   3   3       8.6   9.2e+02   -2.7   0.0   353   377   672   696   667   697 0.91 length=698	scaffold=gi527314679	strand=-
2020_g               -           1563 48601                -            765   5.6e-07   27.8   0.0   1   5      0.02       2.1    6.0   0.0   350   387   876   913   865   919 0.83 length=1564	scaffold=gi528858392	strand=-
2020_g               -           1563 48601                -            765   5.6e-07   27.8   0.0   2   5       4.9   5.2e+02   -1.9   0.0   542   559  1018  1035  1003  1040 0.74 length=1564	scaffold=gi528858392	strand=-
2020_g               -           1563 48601                -            765   5.6e-07   27.8   0.0   3   5   9.6e-05      0.01   13.7   0.0   352   426  1115  1188  1110  1194 0.83 length=1564	scaffold=gi528858392	strand=-
2020_g               -           1563 48601                -            765   5.6e-07   27.8   0.0   4   5       1.1   1.2e+02    0.3   0.0   346   387  1289  1330  1273  1336 0.84 length=1564	scaffold=gi528858392	strand=-
2020_g               -           1563 48601                -            765   5.6e-07   27.8   0.0   5   5       1.1   1.2e+02    0.3   0.0   455   480  1353  1378  1349  1391 0.59 length=1564	scaffold=gi528858392	strand=-
2239_g               -           1588 48601                -            765     6e-07   27.7   0.0   1   5      0.02       2.1    6.0   0.0   350   387   876   913   865   919 0.83 length=1589	scaffold=gi527314726	strand=+
2239_g               -           1588 48601                -            765     6e-07   27.7   0.0   2   5       5.2   5.5e+02   -2.0   0.0   542   559  1018  1035  1003  1039 0.74 length=1589	scaffold=gi527314726	strand=+
2239_g               -           1588 48601                -            765     6e-07   27.7   0.0   3   5   9.7e-05      0.01   13.7   0.0   352   426  1115  1188  1110  1194 0.83 length=1589	scaffold=gi527314726	strand=+
2239_g               -           1588 48601                -            765     6e-07   27.7   0.0   4   5       1.1   1.2e+02    0.2   0.0   346   387  1289  1330  1273  1336 0.84 length=1589	scaffold=gi527314726	strand=+
2239_g               -           1588 48601                -            765     6e-07   27.7   0.0   5   5       1.1   1.2e+02    0.2   0.0   455   480  1353  1378  1349  1391 0.59 length=1589	scaffold=gi527314726	strand=+
7061_g               -           3572 48601                -            765     8e-07   27.3   0.6   1   3    0.0038       0.4    8.4   0.0   350   383    35    68    27    79 0.88 length=3573	scaffold=gi528858387	strand=+
7061_g               -           3572 48601                -            765     8e-07   27.3   0.6   2   3      0.76        81    0.8   0.0   362   390   237   265   226   283 0.74 length=3573	scaffold=gi528858387	strand=+
7061_g               -           3572 48601                -            765     8e-07   27.3   0.6   3   3   6.2e-05    0.0066   14.3   0.0   361   425  3504  3566  3495  3572 0.88 length=3573	scaffold=gi528858387	strand=+
7855_g               -           3572 48601                -            765     8e-07   27.3   0.6   1   3    0.0038       0.4    8.4   0.0   350   383    35    68    27    79 0.88 length=3573	scaffold=gi527311550	strand=-
7855_g               -           3572 48601                -            765     8e-07   27.3   0.6   2   3      0.76        81    0.8   0.0   362   390   237   265   226   283 0.74 length=3573	scaffold=gi527311550	strand=-
7855_g               -           3572 48601                -            765     8e-07   27.3   0.6   3   3   6.2e-05    0.0066   14.3   0.0   361   425  3504  3566  3495  3572 0.88 length=3573	scaffold=gi527311550	strand=-
1123_g               -            751 48601                -            765   8.4e-07   27.2   0.0   1   3    0.0088      0.93    7.2   0.0   123   161   169   208   161   227 0.79 length=752	scaffold=gi528858393	strand=+
1123_g               -            751 48601                -            765   8.4e-07   27.2   0.0   2   3    0.0078      0.83    7.4   0.0   355   401   299   345   281   352 0.70 length=752	scaffold=gi528858393	strand=+
1123_g               -            751 48601                -            765   8.4e-07   27.2   0.0   3   3    0.0033      0.35    8.6   0.0   464   492   374   402   368   406 0.87 length=752	scaffold=gi528858393	strand=+
1515_g               -            751 48601                -            765   8.4e-07   27.2   0.0   1   3    0.0088      0.93    7.2   0.0   123   161   169   208   161   227 0.79 length=752	scaffold=gi527315005	strand=-
1515_g               -            751 48601                -            765   8.4e-07   27.2   0.0   2   3    0.0078      0.83    7.4   0.0   355   401   299   345   281   352 0.70 length=752	scaffold=gi527315005	strand=-
1515_g               -            751 48601                -            765   8.4e-07   27.2   0.0   3   3    0.0033      0.35    8.6   0.0   464   492   374   402   368   406 0.87 length=752	scaffold=gi527315005	strand=-
10018_g              -           2990 48601                -            765   9.4e-07   27.0   0.0   1   1   1.8e-08   1.9e-06   26.0   0.0   344   424   973  1050   966  1053 0.92 length=2991	scaffold=gi528858384	strand=-
12500_g              -           2990 48601                -            765   9.4e-07   27.0   0.0   1   1   1.8e-08   1.9e-06   26.0   0.0   344   424   973  1050   966  1053 0.92 length=2991	scaffold=gi527308984	strand=+
307_g                -            538 48601                -            765   1.2e-06   26.7   0.2   1   2   6.8e-06   0.00072   17.5   0.0   409   485   199   280   192   285 0.77 length=539	scaffold=gi527315854	strand=-
307_g                -            538 48601                -            765   1.2e-06   26.7   0.2   2   2     0.014       1.5    6.5   0.0    92   120   404   432   384   443 0.83 length=539	scaffold=gi527315854	strand=-
84_g                 -            538 48601                -            765   1.2e-06   26.7   0.2   1   2   6.8e-06   0.00072   17.5   0.0   409   485   199   280   192   285 0.77 length=539	scaffold=gi528858396	strand=+
84_g                 -            538 48601                -            765   1.2e-06   26.7   0.2   2   2     0.014       1.5    6.5   0.0    92   120   404   432   384   443 0.83 length=539	scaffold=gi528858396	strand=+
10425_g              -            644 48601                -            765   2.2e-06   25.8   0.4   1   2     5e-07   5.3e-05   21.2   0.0   486   568    70   165    58   171 0.74 length=645	scaffold=gi528858384	strand=-
10425_g              -            644 48601                -            765   2.2e-06   25.8   0.4   2   2      0.56        59    1.2   0.1   350   392   170   212   165   219 0.83 length=645	scaffold=gi528858384	strand=-
12834_g              -            644 48601                -            765   2.2e-06   25.8   0.4   1   2     5e-07   5.3e-05   21.2   0.0   486   568    70   165    58   171 0.74 length=645	scaffold=gi527308853	strand=+
12834_g              -            644 48601                -            765   2.2e-06   25.8   0.4   2   2      0.56        59    1.2   0.1   350   392   170   212   165   219 0.83 length=645	scaffold=gi527308853	strand=+
6014_g               -           1017 48601                -            765   3.8e-06   25.0   0.0   1   2   5.6e-06    0.0006   17.8   0.0   349   480   410   544   400   545 0.69 length=1018	scaffold=gi528858388	strand=+
6014_g               -           1017 48601                -            765   3.8e-06   25.0   0.0   2   2       1.1   1.2e+02    0.3   0.0   170   191   670   691   664   696 0.84 length=1018	scaffold=gi528858388	strand=+
6237_g               -           1017 48601                -            765   3.8e-06   25.0   0.0   1   2   5.6e-06    0.0006   17.8   0.0   349   480   410   544   400   545 0.69 length=1018	scaffold=gi527312496	strand=-
6237_g               -           1017 48601                -            765   3.8e-06   25.0   0.0   2   2       1.1   1.2e+02    0.3   0.0   170   191   670   691   664   696 0.84 length=1018	scaffold=gi527312496	strand=-
7441_g               -            948 48601                -            765   5.1e-06   24.6   3.2   1   6       5.4   5.8e+02   -2.0   0.0   121   148   584   611   583   637 0.76 length=949	scaffold=gi528858387	strand=-
7441_g               -            948 48601                -            765   5.1e-06   24.6   3.2   2   6      0.25        26    2.4   0.1   350   404   617   671   612   682 0.87 length=949	scaffold=gi528858387	strand=-
7441_g               -            948 48601                -            765   5.1e-06   24.6   3.2   3   6   0.00095       0.1   10.4   0.2   508   574   704   774   699   775 0.79 length=949	scaffold=gi528858387	strand=-
7441_g               -            948 48601                -            765   5.1e-06   24.6   3.2   4   6   0.00061     0.065   11.0   0.0   337   390   760   814   726   825 0.55 length=949	scaffold=gi528858387	strand=-
7441_g               -            948 48601                -            765   5.1e-06   24.6   3.2   5   6   0.00047      0.05   11.4   0.0   344   401   768   825   754   871 0.74 length=949	scaffold=gi528858387	strand=-
7441_g               -            948 48601                -            765   5.1e-06   24.6   3.2   6   6       1.6   1.7e+02   -0.3   0.0   362   378   930   946   909   948 0.61 length=949	scaffold=gi528858387	strand=-
7478_g               -            948 48601                -            765   5.1e-06   24.6   3.2   1   6       5.4   5.8e+02   -2.0   0.0   121   148   584   611   583   637 0.76 length=949	scaffold=gi527311550	strand=+
7478_g               -            948 48601                -            765   5.1e-06   24.6   3.2   2   6      0.25        26    2.4   0.1   350   404   617   671   612   682 0.87 length=949	scaffold=gi527311550	strand=+
7478_g               -            948 48601                -            765   5.1e-06   24.6   3.2   3   6   0.00095       0.1   10.4   0.2   508   574   704   774   699   775 0.79 length=949	scaffold=gi527311550	strand=+
7478_g               -            948 48601                -            765   5.1e-06   24.6   3.2   4   6   0.00061     0.065   11.0   0.0   337   390   760   814   726   825 0.55 length=949	scaffold=gi527311550	strand=+
7478_g               -            948 48601                -            765   5.1e-06   24.6   3.2   5   6   0.00047      0.05   11.4   0.0   344   401   768   825   754   871 0.74 length=949	scaffold=gi527311550	strand=+
7478_g               -            948 48601                -            765   5.1e-06   24.6   3.2   6   6       1.6   1.7e+02   -0.3   0.0   362   378   930   946   909   948 0.61 length=949	scaffold=gi527311550	strand=+
12688_g              -           1741 48601                -            765   5.4e-06   24.5   0.0   1   2   8.4e-06   0.00089   17.2   0.0   355   428   908   978   904   988 0.90 length=1742	scaffold=gi527308984	strand=-
12688_g              -           1741 48601                -            765   5.4e-06   24.5   0.0   2   2     0.052       5.5    4.7   0.0   131   194  1493  1558  1489  1572 0.74 length=1742	scaffold=gi527308984	strand=-
9835_g               -           1741 48601                -            765   5.4e-06   24.5   0.0   1   2   8.4e-06   0.00089   17.2   0.0   355   428   908   978   904   988 0.90 length=1742	scaffold=gi528858384	strand=+
9835_g               -           1741 48601                -            765   5.4e-06   24.5   0.0   2   2     0.052       5.5    4.7   0.0   131   194  1493  1558  1489  1572 0.74 length=1742	scaffold=gi528858384	strand=+
11223_g              -            894 48601                -            765   8.5e-06   23.9   0.0   1   2       1.5   1.6e+02   -0.2   0.0   124   142   307   325   292   342 0.75 length=895	scaffold=gi528858383	strand=-
11223_g              -            894 48601                -            765   8.5e-06   23.9   0.0   2   2   6.9e-07   7.3e-05   20.8   0.0   113   209   463   558   456   562 0.82 length=895	scaffold=gi528858383	strand=-
12020_g              -            894 48601                -            765   8.5e-06   23.9   0.0   1   2       1.5   1.6e+02   -0.2   0.0   124   142   307   325   292   342 0.75 length=895	scaffold=gi527307902	strand=-
12020_g              -            894 48601                -            765   8.5e-06   23.9   0.0   2   2   6.9e-07   7.3e-05   20.8   0.0   113   209   463   558   456   562 0.82 length=895	scaffold=gi527307902	strand=-
12597_g              -           2080 48601                -            765   1.5e-05   23.1   0.0   1   4      0.14        14    3.3   0.0   450   479   462   491   446   502 0.72 length=2081	scaffold=gi527308984	strand=+
12597_g              -           2080 48601                -            765   1.5e-05   23.1   0.0   2   4      0.52        55    1.3   0.0   566   583   563   580   535   586 0.74 length=2081	scaffold=gi527308984	strand=+
12597_g              -           2080 48601                -            765   1.5e-05   23.1   0.0   3   4   0.00029     0.031   12.1   0.0   362   431   619   693   614   703 0.83 length=2081	scaffold=gi527308984	strand=+
12597_g              -           2080 48601                -            765   1.5e-05   23.1   0.0   4   4       3.8   4.1e+02   -1.5   0.0   575   607  1209  1241  1205  1251 0.78 length=2081	scaffold=gi527308984	strand=+
9926_g               -           2080 48601                -            765   1.5e-05   23.1   0.0   1   4      0.14        14    3.3   0.0   450   479   462   491   446   502 0.72 length=2081	scaffold=gi528858384	strand=-
9926_g               -           2080 48601                -            765   1.5e-05   23.1   0.0   2   4      0.52        55    1.3   0.0   566   583   563   580   535   586 0.74 length=2081	scaffold=gi528858384	strand=-
9926_g               -           2080 48601                -            765   1.5e-05   23.1   0.0   3   4   0.00029     0.031   12.1   0.0   362   431   619   693   614   703 0.83 length=2081	scaffold=gi528858384	strand=-
9926_g               -           2080 48601                -            765   1.5e-05   23.1   0.0   4   4       3.8   4.1e+02   -1.5   0.0   575   607  1209  1241  1205  1251 0.78 length=2081	scaffold=gi528858384	strand=-
15731_g              -            177 48601                -            765     6e-05   21.1   0.0   1   2      0.38        41    1.8   0.0   361   401    31    72    23    82 0.79 length=178	scaffold=gi527305696	strand=-
15731_g              -            177 48601                -            765     6e-05   21.1   0.0   2   2   8.1e-06   0.00086   17.2   0.0   364   422   113   168   103   175 0.56 length=178	scaffold=gi527305696	strand=-
7320_g               -           1127 48601                -            765   8.7e-05   20.5   0.0   1   4       3.1   3.3e+02   -1.2   0.0   352   408   340   398   337   406 0.79 length=1128	scaffold=gi528858387	strand=+
7320_g               -           1127 48601                -            765   8.7e-05   20.5   0.0   2   4   0.00014     0.014   13.2   0.0   355   425   400   468   388   478 0.83 length=1128	scaffold=gi528858387	strand=+
7320_g               -           1127 48601                -            765   8.7e-05   20.5   0.0   3   4       4.7     5e+02   -1.8   0.0   348   381   596   630   570   639 0.75 length=1128	scaffold=gi528858387	strand=+
7320_g               -           1127 48601                -            765   8.7e-05   20.5   0.0   4   4      0.28        30    2.2   0.0   348   393   700   745   678   765 0.74 length=1128	scaffold=gi528858387	strand=+
7599_g               -           1127 48601                -            765   8.7e-05   20.5   0.0   1   4       3.1   3.3e+02   -1.2   0.0   352   408   340   398   337   406 0.79 length=1128	scaffold=gi527311550	strand=-
7599_g               -           1127 48601                -            765   8.7e-05   20.5   0.0   2   4   0.00014     0.014   13.2   0.0   355   425   400   468   388   478 0.83 length=1128	scaffold=gi527311550	strand=-
7599_g               -           1127 48601                -            765   8.7e-05   20.5   0.0   3   4       4.7     5e+02   -1.8   0.0   348   381   596   630   570   639 0.75 length=1128	scaffold=gi527311550	strand=-
7599_g               -           1127 48601                -            765   8.7e-05   20.5   0.0   4   4      0.28        30    2.2   0.0   348   393   700   745   678   765 0.74 length=1128	scaffold=gi527311550	strand=-
9071_g               -            333 48601                -            765   0.00012   20.0   0.1   1   3    0.0073      0.78    7.5   0.0   272   392    65   174    42   179 0.84 length=334	scaffold=gi528858385	strand=-
9071_g               -            333 48601                -            765   0.00012   20.0   0.1   2   3       1.6   1.7e+02   -0.2   0.0   364   388   246   270   242   288 0.70 length=334	scaffold=gi528858385	strand=-
9071_g               -            333 48601                -            765   0.00012   20.0   0.1   3   3     0.003      0.32    8.7   0.0   347   378   300   331   280   333 0.81 length=334	scaffold=gi528858385	strand=-
10787_g              -            341 48601                -            765   0.00012   20.0   0.0   1   3     0.054       5.7    4.6   0.0   358   385    20    47     8    62 0.61 length=342	scaffold=gi528858383	strand=+
10787_g              -            341 48601                -            765   0.00012   20.0   0.0   2   3     0.024       2.5    5.8   0.0   365   425    68   124    63   138 0.63 length=342	scaffold=gi528858383	strand=+
10787_g              -            341 48601                -            765   0.00012   20.0   0.0   3   3     0.021       2.2    6.0   0.0   115   401   240   288   230   299 0.53 length=342	scaffold=gi528858383	strand=+
11584_g              -            341 48601                -            765   0.00012   20.0   0.0   1   3     0.054       5.7    4.6   0.0   358   385    20    47     8    62 0.61 length=342	scaffold=gi527307902	strand=+
11584_g              -            341 48601                -            765   0.00012   20.0   0.0   2   3     0.024       2.5    5.8   0.0   365   425    68   124    63   138 0.63 length=342	scaffold=gi527307902	strand=+
11584_g              -            341 48601                -            765   0.00012   20.0   0.0   3   3     0.021       2.2    6.0   0.0   115   401   240   288   230   299 0.53 length=342	scaffold=gi527307902	strand=+
6847_g               -           1353 48601                -            765   0.00024   19.1   0.0   1   2   0.00055     0.058   11.2   0.0   345   381   519   555   512   561 0.90 length=1354	scaffold=gi528858387	strand=+
6847_g               -           1353 48601                -            765   0.00024   19.1   0.0   2   2     0.031       3.2    5.4   0.0   452   514   585   651   569   655 0.72 length=1354	scaffold=gi528858387	strand=+
8067_g               -           1353 48601                -            765   0.00024   19.1   0.0   1   2   0.00055     0.058   11.2   0.0   345   381   519   555   512   561 0.90 length=1354	scaffold=gi527311550	strand=-
8067_g               -           1353 48601                -            765   0.00024   19.1   0.0   2   2     0.031       3.2    5.4   0.0   452   514   585   651   569   655 0.72 length=1354	scaffold=gi527311550	strand=-
4945_g               -           1144 48601                -            765   0.00025   19.0   0.0   1   2   0.00045     0.048   11.5   0.0   371   483    82   135    10   142 0.52 length=1145	scaffold=gi528858389	strand=-
4945_g               -           1144 48601                -            765   0.00025   19.0   0.0   2   2      0.86        91    0.6   0.0   122   164   157   201   149   206 0.81 length=1145	scaffold=gi528858389	strand=-
5417_g               -           1144 48601                -            765   0.00025   19.0   0.0   1   2   0.00045     0.048   11.5   0.0   371   483    82   135    10   142 0.52 length=1145	scaffold=gi527313191	strand=-
5417_g               -           1144 48601                -            765   0.00025   19.0   0.0   2   2      0.86        91    0.6   0.0   122   164   157   201   149   206 0.81 length=1145	scaffold=gi527313191	strand=-
6622_g               -           1050 48601                -            765   0.00029   18.8   1.3   1   4      0.45        47    1.6   0.0   347   386    63   101    51   107 0.75 length=1051	scaffold=gi527312496	strand=+
6622_g               -           1050 48601                -            765   0.00029   18.8   1.3   2   4     0.061       6.4    4.4   0.0   489   519   401   434   392   443 0.75 length=1051	scaffold=gi527312496	strand=+
6622_g               -           1050 48601                -            765   0.00029   18.8   1.3   3   4       1.2   1.2e+02    0.2   0.0   350   382   575   607   568   613 0.71 length=1051	scaffold=gi527312496	strand=+
6622_g               -           1050 48601                -            765   0.00029   18.8   1.3   4   4      0.01       1.1    7.0   0.1   352   432   627   706   612   716 0.75 length=1051	scaffold=gi527312496	strand=+
5624_g               -           1081 48601                -            765   0.00033   18.6   1.2   1   4      0.46        49    1.5   0.0   347   386    63   101    51   107 0.75 length=1082	scaffold=gi528858388	strand=-
5624_g               -           1081 48601                -            765   0.00033   18.6   1.2   2   4     0.063       6.7    4.4   0.0   489   519   401   434   392   443 0.75 length=1082	scaffold=gi528858388	strand=-
5624_g               -           1081 48601                -            765   0.00033   18.6   1.2   3   4         1   1.1e+02    0.3   0.0   350   382   575   607   566   616 0.71 length=1082	scaffold=gi528858388	strand=-
5624_g               -           1081 48601                -            765   0.00033   18.6   1.2   4   4     0.011       1.2    6.9   0.1   352   432   627   706   612   713 0.74 length=1082	scaffold=gi528858388	strand=-
11274_g              -           2197 48601                -            765   0.00035   18.5   0.0   1   2   1.6e-05    0.0017   16.3   0.0   120   203  1284  1370  1273  1373 0.83 length=2198	scaffold=gi528858383	strand=-
11274_g              -           2197 48601                -            765   0.00035   18.5   0.0   2   2       5.3   5.6e+02   -2.0   0.0   410   450  1694  1734  1689  1745 0.71 length=2198	scaffold=gi528858383	strand=-
12071_g              -           2197 48601                -            765   0.00035   18.5   0.0   1   2   1.6e-05    0.0017   16.3   0.0   120   203  1284  1370  1273  1373 0.83 length=2198	scaffold=gi527307902	strand=-
12071_g              -           2197 48601                -            765   0.00035   18.5   0.0   2   2       5.3   5.6e+02   -2.0   0.0   410   450  1694  1734  1689  1745 0.71 length=2198	scaffold=gi527307902	strand=-
10038_g              -            617 48601                -            765   0.00038   18.4   0.0   1   3       5.2   5.5e+02   -1.9   0.0   447   479   278   311   270   317 0.59 length=618	scaffold=gi528858384	strand=-
10038_g              -            617 48601                -            765   0.00038   18.4   0.0   2   3     0.044       4.7    4.9   0.0   361   403   419   464   416   482 0.76 length=618	scaffold=gi528858384	strand=-
10038_g              -            617 48601                -            765   0.00038   18.4   0.0   3   3   0.00074     0.078   10.8   0.0   355   433   478   556   462   569 0.74 length=618	scaffold=gi528858384	strand=-
12482_g              -            617 48601                -            765   0.00038   18.4   0.0   1   3       5.2   5.5e+02   -1.9   0.0   447   479   278   311   270   317 0.59 length=618	scaffold=gi527308984	strand=+
12482_g              -            617 48601                -            765   0.00038   18.4   0.0   2   3     0.044       4.7    4.9   0.0   361   403   419   464   416   482 0.76 length=618	scaffold=gi527308984	strand=+
12482_g              -            617 48601                -            765   0.00038   18.4   0.0   3   3   0.00074     0.078   10.8   0.0   355   433   478   556   462   569 0.74 length=618	scaffold=gi527308984	strand=+
2993_g               -            680 48601                -            765   0.00045   18.2   0.0   1   2    0.0027      0.29    8.9   0.1   391   479    78   108    48   167 0.64 length=681	scaffold=gi528858386	strand=+
2993_g               -            680 48601                -            765   0.00045   18.2   0.0   2   2     0.014       1.4    6.6   0.0   146   187   218   256   211   274 0.59 length=681	scaffold=gi528858386	strand=+
3674_g               -            680 48601                -            765   0.00045   18.2   0.0   1   2    0.0027      0.29    8.9   0.1   391   479    78   108    48   167 0.64 length=681	scaffold=gi527310881	strand=+
3674_g               -            680 48601                -            765   0.00045   18.2   0.0   2   2     0.014       1.4    6.6   0.0   146   187   218   256   211   274 0.59 length=681	scaffold=gi527310881	strand=+
6987_g               -            717 48601                -            765    0.0005   18.0   0.0   1   2   4.4e-05    0.0047   14.8   0.0   490   562   498   575   484   596 0.65 length=718	scaffold=gi528858387	strand=-
6987_g               -            717 48601                -            765    0.0005   18.0   0.0   2   2      0.69        73    0.9   0.0   344   401   629   684   622   707 0.73 length=718	scaffold=gi528858387	strand=-
7925_g               -            717 48601                -            765    0.0005   18.0   0.0   1   2   4.4e-05    0.0047   14.8   0.0   490   562   498   575   484   596 0.65 length=718	scaffold=gi527311550	strand=+
7925_g               -            717 48601                -            765    0.0005   18.0   0.0   2   2      0.69        73    0.9   0.0   344   401   629   684   622   707 0.73 length=718	scaffold=gi527311550	strand=+
12877_g              -            632 48601                -            765   0.00068   17.6   0.0   1   2     0.028       2.9    5.6   0.0    57   106   173   223   128   241 0.81 length=633	scaffold=gi527310678	strand=-
12877_g              -            632 48601                -            765   0.00068   17.6   0.0   2   2    0.0034      0.36    8.6   0.0   316   425   341   453   241   463 0.64 length=633	scaffold=gi527310678	strand=-
8996_g               -            632 48601                -            765   0.00068   17.6   0.0   1   2     0.028       2.9    5.6   0.0    57   106   173   223   128   241 0.81 length=633	scaffold=gi528858385	strand=-
8996_g               -            632 48601                -            765   0.00068   17.6   0.0   2   2    0.0034      0.36    8.6   0.0   316   425   341   453   241   463 0.64 length=633	scaffold=gi528858385	strand=-
12551_g              -           4484 48601                -            765    0.0007   17.5   0.0   1   2      0.15        16    3.2   0.0   121   195  3686  3760  3673  3772 0.82 length=4485	scaffold=gi527308984	strand=+
12551_g              -           4484 48601                -            765    0.0007   17.5   0.0   2   2    0.0004     0.043   11.6   0.1   354   425  3932  4002  3920  4011 0.65 length=4485	scaffold=gi527308984	strand=+
9970_g               -           4484 48601                -            765    0.0007   17.5   0.0   1   2      0.15        16    3.2   0.0   121   195  3686  3760  3673  3772 0.82 length=4485	scaffold=gi528858384	strand=-
9970_g               -           4484 48601                -            765    0.0007   17.5   0.0   2   2    0.0004     0.043   11.6   0.1   354   425  3932  4002  3920  4011 0.65 length=4485	scaffold=gi528858384	strand=-
5706_g               -           1995 48601                -            765   0.00099   17.0   0.0   1   1   1.8e-05    0.0019   16.1   0.0   363   424  1806  1864  1803  1876 0.85 length=1996	scaffold=gi528858388	strand=+
6541_g               -           1995 48601                -            765   0.00099   17.0   0.0   1   1   1.8e-05    0.0019   16.1   0.0   363   424  1806  1864  1803  1876 0.85 length=1996	scaffold=gi527312496	strand=-
508_g                -            771 48601                -            765     0.001   17.0   1.1   1   2     0.012       1.2    6.8   0.1   122   193   366   443   349   457 0.81 length=772	scaffold=gi528858395	strand=+
508_g                -            771 48601                -            765     0.001   17.0   1.1   2   2     0.005      0.53    8.0   0.1   345   428   509   590   479   607 0.53 length=772	scaffold=gi528858395	strand=+
665_g                -            771 48601                -            765     0.001   17.0   1.1   1   2     0.012       1.2    6.8   0.1   122   193   366   443   349   457 0.81 length=772	scaffold=gi527315607	strand=-
665_g                -            771 48601                -            765     0.001   17.0   1.1   2   2     0.005      0.53    8.0   0.1   345   428   509   590   479   607 0.53 length=772	scaffold=gi527315607	strand=-
10388_g              -           1596 48601                -            765    0.0012   16.7   0.0   1   3       6.2   6.6e+02   -2.2   0.0   345   380   679   714   668   717 0.81 length=1597	scaffold=gi528858384	strand=-
10388_g              -           1596 48601                -            765    0.0012   16.7   0.0   2   3   0.00096       0.1   10.4   0.0   344   398   828   882   811   904 0.73 length=1597	scaffold=gi528858384	strand=-
10388_g              -           1596 48601                -            765    0.0012   16.7   0.0   3   3      0.16        17    3.1   0.0   326   384  1479  1539  1462  1548 0.80 length=1597	scaffold=gi528858384	strand=-
12136_g              -           1596 48601                -            765    0.0012   16.7   0.0   1   3       6.2   6.6e+02   -2.2   0.0   345   380   679   714   668   717 0.81 length=1597	scaffold=gi527308984	strand=+
12136_g              -           1596 48601                -            765    0.0012   16.7   0.0   2   3   0.00096       0.1   10.4   0.0   344   398   828   882   811   904 0.73 length=1597	scaffold=gi527308984	strand=+
12136_g              -           1596 48601                -            765    0.0012   16.7   0.0   3   3      0.16        17    3.1   0.0   326   384  1479  1539  1462  1548 0.80 length=1597	scaffold=gi527308984	strand=+
12242_g              -           1510 48601                -            765    0.0016   16.4   0.0   1   2     0.087       9.2    3.9   0.0   370   426   174   234   170   244 0.82 length=1511	scaffold=gi527308984	strand=+
12242_g              -           1510 48601                -            765    0.0016   16.4   0.0   2   2    0.0012      0.13   10.0   0.0   345   382   474   511   467   568 0.88 length=1511	scaffold=gi527308984	strand=+
10281_g              -           1517 48601                -            765    0.0016   16.4   0.0   1   2     0.087       9.2    3.9   0.0   370   426   174   234   170   244 0.82 length=1518	scaffold=gi528858384	strand=-
10281_g              -           1517 48601                -            765    0.0016   16.4   0.0   2   2    0.0013      0.13   10.0   0.0   345   382   474   511   467   568 0.88 length=1518	scaffold=gi528858384	strand=-
12606_g              -           1148 48601                -            765    0.0017   16.3   0.0   1   4      0.18        19    2.9   0.0   103   141   434   472   431   479 0.80 length=1149	scaffold=gi527308984	strand=+
12606_g              -           1148 48601                -            765    0.0017   16.3   0.0   2   4       5.3   5.6e+02   -2.0   0.0   486   519   526   560   517   575 0.61 length=1149	scaffold=gi527308984	strand=+
12606_g              -           1148 48601                -            765    0.0017   16.3   0.0   3   4     0.015       1.6    6.4   0.0   277   399   709   833   702   841 0.66 length=1149	scaffold=gi527308984	strand=+
12606_g              -           1148 48601                -            765    0.0017   16.3   0.0   4   4       3.4   3.6e+02   -1.3   0.0   548   574   890   916   884   924 0.70 length=1149	scaffold=gi527308984	strand=+
9917_g               -           1148 48601                -            765    0.0017   16.3   0.0   1   4      0.18        19    2.9   0.0   103   141   434   472   431   479 0.80 length=1149	scaffold=gi528858384	strand=-
9917_g               -           1148 48601                -            765    0.0017   16.3   0.0   2   4       5.3   5.6e+02   -2.0   0.0   486   519   526   560   517   575 0.61 length=1149	scaffold=gi528858384	strand=-
9917_g               -           1148 48601                -            765    0.0017   16.3   0.0   3   4     0.015       1.6    6.4   0.0   277   399   709   833   702   841 0.66 length=1149	scaffold=gi528858384	strand=-
9917_g               -           1148 48601                -            765    0.0017   16.3   0.0   4   4       3.4   3.6e+02   -1.3   0.0   548   574   890   916   884   924 0.70 length=1149	scaffold=gi528858384	strand=-
1235_g               -            474 48601                -            765    0.0031   15.4   0.0   1   1   4.3e-05    0.0045   14.9   0.0   352   502   308   357   292   363 0.59 length=475	scaffold=gi528858393	strand=+
1404_g               -            474 48601                -            765    0.0031   15.4   0.0   1   1   4.3e-05    0.0045   14.9   0.0   352   502   308   357   292   363 0.59 length=475	scaffold=gi527315005	strand=-
5687_g               -           1244 48601                -            765    0.0044   14.9   0.0   1   1   0.00034     0.036   11.9   0.0   362   480  1052  1179  1028  1183 0.77 length=1245	scaffold=gi528858388	strand=+
6560_g               -           1244 48601                -            765    0.0044   14.9   0.0   1   1   0.00034     0.036   11.9   0.0   362   480  1052  1179  1028  1183 0.77 length=1245	scaffold=gi527312496	strand=-
11045_g              -           1826 48601                -            765    0.0068   14.3   0.0   1   3    0.0067      0.71    7.6   0.0   362   428   722   786   715   798 0.85 length=1827	scaffold=gi528858383	strand=+
11045_g              -           1826 48601                -            765    0.0068   14.3   0.0   2   3       2.9   3.1e+02   -1.1   0.0   547   562  1614  1629  1605  1637 0.72 length=1827	scaffold=gi528858383	strand=+
11045_g              -           1826 48601                -            765    0.0068   14.3   0.0   3   3      0.24        25    2.5   0.0   344   388  1749  1793  1714  1798 0.83 length=1827	scaffold=gi528858383	strand=+
11842_g              -           1826 48601                -            765    0.0068   14.3   0.0   1   3    0.0067      0.71    7.6   0.0   362   428   722   786   715   798 0.85 length=1827	scaffold=gi527307902	strand=+
11842_g              -           1826 48601                -            765    0.0068   14.3   0.0   2   3       2.9   3.1e+02   -1.1   0.0   547   562  1614  1629  1605  1637 0.72 length=1827	scaffold=gi527307902	strand=+
11842_g              -           1826 48601                -            765    0.0068   14.3   0.0   3   3      0.24        25    2.5   0.0   344   388  1749  1793  1714  1798 0.83 length=1827	scaffold=gi527307902	strand=+
2698_g               -           1342 48601                -            765    0.0099   13.7   0.1   1   3      0.17        18    3.0   0.0   169   188   612   631   608   635 0.80 length=1343	scaffold=gi528858386	strand=-
2698_g               -           1342 48601                -            765    0.0099   13.7   0.1   2   3       3.3   3.5e+02   -1.3   0.0   169   188   732   751   727   756 0.81 length=1343	scaffold=gi528858386	strand=-
2698_g               -           1342 48601                -            765    0.0099   13.7   0.1   3   3     0.016       1.6    6.4   0.0   151   184  1150  1183  1143  1201 0.78 length=1343	scaffold=gi528858386	strand=-
3379_g               -           1342 48601                -            765    0.0099   13.7   0.1   1   3      0.17        18    3.0   0.0   169   188   612   631   608   635 0.80 length=1343	scaffold=gi527310881	strand=-
3379_g               -           1342 48601                -            765    0.0099   13.7   0.1   2   3       3.3   3.5e+02   -1.3   0.0   169   188   732   751   727   756 0.81 length=1343	scaffold=gi527310881	strand=-
3379_g               -           1342 48601                -            765    0.0099   13.7   0.1   3   3     0.016       1.6    6.4   0.0   151   184  1150  1183  1143  1201 0.78 length=1343	scaffold=gi527310881	strand=-
1192_g               -            231 48601                -            765     0.015   13.1   0.2   1   2     0.058       6.2    4.5   0.1   359   383    21    45    12    51 0.87 length=232	scaffold=gi528858393	strand=-
1192_g               -            231 48601                -            765     0.015   13.1   0.2   2   2     0.013       1.3    6.7   0.0    53   106    77   130    71   135 0.91 length=232	scaffold=gi528858393	strand=-
1446_g               -            231 48601                -            765     0.015   13.1   0.2   1   2     0.058       6.2    4.5   0.1   359   383    21    45    12    51 0.87 length=232	scaffold=gi527315005	strand=+
1446_g               -            231 48601                -            765     0.015   13.1   0.2   2   2     0.013       1.3    6.7   0.0    53   106    77   130    71   135 0.91 length=232	scaffold=gi527315005	strand=+
6089_g               -            779 48601                -            765     0.018   12.9   0.0   1   3     0.057         6    4.5   0.1   453   503   202   252   193   265 0.62 length=780	scaffold=gi528858388	strand=+
6089_g               -            779 48601                -            765     0.018   12.9   0.0   2   3     0.033       3.5    5.3   0.0   365   427   346   407   339   422 0.76 length=780	scaffold=gi528858388	strand=+
6089_g               -            779 48601                -            765     0.018   12.9   0.0   3   3       8.4   8.9e+02   -2.7   0.0   355   389   536   570   532   573 0.84 length=780	scaffold=gi528858388	strand=+
6164_g               -            779 48601                -            765     0.018   12.9   0.0   1   3     0.057         6    4.5   0.1   453   503   202   252   193   265 0.62 length=780	scaffold=gi527312496	strand=-
6164_g               -            779 48601                -            765     0.018   12.9   0.0   2   3     0.033       3.5    5.3   0.0   365   427   346   407   339   422 0.76 length=780	scaffold=gi527312496	strand=-
6164_g               -            779 48601                -            765     0.018   12.9   0.0   3   3       8.4   8.9e+02   -2.7   0.0   355   389   536   570   532   573 0.84 length=780	scaffold=gi527312496	strand=-
7424_g               -            866 48601                -            765     0.021   12.7   0.0   1   3       9.5     1e+03   -2.8   0.0   111   137   215   243   211   246 0.78 length=867	scaffold=gi528858387	strand=+
7424_g               -            866 48601                -            765     0.021   12.7   0.0   2   3    0.0018      0.19    9.5   0.0   354   405   493   544   486   556 0.89 length=867	scaffold=gi528858387	strand=+
7424_g               -            866 48601                -            765     0.021   12.7   0.0   3   3       2.1   2.2e+02   -0.6   0.0   354   385   584   615   561   620 0.77 length=867	scaffold=gi528858387	strand=+
7496_g               -            866 48601                -            765     0.021   12.7   0.0   1   3       9.5     1e+03   -2.8   0.0   111   137   215   243   211   246 0.78 length=867	scaffold=gi527311550	strand=-
7496_g               -            866 48601                -            765     0.021   12.7   0.0   2   3    0.0018      0.19    9.5   0.0   354   405   493   544   486   556 0.89 length=867	scaffold=gi527311550	strand=-
7496_g               -            866 48601                -            765     0.021   12.7   0.0   3   3       2.1   2.2e+02   -0.6   0.0   354   385   584   615   561   620 0.77 length=867	scaffold=gi527311550	strand=-
13636_g              -           1465 48601                -            765     0.075   10.8   0.0   1   3       1.2   1.3e+02    0.1   0.0   355   388   171   203   163   245 0.69 length=1466	scaffold=gi527309735	strand=+
13636_g              -           1465 48601                -            765     0.075   10.8   0.0   2   3      0.31        33    2.1   0.0   371   430   280   339   247   348 0.85 length=1466	scaffold=gi527309735	strand=+
13636_g              -           1465 48601                -            765     0.075   10.8   0.0   3   3      0.08       8.5    4.0   0.0   332   395   433   497   416   506 0.64 length=1466	scaffold=gi527309735	strand=+
9027_g               -           1465 48601                -            765     0.075   10.8   0.0   1   3       1.2   1.3e+02    0.1   0.0   355   388   171   203   163   245 0.69 length=1466	scaffold=gi528858385	strand=-
9027_g               -           1465 48601                -            765     0.075   10.8   0.0   2   3      0.31        33    2.1   0.0   371   430   280   339   247   348 0.85 length=1466	scaffold=gi528858385	strand=-
9027_g               -           1465 48601                -            765     0.075   10.8   0.0   3   3      0.08       8.5    4.0   0.0   332   395   433   497   416   506 0.64 length=1466	scaffold=gi528858385	strand=-
12641_g              -           1852 48601                -            765      0.11   10.2   0.0   1   2       1.2   1.3e+02    0.1   0.0   351   378   272   299   270   308 0.92 length=1853	scaffold=gi527308984	strand=-
12641_g              -           1852 48601                -            765      0.11   10.2   0.0   2   2     0.011       1.2    6.8   0.0   348   425   379   456   356   466 0.72 length=1853	scaffold=gi527308984	strand=-
9882_g               -           1852 48601                -            765      0.11   10.2   0.0   1   2       1.2   1.3e+02    0.1   0.0   351   378   272   299   270   308 0.92 length=1853	scaffold=gi528858384	strand=+
9882_g               -           1852 48601                -            765      0.11   10.2   0.0   2   2     0.011       1.2    6.8   0.0   348   425   379   456   356   466 0.72 length=1853	scaffold=gi528858384	strand=+
5705_g               -            343 48601                -            765      0.12   10.1   0.0   1   1    0.0015      0.16    9.7   0.0   342   383   276   317   266   339 0.81 length=344	scaffold=gi528858388	strand=+
6542_g               -            343 48601                -            765      0.12   10.1   0.0   1   1    0.0015      0.16    9.7   0.0   342   383   276   317   266   339 0.81 length=344	scaffold=gi527312496	strand=-
516_g                -           2272 48601                -            765      0.12   10.1   0.0   1   2    0.0074      0.79    7.4   0.0   347   380   553   586   534   609 0.77 length=2273	scaffold=gi528858395	strand=-
516_g                -           2272 48601                -            765      0.12   10.1   0.0   2   2       1.4   1.5e+02   -0.1   0.0   457   480  2036  2059  1989  2069 0.62 length=2273	scaffold=gi528858395	strand=-
657_g                -           2272 48601                -            765      0.12   10.1   0.0   1   2    0.0074      0.79    7.4   0.0   347   380   553   586   534   609 0.77 length=2273	scaffold=gi527315607	strand=+
657_g                -           2272 48601                -            765      0.12   10.1   0.0   2   2       1.4   1.5e+02   -0.1   0.0   457   480  2036  2059  1989  2069 0.62 length=2273	scaffold=gi527315607	strand=+
7140_g               -            565 48601                -            765      0.12   10.1   0.1   1   2    0.0069      0.73    7.6   0.0   359   432    98   174    93   192 0.75 length=566	scaffold=gi528858387	strand=-
7140_g               -            565 48601                -            765      0.12   10.1   0.1   2   2       1.5   1.6e+02   -0.2   0.0   542   592   294   343   287   354 0.78 length=566	scaffold=gi528858387	strand=-
7777_g               -            565 48601                -            765      0.12   10.1   0.1   1   2    0.0069      0.73    7.6   0.0   359   432    98   174    93   192 0.75 length=566	scaffold=gi527311550	strand=+
7777_g               -            565 48601                -            765      0.12   10.1   0.1   2   2       1.5   1.6e+02   -0.2   0.0   542   592   294   343   287   354 0.78 length=566	scaffold=gi527311550	strand=+
5658_g               -           2125 48601                -            765      0.14    9.9   0.0   1   1    0.0023      0.25    9.1   0.0   492   524  1723  1756  1714  1813 0.69 length=2126	scaffold=gi528858388	strand=+
6589_g               -           2125 48601                -            765      0.14    9.9   0.0   1   1    0.0023      0.25    9.1   0.0   492   524  1723  1756  1714  1813 0.69 length=2126	scaffold=gi527312496	strand=-
6765_g               -            683 48601                -            765      0.15    9.8   0.0   1   1    0.0051      0.54    8.0   0.0   362   390   170   198   168   207 0.87 length=684	scaffold=gi528858387	strand=-
8147_g               -            683 48601                -            765      0.15    9.8   0.0   1   1    0.0051      0.54    8.0   0.0   362   390   170   198   168   207 0.87 length=684	scaffold=gi527311550	strand=+
13224_g              -           1304 48601                -            765      0.19    9.5   0.0   1   2     0.043       4.6    4.9   0.0   342   430   613   703   596   714 0.84 length=1305	scaffold=gi527309735	strand=-
13224_g              -           1304 48601                -            765      0.19    9.5   0.0   2   2      0.31        33    2.1   0.0   494   531  1089  1127  1079  1140 0.64 length=1305	scaffold=gi527309735	strand=-
11193_g              -           2095 48601                -            765       1.4    6.7   9.8   1   3     0.018       1.9    6.2   0.2   481   514  1711  1744  1704  1748 0.93 length=2096	scaffold=gi528858383	strand=+
11193_g              -           2095 48601                -            765       1.4    6.7   9.8   2   3       2.1   2.2e+02   -0.7   0.0   319   401  1872  1955  1832  1975 0.77 length=2096	scaffold=gi528858383	strand=+
11193_g              -           2095 48601                -            765       1.4    6.7   9.8   3   3     0.035       3.7    5.2   0.0   362   423  2016  2076  2000  2081 0.75 length=2096	scaffold=gi528858383	strand=+
11990_g              -           2095 48601                -            765       1.4    6.7   9.8   1   3     0.018       1.9    6.2   0.2   481   514  1711  1744  1704  1748 0.93 length=2096	scaffold=gi527307902	strand=+
11990_g              -           2095 48601                -            765       1.4    6.7   9.8   2   3       2.1   2.2e+02   -0.7   0.0   319   401  1872  1955  1832  1975 0.77 length=2096	scaffold=gi527307902	strand=+
11990_g              -           2095 48601                -            765       1.4    6.7   9.8   3   3     0.035       3.7    5.2   0.0   362   423  2016  2076  2000  2081 0.75 length=2096	scaffold=gi527307902	strand=+
#
# Program:         hmmsearch
# Version:         3.4 (Aug 2023)
# Pipeline mode:   SEARCH
# Query file:      /home/inf-20-2025/Malaria/busco_downloads/lineages/apicomplexa_odb12/hmms/48601at5794.hmm
# Target file:     /home/inf-20-2025/Malaria/Results/6_nobird_annotation/T_gondii.faa
# Option settings: hmmsearch --domtblout Results/8_busco/T_gondii/run_apicomplexa_odb12/hmmer_output/initial_run_results/48601at5794.out --cpu 1 /home/inf-20-2025/Malaria/busco_downloads/lineages/apicomplexa_odb12/hmms/48601at5794.hmm /home/inf-20-2025/Malaria/Results/6_nobird_annotation/T_gondii.faa 
# Current dir:     /home/inf-20-2025/Malaria
# Date:            Wed Mar  4 18:33:20 2026
# [ok]
