#                                                                            --- full sequence --- -------------- this domain -------------   hmm coord   ali coord   env coord
# target name        accession   tlen query name           accession   qlen   E-value  score  bias   #  of  c-Evalue  i-Evalue  score  bias  from    to  from    to  from    to  acc description of target
#------------------- ---------- ----- -------------------- ---------- ----- --------- ------ ----- --- --- --------- --------- ------ ----- ----- ----- ----- ----- ----- ----- ---- ---------------------
13409_g              -            682 68790                -            474  2.7e-250  830.5   0.0   1   1  5.3e-252  3.5e-250  830.2   0.0     9   473   184   658   178   659 0.97 length=683	scaffold=gi527309735	strand=-
9259_g               -            682 68790                -            474  2.7e-250  830.5   0.0   1   1  5.3e-252  3.5e-250  830.2   0.0     9   473   184   658   178   659 0.97 length=683	scaffold=gi528858385	strand=+
4677_g               -            798 68790                -            474  2.2e-194  646.2   0.1   1   1  4.2e-196  2.7e-194  645.9   0.1    10   473   258   728   249   729 0.96 length=799	scaffold=gi528858389	strand=-
5149_g               -            798 68790                -            474  2.2e-194  646.2   0.1   1   1  4.2e-196  2.7e-194  645.9   0.1    10   473   258   728   249   729 0.96 length=799	scaffold=gi527313191	strand=-
13451_g              -            960 68790                -            474  2.5e-162  540.4   0.0   1   1  5.1e-164  3.3e-162  540.1   0.0    15   472   470   925   461   927 0.95 length=961	scaffold=gi527309735	strand=-
9214_g               -            960 68790                -            474  2.5e-162  540.4   0.0   1   1  5.1e-164  3.3e-162  540.1   0.0    15   472   470   925   461   927 0.95 length=961	scaffold=gi528858385	strand=+
3087_g               -            543 68790                -            474  4.8e-142  473.6   6.1   1   1    2e-143  1.3e-141  472.2   6.1    29   471    69   534    52   536 0.90 length=544	scaffold=gi528858386	strand=+
3768_g               -            543 68790                -            474  4.8e-142  473.6   6.1   1   1    2e-143  1.3e-141  472.2   6.1    29   471    69   534    52   536 0.90 length=544	scaffold=gi527310709	strand=+
2139_g               -            564 68790                -            474  2.2e-135  451.6  10.8   1   2   2.1e-57   1.3e-55  188.5   1.2    35   197    50   214    39   219 0.93 length=565	scaffold=gi528858392	strand=+
2139_g               -            564 68790                -            474  2.2e-135  451.6  10.8   2   2   2.7e-81   1.7e-79  267.3   2.7   198   471   272   559   264   561 0.89 length=565	scaffold=gi528858392	strand=+
2420_g               -            564 68790                -            474  2.2e-135  451.6  10.8   1   2   2.1e-57   1.3e-55  188.5   1.2    35   197    50   214    39   219 0.93 length=565	scaffold=gi527314679	strand=-
2420_g               -            564 68790                -            474  2.2e-135  451.6  10.8   2   2   2.7e-81   1.7e-79  267.3   2.7   198   471   272   559   264   561 0.89 length=565	scaffold=gi527314679	strand=-
10747_g              -            758 68790                -            474  8.6e-103  344.1   1.1   1   5      0.48        31    2.7   0.0   410   434    75    99    68   108 0.79 length=759	scaffold=gi528858383	strand=+
10747_g              -            758 68790                -            474  8.6e-103  344.1   1.1   2   5   4.7e-51   3.1e-49  167.6   0.0    38   187   184   338   158   347 0.90 length=759	scaffold=gi528858383	strand=+
10747_g              -            758 68790                -            474  8.6e-103  344.1   1.1   3   5   1.3e-09   8.7e-08   30.9   0.0   195   226   382   413   374   424 0.92 length=759	scaffold=gi528858383	strand=+
10747_g              -            758 68790                -            474  8.6e-103  344.1   1.1   4   5   2.4e-27   1.6e-25   89.4   0.0   226   362   437   578   421   592 0.89 length=759	scaffold=gi528858383	strand=+
10747_g              -            758 68790                -            474  8.6e-103  344.1   1.1   5   5   1.2e-14   7.6e-13   47.6   0.0   369   462   634   726   620   735 0.92 length=759	scaffold=gi528858383	strand=+
11544_g              -            758 68790                -            474  8.6e-103  344.1   1.1   1   5      0.48        31    2.7   0.0   410   434    75    99    68   108 0.79 length=759	scaffold=gi527307902	strand=+
11544_g              -            758 68790                -            474  8.6e-103  344.1   1.1   2   5   4.7e-51   3.1e-49  167.6   0.0    38   187   184   338   158   347 0.90 length=759	scaffold=gi527307902	strand=+
11544_g              -            758 68790                -            474  8.6e-103  344.1   1.1   3   5   1.3e-09   8.7e-08   30.9   0.0   195   226   382   413   374   424 0.92 length=759	scaffold=gi527307902	strand=+
11544_g              -            758 68790                -            474  8.6e-103  344.1   1.1   4   5   2.4e-27   1.6e-25   89.4   0.0   226   362   437   578   421   592 0.89 length=759	scaffold=gi527307902	strand=+
11544_g              -            758 68790                -            474  8.6e-103  344.1   1.1   5   5   1.2e-14   7.6e-13   47.6   0.0   369   462   634   726   620   735 0.92 length=759	scaffold=gi527307902	strand=+
2160_g               -           1906 68790                -            474  7.4e-101  337.8   0.1   1   3   1.7e-10   1.1e-08   33.9   0.0    21   104   808   893   796   896 0.86 length=1907	scaffold=gi528858392	strand=+
2160_g               -           1906 68790                -            474  7.4e-101  337.8   0.1   2   3   7.9e-76   5.2e-74  249.2   0.0   104   358  1126  1393  1121  1411 0.93 length=1907	scaffold=gi528858392	strand=+
2160_g               -           1906 68790                -            474  7.4e-101  337.8   0.1   3   3   1.2e-15   7.8e-14   50.8   0.1   385   472  1553  1635  1545  1637 0.91 length=1907	scaffold=gi528858392	strand=+
2469_g               -           1906 68790                -            474  7.4e-101  337.8   0.1   1   3   1.7e-10   1.1e-08   33.9   0.0    21   104   808   893   796   896 0.86 length=1907	scaffold=gi527314663	strand=+
2469_g               -           1906 68790                -            474  7.4e-101  337.8   0.1   2   3   7.9e-76   5.2e-74  249.2   0.0   104   358  1126  1393  1121  1411 0.93 length=1907	scaffold=gi527314663	strand=+
2469_g               -           1906 68790                -            474  7.4e-101  337.8   0.1   3   3   1.2e-15   7.8e-14   50.8   0.1   385   472  1553  1635  1545  1637 0.91 length=1907	scaffold=gi527314663	strand=+
10680_g              -           1714 68790                -            474   2.8e-99  332.6   3.1   1   5     0.015      0.99    7.6   0.0   407   469   930   995   911   999 0.82 length=1715	scaffold=gi528858383	strand=+
10680_g              -           1714 68790                -            474   2.8e-99  332.6   3.1   2   5   6.7e-38   4.4e-36  124.2   0.7    12   156  1011  1161  1002  1168 0.88 length=1715	scaffold=gi528858383	strand=+
10680_g              -           1714 68790                -            474   2.8e-99  332.6   3.1   3   5   1.6e-19     1e-17   63.6   0.0   157   224  1199  1266  1185  1274 0.92 length=1715	scaffold=gi528858383	strand=+
10680_g              -           1714 68790                -            474   2.8e-99  332.6   3.1   4   5      0.14       9.1    4.4   0.0   218   241  1331  1354  1327  1364 0.87 length=1715	scaffold=gi528858383	strand=+
10680_g              -           1714 68790                -            474   2.8e-99  332.6   3.1   5   5   4.9e-39   3.2e-37  127.9   0.0   260   471  1501  1712  1494  1714 0.90 length=1715	scaffold=gi528858383	strand=+
11477_g              -           1714 68790                -            474   2.8e-99  332.6   3.1   1   5     0.015      0.99    7.6   0.0   407   469   930   995   911   999 0.82 length=1715	scaffold=gi527307902	strand=+
11477_g              -           1714 68790                -            474   2.8e-99  332.6   3.1   2   5   6.7e-38   4.4e-36  124.2   0.7    12   156  1011  1161  1002  1168 0.88 length=1715	scaffold=gi527307902	strand=+
11477_g              -           1714 68790                -            474   2.8e-99  332.6   3.1   3   5   1.6e-19     1e-17   63.6   0.0   157   224  1199  1266  1185  1274 0.92 length=1715	scaffold=gi527307902	strand=+
11477_g              -           1714 68790                -            474   2.8e-99  332.6   3.1   4   5      0.14       9.1    4.4   0.0   218   241  1331  1354  1327  1364 0.87 length=1715	scaffold=gi527307902	strand=+
11477_g              -           1714 68790                -            474   2.8e-99  332.6   3.1   5   5   4.9e-39   3.2e-37  127.9   0.0   260   471  1501  1712  1494  1714 0.90 length=1715	scaffold=gi527307902	strand=+
4324_g               -           2454 68790                -            474   3.8e-82  276.1   0.1   1   5   7.1e-45   4.7e-43  147.2   0.0    36   184   465   624   435   629 0.87 length=2455	scaffold=gi528858390	strand=-
4324_g               -           2454 68790                -            474   3.8e-82  276.1   0.1   2   5       2.9   1.9e+02    0.1   0.0   190   220   767   794   754   797 0.69 length=2455	scaffold=gi528858390	strand=-
4324_g               -           2454 68790                -            474   3.8e-82  276.1   0.1   3   5   3.5e-19   2.3e-17   62.5   0.0   211   294   867   950   861   957 0.93 length=2455	scaffold=gi528858390	strand=-
4324_g               -           2454 68790                -            474   3.8e-82  276.1   0.1   4   5      0.17        11    4.1   0.0   335   367  2092  2124  2080  2135 0.87 length=2455	scaffold=gi528858390	strand=-
4324_g               -           2454 68790                -            474   3.8e-82  276.1   0.1   5   5   2.4e-15   1.6e-13   49.8   0.1   368   453  2326  2413  2312  2453 0.72 length=2455	scaffold=gi528858390	strand=-
8283_g               -           2454 68790                -            474   3.8e-82  276.1   0.1   1   5   7.1e-45   4.7e-43  147.2   0.0    36   184   465   624   435   629 0.87 length=2455	scaffold=gi527313991	strand=+
8283_g               -           2454 68790                -            474   3.8e-82  276.1   0.1   2   5       2.9   1.9e+02    0.1   0.0   190   220   767   794   754   797 0.69 length=2455	scaffold=gi527313991	strand=+
8283_g               -           2454 68790                -            474   3.8e-82  276.1   0.1   3   5   3.5e-19   2.3e-17   62.5   0.0   211   294   867   950   861   957 0.93 length=2455	scaffold=gi527313991	strand=+
8283_g               -           2454 68790                -            474   3.8e-82  276.1   0.1   4   5      0.17        11    4.1   0.0   335   367  2092  2124  2080  2135 0.87 length=2455	scaffold=gi527313991	strand=+
8283_g               -           2454 68790                -            474   3.8e-82  276.1   0.1   5   5   2.4e-15   1.6e-13   49.8   0.1   368   453  2326  2413  2312  2453 0.72 length=2455	scaffold=gi527313991	strand=+
12862_g              -           3670 68790                -            474   3.5e-77  259.7   0.0   1   2   3.6e-05    0.0024   16.3   0.0   374   433  1621  1680  1576  1697 0.85 length=3671	scaffold=gi527310678	strand=-
12862_g              -           3670 68790                -            474   3.5e-77  259.7   0.0   2   2   2.8e-73   1.8e-71  240.8   0.0    26   300  3060  3336  3041  3357 0.94 length=3671	scaffold=gi527310678	strand=-
8981_g               -           3670 68790                -            474   3.5e-77  259.7   0.0   1   2   3.6e-05    0.0024   16.3   0.0   374   433  1621  1680  1576  1697 0.85 length=3671	scaffold=gi528858385	strand=-
8981_g               -           3670 68790                -            474   3.5e-77  259.7   0.0   2   2   2.8e-73   1.8e-71  240.8   0.0    26   300  3060  3336  3041  3357 0.94 length=3671	scaffold=gi528858385	strand=-
2961_g               -           1757 68790                -            474   7.4e-70  235.6   0.0   1   7   6.5e-19   4.2e-17   61.6   0.0    42   121   371   451   361   461 0.91 length=1758	scaffold=gi528858386	strand=-
2961_g               -           1757 68790                -            474   7.4e-70  235.6   0.0   2   7   1.9e-09   1.2e-07   30.4   0.0   128   167   550   589   538   595 0.88 length=1758	scaffold=gi528858386	strand=-
2961_g               -           1757 68790                -            474   7.4e-70  235.6   0.0   3   7   1.3e-22   8.8e-21   73.7   0.0   191   273   760   844   753   853 0.93 length=1758	scaffold=gi528858386	strand=-
2961_g               -           1757 68790                -            474   7.4e-70  235.6   0.0   4   7       7.4   4.8e+02   -1.3   0.0   278   303   931   956   929   964 0.82 length=1758	scaffold=gi528858386	strand=-
2961_g               -           1757 68790                -            474   7.4e-70  235.6   0.0   5   7   0.00057     0.038   12.3   0.0   310   368  1290  1349  1284  1378 0.79 length=1758	scaffold=gi528858386	strand=-
2961_g               -           1757 68790                -            474   7.4e-70  235.6   0.0   6   7     4e-13   2.6e-11   42.5   0.0   369   435  1570  1637  1556  1645 0.90 length=1758	scaffold=gi528858386	strand=-
2961_g               -           1757 68790                -            474   7.4e-70  235.6   0.0   7   7      0.12       8.2    4.6   0.0   445   470  1732  1757  1717  1757 0.79 length=1758	scaffold=gi528858386	strand=-
3642_g               -           1757 68790                -            474   7.4e-70  235.6   0.0   1   7   6.5e-19   4.2e-17   61.6   0.0    42   121   371   451   361   461 0.91 length=1758	scaffold=gi527310881	strand=-
3642_g               -           1757 68790                -            474   7.4e-70  235.6   0.0   2   7   1.9e-09   1.2e-07   30.4   0.0   128   167   550   589   538   595 0.88 length=1758	scaffold=gi527310881	strand=-
3642_g               -           1757 68790                -            474   7.4e-70  235.6   0.0   3   7   1.3e-22   8.8e-21   73.7   0.0   191   273   760   844   753   853 0.93 length=1758	scaffold=gi527310881	strand=-
3642_g               -           1757 68790                -            474   7.4e-70  235.6   0.0   4   7       7.4   4.8e+02   -1.3   0.0   278   303   931   956   929   964 0.82 length=1758	scaffold=gi527310881	strand=-
3642_g               -           1757 68790                -            474   7.4e-70  235.6   0.0   5   7   0.00057     0.038   12.3   0.0   310   368  1290  1349  1284  1378 0.79 length=1758	scaffold=gi527310881	strand=-
3642_g               -           1757 68790                -            474   7.4e-70  235.6   0.0   6   7     4e-13   2.6e-11   42.5   0.0   369   435  1570  1637  1556  1645 0.90 length=1758	scaffold=gi527310881	strand=-
3642_g               -           1757 68790                -            474   7.4e-70  235.6   0.0   7   7      0.12       8.2    4.6   0.0   445   470  1732  1757  1717  1757 0.79 length=1758	scaffold=gi527310881	strand=-
3134_g               -           1388 68790                -            474   9.7e-67  225.3   0.0   1   2   2.7e-34   1.8e-32  112.3   0.1    42   170   970  1103   965  1119 0.92 length=1389	scaffold=gi528858386	strand=+
3134_g               -           1388 68790                -            474   9.7e-67  225.3   0.0   2   2     8e-34   5.2e-32  110.7   0.0   171   295  1210  1336  1202  1344 0.94 length=1389	scaffold=gi528858386	strand=+
3815_g               -           1388 68790                -            474   9.7e-67  225.3   0.0   1   2   2.7e-34   1.8e-32  112.3   0.1    42   170   970  1103   965  1119 0.92 length=1389	scaffold=gi527310709	strand=+
3815_g               -           1388 68790                -            474   9.7e-67  225.3   0.0   2   2     8e-34   5.2e-32  110.7   0.0   171   295  1210  1336  1202  1344 0.94 length=1389	scaffold=gi527310709	strand=+
12237_g              -           3194 68790                -            474   3.8e-64  216.7   0.0   1   1   8.6e-66   5.7e-64  216.2   0.0    32   303   185   454   175   459 0.95 length=3195	scaffold=gi527308984	strand=+
10287_g              -           3287 68790                -            474   3.9e-64  216.7   0.0   1   1     9e-66   5.9e-64  216.1   0.0    32   303   278   547   268   552 0.95 length=3288	scaffold=gi528858384	strand=-
7894_g               -           1349 68790                -            474   1.2e-57  195.3   0.6   1   2   1.2e-15   7.7e-14   50.8   0.6    41   116   581   659   575   665 0.91 length=1350	scaffold=gi527311550	strand=-
7894_g               -           1349 68790                -            474   1.2e-57  195.3   0.6   2   2   2.5e-43   1.6e-41  142.1   0.0   115   310   731   923   727   947 0.88 length=1350	scaffold=gi527311550	strand=-
7017_g               -           1368 68790                -            474   1.3e-57  195.2   0.6   1   2   1.2e-15   7.8e-14   50.8   0.6    41   116   600   678   594   684 0.91 length=1369	scaffold=gi528858387	strand=+
7017_g               -           1368 68790                -            474   1.3e-57  195.2   0.6   2   2   2.5e-43   1.6e-41  142.1   0.0   115   310   750   942   746   966 0.88 length=1369	scaffold=gi528858387	strand=+
166_g                -           1429 68790                -            474   8.5e-56  189.2   0.1   1   5   9.6e-15   6.3e-13   47.8   0.0     7   116   486   600   480   603 0.85 length=1430	scaffold=gi528858396	strand=-
166_g                -           1429 68790                -            474   8.5e-56  189.2   0.1   2   5       2.7   1.8e+02    0.2   0.0   117   140   633   656   630   664 0.89 length=1430	scaffold=gi528858396	strand=-
166_g                -           1429 68790                -            474   8.5e-56  189.2   0.1   3   5   3.8e-28   2.5e-26   92.0   0.0   141   276   730   872   721   876 0.89 length=1430	scaffold=gi528858396	strand=-
166_g                -           1429 68790                -            474   8.5e-56  189.2   0.1   4   5   9.9e-05    0.0065   14.8   0.0   310   368  1005  1063   995  1085 0.87 length=1430	scaffold=gi528858396	strand=-
166_g                -           1429 68790                -            474   8.5e-56  189.2   0.1   5   5   2.6e-08   1.7e-06   26.6   0.1   391   472  1286  1362  1284  1364 0.92 length=1430	scaffold=gi528858396	strand=-
224_g                -           1429 68790                -            474   8.5e-56  189.2   0.1   1   5   9.6e-15   6.3e-13   47.8   0.0     7   116   486   600   480   603 0.85 length=1430	scaffold=gi527315854	strand=+
224_g                -           1429 68790                -            474   8.5e-56  189.2   0.1   2   5       2.7   1.8e+02    0.2   0.0   117   140   633   656   630   664 0.89 length=1430	scaffold=gi527315854	strand=+
224_g                -           1429 68790                -            474   8.5e-56  189.2   0.1   3   5   3.8e-28   2.5e-26   92.0   0.0   141   276   730   872   721   876 0.89 length=1430	scaffold=gi527315854	strand=+
224_g                -           1429 68790                -            474   8.5e-56  189.2   0.1   4   5   9.9e-05    0.0065   14.8   0.0   310   368  1005  1063   995  1085 0.87 length=1430	scaffold=gi527315854	strand=+
224_g                -           1429 68790                -            474   8.5e-56  189.2   0.1   5   5   2.6e-08   1.7e-06   26.6   0.1   391   472  1286  1362  1284  1364 0.92 length=1430	scaffold=gi527315854	strand=+
9501_g               -            873 68790                -            474     8e-50  169.5   0.5   1   3   7.6e-05     0.005   15.2   0.0    30    88   329   396   318   400 0.69 length=874	scaffold=gi528858385	strand=+
9501_g               -            873 68790                -            474     8e-50  169.5   0.5   2   3   7.6e-23     5e-21   74.5   0.1    90   160   505   575   497   580 0.97 length=874	scaffold=gi528858385	strand=+
9501_g               -            873 68790                -            474     8e-50  169.5   0.5   3   3   9.4e-23   6.1e-21   74.2   0.0   160   285   655   795   644   799 0.88 length=874	scaffold=gi528858385	strand=+
13164_g              -            894 68790                -            474   8.7e-50  169.4   0.5   1   3   7.8e-05    0.0051   15.2   0.0    30    88   350   417   339   421 0.69 length=895	scaffold=gi527309735	strand=-
13164_g              -            894 68790                -            474   8.7e-50  169.4   0.5   2   3   7.8e-23   5.1e-21   74.5   0.1    90   160   526   596   518   601 0.97 length=895	scaffold=gi527309735	strand=-
13164_g              -            894 68790                -            474   8.7e-50  169.4   0.5   3   3   8.8e-23   5.7e-21   74.3   0.0   160   285   676   816   661   821 0.88 length=895	scaffold=gi527309735	strand=-
10004_g              -           1826 68790                -            474     4e-48  163.9   0.0   1   1     1e-49   6.6e-48  163.2   0.0    34   281  1512  1758  1498  1770 0.87 length=1827	scaffold=gi528858384	strand=-
12514_g              -           1826 68790                -            474     4e-48  163.9   0.0   1   1     1e-49   6.6e-48  163.2   0.0    34   281  1512  1758  1498  1770 0.87 length=1827	scaffold=gi527308984	strand=+
2923_g               -           2033 68790                -            474   6.1e-46  156.7   0.0   1   1   1.4e-47   8.9e-46  156.2   0.0    99   296   848  1040   843  1048 0.93 length=2034	scaffold=gi528858386	strand=+
3604_g               -           2033 68790                -            474   6.1e-46  156.7   0.0   1   1   1.4e-47   8.9e-46  156.2   0.0    99   296   848  1040   843  1048 0.93 length=2034	scaffold=gi527310881	strand=+
2533_g               -           1068 68790                -            474     2e-45  155.0   0.0   1   1   4.4e-47   2.9e-45  154.5   0.0    41   290   463   715   440   727 0.90 length=1069	scaffold=gi528858386	strand=-
3214_g               -           1068 68790                -            474     2e-45  155.0   0.0   1   1   4.4e-47   2.9e-45  154.5   0.0    41   290   463   715   440   727 0.90 length=1069	scaffold=gi527310881	strand=-
1455_g               -            530 68790                -            474   2.2e-42  144.9   0.0   1   2   5.3e-23   3.5e-21   75.1   0.0    40   132    83   180    70   193 0.84 length=531	scaffold=gi527315005	strand=+
1455_g               -            530 68790                -            474   2.2e-42  144.9   0.0   2   2   9.1e-21     6e-19   67.7   0.0   193   294   204   304   190   323 0.92 length=531	scaffold=gi527315005	strand=+
13486_g              -            420 68790                -            474   1.5e-41  142.2   0.1   1   3       2.2   1.4e+02    0.5   0.0   406   434     6    34     2    69 0.81 length=421	scaffold=gi527309735	strand=-
13486_g              -            420 68790                -            474   1.5e-41  142.2   0.1   2   3      0.02       1.3    7.2   0.0   331   371    96   136    73   142 0.86 length=421	scaffold=gi527309735	strand=-
13486_g              -            420 68790                -            474   1.5e-41  142.2   0.1   3   3   7.9e-40   5.1e-38  130.6   0.0    47   252   208   414   202   418 0.89 length=421	scaffold=gi527309735	strand=-
9179_g               -            420 68790                -            474   1.5e-41  142.2   0.1   1   3       2.2   1.4e+02    0.5   0.0   406   434     6    34     2    69 0.81 length=421	scaffold=gi528858385	strand=+
9179_g               -            420 68790                -            474   1.5e-41  142.2   0.1   2   3      0.02       1.3    7.2   0.0   331   371    96   136    73   142 0.86 length=421	scaffold=gi528858385	strand=+
9179_g               -            420 68790                -            474   1.5e-41  142.2   0.1   3   3   7.9e-40   5.1e-38  130.6   0.0    47   252   208   414   202   418 0.89 length=421	scaffold=gi528858385	strand=+
2157_g               -           3069 68790                -            474   1.6e-41  142.1   0.0   1   4    0.0068      0.45    8.8   0.0   349   432   273   358   260   366 0.74 length=3070	scaffold=gi528858392	strand=+
2157_g               -           3069 68790                -            474   1.6e-41  142.1   0.0   2   4   3.8e-08   2.5e-06   26.1   0.0    54   113  1814  1879  1808  1887 0.83 length=3070	scaffold=gi528858392	strand=+
2157_g               -           3069 68790                -            474   1.6e-41  142.1   0.0   3   4   1.9e-05    0.0012   17.2   0.0   133   172  2093  2132  2086  2135 0.83 length=3070	scaffold=gi528858392	strand=+
2157_g               -           3069 68790                -            474   1.6e-41  142.1   0.0   4   4   7.9e-26   5.1e-24   84.4   0.0   169   295  2920  3055  2913  3065 0.89 length=3070	scaffold=gi528858392	strand=+
2466_g               -           3069 68790                -            474   1.6e-41  142.1   0.0   1   4    0.0068      0.45    8.8   0.0   349   432   273   358   260   366 0.74 length=3070	scaffold=gi527314663	strand=+
2466_g               -           3069 68790                -            474   1.6e-41  142.1   0.0   2   4   3.8e-08   2.5e-06   26.1   0.0    54   113  1814  1879  1808  1887 0.83 length=3070	scaffold=gi527314663	strand=+
2466_g               -           3069 68790                -            474   1.6e-41  142.1   0.0   3   4   1.9e-05    0.0012   17.2   0.0   133   172  2093  2132  2086  2135 0.83 length=3070	scaffold=gi527314663	strand=+
2466_g               -           3069 68790                -            474   1.6e-41  142.1   0.0   4   4   7.9e-26   5.1e-24   84.4   0.0   169   295  2920  3055  2913  3065 0.89 length=3070	scaffold=gi527314663	strand=+
5975_g               -           1539 68790                -            474   4.6e-41  140.6   4.5   1   4   4.6e-21     3e-19   68.7   0.9    82   157    91   166    85   181 0.96 length=1540	scaffold=gi528858388	strand=-
5975_g               -           1539 68790                -            474   4.6e-41  140.6   4.5   2   4   3.3e-07   2.2e-05   23.0   0.0   156   204   192   242   170   253 0.86 length=1540	scaffold=gi528858388	strand=-
5975_g               -           1539 68790                -            474   4.6e-41  140.6   4.5   3   4    0.0011     0.073   11.3   0.0   209   234   337   362   334   382 0.89 length=1540	scaffold=gi528858388	strand=-
5975_g               -           1539 68790                -            474   4.6e-41  140.6   4.5   4   4   4.4e-11   2.9e-09   35.8   0.1   247   298   482   533   478   538 0.92 length=1540	scaffold=gi528858388	strand=-
6277_g               -           1539 68790                -            474   4.6e-41  140.6   4.5   1   4   4.6e-21     3e-19   68.7   0.9    82   157    91   166    85   181 0.96 length=1540	scaffold=gi527312496	strand=+
6277_g               -           1539 68790                -            474   4.6e-41  140.6   4.5   2   4   3.3e-07   2.2e-05   23.0   0.0   156   204   192   242   170   253 0.86 length=1540	scaffold=gi527312496	strand=+
6277_g               -           1539 68790                -            474   4.6e-41  140.6   4.5   3   4    0.0011     0.073   11.3   0.0   209   234   337   362   334   382 0.89 length=1540	scaffold=gi527312496	strand=+
6277_g               -           1539 68790                -            474   4.6e-41  140.6   4.5   4   4   4.4e-11   2.9e-09   35.8   0.1   247   298   482   533   478   538 0.92 length=1540	scaffold=gi527312496	strand=+
6553_g               -            902 68790                -            474   2.1e-39  135.2   0.0   1   2   1.2e-19   7.9e-18   64.0   0.0    64   169   489   596   477   601 0.89 length=903	scaffold=gi527312496	strand=+
6553_g               -            902 68790                -            474   2.1e-39  135.2   0.0   2   2   6.4e-21   4.2e-19   68.2   0.0   194   292   806   899   797   901 0.90 length=903	scaffold=gi527312496	strand=+
5694_g               -            916 68790                -            474   2.8e-39  134.7   0.0   1   2   1.2e-19     8e-18   64.0   0.0    64   169   489   596   477   601 0.89 length=917	scaffold=gi528858388	strand=-
5694_g               -            916 68790                -            474   2.8e-39  134.7   0.0   2   2   8.7e-21   5.7e-19   67.8   0.0   194   296   806   903   797   912 0.88 length=917	scaffold=gi528858388	strand=-
10360_g              -           2214 68790                -            474   1.4e-38  132.4   0.0   1   1   3.2e-40   2.1e-38  131.8   0.0   103   292    16   208     7   218 0.91 length=2215	scaffold=gi528858384	strand=+
12164_g              -           2273 68790                -            474   1.5e-38  132.4   0.0   1   1   3.4e-40   2.2e-38  131.8   0.0   103   292    16   208     7   218 0.91 length=2274	scaffold=gi527308984	strand=-
4267_g               -           1763 68790                -            474   3.3e-36  124.6   0.0   1   2   9.4e-21   6.1e-19   67.7   0.0    54   167   189   307   179   313 0.87 length=1764	scaffold=gi528858390	strand=-
4267_g               -           1763 68790                -            474   3.3e-36  124.6   0.0   2   2   8.7e-17   5.7e-15   54.6   0.0   193   295   417   528   412   534 0.74 length=1764	scaffold=gi528858390	strand=-
8338_g               -           1763 68790                -            474   3.3e-36  124.6   0.0   1   2   9.4e-21   6.1e-19   67.7   0.0    54   167   189   307   179   313 0.87 length=1764	scaffold=gi527313991	strand=+
8338_g               -           1763 68790                -            474   3.3e-36  124.6   0.0   2   2   8.7e-17   5.7e-15   54.6   0.0   193   295   417   528   412   534 0.74 length=1764	scaffold=gi527313991	strand=+
1182_g               -            420 68790                -            474   5.3e-36  123.9   0.1   1   2   1.8e-16   1.2e-14   53.5   0.1    78   132    16    70    10    83 0.89 length=421	scaffold=gi528858393	strand=-
1182_g               -            420 68790                -            474   5.3e-36  123.9   0.1   2   2   6.4e-21   4.2e-19   68.2   0.0   193   293    94   193    79   207 0.92 length=421	scaffold=gi528858393	strand=-
6953_g               -            752 68790                -            474   1.5e-34  119.2   0.5   1   2   1.2e-23   7.6e-22   77.2   0.6    30   188     7   164     3   176 0.83 length=753	scaffold=gi528858387	strand=+
6953_g               -            752 68790                -            474   1.5e-34  119.2   0.5   2   2   4.9e-12   3.2e-10   38.9   0.0   191   307   201   335   192   338 0.82 length=753	scaffold=gi528858387	strand=+
7958_g               -            752 68790                -            474   1.5e-34  119.2   0.5   1   2   1.2e-23   7.6e-22   77.2   0.6    30   188     7   164     3   176 0.83 length=753	scaffold=gi527311550	strand=-
7958_g               -            752 68790                -            474   1.5e-34  119.2   0.5   2   2   4.9e-12   3.2e-10   38.9   0.0   191   307   201   335   192   338 0.82 length=753	scaffold=gi527311550	strand=-
1564_g               -           1105 68790                -            474   6.5e-33  113.7   0.0   1   2   1.4e-28   9.1e-27   93.5   0.1    30   237   272   507   250   517 0.77 length=1106	scaffold=gi527315005	strand=+
1564_g               -           1105 68790                -            474   6.5e-33  113.7   0.0   2   2   1.5e-05     0.001   17.5   0.0   235   298   529   591   525   599 0.80 length=1106	scaffold=gi527315005	strand=+
1074_g               -           1130 68790                -            474     7e-33  113.6   0.0   1   2   1.4e-28   9.4e-27   93.4   0.1    30   237   272   507   250   517 0.77 length=1131	scaffold=gi528858393	strand=-
1074_g               -           1130 68790                -            474     7e-33  113.6   0.0   2   2   1.6e-05     0.001   17.4   0.0   235   298   529   591   525   599 0.80 length=1131	scaffold=gi528858393	strand=-
2966_g               -           1605 68790                -            474   7.2e-33  113.6   0.0   1   1   1.6e-34     1e-32  113.1   0.0    37   288   114   384   100   394 0.83 length=1606	scaffold=gi528858386	strand=-
3647_g               -           1605 68790                -            474   7.2e-33  113.6   0.0   1   1   1.6e-34     1e-32  113.1   0.0    37   288   114   384   100   394 0.83 length=1606	scaffold=gi527310881	strand=-
11024_g              -            149 68790                -            474   4.8e-32  110.9   5.6   1   1   8.1e-34   5.3e-32  110.7   5.6   328   472     2   148     1   149 0.87 length=150	scaffold=gi528858383	strand=-
11821_g              -            149 68790                -            474   4.8e-32  110.9   5.6   1   1   8.1e-34   5.3e-32  110.7   5.6   328   472     2   148     1   149 0.87 length=150	scaffold=gi527307902	strand=-
3002_g               -            564 68790                -            474     1e-30  106.5   0.0   1   2   7.8e-27   5.1e-25   87.7   0.0    43   204   220   385   213   390 0.90 length=565	scaffold=gi528858386	strand=-
3002_g               -            564 68790                -            474     1e-30  106.5   0.0   2   2   2.9e-05    0.0019   16.6   0.0   209   302   427   534   424   547 0.79 length=565	scaffold=gi528858386	strand=-
3683_g               -            564 68790                -            474     1e-30  106.5   0.0   1   2   7.8e-27   5.1e-25   87.7   0.0    43   204   220   385   213   390 0.90 length=565	scaffold=gi527310881	strand=-
3683_g               -            564 68790                -            474     1e-30  106.5   0.0   2   2   2.9e-05    0.0019   16.6   0.0   209   302   427   534   424   547 0.79 length=565	scaffold=gi527310881	strand=-
10700_g              -           3828 68790                -            474   1.2e-30  106.3   0.0   1   1   2.7e-32   1.8e-30  105.7   0.0    43   304   266   530   256   535 0.84 length=3829	scaffold=gi528858383	strand=-
11497_g              -           3828 68790                -            474   1.2e-30  106.3   0.0   1   1   2.7e-32   1.8e-30  105.7   0.0    43   304   266   530   256   535 0.84 length=3829	scaffold=gi527307902	strand=-
6076_g               -            877 68790                -            474   1.2e-30  106.2   0.0   1   3       1.2        82    1.3   0.0    78   103   357   382   337   389 0.85 length=878	scaffold=gi528858388	strand=+
6076_g               -            877 68790                -            474   1.2e-30  106.2   0.0   2   3   1.9e-24   1.3e-22   79.8   0.0   130   260   558   696   555   713 0.82 length=878	scaffold=gi528858388	strand=+
6076_g               -            877 68790                -            474   1.2e-30  106.2   0.0   3   3   1.5e-06   9.6e-05   20.9   0.0   259   299   731   771   708   784 0.87 length=878	scaffold=gi528858388	strand=+
6176_g               -            877 68790                -            474   1.2e-30  106.2   0.0   1   3       1.2        82    1.3   0.0    78   103   357   382   337   389 0.85 length=878	scaffold=gi527312496	strand=-
6176_g               -            877 68790                -            474   1.2e-30  106.2   0.0   2   3   1.9e-24   1.3e-22   79.8   0.0   130   260   558   696   555   713 0.82 length=878	scaffold=gi527312496	strand=-
6176_g               -            877 68790                -            474   1.2e-30  106.2   0.0   3   3   1.5e-06   9.6e-05   20.9   0.0   259   299   731   771   708   784 0.87 length=878	scaffold=gi527312496	strand=-
10713_g              -            472 68790                -            474   2.2e-30  105.4   0.1   1   3   6.1e-23     4e-21   74.9   0.0    39   183    95   237    75   242 0.85 length=473	scaffold=gi528858383	strand=+
10713_g              -            472 68790                -            474   2.2e-30  105.4   0.1   2   3   0.00048     0.032   12.5   0.1   191   223   272   306   262   311 0.85 length=473	scaffold=gi528858383	strand=+
10713_g              -            472 68790                -            474   2.2e-30  105.4   0.1   3   3   0.00017     0.011   14.0   0.0   264   299   429   464   410   468 0.83 length=473	scaffold=gi528858383	strand=+
11510_g              -            472 68790                -            474   2.2e-30  105.4   0.1   1   3   6.1e-23     4e-21   74.9   0.0    39   183    95   237    75   242 0.85 length=473	scaffold=gi527307902	strand=+
11510_g              -            472 68790                -            474   2.2e-30  105.4   0.1   2   3   0.00048     0.032   12.5   0.1   191   223   272   306   262   311 0.85 length=473	scaffold=gi527307902	strand=+
11510_g              -            472 68790                -            474   2.2e-30  105.4   0.1   3   3   0.00017     0.011   14.0   0.0   264   299   429   464   410   468 0.83 length=473	scaffold=gi527307902	strand=+
7280_g               -            515 68790                -            474   3.7e-30  104.7   1.7   1   4    0.0022      0.15   10.4   0.1    35    69    50    84    41    87 0.87 length=516	scaffold=gi528858387	strand=-
7280_g               -            515 68790                -            474   3.7e-30  104.7   1.7   2   4   1.8e-14   1.2e-12   47.0   0.4    81   182   125   222   119   232 0.90 length=516	scaffold=gi528858387	strand=-
7280_g               -            515 68790                -            474   3.7e-30  104.7   1.7   3   4   5.5e-06   0.00036   18.9   0.0   186   229   265   310   253   317 0.90 length=516	scaffold=gi528858387	strand=-
7280_g               -            515 68790                -            474   3.7e-30  104.7   1.7   4   4   1.4e-07   9.2e-06   24.2   0.0   262   310   466   515   457   515 0.85 length=516	scaffold=gi528858387	strand=-
7638_g               -            515 68790                -            474   3.7e-30  104.7   1.7   1   4    0.0022      0.15   10.4   0.1    35    69    50    84    41    87 0.87 length=516	scaffold=gi527311550	strand=+
7638_g               -            515 68790                -            474   3.7e-30  104.7   1.7   2   4   1.8e-14   1.2e-12   47.0   0.4    81   182   125   222   119   232 0.90 length=516	scaffold=gi527311550	strand=+
7638_g               -            515 68790                -            474   3.7e-30  104.7   1.7   3   4   5.5e-06   0.00036   18.9   0.0   186   229   265   310   253   317 0.90 length=516	scaffold=gi527311550	strand=+
7638_g               -            515 68790                -            474   3.7e-30  104.7   1.7   4   4   1.4e-07   9.2e-06   24.2   0.0   262   310   466   515   457   515 0.85 length=516	scaffold=gi527311550	strand=+
5655_g               -            659 68790                -            474   6.5e-29  100.5   1.5   1   2   3.2e-26   2.1e-24   85.7   0.3    75   245   176   347   158   359 0.82 length=660	scaffold=gi528858388	strand=+
5655_g               -            659 68790                -            474   6.5e-29  100.5   1.5   2   2   0.00031      0.02   13.2   0.0   256   298   390   433   374   445 0.79 length=660	scaffold=gi528858388	strand=+
6591_g               -            659 68790                -            474   6.5e-29  100.5   1.5   1   2   3.2e-26   2.1e-24   85.7   0.3    75   245   176   347   158   359 0.82 length=660	scaffold=gi527312496	strand=-
6591_g               -            659 68790                -            474   6.5e-29  100.5   1.5   2   2   0.00031      0.02   13.2   0.0   256   298   390   433   374   445 0.79 length=660	scaffold=gi527312496	strand=-
10129_g              -           1384 68790                -            474   3.1e-28   98.3   0.1   1   2   1.1e-25   6.9e-24   84.0   0.1    35   247  1022  1239  1010  1273 0.82 length=1385	scaffold=gi528858384	strand=-
10129_g              -           1384 68790                -            474   3.1e-28   98.3   0.1   2   2   0.00066     0.043   12.1   0.0   264   296  1319  1351  1305  1361 0.85 length=1385	scaffold=gi528858384	strand=-
12392_g              -           1384 68790                -            474   3.1e-28   98.3   0.1   1   2   1.1e-25   6.9e-24   84.0   0.1    35   247  1022  1239  1010  1273 0.82 length=1385	scaffold=gi527308984	strand=+
12392_g              -           1384 68790                -            474   3.1e-28   98.3   0.1   2   2   0.00066     0.043   12.1   0.0   264   296  1319  1351  1305  1361 0.85 length=1385	scaffold=gi527308984	strand=+
3025_g               -            738 68790                -            474     8e-28   97.0   0.0   1   3   6.3e-17   4.1e-15   55.0   0.0    80   169    88   178    42   218 0.80 length=739	scaffold=gi528858386	strand=+
3025_g               -            738 68790                -            474     8e-28   97.0   0.0   2   3   6.5e-07   4.3e-05   22.0   0.0   172   220   257   310   252   311 0.85 length=739	scaffold=gi528858386	strand=+
3025_g               -            738 68790                -            474     8e-28   97.0   0.0   3   3   4.3e-05    0.0028   16.0   0.0   263   296   460   493   454   512 0.86 length=739	scaffold=gi528858386	strand=+
3706_g               -            738 68790                -            474     8e-28   97.0   0.0   1   3   6.3e-17   4.1e-15   55.0   0.0    80   169    88   178    42   218 0.80 length=739	scaffold=gi527310709	strand=+
3706_g               -            738 68790                -            474     8e-28   97.0   0.0   2   3   6.5e-07   4.3e-05   22.0   0.0   172   220   257   310   252   311 0.85 length=739	scaffold=gi527310709	strand=+
3706_g               -            738 68790                -            474     8e-28   97.0   0.0   3   3   4.3e-05    0.0028   16.0   0.0   263   296   460   493   454   512 0.86 length=739	scaffold=gi527310709	strand=+
2569_g               -           1080 68790                -            474   1.3e-27   96.2   0.0   1   3   9.4e-06   0.00062   18.2   0.0    94   157   429   491   422   498 0.90 length=1081	scaffold=gi528858386	strand=+
2569_g               -           1080 68790                -            474   1.3e-27   96.2   0.0   2   3   1.7e-17   1.1e-15   56.9   0.0   153   245   575   666   562   676 0.91 length=1081	scaffold=gi528858386	strand=+
2569_g               -           1080 68790                -            474   1.3e-27   96.2   0.0   3   3   2.7e-05    0.0018   16.7   0.0   261   297   918   954   908   961 0.91 length=1081	scaffold=gi528858386	strand=+
3250_g               -           1080 68790                -            474   1.3e-27   96.2   0.0   1   3   9.4e-06   0.00062   18.2   0.0    94   157   429   491   422   498 0.90 length=1081	scaffold=gi527310881	strand=+
3250_g               -           1080 68790                -            474   1.3e-27   96.2   0.0   2   3   1.7e-17   1.1e-15   56.9   0.0   153   245   575   666   562   676 0.91 length=1081	scaffold=gi527310881	strand=+
3250_g               -           1080 68790                -            474   1.3e-27   96.2   0.0   3   3   2.7e-05    0.0018   16.7   0.0   261   297   918   954   908   961 0.91 length=1081	scaffold=gi527310881	strand=+
10087_g              -           1298 68790                -            474   5.2e-27   94.3   0.1   1   3   1.1e-17   7.3e-16   57.5   0.2    62   183   136   259   126   265 0.85 length=1299	scaffold=gi528858384	strand=-
10087_g              -           1298 68790                -            474   5.2e-27   94.3   0.1   2   3   9.6e-05    0.0063   14.9   0.0   189   245   351   409   344   427 0.88 length=1299	scaffold=gi528858384	strand=-
10087_g              -           1298 68790                -            474   5.2e-27   94.3   0.1   3   3   1.2e-05   0.00077   17.9   0.0   260   318   473   532   465   547 0.77 length=1299	scaffold=gi528858384	strand=-
12434_g              -           1298 68790                -            474   5.2e-27   94.3   0.1   1   3   1.1e-17   7.3e-16   57.5   0.2    62   183   136   259   126   265 0.85 length=1299	scaffold=gi527308984	strand=+
12434_g              -           1298 68790                -            474   5.2e-27   94.3   0.1   2   3   9.6e-05    0.0063   14.9   0.0   189   245   351   409   344   427 0.88 length=1299	scaffold=gi527308984	strand=+
12434_g              -           1298 68790                -            474   5.2e-27   94.3   0.1   3   3   1.2e-05   0.00077   17.9   0.0   260   318   473   532   465   547 0.77 length=1299	scaffold=gi527308984	strand=+
12921_g              -            989 68790                -            474   2.5e-24   85.4   0.2   1   2   2.9e-14   1.9e-12   46.2   0.1    38   142    68   175    60   181 0.90 length=990	scaffold=gi527309735	strand=+
12921_g              -            989 68790                -            474   2.5e-24   85.4   0.2   2   2   1.8e-11   1.2e-09   37.0   0.0   191   294   456   566   447   573 0.79 length=990	scaffold=gi527309735	strand=+
9741_g               -            989 68790                -            474   2.5e-24   85.4   0.2   1   2   2.9e-14   1.9e-12   46.2   0.1    38   142    68   175    60   181 0.90 length=990	scaffold=gi528858385	strand=-
9741_g               -            989 68790                -            474   2.5e-24   85.4   0.2   2   2   1.8e-11   1.2e-09   37.0   0.0   191   294   456   566   447   573 0.79 length=990	scaffold=gi528858385	strand=-
11104_g              -            170 68790                -            474   1.2e-23   83.2   0.8   1   1   2.1e-25   1.4e-23   83.0   0.8   331   473    23   167    20   168 0.90 length=171	scaffold=gi528858383	strand=-
11901_g              -            170 68790                -            474   1.2e-23   83.2   0.8   1   1   2.1e-25   1.4e-23   83.0   0.8   331   473    23   167    20   168 0.90 length=171	scaffold=gi527307902	strand=-
5016_g               -           4658 68790                -            474   6.7e-23   80.7   0.0   1   3      0.23        15    3.7   0.0    47    95  4094  4147  4079  4149 0.78 length=4659	scaffold=gi528858389	strand=+
5016_g               -           4658 68790                -            474   6.7e-23   80.7   0.0   2   3     3e-21     2e-19   69.3   0.0   101   242  4252  4393  4249  4409 0.90 length=4659	scaffold=gi528858389	strand=+
5016_g               -           4658 68790                -            474   6.7e-23   80.7   0.0   3   3      0.27        17    3.5   0.0   258   287  4436  4465  4428  4484 0.85 length=4659	scaffold=gi528858389	strand=+
5488_g               -           4658 68790                -            474   6.7e-23   80.7   0.0   1   3      0.23        15    3.7   0.0    47    95  4094  4147  4079  4149 0.78 length=4659	scaffold=gi527313191	strand=+
5488_g               -           4658 68790                -            474   6.7e-23   80.7   0.0   2   3     3e-21     2e-19   69.3   0.0   101   242  4252  4393  4249  4409 0.90 length=4659	scaffold=gi527313191	strand=+
5488_g               -           4658 68790                -            474   6.7e-23   80.7   0.0   3   3      0.27        17    3.5   0.0   258   287  4436  4465  4428  4484 0.85 length=4659	scaffold=gi527313191	strand=+
3916_g               -           1351 68790                -            474   1.6e-22   79.5   0.0   1   3         2   1.3e+02    0.6   0.0    34    71   556   593   547   602 0.86 length=1352	scaffold=gi528858391	strand=-
3916_g               -           1351 68790                -            474   1.6e-22   79.5   0.0   2   3   1.3e-06   8.2e-05   21.1   0.0    88   119   730   761   682   769 0.84 length=1352	scaffold=gi528858391	strand=-
3916_g               -           1351 68790                -            474   1.6e-22   79.5   0.0   3   3   3.6e-16   2.4e-14   52.5   0.0   192   435   962  1228   955  1262 0.77 length=1352	scaffold=gi528858391	strand=-
8696_g               -           1351 68790                -            474   1.6e-22   79.5   0.0   1   3         2   1.3e+02    0.6   0.0    34    71   556   593   547   602 0.86 length=1352	scaffold=gi527314479	strand=-
8696_g               -           1351 68790                -            474   1.6e-22   79.5   0.0   2   3   1.3e-06   8.2e-05   21.1   0.0    88   119   730   761   682   769 0.84 length=1352	scaffold=gi527314479	strand=-
8696_g               -           1351 68790                -            474   1.6e-22   79.5   0.0   3   3   3.6e-16   2.4e-14   52.5   0.0   192   435   962  1228   955  1262 0.77 length=1352	scaffold=gi527314479	strand=-
4471_g               -            866 68790                -            474   8.1e-22   77.1   0.0   1   3         3   1.9e+02    0.1   0.0     4    59   166   221   163   231 0.79 length=867	scaffold=gi528858390	strand=-
4471_g               -            866 68790                -            474   8.1e-22   77.1   0.0   2   3     5e-07   3.3e-05   22.4   0.0   128   167   374   413   362   421 0.91 length=867	scaffold=gi528858390	strand=-
4471_g               -            866 68790                -            474   8.1e-22   77.1   0.0   3   3   1.7e-15   1.1e-13   50.3   0.0   168   292   733   863   720   866 0.78 length=867	scaffold=gi528858390	strand=-
8486_g               -            866 68790                -            474   8.1e-22   77.1   0.0   1   3         3   1.9e+02    0.1   0.0     4    59   166   221   163   231 0.79 length=867	scaffold=gi527313757	strand=-
8486_g               -            866 68790                -            474   8.1e-22   77.1   0.0   2   3     5e-07   3.3e-05   22.4   0.0   128   167   374   413   362   421 0.91 length=867	scaffold=gi527313757	strand=-
8486_g               -            866 68790                -            474   8.1e-22   77.1   0.0   3   3   1.7e-15   1.1e-13   50.3   0.0   168   292   733   863   720   866 0.78 length=867	scaffold=gi527313757	strand=-
10889_g              -            170 68790                -            474   2.4e-21   75.6   4.9   1   1   4.5e-23     3e-21   75.3   4.9   330   472    22   166    20   168 0.87 length=171	scaffold=gi528858383	strand=+
11686_g              -            170 68790                -            474   2.4e-21   75.6   4.9   1   1   4.5e-23     3e-21   75.3   4.9   330   472    22   166    20   168 0.87 length=171	scaffold=gi527307902	strand=+
4581_g               -            234 68790                -            474   3.4e-21   75.1   0.0   1   1   6.2e-23   4.1e-21   74.8   0.0   127   300    55   225     9   231 0.85 length=235	scaffold=gi528858390	strand=-
8596_g               -            234 68790                -            474   3.4e-21   75.1   0.0   1   1   6.2e-23   4.1e-21   74.8   0.0   127   300    55   225     9   231 0.85 length=235	scaffold=gi527313757	strand=-
6709_g               -           1884 68790                -            474   1.2e-20   73.3   0.0   1   3       2.7   1.8e+02    0.2   0.0    41    59   653   671   649   678 0.86 length=1885	scaffold=gi528858387	strand=-
6709_g               -           1884 68790                -            474   1.2e-20   73.3   0.0   2   3   8.1e-14   5.3e-12   44.8   0.0   137   258   859  1003   852  1010 0.78 length=1885	scaffold=gi528858387	strand=-
6709_g               -           1884 68790                -            474   1.2e-20   73.3   0.0   3   3   1.3e-05   0.00087   17.7   0.0   263   294  1042  1073  1027  1083 0.89 length=1885	scaffold=gi528858387	strand=-
8200_g               -           1884 68790                -            474   1.2e-20   73.3   0.0   1   3       2.7   1.8e+02    0.2   0.0    41    59   653   671   649   678 0.86 length=1885	scaffold=gi527311550	strand=+
8200_g               -           1884 68790                -            474   1.2e-20   73.3   0.0   2   3   8.1e-14   5.3e-12   44.8   0.0   137   258   859  1003   852  1010 0.78 length=1885	scaffold=gi527311550	strand=+
8200_g               -           1884 68790                -            474   1.2e-20   73.3   0.0   3   3   1.3e-05   0.00087   17.7   0.0   263   294  1042  1073  1027  1083 0.89 length=1885	scaffold=gi527311550	strand=+
7430_g               -            801 68790                -            474   3.7e-20   71.7   0.1   1   2   2.9e-18   1.9e-16   59.5   0.2    69   160   483   574   467   578 0.83 length=802	scaffold=gi528858387	strand=-
7430_g               -            801 68790                -            474   3.7e-20   71.7   0.1   2   2     0.005      0.33    9.2   0.0   183   227   661   706   650   710 0.84 length=802	scaffold=gi528858387	strand=-
7490_g               -            801 68790                -            474   3.7e-20   71.7   0.1   1   2   2.9e-18   1.9e-16   59.5   0.2    69   160   483   574   467   578 0.83 length=802	scaffold=gi527311550	strand=+
7490_g               -            801 68790                -            474   3.7e-20   71.7   0.1   2   2     0.005      0.33    9.2   0.0   183   227   661   706   650   710 0.84 length=802	scaffold=gi527311550	strand=+
479_g                -           1564 68790                -            474   1.5e-19   69.7   0.0   1   1   3.8e-21   2.5e-19   68.9   0.0    43   279   717   955   709   976 0.82 length=1565	scaffold=gi528858395	strand=-
693_g                -           1453 68790                -            474   1.5e-19   69.7   0.0   1   1   3.4e-21   2.2e-19   69.1   0.0    43   279   717   955   709   976 0.82 length=1454	scaffold=gi527315607	strand=+
4157_g               -            681 68790                -            474   2.5e-19   68.9   0.0   1   3      0.19        13    4.0   0.0    86   123   268   305   206   317 0.74 length=682	scaffold=gi528858391	strand=-
4157_g               -            681 68790                -            474   2.5e-19   68.9   0.0   2   3   2.3e-12   1.5e-10   40.0   0.0   131   237   345   469   338   480 0.74 length=682	scaffold=gi528858391	strand=-
4157_g               -            681 68790                -            474   2.5e-19   68.9   0.0   3   3   1.8e-06   0.00012   20.6   0.0   255   294   552   591   544   615 0.87 length=682	scaffold=gi528858391	strand=-
8937_g               -            681 68790                -            474   2.5e-19   68.9   0.0   1   3      0.19        13    4.0   0.0    86   123   268   305   206   317 0.74 length=682	scaffold=gi527314250	strand=-
8937_g               -            681 68790                -            474   2.5e-19   68.9   0.0   2   3   2.3e-12   1.5e-10   40.0   0.0   131   237   345   469   338   480 0.74 length=682	scaffold=gi527314250	strand=-
8937_g               -            681 68790                -            474   2.5e-19   68.9   0.0   3   3   1.8e-06   0.00012   20.6   0.0   255   294   552   591   544   615 0.87 length=682	scaffold=gi527314250	strand=-
5014_g               -            367 68790                -            474   3.5e-19   68.4   0.0   1   1   8.4e-21   5.5e-19   67.8   0.0   127   301   168   351    98   361 0.87 length=368	scaffold=gi528858389	strand=-
5486_g               -            367 68790                -            474   3.5e-19   68.4   0.0   1   1   8.4e-21   5.5e-19   67.8   0.0   127   301   168   351    98   361 0.87 length=368	scaffold=gi527313191	strand=-
7151_g               -            582 68790                -            474   3.4e-18   65.2   3.8   1   3   1.8e-16   1.2e-14   53.5   0.1    85   194    35   141     2   146 0.87 length=583	scaffold=gi528858387	strand=+
7151_g               -            582 68790                -            474   3.4e-18   65.2   3.8   2   3    0.0015     0.098   10.9   0.5   209   233   248   272   237   278 0.89 length=583	scaffold=gi528858387	strand=+
7151_g               -            582 68790                -            474   3.4e-18   65.2   3.8   3   3       5.6   3.7e+02   -0.9   0.0   273   297   279   304   276   322 0.73 length=583	scaffold=gi528858387	strand=+
7766_g               -            582 68790                -            474   3.4e-18   65.2   3.8   1   3   1.8e-16   1.2e-14   53.5   0.1    85   194    35   141     2   146 0.87 length=583	scaffold=gi527311550	strand=-
7766_g               -            582 68790                -            474   3.4e-18   65.2   3.8   2   3    0.0015     0.098   10.9   0.5   209   233   248   272   237   278 0.89 length=583	scaffold=gi527311550	strand=-
7766_g               -            582 68790                -            474   3.4e-18   65.2   3.8   3   3       5.6   3.7e+02   -0.9   0.0   273   297   279   304   276   322 0.73 length=583	scaffold=gi527311550	strand=-
7129_g               -           2802 68790                -            474   4.5e-17   61.5   0.0   1   3   3.4e-09   2.3e-07   29.5   0.0    40   122  2189  2273  2177  2287 0.79 length=2803	scaffold=gi528858387	strand=+
7129_g               -           2802 68790                -            474   4.5e-17   61.5   0.0   2   3      0.38        25    3.0   0.0   137   168  2413  2446  2404  2453 0.79 length=2803	scaffold=gi528858387	strand=+
7129_g               -           2802 68790                -            474   4.5e-17   61.5   0.0   3   3   8.5e-08   5.6e-06   24.9   0.0   188   233  2557  2603  2550  2614 0.86 length=2803	scaffold=gi528858387	strand=+
7788_g               -           2802 68790                -            474   4.5e-17   61.5   0.0   1   3   3.4e-09   2.3e-07   29.5   0.0    40   122  2189  2273  2177  2287 0.79 length=2803	scaffold=gi527311550	strand=-
7788_g               -           2802 68790                -            474   4.5e-17   61.5   0.0   2   3      0.38        25    3.0   0.0   137   168  2413  2446  2404  2453 0.79 length=2803	scaffold=gi527311550	strand=-
7788_g               -           2802 68790                -            474   4.5e-17   61.5   0.0   3   3   8.5e-08   5.6e-06   24.9   0.0   188   233  2557  2603  2550  2614 0.86 length=2803	scaffold=gi527311550	strand=-
6831_g               -           1098 68790                -            474   1.1e-16   60.2   0.0   1   2   2.2e-14   1.4e-12   46.6   0.0    38   207   504   690   501   696 0.77 length=1099	scaffold=gi528858387	strand=+
6831_g               -           1098 68790                -            474   1.1e-16   60.2   0.0   2   2    0.0011     0.072   11.4   0.0   210   290   720   806   713   834 0.81 length=1099	scaffold=gi528858387	strand=+
8082_g               -           1098 68790                -            474   1.1e-16   60.2   0.0   1   2   2.2e-14   1.4e-12   46.6   0.0    38   207   504   690   501   696 0.77 length=1099	scaffold=gi527311550	strand=-
8082_g               -           1098 68790                -            474   1.1e-16   60.2   0.0   2   2    0.0011     0.072   11.4   0.0   210   290   720   806   713   834 0.81 length=1099	scaffold=gi527311550	strand=-
13481_g              -           4300 68790                -            474   7.5e-16   57.5   0.0   1   3   7.5e-09   4.9e-07   28.4   0.0    70   150  1661  1742  1656  1745 0.92 length=4301	scaffold=gi527309735	strand=+
13481_g              -           4300 68790                -            474   7.5e-16   57.5   0.0   2   3   1.6e-05     0.001   17.4   0.0   153   205  1789  1837  1779  1842 0.85 length=4301	scaffold=gi527309735	strand=+
13481_g              -           4300 68790                -            474   7.5e-16   57.5   0.0   3   3     0.016         1    7.6   0.0   210   299  1879  1968  1875  1983 0.77 length=4301	scaffold=gi527309735	strand=+
9184_g               -           4300 68790                -            474   7.5e-16   57.5   0.0   1   3   7.5e-09   4.9e-07   28.4   0.0    70   150  1661  1742  1656  1745 0.92 length=4301	scaffold=gi528858385	strand=-
9184_g               -           4300 68790                -            474   7.5e-16   57.5   0.0   2   3   1.6e-05     0.001   17.4   0.0   153   205  1789  1837  1779  1842 0.85 length=4301	scaffold=gi528858385	strand=-
9184_g               -           4300 68790                -            474   7.5e-16   57.5   0.0   3   3     0.016         1    7.6   0.0   210   299  1879  1968  1875  1983 0.77 length=4301	scaffold=gi528858385	strand=-
3976_g               -            694 68790                -            474   1.4e-15   56.6   1.5   1   2     0.019       1.2    7.3   0.0   328   360   395   427   382   434 0.90 length=695	scaffold=gi528858391	strand=-
3976_g               -            694 68790                -            474   1.4e-15   56.6   1.5   2   2     9e-15   5.9e-13   47.9   0.8   368   471   575   682   566   685 0.79 length=695	scaffold=gi528858391	strand=-
8756_g               -            694 68790                -            474   1.4e-15   56.6   1.5   1   2     0.019       1.2    7.3   0.0   328   360   395   427   382   434 0.90 length=695	scaffold=gi527314479	strand=-
8756_g               -            694 68790                -            474   1.4e-15   56.6   1.5   2   2     9e-15   5.9e-13   47.9   0.8   368   471   575   682   566   685 0.79 length=695	scaffold=gi527314479	strand=-
6062_g               -           2040 68790                -            474   1.6e-15   56.3   0.0   1   2   2.9e-07   1.9e-05   23.2   0.0    92   182   487   588   484   597 0.74 length=2041	scaffold=gi528858388	strand=+
6062_g               -           2040 68790                -            474   1.6e-15   56.3   0.0   2   2   1.8e-09   1.2e-07   30.4   0.0   212   283   986  1053   979  1077 0.90 length=2041	scaffold=gi528858388	strand=+
6190_g               -           2040 68790                -            474   1.6e-15   56.3   0.0   1   2   2.9e-07   1.9e-05   23.2   0.0    92   182   487   588   484   597 0.74 length=2041	scaffold=gi527312496	strand=-
6190_g               -           2040 68790                -            474   1.6e-15   56.3   0.0   2   2   1.8e-09   1.2e-07   30.4   0.0   212   283   986  1053   979  1077 0.90 length=2041	scaffold=gi527312496	strand=-
4789_g               -           1638 68790                -            474   2.4e-15   55.8   0.1   1   3   3.8e-09   2.5e-07   29.4   0.0    36   165  1199  1337  1186  1345 0.77 length=1639	scaffold=gi528858389	strand=+
4789_g               -           1638 68790                -            474   2.4e-15   55.8   0.1   2   3   3.6e-06   0.00024   19.6   0.0   173   234  1435  1495  1427  1514 0.83 length=1639	scaffold=gi528858389	strand=+
4789_g               -           1638 68790                -            474   2.4e-15   55.8   0.1   3   3      0.38        25    3.0   0.0   263   294  1601  1632  1590  1635 0.86 length=1639	scaffold=gi528858389	strand=+
5261_g               -           1638 68790                -            474   2.4e-15   55.8   0.1   1   3   3.8e-09   2.5e-07   29.4   0.0    36   165  1199  1337  1186  1345 0.77 length=1639	scaffold=gi527313191	strand=+
5261_g               -           1638 68790                -            474   2.4e-15   55.8   0.1   2   3   3.6e-06   0.00024   19.6   0.0   173   234  1435  1495  1427  1514 0.83 length=1639	scaffold=gi527313191	strand=+
5261_g               -           1638 68790                -            474   2.4e-15   55.8   0.1   3   3      0.38        25    3.0   0.0   263   294  1601  1632  1590  1635 0.86 length=1639	scaffold=gi527313191	strand=+
1158_g               -           1197 68790                -            474   2.3e-14   52.6   0.0   1   4   0.00034     0.022   13.0   0.0    41   123   391   486   360   515 0.77 length=1198	scaffold=gi528858393	strand=+
1158_g               -           1197 68790                -            474   2.3e-14   52.6   0.0   2   4   4.2e-05    0.0028   16.0   0.0   135   165   598   628   594   636 0.87 length=1198	scaffold=gi528858393	strand=+
1158_g               -           1197 68790                -            474   2.3e-14   52.6   0.0   3   4    0.0092       0.6    8.3   0.0   197   233   987  1025   957  1039 0.77 length=1198	scaffold=gi528858393	strand=+
1158_g               -           1197 68790                -            474   2.3e-14   52.6   0.0   4   4    0.0046       0.3    9.3   0.0   265   292  1162  1189  1154  1193 0.90 length=1198	scaffold=gi528858393	strand=+
1479_g               -           1197 68790                -            474   2.3e-14   52.6   0.0   1   4   0.00034     0.022   13.0   0.0    41   123   391   486   360   515 0.77 length=1198	scaffold=gi527315005	strand=-
1479_g               -           1197 68790                -            474   2.3e-14   52.6   0.0   2   4   4.2e-05    0.0028   16.0   0.0   135   165   598   628   594   636 0.87 length=1198	scaffold=gi527315005	strand=-
1479_g               -           1197 68790                -            474   2.3e-14   52.6   0.0   3   4    0.0092       0.6    8.3   0.0   197   233   987  1025   957  1039 0.77 length=1198	scaffold=gi527315005	strand=-
1479_g               -           1197 68790                -            474   2.3e-14   52.6   0.0   4   4    0.0046       0.3    9.3   0.0   265   292  1162  1189  1154  1193 0.90 length=1198	scaffold=gi527315005	strand=-
4268_g               -           1657 68790                -            474   3.5e-14   52.0   0.0   1   3       2.9   1.9e+02    0.1   0.0    40    78   787   827   777   851 0.64 length=1658	scaffold=gi528858390	strand=+
4268_g               -           1657 68790                -            474   3.5e-14   52.0   0.0   2   3   2.2e-09   1.5e-07   30.1   0.0   106   182   908   982   898   999 0.83 length=1658	scaffold=gi528858390	strand=+
4268_g               -           1657 68790                -            474   3.5e-14   52.0   0.0   3   3   1.6e-05    0.0011   17.4   0.0   191   229  1366  1405  1354  1455 0.91 length=1658	scaffold=gi528858390	strand=+
8337_g               -           1657 68790                -            474   3.5e-14   52.0   0.0   1   3       2.9   1.9e+02    0.1   0.0    40    78   787   827   777   851 0.64 length=1658	scaffold=gi527313991	strand=-
8337_g               -           1657 68790                -            474   3.5e-14   52.0   0.0   2   3   2.2e-09   1.5e-07   30.1   0.0   106   182   908   982   898   999 0.83 length=1658	scaffold=gi527313991	strand=-
8337_g               -           1657 68790                -            474   3.5e-14   52.0   0.0   3   3   1.6e-05    0.0011   17.4   0.0   191   229  1366  1405  1354  1455 0.91 length=1658	scaffold=gi527313991	strand=-
2756_g               -           4254 68790                -            474   3.8e-14   51.9   0.0   1   2   3.9e-06   0.00026   19.4   0.0    79   168   755   849   710   866 0.77 length=4255	scaffold=gi528858386	strand=-
2756_g               -           4254 68790                -            474   3.8e-14   51.9   0.0   2   2   2.2e-09   1.4e-07   30.2   0.0   185   253   934  1002   923  1008 0.87 length=4255	scaffold=gi528858386	strand=-
3437_g               -           4254 68790                -            474   3.8e-14   51.9   0.0   1   2   3.9e-06   0.00026   19.4   0.0    79   168   755   849   710   866 0.77 length=4255	scaffold=gi527310881	strand=-
3437_g               -           4254 68790                -            474   3.8e-14   51.9   0.0   2   2   2.2e-09   1.4e-07   30.2   0.0   185   253   934  1002   923  1008 0.87 length=4255	scaffold=gi527310881	strand=-
9199_g               -           1754 68790                -            474   7.8e-14   50.8   0.0   1   1   1.7e-15   1.1e-13   50.3   0.0    42   204    70   230    37   238 0.84 length=1755	scaffold=gi528858385	strand=-
13466_g              -           1794 68790                -            474     8e-14   50.8   0.0   1   1   1.8e-15   1.2e-13   50.3   0.0    42   204    70   230    37   238 0.84 length=1795	scaffold=gi527309735	strand=+
7341_g               -            134 68790                -            474   1.2e-13   50.2   0.0   1   2    0.0026      0.17   10.1   0.0   408   432     7    29     5    48 0.79 length=135	scaffold=gi528858387	strand=-
7341_g               -            134 68790                -            474   1.2e-13   50.2   0.0   2   2   7.5e-12   4.9e-10   38.3   0.1   402   470    66   132    54   134 0.90 length=135	scaffold=gi528858387	strand=-
7577_g               -            134 68790                -            474   1.2e-13   50.2   0.0   1   2    0.0026      0.17   10.1   0.0   408   432     7    29     5    48 0.79 length=135	scaffold=gi527311550	strand=+
7577_g               -            134 68790                -            474   1.2e-13   50.2   0.0   2   2   7.5e-12   4.9e-10   38.3   0.1   402   470    66   132    54   134 0.90 length=135	scaffold=gi527311550	strand=+
4720_g               -           1535 68790                -            474   1.7e-13   49.7   0.0   1   2   2.8e-08   1.8e-06   26.5   0.0    78   185   798   901   770   906 0.83 length=1536	scaffold=gi528858389	strand=-
4720_g               -           1535 68790                -            474   1.7e-13   49.7   0.0   2   2   1.4e-06   9.2e-05   20.9   0.0   210   293  1050  1141  1047  1152 0.79 length=1536	scaffold=gi528858389	strand=-
5192_g               -           1535 68790                -            474   1.7e-13   49.7   0.0   1   2   2.8e-08   1.8e-06   26.5   0.0    78   185   798   901   770   906 0.83 length=1536	scaffold=gi527313191	strand=-
5192_g               -           1535 68790                -            474   1.7e-13   49.7   0.0   2   2   1.4e-06   9.2e-05   20.9   0.0   210   293  1050  1141  1047  1152 0.79 length=1536	scaffold=gi527313191	strand=-
4793_g               -           3957 68790                -            474   5.4e-13   48.1   0.0   1   2   8.1e-08   5.3e-06   25.0   0.0   137   188  1695  1746  1689  1753 0.91 length=3958	scaffold=gi528858389	strand=-
4793_g               -           3957 68790                -            474   5.4e-13   48.1   0.0   2   2   1.6e-06   0.00011   20.7   0.0   190   235  1830  1874  1824  1891 0.84 length=3958	scaffold=gi528858389	strand=-
5265_g               -           3957 68790                -            474   5.4e-13   48.1   0.0   1   2   8.1e-08   5.3e-06   25.0   0.0   137   188  1695  1746  1689  1753 0.91 length=3958	scaffold=gi527313191	strand=-
5265_g               -           3957 68790                -            474   5.4e-13   48.1   0.0   2   2   1.6e-06   0.00011   20.7   0.0   190   235  1830  1874  1824  1891 0.84 length=3958	scaffold=gi527313191	strand=-
6736_g               -            335 68790                -            474   1.2e-12   46.9  27.6   1   3     3e-08     2e-06   26.4   5.0   366   470    76   182    24   184 0.76 length=336	scaffold=gi528858387	strand=-
6736_g               -            335 68790                -            474   1.2e-12   46.9  27.6   2   3   1.7e-09   1.1e-07   30.5   8.8   331   468    73   217    57   222 0.83 length=336	scaffold=gi528858387	strand=-
6736_g               -            335 68790                -            474   1.2e-12   46.9  27.6   3   3   0.00013    0.0084   14.4   0.3   331   382   224   274   221   285 0.87 length=336	scaffold=gi528858387	strand=-
8174_g               -            335 68790                -            474   1.2e-12   46.9  27.6   1   3     3e-08     2e-06   26.4   5.0   366   470    76   182    24   184 0.76 length=336	scaffold=gi527311550	strand=+
8174_g               -            335 68790                -            474   1.2e-12   46.9  27.6   2   3   1.7e-09   1.1e-07   30.5   8.8   331   468    73   217    57   222 0.83 length=336	scaffold=gi527311550	strand=+
8174_g               -            335 68790                -            474   1.2e-12   46.9  27.6   3   3   0.00013    0.0084   14.4   0.3   331   382   224   274   221   285 0.87 length=336	scaffold=gi527311550	strand=+
10934_g              -            770 68790                -            474   4.5e-12   45.0   0.0   1   1   9.7e-14   6.3e-12   44.5   0.0    32   188   178   332   171   406 0.75 length=771	scaffold=gi528858383	strand=+
11731_g              -            770 68790                -            474   4.5e-12   45.0   0.0   1   1   9.7e-14   6.3e-12   44.5   0.0    32   188   178   332   171   406 0.75 length=771	scaffold=gi527307902	strand=+
4333_g               -            957 68790                -            474   7.8e-12   44.2   0.0   1   2      0.35        23    3.1   0.0   160   186   396   423   365   429 0.84 length=958	scaffold=gi528858390	strand=+
4333_g               -            957 68790                -            474   7.8e-12   44.2   0.0   2   2   6.1e-12     4e-10   38.6   0.0   128   187   732   791   709   854 0.80 length=958	scaffold=gi528858390	strand=+
8275_g               -            957 68790                -            474   7.8e-12   44.2   0.0   1   2      0.35        23    3.1   0.0   160   186   396   423   365   429 0.84 length=958	scaffold=gi527313991	strand=-
8275_g               -            957 68790                -            474   7.8e-12   44.2   0.0   2   2   6.1e-12     4e-10   38.6   0.0   128   187   732   791   709   854 0.80 length=958	scaffold=gi527313991	strand=-
11172_g              -           1185 68790                -            474   1.2e-11   43.6   0.2   1   3      0.77        50    2.0   0.0   329   367   686   723   631   760 0.56 length=1186	scaffold=gi528858383	strand=+
11172_g              -           1185 68790                -            474   1.2e-11   43.6   0.2   2   3    0.0018      0.12   10.6   0.1   339   396   888   955   880   974 0.73 length=1186	scaffold=gi528858383	strand=+
11172_g              -           1185 68790                -            474   1.2e-11   43.6   0.2   3   3   2.3e-08   1.5e-06   26.8   0.0   397   468  1048  1124  1041  1128 0.84 length=1186	scaffold=gi528858383	strand=+
11969_g              -           1185 68790                -            474   1.2e-11   43.6   0.2   1   3      0.77        50    2.0   0.0   329   367   686   723   631   760 0.56 length=1186	scaffold=gi527307902	strand=+
11969_g              -           1185 68790                -            474   1.2e-11   43.6   0.2   2   3    0.0018      0.12   10.6   0.1   339   396   888   955   880   974 0.73 length=1186	scaffold=gi527307902	strand=+
11969_g              -           1185 68790                -            474   1.2e-11   43.6   0.2   3   3   2.3e-08   1.5e-06   26.8   0.0   397   468  1048  1124  1041  1128 0.84 length=1186	scaffold=gi527307902	strand=+
5796_g               -            363 68790                -            474   1.7e-11   43.1   2.0   1   3   2.8e-09   1.8e-07   29.8   0.3   403   469    51   115    46   120 0.90 length=364	scaffold=gi528858388	strand=-
5796_g               -            363 68790                -            474   1.7e-11   43.1   2.0   2   3   0.00094     0.061   11.6   0.0   406   432   206   232   191   245 0.79 length=364	scaffold=gi528858388	strand=-
5796_g               -            363 68790                -            474   1.7e-11   43.1   2.0   3   3       8.2   5.3e+02   -1.4   0.0   440   461   306   327   299   332 0.62 length=364	scaffold=gi528858388	strand=-
6453_g               -            363 68790                -            474   1.7e-11   43.1   2.0   1   3   2.8e-09   1.8e-07   29.8   0.3   403   469    51   115    46   120 0.90 length=364	scaffold=gi527312496	strand=+
6453_g               -            363 68790                -            474   1.7e-11   43.1   2.0   2   3   0.00094     0.061   11.6   0.0   406   432   206   232   191   245 0.79 length=364	scaffold=gi527312496	strand=+
6453_g               -            363 68790                -            474   1.7e-11   43.1   2.0   3   3       8.2   5.3e+02   -1.4   0.0   440   461   306   327   299   332 0.62 length=364	scaffold=gi527312496	strand=+
13129_g              -            781 68790                -            474   2.5e-11   42.5   0.0   1   2   3.1e-12     2e-10   39.6   0.0    48   172     5   143     2   146 0.82 length=782	scaffold=gi527309735	strand=-
13129_g              -            781 68790                -            474   2.5e-11   42.5   0.0   2   2         4   2.6e+02   -0.4   0.0   213   236   236   259   222   267 0.83 length=782	scaffold=gi527309735	strand=-
9536_g               -            779 68790                -            474   2.7e-11   42.4   0.0   1   2   3.1e-12     2e-10   39.6   0.0    48   172     5   143     2   146 0.82 length=780	scaffold=gi528858385	strand=+
9536_g               -            779 68790                -            474   2.7e-11   42.4   0.0   2   2       4.4   2.9e+02   -0.5   0.1   213   236   234   257   225   265 0.83 length=780	scaffold=gi528858385	strand=+
4251_g               -           2419 68790                -            474   3.8e-11   42.0   0.0   1   1   8.6e-13   5.6e-11   41.4   0.0    60   185  1762  1886  1754  1893 0.89 length=2420	scaffold=gi528858390	strand=+
8354_g               -           2419 68790                -            474   3.8e-11   42.0   0.0   1   1   8.6e-13   5.6e-11   41.4   0.0    60   185  1762  1886  1754  1893 0.89 length=2420	scaffold=gi527313991	strand=-
2122_g               -           1120 68790                -            474   4.1e-11   41.9   0.0   1   2       0.4        26    2.9   0.0    32    61    90   118    81   134 0.76 length=1121	scaffold=gi528858392	strand=+
2122_g               -           1120 68790                -            474   4.1e-11   41.9   0.0   2   2   3.9e-11   2.6e-09   35.9   0.0   130   224   281   378   204   383 0.67 length=1121	scaffold=gi528858392	strand=+
10690_g              -           1275 68790                -            474   4.7e-11   41.7   0.0   1   2     2e-10   1.3e-08   33.6   0.0    90   182   444   541   429   554 0.83 length=1276	scaffold=gi528858383	strand=+
10690_g              -           1275 68790                -            474   4.7e-11   41.7   0.0   2   2     0.053       3.4    5.8   0.0   258   293   651   686   587   746 0.77 length=1276	scaffold=gi528858383	strand=+
11487_g              -           1275 68790                -            474   4.7e-11   41.7   0.0   1   2     2e-10   1.3e-08   33.6   0.0    90   182   444   541   429   554 0.83 length=1276	scaffold=gi527307902	strand=+
11487_g              -           1275 68790                -            474   4.7e-11   41.7   0.0   2   2     0.053       3.4    5.8   0.0   258   293   651   686   587   746 0.77 length=1276	scaffold=gi527307902	strand=+
13071_g              -            935 68790                -            474   5.8e-11   41.3   0.0   1   2   5.5e-06   0.00036   19.0   0.0    76   124   580   628   535   644 0.85 length=936	scaffold=gi527309735	strand=-
13071_g              -            935 68790                -            474   5.8e-11   41.3   0.0   2   2     3e-06    0.0002   19.8   0.0   144   234   758   867   744   879 0.73 length=936	scaffold=gi527309735	strand=-
9595_g               -            935 68790                -            474   5.8e-11   41.3   0.0   1   2   5.5e-06   0.00036   19.0   0.0    76   124   580   628   535   644 0.85 length=936	scaffold=gi528858385	strand=+
9595_g               -            935 68790                -            474   5.8e-11   41.3   0.0   2   2     3e-06    0.0002   19.8   0.0   144   234   758   867   744   879 0.73 length=936	scaffold=gi528858385	strand=+
1984_g               -           3290 68790                -            474   7.1e-11   41.1   0.0   1   2   0.00014    0.0089   14.4   0.0    59   123  3018  3076  3012  3091 0.79 length=3291	scaffold=gi528858392	strand=-
1984_g               -           3290 68790                -            474   7.1e-11   41.1   0.0   2   2   2.8e-07   1.8e-05   23.2   0.0   128   166  3124  3162  3120  3172 0.84 length=3291	scaffold=gi528858392	strand=-
2276_g               -           3290 68790                -            474   7.1e-11   41.1   0.0   1   2   0.00014    0.0089   14.4   0.0    59   123  3018  3076  3012  3091 0.79 length=3291	scaffold=gi527314726	strand=+
2276_g               -           3290 68790                -            474   7.1e-11   41.1   0.0   2   2   2.8e-07   1.8e-05   23.2   0.0   128   166  3124  3162  3120  3172 0.84 length=3291	scaffold=gi527314726	strand=+
6740_g               -           5119 68790                -            474   5.2e-10   38.2   0.0   1   2   4.3e-08   2.8e-06   25.9   0.0   135   188  4784  4835  4741  4846 0.78 length=5120	scaffold=gi528858387	strand=+
6740_g               -           5119 68790                -            474   5.2e-10   38.2   0.0   2   2    0.0028      0.19   10.0   0.0   192   288  4894  4986  4878  4993 0.65 length=5120	scaffold=gi528858387	strand=+
8170_g               -           5119 68790                -            474   5.2e-10   38.2   0.0   1   2   4.3e-08   2.8e-06   25.9   0.0   135   188  4784  4835  4741  4846 0.78 length=5120	scaffold=gi527311550	strand=-
8170_g               -           5119 68790                -            474   5.2e-10   38.2   0.0   2   2    0.0028      0.19   10.0   0.0   192   288  4894  4986  4878  4993 0.65 length=5120	scaffold=gi527311550	strand=-
2437_g               -           3667 68790                -            474   7.7e-10   37.7   0.0   1   2       1.6     1e+02    1.0   0.0    32    60  2637  2664  2629  2679 0.76 length=3668	scaffold=gi527314679	strand=-
2437_g               -           3667 68790                -            474   7.7e-10   37.7   0.0   2   2   1.7e-10   1.1e-08   33.8   0.0   132   224  2830  2925  2751  2930 0.68 length=3668	scaffold=gi527314679	strand=-
3851_g               -            244 68790                -            474   1.6e-09   36.6   0.0   1   2    0.0094      0.61    8.3   0.0   407   448    68   107    54   115 0.74 length=245	scaffold=gi528858391	strand=+
3851_g               -            244 68790                -            474   1.6e-09   36.6   0.0   2   2   2.8e-08   1.8e-06   26.5   0.0   406   472   155   219   129   221 0.85 length=245	scaffold=gi528858391	strand=+
8631_g               -            244 68790                -            474   1.6e-09   36.6   0.0   1   2    0.0094      0.61    8.3   0.0   407   448    68   107    54   115 0.74 length=245	scaffold=gi527314479	strand=+
8631_g               -            244 68790                -            474   1.6e-09   36.6   0.0   2   2   2.8e-08   1.8e-06   26.5   0.0   406   472   155   219   129   221 0.85 length=245	scaffold=gi527314479	strand=+
13372_g              -           2080 68790                -            474   1.8e-09   36.4   0.1   1   1   2.3e-10   1.5e-08   33.4   0.1    17   240  1740  1987  1725  2000 0.67 length=2081	scaffold=gi527309735	strand=+
9296_g               -           2080 68790                -            474   1.8e-09   36.4   0.1   1   1   2.3e-10   1.5e-08   33.4   0.1    17   240  1740  1987  1725  2000 0.67 length=2081	scaffold=gi528858385	strand=-
1944_g               -            230 68790                -            474   3.3e-09   35.6   0.1   1   3     0.011       0.7    8.1   0.0    42   113     9    84     3    86 0.80 length=231	scaffold=gi528858392	strand=+
1944_g               -            230 68790                -            474   3.3e-09   35.6   0.1   2   3   1.6e-06    0.0001   20.8   0.0   156   210    86   138    81   144 0.81 length=231	scaffold=gi528858392	strand=+
1944_g               -            230 68790                -            474   3.3e-09   35.6   0.1   3   3      0.17        11    4.1   0.0   260   301   166   207   139   213 0.85 length=231	scaffold=gi528858392	strand=+
2317_g               -            230 68790                -            474   3.3e-09   35.6   0.1   1   3     0.011       0.7    8.1   0.0    42   113     9    84     3    86 0.80 length=231	scaffold=gi527314726	strand=-
2317_g               -            230 68790                -            474   3.3e-09   35.6   0.1   2   3   1.6e-06    0.0001   20.8   0.0   156   210    86   138    81   144 0.81 length=231	scaffold=gi527314726	strand=-
2317_g               -            230 68790                -            474   3.3e-09   35.6   0.1   3   3      0.17        11    4.1   0.0   260   301   166   207   139   213 0.85 length=231	scaffold=gi527314726	strand=-
1150_g               -           1947 68790                -            474   2.1e-08   32.9   0.5   1   3     0.043       2.8    6.1   0.0   139   164   473   499   440   509 0.83 length=1948	scaffold=gi528858393	strand=+
1150_g               -           1947 68790                -            474   2.1e-08   32.9   0.5   2   3   0.00015    0.0098   14.2   0.0   167   233   843   908   828   917 0.81 length=1948	scaffold=gi528858393	strand=+
1150_g               -           1947 68790                -            474   2.1e-08   32.9   0.5   3   3    0.0059      0.38    9.0   0.0   263   296  1025  1058  1014  1072 0.83 length=1948	scaffold=gi528858393	strand=+
1488_g               -           2023 68790                -            474   2.4e-08   32.7   0.5   1   3     0.044       2.9    6.1   0.0   139   164   549   575   516   585 0.83 length=2024	scaffold=gi527315005	strand=-
1488_g               -           2023 68790                -            474   2.4e-08   32.7   0.5   2   3   0.00016      0.01   14.2   0.0   167   233   919   984   904   993 0.81 length=2024	scaffold=gi527315005	strand=-
1488_g               -           2023 68790                -            474   2.4e-08   32.7   0.5   3   3    0.0061       0.4    8.9   0.0   263   296  1101  1134  1090  1148 0.83 length=2024	scaffold=gi527315005	strand=-
11026_g              -           1460 68790                -            474   4.8e-08   31.7   0.0   1   1   1.3e-09   8.8e-08   30.9   0.0   165   245   125   207   116   213 0.88 length=1461	scaffold=gi528858383	strand=-
11823_g              -           1460 68790                -            474   4.8e-08   31.7   0.0   1   1   1.3e-09   8.8e-08   30.9   0.0   165   245   125   207   116   213 0.88 length=1461	scaffold=gi527307902	strand=-
7124_g               -            268 68790                -            474     7e-08   31.2   0.0   1   1   1.4e-09   8.9e-08   30.9   0.0   207   297   131   217   126   231 0.89 length=269	scaffold=gi528858387	strand=-
7793_g               -            268 68790                -            474     7e-08   31.2   0.0   1   1   1.4e-09   8.9e-08   30.9   0.0   207   297   131   217   126   231 0.89 length=269	scaffold=gi527311550	strand=+
1173_g               -           2502 68790                -            474   8.1e-08   31.0   0.0   1   1   3.2e-08   2.1e-06   26.3   0.0    91   281  2257  2472  2243  2481 0.65 length=2503	scaffold=gi528858393	strand=-
1464_g               -           2502 68790                -            474   8.1e-08   31.0   0.0   1   1   3.2e-08   2.1e-06   26.3   0.0    91   281  2257  2472  2243  2481 0.65 length=2503	scaffold=gi527315005	strand=+
5863_g               -            252 68790                -            474   2.2e-06   26.2   3.2   1   1   5.9e-08   3.8e-06   25.5   3.2   332   471   102   250    98   252 0.68 length=253	scaffold=gi528858388	strand=+
6385_g               -            252 68790                -            474   2.2e-06   26.2   3.2   1   1   5.9e-08   3.8e-06   25.5   3.2   332   471   102   250    98   252 0.68 length=253	scaffold=gi527312496	strand=-
4416_g               -             66 68790                -            474   3.1e-06   25.8   0.1   1   1   4.8e-08   3.1e-06   25.7   0.1   440   472    30    62    13    64 0.81 length=67	scaffold=gi528858390	strand=-
8431_g               -             66 68790                -            474   3.1e-06   25.8   0.1   1   1   4.8e-08   3.1e-06   25.7   0.1   440   472    30    62    13    64 0.81 length=67	scaffold=gi527313757	strand=-
10870_g              -            179 68790                -            474   8.1e-06   24.4   0.0   1   1   1.6e-07   1.1e-05   24.0   0.0   336   471    27   171    15   173 0.80 length=180	scaffold=gi528858383	strand=-
11667_g              -            179 68790                -            474   8.1e-06   24.4   0.0   1   1   1.6e-07   1.1e-05   24.0   0.0   336   471    27   171    15   173 0.80 length=180	scaffold=gi527307902	strand=-
7180_g               -            297 68790                -            474   1.1e-05   24.0   0.1   1   1     2e-07   1.3e-05   23.7   0.1   331   434   131   239   121   279 0.81 length=298	scaffold=gi528858387	strand=-
7736_g               -            297 68790                -            474   1.1e-05   24.0   0.1   1   1     2e-07   1.3e-05   23.7   0.1   331   434   131   239   121   279 0.81 length=298	scaffold=gi527311550	strand=+
11126_g              -           2704 68790                -            474   1.1e-05   24.0   0.1   1   3     0.025       1.7    6.9   0.0    94   169  1207  1283  1203  1305 0.77 length=2705	scaffold=gi528858383	strand=-
11126_g              -           2704 68790                -            474   1.1e-05   24.0   0.1   2   3    0.0079      0.52    8.5   0.1   197   244  1656  1704  1633  1719 0.84 length=2705	scaffold=gi528858383	strand=-
11126_g              -           2704 68790                -            474   1.1e-05   24.0   0.1   3   3      0.25        16    3.6   0.0   265   294  2234  2263  2224  2274 0.87 length=2705	scaffold=gi528858383	strand=-
11923_g              -           2704 68790                -            474   1.1e-05   24.0   0.1   1   3     0.025       1.7    6.9   0.0    94   169  1207  1283  1203  1305 0.77 length=2705	scaffold=gi527307902	strand=-
11923_g              -           2704 68790                -            474   1.1e-05   24.0   0.1   2   3    0.0079      0.52    8.5   0.1   197   244  1656  1704  1633  1719 0.84 length=2705	scaffold=gi527307902	strand=-
11923_g              -           2704 68790                -            474   1.1e-05   24.0   0.1   3   3      0.25        16    3.6   0.0   265   294  2234  2263  2224  2274 0.87 length=2705	scaffold=gi527307902	strand=-
1655_g               -            600 68790                -            474   1.9e-05   23.2   0.0   1   2      0.14       9.4    4.4   0.0    42    71    28    57    21    62 0.91 length=601	scaffold=gi527315322	strand=+
1655_g               -            600 68790                -            474   1.9e-05   23.2   0.0   2   2   2.8e-05    0.0019   16.6   0.0    90   178   193   287   189   290 0.82 length=601	scaffold=gi527315322	strand=+
838_g                -            600 68790                -            474   1.9e-05   23.2   0.0   1   2      0.14       9.4    4.4   0.0    42    71    28    57    21    62 0.91 length=601	scaffold=gi528858394	strand=+
838_g                -            600 68790                -            474   1.9e-05   23.2   0.0   2   2   2.8e-05    0.0019   16.6   0.0    90   178   193   287   189   290 0.82 length=601	scaffold=gi528858394	strand=+
550_g                -            571 68790                -            474   4.5e-05   21.9   0.0   1   1   1.1e-06   7.5e-05   21.2   0.0   140   302   390   563   373   567 0.75 length=572	scaffold=gi528858395	strand=-
624_g                -            571 68790                -            474   4.5e-05   21.9   0.0   1   1   1.1e-06   7.5e-05   21.2   0.0   140   302   390   563   373   567 0.75 length=572	scaffold=gi527315607	strand=+
4196_g               -            258 68790                -            474   4.5e-05   21.9   0.0   1   1   9.1e-07   5.9e-05   21.5   0.0   332   445    23   144    17   171 0.75 length=259	scaffold=gi528858390	strand=+
8411_g               -            258 68790                -            474   4.5e-05   21.9   0.0   1   1   9.1e-07   5.9e-05   21.5   0.0   332   445    23   144    17   171 0.75 length=259	scaffold=gi527313991	strand=-
14893_g              -            275 68790                -            474     5e-05   21.8   0.0   1   1   9.8e-07   6.4e-05   21.4   0.0   140   234    92   183    74   218 0.80 length=276	scaffold=gi527306568	strand=-
5725_g               -            509 68790                -            474   9.1e-05   20.9   0.0   1   1   1.9e-06   0.00013   20.4   0.0   337   447   370   483   363   494 0.73 length=510	scaffold=gi528858388	strand=+
6523_g               -            509 68790                -            474   9.1e-05   20.9   0.0   1   1   1.9e-06   0.00013   20.4   0.0   337   447   370   483   363   494 0.73 length=510	scaffold=gi527312496	strand=-
5637_g               -            634 68790                -            474   9.5e-05   20.9   0.1   1   2   0.00041     0.027   12.8   0.0    12    69   306   365   300   386 0.82 length=635	scaffold=gi528858388	strand=+
5637_g               -            634 68790                -            474   9.5e-05   20.9   0.1   2   2     0.061         4    5.6   0.0   136   163   463   490   437   499 0.85 length=635	scaffold=gi528858388	strand=+
6609_g               -            634 68790                -            474   9.5e-05   20.9   0.1   1   2   0.00041     0.027   12.8   0.0    12    69   306   365   300   386 0.82 length=635	scaffold=gi527312496	strand=-
6609_g               -            634 68790                -            474   9.5e-05   20.9   0.1   2   2     0.061         4    5.6   0.0   136   163   463   490   437   499 0.85 length=635	scaffold=gi527312496	strand=-
2650_g               -            175 68790                -            474   9.8e-05   20.8   0.0   1   2    0.0029      0.19   10.0   0.1    41    69    51    79    42    90 0.87 length=176	scaffold=gi528858386	strand=-
2650_g               -            175 68790                -            474   9.8e-05   20.8   0.0   2   2    0.0064      0.42    8.9   0.0   262   294    97   129    89   138 0.90 length=176	scaffold=gi528858386	strand=-
3331_g               -            175 68790                -            474   9.8e-05   20.8   0.0   1   2    0.0029      0.19   10.0   0.1    41    69    51    79    42    90 0.87 length=176	scaffold=gi527310881	strand=-
3331_g               -            175 68790                -            474   9.8e-05   20.8   0.0   2   2    0.0064      0.42    8.9   0.0   262   294    97   129    89   138 0.90 length=176	scaffold=gi527310881	strand=-
13220_g              -           2498 68790                -            474   0.00013   20.4   0.0   1   2     0.013      0.87    7.8   0.0   104   152  1922  1970  1909  1979 0.79 length=2499	scaffold=gi527309735	strand=-
13220_g              -           2498 68790                -            474   0.00013   20.4   0.0   2   2    0.0027      0.18   10.1   0.0   261   298  2404  2441  2395  2450 0.86 length=2499	scaffold=gi527309735	strand=-
9445_g               -           2498 68790                -            474   0.00013   20.4   0.0   1   2     0.013      0.87    7.8   0.0   104   152  1922  1970  1909  1979 0.79 length=2499	scaffold=gi528858385	strand=+
9445_g               -           2498 68790                -            474   0.00013   20.4   0.0   2   2    0.0027      0.18   10.1   0.0   261   298  2404  2441  2395  2450 0.86 length=2499	scaffold=gi528858385	strand=+
10335_g              -            206 68790                -            474   0.00016   20.1   0.0   1   2      0.48        32    2.7   0.0   331   371    10    53     4    68 0.64 length=207	scaffold=gi528858384	strand=+
10335_g              -            206 68790                -            474   0.00016   20.1   0.0   2   2   5.7e-05    0.0037   15.6   0.0   404   468   128   190   110   196 0.86 length=207	scaffold=gi528858384	strand=+
12189_g              -            206 68790                -            474   0.00016   20.1   0.0   1   2      0.48        32    2.7   0.0   331   371    10    53     4    68 0.64 length=207	scaffold=gi527308984	strand=-
12189_g              -            206 68790                -            474   0.00016   20.1   0.0   2   2   5.7e-05    0.0037   15.6   0.0   404   468   128   190   110   196 0.86 length=207	scaffold=gi527308984	strand=-
2820_g               -           1054 68790                -            474   0.00018   20.0   0.0   1   1   8.7e-06   0.00057   18.3   0.0   142   174   199   231   186   247 0.81 length=1055	scaffold=gi528858386	strand=+
3501_g               -           1054 68790                -            474   0.00018   20.0   0.0   1   1   8.7e-06   0.00057   18.3   0.0   142   174   199   231   186   247 0.81 length=1055	scaffold=gi527310881	strand=+
419_g                -            206 68790                -            474   0.00028   19.3   0.0   1   1   5.5e-06   0.00036   19.0   0.0   260   304   117   162   104   178 0.80 length=207	scaffold=gi528858395	strand=+
756_g                -            206 68790                -            474   0.00028   19.3   0.0   1   1   5.5e-06   0.00036   19.0   0.0   260   304   117   162   104   178 0.80 length=207	scaffold=gi527315607	strand=-
11027_g              -            955 68790                -            474   0.00033   19.1   0.3   1   2       1.2        76    1.4   0.1    38    67   646   675   642   680 0.82 length=956	scaffold=gi528858383	strand=-
11027_g              -            955 68790                -            474   0.00033   19.1   0.3   2   2   6.2e-05     0.004   15.5   0.0   136   159   882   905   872   908 0.88 length=956	scaffold=gi528858383	strand=-
11824_g              -            955 68790                -            474   0.00033   19.1   0.3   1   2       1.2        76    1.4   0.1    38    67   646   675   642   680 0.82 length=956	scaffold=gi527307902	strand=-
11824_g              -            955 68790                -            474   0.00033   19.1   0.3   2   2   6.2e-05     0.004   15.5   0.0   136   159   882   905   872   908 0.88 length=956	scaffold=gi527307902	strand=-
1394_g               -            245 68790                -            474   0.00049   18.5   0.0   1   1   9.8e-06   0.00064   18.1   0.0   262   301    55    94    29   110 0.85 length=246	scaffold=gi527315005	strand=+
1953_g               -           3084 68790                -            474   0.00076   17.9   0.0   1   1   2.9e-05    0.0019   16.6   0.0   107   167  1603  1664  1598  1692 0.85 length=3085	scaffold=gi528858392	strand=+
2307_g               -           3084 68790                -            474   0.00076   17.9   0.0   1   1   2.9e-05    0.0019   16.6   0.0   107   167  1603  1664  1598  1692 0.85 length=3085	scaffold=gi527314726	strand=-
329_g                -            524 68790                -            474    0.0013   17.1   0.1   1   3      0.53        35    2.5   0.0   342   365   167   190   158   196 0.82 length=525	scaffold=gi527315854	strand=+
329_g                -            524 68790                -            474    0.0013   17.1   0.1   2   3       1.5        98    1.0   0.0   337   367   220   250   213   328 0.82 length=525	scaffold=gi527315854	strand=+
329_g                -            524 68790                -            474    0.0013   17.1   0.1   3   3    0.0051      0.33    9.2   0.0   345   472   379   503   371   505 0.81 length=525	scaffold=gi527315854	strand=+
62_g                 -            524 68790                -            474    0.0013   17.1   0.1   1   3      0.53        35    2.5   0.0   342   365   167   190   158   196 0.82 length=525	scaffold=gi528858396	strand=-
62_g                 -            524 68790                -            474    0.0013   17.1   0.1   2   3       1.5        98    1.0   0.0   337   367   220   250   213   328 0.82 length=525	scaffold=gi528858396	strand=-
62_g                 -            524 68790                -            474    0.0013   17.1   0.1   3   3    0.0051      0.33    9.2   0.0   345   472   379   503   371   505 0.81 length=525	scaffold=gi528858396	strand=-
7063_g               -            933 68790                -            474    0.0013   17.1   0.7   1   1     3e-05     0.002   16.5   0.0    34    97    53   120    30   144 0.76 length=934	scaffold=gi528858387	strand=-
7853_g               -            933 68790                -            474    0.0013   17.1   0.7   1   1     3e-05     0.002   16.5   0.0    34    97    53   120    30   144 0.76 length=934	scaffold=gi527311550	strand=+
11108_g              -           2322 68790                -            474    0.0016   16.8   0.0   1   2    0.0041      0.27    9.5   0.0   134   209   299   374   290   403 0.76 length=2323	scaffold=gi528858383	strand=-
11108_g              -           2322 68790                -            474    0.0016   16.8   0.0   2   2     0.091         6    5.0   0.0   265   297   791   823   784   828 0.87 length=2323	scaffold=gi528858383	strand=-
11905_g              -           2322 68790                -            474    0.0016   16.8   0.0   1   2    0.0041      0.27    9.5   0.0   134   209   299   374   290   403 0.76 length=2323	scaffold=gi527307902	strand=-
11905_g              -           2322 68790                -            474    0.0016   16.8   0.0   2   2     0.091         6    5.0   0.0   265   297   791   823   784   828 0.87 length=2323	scaffold=gi527307902	strand=-
13058_g              -            200 68790                -            474    0.0017   16.8   0.2   1   1   7.4e-05    0.0048   15.2   0.2   330   470    62   198    57   200 0.58 length=201	scaffold=gi527309735	strand=+
9608_g               -            200 68790                -            474    0.0017   16.8   0.2   1   1   7.4e-05    0.0048   15.2   0.2   330   470    62   198    57   200 0.58 length=201	scaffold=gi528858385	strand=-
6409_g               -            808 68790                -            474    0.0021   16.4   0.0   1   2    0.0008     0.052   11.8   0.0   139   174   445   480   427   497 0.87 length=809	scaffold=gi527312496	strand=+
6409_g               -            808 68790                -            474    0.0021   16.4   0.0   2   2      0.64        42    2.3   0.0   213   233   660   680   654   688 0.90 length=809	scaffold=gi527312496	strand=+
12522_g              -            137 68790                -            474    0.0023   16.3   0.1   1   1   4.2e-05    0.0027   16.0   0.1   326   398    61   136    51   137 0.89 length=138	scaffold=gi527308984	strand=-
1244_g               -            208 68790                -            474    0.0023   16.3   0.0   1   1   4.8e-05    0.0031   15.9   0.0   265   301    21    57     6    73 0.84 length=209	scaffold=gi528858393	strand=-
6098_g               -            337 68790                -            474    0.0079   14.5   0.0   1   1   0.00017     0.011   14.0   0.0   322   393    72   142    65   156 0.88 length=338	scaffold=gi528858388	strand=-
6155_g               -            337 68790                -            474    0.0079   14.5   0.0   1   1   0.00017     0.011   14.0   0.0   322   393    72   142    65   156 0.88 length=338	scaffold=gi527312496	strand=+
4295_g               -           2611 68790                -            474     0.008   14.5   0.0   1   2   0.00088     0.058   11.7   0.0   129   165   228   264   220   269 0.88 length=2612	scaffold=gi528858390	strand=+
4295_g               -           2611 68790                -            474     0.008   14.5   0.0   2   2       3.3   2.1e+02   -0.1   0.0   209   239   425   455   405   477 0.79 length=2612	scaffold=gi528858390	strand=+
8310_g               -           2611 68790                -            474     0.008   14.5   0.0   1   2   0.00088     0.058   11.7   0.0   129   165   228   264   220   269 0.88 length=2612	scaffold=gi527313991	strand=-
8310_g               -           2611 68790                -            474     0.008   14.5   0.0   2   2       3.3   2.1e+02   -0.1   0.0   209   239   425   455   405   477 0.79 length=2612	scaffold=gi527313991	strand=-
5838_g               -           1629 68790                -            474    0.0089   14.4   0.0   1   2    0.0018      0.12   10.7   0.0   139   174   445   480   427   496 0.87 length=1630	scaffold=gi528858388	strand=-
5838_g               -           1629 68790                -            474    0.0089   14.4   0.0   2   2       1.4        91    1.1   0.0   213   233   660   680   655   688 0.90 length=1630	scaffold=gi528858388	strand=-
4303_g               -            687 68790                -            474     0.019   13.3   0.0   1   1   0.00048     0.031   12.6   0.0   137   221   392   480   361   489 0.69 length=688	scaffold=gi528858390	strand=+
8303_g               -            687 68790                -            474     0.019   13.3   0.0   1   1   0.00048     0.031   12.6   0.0   137   221   392   480   361   489 0.69 length=688	scaffold=gi527313991	strand=-
10141_g              -           1025 68790                -            474     0.026   12.8   0.0   1   1    0.0014     0.091   11.0   0.0   138   296   838  1005   822  1018 0.75 length=1026	scaffold=gi528858384	strand=-
12380_g              -           1025 68790                -            474     0.026   12.8   0.0   1   1    0.0014     0.091   11.0   0.0   138   296   838  1005   822  1018 0.75 length=1026	scaffold=gi527308984	strand=+
7448_g               -           1202 68790                -            474     0.042   12.1   0.0   1   1    0.0013     0.086   11.1   0.0   340   444   964  1072   946  1077 0.78 length=1203	scaffold=gi528858387	strand=-
7471_g               -           1202 68790                -            474     0.042   12.1   0.0   1   1    0.0013     0.086   11.1   0.0   340   444   964  1072   946  1077 0.78 length=1203	scaffold=gi527311550	strand=+
1923_g               -           1889 68790                -            474     0.044   12.1   0.0   1   1    0.0011     0.072   11.4   0.0    83   114   823   854   816   859 0.91 length=1890	scaffold=gi528858392	strand=-
5044_g               -           1781 68790                -            474     0.045   12.1   0.0   1   1    0.0013     0.087   11.1   0.0   130   234  1568  1679  1557  1684 0.71 length=1782	scaffold=gi528858389	strand=+
5516_g               -           1781 68790                -            474     0.045   12.1   0.0   1   1    0.0013     0.087   11.1   0.0   130   234  1568  1679  1557  1684 0.71 length=1782	scaffold=gi527313191	strand=+
2338_g               -           2139 68790                -            474     0.051   11.9   0.0   1   1    0.0013     0.082   11.2   0.0    83   114  1073  1104  1066  1109 0.91 length=2140	scaffold=gi527314726	strand=+
1760_g               -           1131 68790                -            474     0.052   11.8   0.0   1   2       0.9        59    1.8   0.0    79   109    72   103    65   120 0.73 length=1132	scaffold=gi527315322	strand=+
1760_g               -           1131 68790                -            474     0.052   11.8   0.0   2   2     0.022       1.4    7.1   0.0   172   229   218   280   208   286 0.79 length=1132	scaffold=gi527315322	strand=+
943_g                -           1131 68790                -            474     0.052   11.8   0.0   1   2       0.9        59    1.8   0.0    79   109    72   103    65   120 0.73 length=1132	scaffold=gi528858394	strand=+
943_g                -           1131 68790                -            474     0.052   11.8   0.0   2   2     0.022       1.4    7.1   0.0   172   229   218   280   208   286 0.79 length=1132	scaffold=gi528858394	strand=+
10340_g              -           6587 68790                -            474     0.063   11.6   0.0   1   1    0.0016      0.11   10.8   0.0   403   472  6026  6098  6011  6100 0.81 length=6588	scaffold=gi528858384	strand=+
12184_g              -           6587 68790                -            474     0.063   11.6   0.0   1   1    0.0016      0.11   10.8   0.0   403   472  6026  6098  6011  6100 0.81 length=6588	scaffold=gi527308984	strand=-
4327_g               -           2101 68790                -            474     0.071   11.4   0.0   1   2      0.34        22    3.2   0.0   166   210  1629  1674  1621  1678 0.81 length=2102	scaffold=gi528858390	strand=-
4327_g               -           2101 68790                -            474     0.071   11.4   0.0   2   2     0.052       3.4    5.8   0.0   207   233  1944  1970  1940  2011 0.94 length=2102	scaffold=gi528858390	strand=-
8281_g               -           2149 68790                -            474     0.075   11.3   0.0   1   2      0.35        23    3.1   0.0   166   210  1629  1674  1621  1678 0.81 length=2150	scaffold=gi527313991	strand=+
8281_g               -           2149 68790                -            474     0.075   11.3   0.0   2   2     0.053       3.5    5.8   0.0   207   233  1944  1970  1940  2011 0.94 length=2150	scaffold=gi527313991	strand=+
3084_g               -            120 68790                -            474     0.077   11.3   0.0   1   1    0.0013     0.084   11.1   0.0   371   467    94   116    68   120 0.62 length=121	scaffold=gi528858386	strand=+
3765_g               -            120 68790                -            474     0.077   11.3   0.0   1   1    0.0013     0.084   11.1   0.0   371   467    94   116    68   120 0.62 length=121	scaffold=gi527310709	strand=+
9996_g               -           2048 68790                -            474      0.16   10.2   0.1   1   1    0.0034      0.22    9.8   0.1   326   398  1972  2047  1963  2048 0.89 length=2049	scaffold=gi528858384	strand=+
4262_g               -           6032 68790                -            474      0.26    9.5   0.0   1   1    0.0058      0.38    9.0   0.0   137   165  4407  4435  4403  4443 0.91 length=6033	scaffold=gi528858390	strand=-
8343_g               -           6032 68790                -            474      0.26    9.5   0.0   1   1    0.0058      0.38    9.0   0.0   137   165  4407  4435  4403  4443 0.91 length=6033	scaffold=gi527313991	strand=+
#
# Program:         hmmsearch
# Version:         3.4 (Aug 2023)
# Pipeline mode:   SEARCH
# Query file:      /home/inf-20-2025/Malaria/busco_downloads/lineages/apicomplexa_odb12/hmms/68790at5794.hmm
# Target file:     /home/inf-20-2025/Malaria/Results/6_nobird_annotation/T_gondii.faa
# Option settings: hmmsearch --domtblout Results/8_busco/T_gondii/run_apicomplexa_odb12/hmmer_output/initial_run_results/68790at5794.out --cpu 1 /home/inf-20-2025/Malaria/busco_downloads/lineages/apicomplexa_odb12/hmms/68790at5794.hmm /home/inf-20-2025/Malaria/Results/6_nobird_annotation/T_gondii.faa 
# Current dir:     /home/inf-20-2025/Malaria
# Date:            Wed Mar  4 18:33:25 2026
# [ok]
