# Species	Genes	Alg.-Conn.	H_tartakovskyi.faa	P_berghei.faa	P_cynomolgi.faa	P_faciparum.faa	P_knowlesi.faa	P_vivax.faa	P_yoelii.faa	T_gondii.faa
8	15	0.12	1107_g	1717_g,4836_g	1612_g,1733_g	1561_g,1443_g	1673_g,1775_g	1704_g,1587_g	2664_g,2549_g	14_g,376_g
8	11	0.535	315_g	4130_g	1048_g	229_g	1081_g	1028_g	418_g	4925_g,5397_g,4924_g,5396_g
8	10	0.394	464_g	3557_g	2424_g	2416_g	1175_g,2492_g	2381_g	1472_g	2082_g,2179_g
8	10	0.285	456_g,458_g	3936_g	178_g	4565_g	190_g	173_g	4372_g	9790_g,12734_g
8	10	0.2	1044_g	3284_g,6106_g	892_g	383_g	929_g	874_g	277_g	4216_g,8391_g
8	10	0.165	803_g	5497_g,4099_g	1091_g	1942_g	1124_g	1071_g	459_g	3293_g,2612_g
8	10	0.154	391_g	1618_g,5298_g	2147_g	772_g	2198_g	2104_g	1200_g	9958_g,12563_g
8	9	0.778	140_g	462_g	663_g	3511_g	682_g	636_g	136_g	5749_g,6499_g
8	9	0.667	100_g	1656_g	587_g	3585_g	602_g	562_g	4305_g	7382_g,7536_g
8	9	0.667	1025_g	4105_g	3705_g	3357_g	3793_g	3590_g	3043_g	7331_g,7588_g
8	9	0.667	1075_g	6644_g	4477_g	2634_g	4589_g	4484_g	3988_g	10642_g,11439_g
8	9	0.667	1130_g	3003_g	2339_g	2327_g	2406_g	2298_g	1392_g	4686_g,5158_g
8	9	0.667	711_g	4259_g	428_g	557_g	438_g	413_g	1695_g	5777_g,6471_g
8	9	0.621	465_g	3556_g	2425_g	2417_g	2493_g	2382_g	1473_g	5878_g,6372_g
8	9	0.598	264_g	602_g	2991_g	1171_g	3060_g	2945_g	3429_g	403_g,771_g
8	9	0.598	506_g	2785_g	1552_g	1619_g	1606_g	1532_g	2723_g	10004_g,12514_g
8	9	0.556	1335_g	3891_g	992_g	282_g	1023_g	976_g	365_g	9414_g,13254_g
8	9	0.556	22_g	2466_g	4357_g	3772_g	4466_g	4368_g	2859_g	4502_g,8517_g
8	9	0.556	776_g	6882_g	4424_g	2579_g	4528_g	4427_g	4040_g	545_g,629_g
8	9	0.556	829_g	3060_g	3567_g	3220_g	3648_g	3721_g	3172_g	5702_g,6545_g
8	9	0.556	962_g	3166_g	4475_g	2632_g	4587_g	4482_g	3990_g	4428_g,8443_g
8	9	0.537	132_g	6250_g	342_g	639_g	347_g	331_g	1774_g	10441_g,12818_g
8	9	0.537	393_g	932_g	445_g	543_g	455_g	428_g	1681_g	7103_g,7813_g
8	9	0.537	610_g	3892_g	993_g	281_g	1024_g	977_g	366_g	11223_g,12020_g
8	9	0.518	728_g	360_g	3602_g	3254_g	3686_g	3687_g	3136_g	3295_g,2614_g
8	9	0.504	1418_g	2383_g	2511_g	2505_g	2587_g	2472_g	1555_g	10425_g,12834_g
8	9	0.469	666_g	2935_g	2371_g	2360_g	2447_g	2331_g	1424_g	5731_g,6517_g
8	9	0.444	573_g	2302_g	1076_g	1957_g	1109_g	1056_g	444_g	9751_g,12911_g
8	9	0.444	98_g	2299_g	3472_g	5163_g	3552_g	3466_g	3019_g	9380_g,13289_g
8	9	0.434	1406_g	5512_g	3117_g	4862_g	1477_g	3090_g	4206_g	2651_g,3332_g
8	9	0.434	935_g	1015_g	3522_g	3172_g	3597_g	3527_g	1846_g	5771_g,6477_g
8	9	0.432	1317_g	3364_g	3825_g	4062_g	3905_g	3816_g	2251_g	7357_g,7561_g
8	9	0.431	143_g	170_g	167_g	4577_g	179_g	161_g	4362_g	4256_g,8349_g
8	9	0.415	438_g	3922_g	1407_g	1636_g	1451_g	1383_g	4840_g	4111_g,8891_g
8	9	0.411	1297_g	3567_g	909_g	364_g	948_g	891_g	293_g	10547_g,11344_g
8	9	0.404	1056_g	2123_g	709_g	3462_g	734_g	687_g	87_g	2861_g,3542_g
8	9	0.402	510_g	3055_g	4787_g	2933_g	4896_g	4784_g	3697_g	946_g,1763_g
8	9	0.395	1341_g	6755_g	2216_g	2198_g	2275_g	2172_g	1268_g	2084_g,2177_g
8	9	0.388	1382_g	5025_g	1987_g	112_g	2023_g	1946_g	1047_g	6877_g,8036_g
8	9	0.387	105_g	619_g	2804_g	1237_g	2879_g	2779_g	1905_g	11055_g,11852_g
8	9	0.369	367_g	944_g	2979_g	1160_g	3048_g	2933_g	3416_g	4581_g,8596_g
8	9	0.364	549_g	2782_g	1409_g	1634_g	1453_g	1385_g	4842_g	340_g,52_g
8	9	0.333	272_g	1937_g	614_g	3559_g	631_g	588_g	4332_g	9934_g,12589_g
8	9	0.333	382_g	3654_g	1905_g	31_g	1940_g	1868_g	968_g	4250_g,8355_g
8	9	0.322	492_g	3164_g	745_g	3425_g	781_g	721_g	54_g	2090_g,2171_g
8	9	0.319	294_g	1302_g	1758_g	1417_g	1804_g	1729_g	2523_g	6473_g,5775_g
8	9	0.317	1069_g	2438_g	968_g	305_g	1000_g	953_g	343_g	9142_g,13524_g
8	9	0.315	1046_g	1098_g	269_g	4480_g	287_g	257_g	4460_g	9860_g,12664_g
8	9	0.313	157_g	164_g	267_g	1712_g	285_g	255_g	4458_g	10232_g,12291_g
8	9	0.307	523_g	2904_g	2077_g	202_g	2120_g	2034_g	1129_g	7393_g,7525_g
8	9	0.304	174_g	3329_g	695_g	3474_g	722_g	674_g	101_g	4001_g,8781_g
8	9	0.303	1088_g	5862_g	2182_g	2165_g	2238_g	2139_g	1233_g	4382_g,8227_g
8	9	0.301	173_g	4229_g	81_g	4662_g	90_g	76_g	857_g	10840_g,11637_g
8	9	0.297	1240_g	3596_g	2481_g	2475_g	2554_g	2442_g	1526_g	4940_g,5412_g
8	9	0.274	1306_g	948_g	2329_g	2316_g	2395_g	2288_g	1382_g	10045_g,12477_g
8	9	0.274	563_g	1845_g	1419_g	1973_g	1462_g	1393_g	4850_g	11234_g,12031_g
8	9	0.261	794_g	845_g	1739_g	1436_g	1782_g	1710_g	2542_g	10956_g,11753_g
8	9	0.226	692_g	3827_g	3886_g	4126_g	3969_g	3880_g	2185_g	1985_g,2275_g
8	9	0.222	556_g	4090_g	433_g	553_g	443_g	418_g	1691_g	7275_g,7643_g
8	9	0.222	588_g	600_g	2989_g	1169_g	3058_g	2943_g	3427_g	9463_g,13203_g
8	9	0.218	1222_g	3000_g	1415_g	1970_g	1459_g	1390_g	4847_g	10845_g,11642_g
8	9	0.211	25_g	1030_g,4979_g	4355_g	3775_g	4463_g	4365_g	2862_g	12265_g
8	9	0.203	1334_g	6091_g	3755_g	3996_g	3832_g	3751_g	2963_g	6738_g,8172_g
8	9	0.19	1067_g	922_g	115_g	4630_g	124_g	107_g	827_g	10975_g,11772_g
8	9	0.182	127_g	5676_g,2890_g	1991_g	116_g	2031_g	1950_g	1051_g	6732_g
8	9	0.18	603_g	1891_g	206_g	4541_g	219_g	196_g	4396_g	11162_g,11959_g
8	9	0.167	109_g	519_g	1223_g	1813_g	1269_g	1204_g	592_g	69_g,322_g
8	9	0.157	336_g	837_g	1087_g	1946_g	1120_g	1067_g	455_g	5283_g,4811_g
8	9	0.148	1425_g	1597_g	1198_g	1836_g	1243_g	1181_g	569_g	11062_g,11859_g
8	9	0.14	1097_g	1445_g	2267_g	2255_g	2330_g	2228_g	1322_g	4619_g,5091_g
8	9	0.111	162_g	2744_g	1699_g	1477_g	1755_g	1671_g	2579_g	6054_g,6198_g
8	9	0.111	439_g	3923_g	1406_g	1637_g	1450_g	1382_g	4839_g	10655_g,11452_g
8	9	0.111	547_g	2712_g	1880_g	1301_g	1920_g	1844_g	2417_g	1871_g,2390_g
8	9	0.111	671_g	192_g	2144_g	775_g	2195_g	2101_g	1198_g	5871_g,6379_g
8	9	0.111	738_g	1718_g	580_g	3591_g	596_g	557_g	4299_g	4718_g,5190_g
8	9	0.111	934_g	1014_g	3523_g	3173_g	3598_g	3528_g	1845_g	3139_g,3820_g
8	9	0.106	639_g	4423_g	2285_g	2273_g	2352_g	2246_g	1338_g	2352_g,1909_g
8	9	0.104	380_g	3655_g	1903_g	30_g	1939_g	1867_g	967_g	242_g,148_g
8	9	0.104	661_g	4287_g	399_g	583_g	410_g	388_g	1717_g	4030_g,8810_g
8	9	0.103	770_g	2212_g	643_g	3531_g	660_g	617_g	779_g	11180_g,11977_g
8	9	0.103	826_g	3391_g,5294_g	788_g	484_g	825_g	774_g	179_g	1346_g
8	9	0.103	943_g	2187_g	421_g	564_g	431_g	406_g	1701_g	2869_g,3550_g
8	8	0.5	584_g	2645_g	4617_g	2773_g	4728_g	4621_g	3859_g	6853_g
8	8	0.43	94_g	3701_g	2116_g	804_g	2164_g	2074_g	1170_g	8369_g
8	8	0.12	389_g	2737_g	4480_g	2637_g	4592_g	4487_g	3985_g	1735_g
8	8	0.112	354_g	3652_g	1036_g	239_g	1070_g	1018_g	408_g	9718_g
8	8	0.0879	1031_g	632_g	1622_g	1552_g	1683_g	1597_g	2654_g	1169_g
8	8	0.0851	716_g	5421_g	1456_g	2059_g	1501_g	1433_g	4103_g	320_g
7	14	0.464	*	3875_g	452_g	535_g,536_g	461_g,462_g	436_g,435_g	1673_g,1674_g	124_g,267_g,4036_g,8816_g
7	13	0.116	*	888_g	682_g,618_g	3491_g,3555_g	635_g,705_g	658_g,592_g	116_g,4336_g	5768_g,6480_g
7	11	0.41	764_g	975_g	2221_g	2208_g	2281_g	5484_g,5485_g,2178_g,5571_g	*	425_g,750_g
7	11	0.257	*	6791_g	3101_g	2032_g,1275_g,663_g,3715_g	3166_g	3073_g	4222_g	9899_g,12624_g
7	11	0.14	*	3114_g	4216_g	3913_g,2682_g	4319_g	5549_g,5550_g,4227_g	651_g	807_g,1624_g
7	10	0.7	*	534_g,749_g	3470_g	5161_g,3978_g	3549_g	3464_g	3022_g	10375_g,12149_g
7	10	0.186	*	2891_g	1992_g	117_g	2032_g	1951_g	1052_g	9297_g,13371_g,9298_g,13370_g
7	10	0.126	*	3770_g	1820_g	1357_g,1358_g,1359_g	1862_g	1786_g	2469_g	4971_g,5443_g
7	9	0.431	*	5520_g,3408_g	2582_g	1067_g	2654_g	2557_g	2328_g	3433_g,2752_g
7	9	0.424	*	6534_g	4461_g	2618_g	4567_g	5672_g,4466_g	4004_g	5655_g,6591_g
7	9	0.315	*	4263_g	2107_g	812_g	2155_g	2066_g,5676_g	1162_g	10456_g,12803_g
7	9	0.286	*	5470_g,910_g	4431_g	2586_g	4535_g	4434_g	4033_g	11173_g,11970_g
7	9	0.265	*	5516_g,1008_g	1393_g	1649_g	1438_g	1367_g	4826_g	9187_g,13478_g
7	9	0.222	*	13_g,4880_g	3307_g	892_g	3376_g	3286_g	3254_g	579_g,594_g
7	9	0.222	*	4202_g	1245_g	1793_g	1291_g	1224_g	4684_g,613_g	9891_g,12632_g
7	9	0.222	*	4257_g	4532_g	2693_g	2551_g	4541_g,2439_g	3935_g	2840_g,3521_g
7	9	0.222	*	979_g,5548_g	2638_g	737_g	2710_g	2614_g	726_g	9857_g,12667_g
7	9	0.211	*	3242_g,3183_g	2171_g	2154_g	2227_g	2128_g	1223_g	10593_g,11390_g
7	9	0.204	*	1449_g,6271_g	4663_g	2816_g	4773_g	4662_g	3809_g	10696_g,11493_g
7	9	0.194	569_g	3468_g	3661_g	3309_g	3745_g	5565_g,3633_g,5488_g	3084_g	*
7	9	0.169	*	112_g,2983_g	1129_g	1902_g	1169_g	1111_g	499_g	9678_g,12983_g
7	9	0.153	765_g	3644_g	2168_g	2151_g	2224_g	5522_g,5563_g,2125_g	1220_g	*
7	9	0.132	*	4085_g	4266_g	3865_g	4382_g	5269_g,4275_g	2304_g	10472_g,12787_g
7	9	0.111	*	974_g	2220_g	2207_g	2280_g	2177_g	1274_g	12780_g,10931_g,11728_g
7	9	0.108	*	3894_g,1400_g	994_g	279_g	1026_g	978_g	368_g	11193_g,11990_g
7	8	0.75	*	1124_g	2363_g	2352_g	2428_g	2323_g	1416_g	6821_g,8092_g
7	8	0.75	*	1163_g	3799_g	4037_g	3879_g	3794_g	2276_g	4089_g,8869_g
7	8	0.75	*	132_g	471_g	518_g	484_g	453_g	1657_g	10591_g,11388_g
7	8	0.75	*	1537_g	4397_g	3735_g	4507_g	4403_g	2824_g	2000_g,2259_g
7	8	0.75	*	1885_g	4341_g	3791_g	4447_g	4351_g	2878_g	4758_g,5230_g
7	8	0.75	*	18_g	36_g	4703_g	43_g	33_g	900_g	2998_g,3679_g
7	8	0.75	*	2516_g	3429_g	5119_g	3506_g	3425_g	4591_g	11021_g,11818_g
7	8	0.75	*	254_g	1958_g	83_g	1995_g	1918_g	1020_g	9708_g,12953_g
7	8	0.75	*	2770_g	3685_g	3332_g	3772_g	3611_g	3061_g	2817_g,3498_g
7	8	0.75	*	3033_g	1240_g	1796_g	1286_g	1221_g	610_g	10174_g,12348_g
7	8	0.75	*	3111_g	882_g	394_g	917_g	862_g	266_g	9130_g,13536_g
7	8	0.75	*	3132_g	959_g	314_g	991_g	944_g	334_g	405_g,769_g
7	8	0.75	*	3314_g	409_g	574_g	420_g	396_g	1710_g	11291_g,12088_g
7	8	0.75	*	3438_g	800_g	472_g	837_g	786_g	191_g	4704_g,5176_g
7	8	0.75	*	352_g	2215_g	2197_g	2274_g	2171_g	1267_g	7255_g,7664_g
7	8	0.75	*	3898_g	4195_g	3152_g	4294_g	4206_g	631_g	7384_g,7534_g
7	8	0.75	*	4136_g	1534_g	2135_g	1581_g	1512_g	3354_g	4512_g,8527_g
7	8	0.75	*	4270_g	995_g	278_g	1027_g	979_g	369_g	3112_g,3793_g
7	8	0.75	*	6481_g	3606_g	3258_g	3690_g	3683_g	3133_g	9952_g,12570_g
7	8	0.75	*	6641_g	412_g	571_g	423_g	399_g	1708_g	9041_g,13622_g
7	8	0.75	*	6888_g	2403_g	2390_g	2433_g	2361_g	1454_g	10937_g,11734_g
7	8	0.75	*	691_g	2631_g	742_g	2704_g	2608_g	721_g	6946_g,7965_g
7	8	0.75	*	6998_g	138_g	4607_g	151_g	131_g	805_g	936_g,1753_g
7	8	0.75	*	872_g	2830_g	1261_g	2905_g	2802_g	1881_g	104_g,287_g
7	8	0.75	*	998_g	1263_g	1778_g	1309_g	1242_g	4701_g	2113_g,2444_g
7	8	0.75	1047_g	322_g	1821_g	1356_g	1863_g	1787_g	*	4936_g,5408_g
7	8	0.75	238_g	3039_g	3635_g	3286_g	*	3658_g	3108_g	10066_g,12455_g
7	8	0.625	*	101_g	1222_g	1814_g	1268_g	1203_g	591_g	4017_g,8797_g
7	8	0.625	*	1026_g	1468_g	2073_g	1515_g	1447_g	4114_g	10286_g,12238_g
7	8	0.625	*	1191_g	1140_g	1890_g	1183_g	1123_g	509_g	2872_g,3553_g
7	8	0.625	*	1325_g	810_g	463_g	846_g	795_g	201_g	6677_g,5571_g
7	8	0.625	*	1712_g	970_g	303_g	1002_g	955_g	345_g	10738_g,11535_g
7	8	0.625	*	1761_g	377_g	604_g	385_g	367_g	1739_g	5833_g,6415_g
7	8	0.625	*	2196_g	357_g	625_g	364_g	346_g	1759_g	4621_g,5093_g
7	8	0.625	*	2362_g	105_g	4639_g	113_g	98_g	834_g	9249_g,13418_g
7	8	0.625	*	2464_g	2508_g	2501_g	2583_g	2469_g	1552_g	9154_g,13512_g
7	8	0.625	*	2602_g	531_g	3639_g	546_g	510_g	1597_g	6072_g,6180_g
7	8	0.625	*	2751_g	1918_g	44_g	1952_g	1880_g	981_g	457_g,717_g
7	8	0.625	*	2865_g	4437_g	2592_g	4541_g	4440_g	4028_g	398_g,777_g
7	8	0.625	*	2879_g	213_g	4535_g	225_g	202_g	4402_g	1870_g,2391_g
7	8	0.625	*	2892_g	1993_g	118_g	2033_g	1952_g	1053_g	6056_g,6196_g
7	8	0.625	*	3092_g	1480_g	2084_g	1526_g	1458_g	3306_g	108_g,283_g
7	8	0.625	*	3103_g	757_g	3413_g	793_g	733_g	42_g	3971_g,8751_g
7	8	0.625	*	3106_g	754_g	3416_g	790_g	730_g	45_g	9337_g,13333_g
7	8	0.625	*	3229_g	680_g	3494_g	703_g	655_g	118_g	2015_g,2244_g
7	8	0.625	*	3249_g	3878_g	4118_g	3961_g	3871_g	2193_g	6934_g,7977_g
7	8	0.625	*	3259_g	257_g	4490_g	275_g	246_g	4450_g	2893_g,3574_g
7	8	0.625	*	3683_g	2277_g	2265_g	2343_g	2238_g	1331_g	2880_g,3561_g
7	8	0.625	*	467_g	232_g	4514_g	247_g	220_g	4423_g	2967_g,3648_g
7	8	0.625	*	524_g	2957_g	1145_g	3034_g	2922_g	3402_g	2139_g,2420_g
7	8	0.625	*	52_g	2245_g	2230_g	2304_g	2202_g	1297_g	4574_g,8589_g
7	8	0.625	*	6742_g	2586_g	1071_g	2658_g	2561_g	678_g	10637_g,11434_g
7	8	0.625	*	6797_g	3588_g	3241_g	3672_g	3700_g	3148_g	6848_g,8066_g
7	8	0.625	*	6847_g	491_g	3680_g	502_g	471_g	1636_g	10112_g,12409_g
7	8	0.625	*	6860_g	848_g	428_g	883_g	830_g	234_g	10127_g,12394_g
7	8	0.625	*	693_g	1285_g	1756_g	1330_g	1265_g	4722_g	4727_g,5199_g
7	8	0.625	*	7232_g	75_g	4667_g	83_g	70_g	864_g	6715_g,8194_g
7	8	0.625	*	925_g	876_g	400_g	911_g	856_g	260_g	2841_g,3522_g
7	8	0.625	*	995_g	1227_g	1809_g	1273_g	1208_g	596_g	10987_g,11784_g
7	8	0.625	118_g	*	2313_g	2301_g	2379_g	2271_g	1366_g	4729_g,5201_g
7	8	0.625	1386_g	324_g	2735_g	4390_g	*	2706_g	1975_g	9434_g,13233_g
7	8	0.625	447_g	*	497_g	3674_g	508_g	477_g	1630_g	1937_g,2324_g
7	8	0.625	842_g	*	914_g	359_g	953_g	896_g	298_g	9259_g,13409_g
7	8	0.625	931_g	588_g	4155_g	3116_g	*	4170_g	3612_g	9221_g,13444_g
7	8	0.573	*	1023_g	3869_g	4109_g	3952_g	3862_g	2202_g	10025_g,12493_g
7	8	0.573	*	169_g	2350_g	2337_g	2416_g	2308_g	1402_g	8505_g,4490_g
7	8	0.573	*	2499_g	1536_g	2138_g	1583_g	1514_g	3355_g	11207_g,12004_g
7	8	0.573	*	3192_g	1797_g	1381_g	1838_g	1764_g	2490_g	1365_g,1275_g
7	8	0.573	*	3901_g	521_g	3649_g	537_g	500_g	1606_g	2586_g,3267_g
7	8	0.573	*	470_g	536_g	3634_g	550_g	515_g	1592_g	53_g,339_g
7	8	0.573	*	554_g	1251_g	1789_g	1297_g	1230_g	4689_g	10576_g,11373_g
7	8	0.573	*	926_g	877_g	399_g	912_g	857_g	261_g	9473_g,13193_g
7	8	0.573	107_g	621_g	2802_g	1235_g	*	2777_g	1907_g	2069_g,2190_g
7	8	0.573	161_g	6438_g	3387_g	5085_g	*	3371_g	4557_g	9551_g,13115_g
7	8	0.573	220_g	2622_g	241_g	4505_g	258_g	*	4433_g	9834_g,12689_g
7	8	0.548	*	1107_g	1547_g	1625_g	1598_g	1526_g	3366_g	110_g,281_g
7	8	0.548	*	2843_g	712_g	3459_g	737_g	690_g	84_g	9636_g,13028_g
7	8	0.548	*	3490_g	3840_g	4079_g	3920_g	3831_g	2234_g	1919_g,2342_g
7	8	0.5	*	1120_g	2263_g	2250_g	2326_g	2223_g	1317_g	9270_g,13398_g
7	8	0.5	*	1269_g	1219_g	1816_g	1265_g	1201_g	589_g	4577_g,8592_g
7	8	0.5	*	1398_g	1473_g	2078_g	1520_g	1452_g	3301_g	5718_g,6529_g
7	8	0.5	*	1967_g	84_g	4659_g	93_g	79_g	854_g	4906_g,5378_g
7	8	0.5	*	2089_g	210_g	4538_g	222_g	199_g	4399_g	9421_g,13247_g
7	8	0.5	*	339_g	3794_g	4032_g	3874_g	3789_g	2281_g	3761_g,3080_g
7	8	0.5	*	3574_g	2146_g	773_g	2197_g	2103_g	1199_g	9166_g,13500_g
7	8	0.5	*	3633_g	3911_g	4150_g	3992_g	3906_g	2162_g	4336_g,8272_g
7	8	0.5	*	3664_g	63_g	4678_g	71_g	58_g	875_g	4510_g,8525_g
7	8	0.5	*	4913_g	2553_g	1037_g	2618_g	2527_g	2359_g	8996_g,12877_g
7	8	0.5	*	6673_g	1558_g	1613_g	1611_g	1537_g	2716_g	4158_g,8938_g
7	8	0.5	*	6800_g	4550_g	2711_g	4665_g	4559_g	3918_g	10912_g,11709_g
7	8	0.5	*	986_g	1989_g	114_g	2025_g	1948_g	1049_g	11275_g,12072_g
7	8	0.5	1276_g	1557_g	4547_g	2708_g	*	4556_g	3921_g	2_g,388_g
7	8	0.5	996_g	1351_g	3408_g	5107_g	*	3391_g	4578_g	8993_g,12874_g
7	8	0.479	*	1130_g	3264_g	935_g	3329_g	3244_g	3216_g	2222_g,2036_g
7	8	0.479	*	1630_g	2570_g	1055_g	2641_g	2546_g	2341_g	5782_g,6467_g
7	8	0.479	*	2036_g	1295_g	1746_g	1340_g	1275_g	4732_g	10121_g,12400_g
7	8	0.479	*	2700_g	3398_g	5097_g	3478_g	3381_g	4569_g	5760_g,6488_g
7	8	0.479	*	2968_g	2398_g	2385_g	2472_g	2356_g	1448_g	1893_g,2369_g
7	8	0.479	*	3272_g	1705_g	1471_g	1760_g	1676_g	2574_g	10869_g,11666_g
7	8	0.479	*	3599_g	1171_g	1861_g	1213_g	1153_g	545_g	2843_g,3524_g
7	8	0.479	*	539_g	626_g	3545_g	642_g	600_g	4343_g	3440_g,2759_g
7	8	0.479	*	6614_g	1829_g	1347_g	1871_g	1797_g	2461_g	7163_g,7754_g
7	8	0.479	29_g	*	2463_g	2456_g	2534_g	2422_g	1508_g	478_g,694_g
7	8	0.479	406_g	*	140_g	4605_g	153_g	133_g	803_g	10717_g,11514_g
7	8	0.473	*	2908_g	727_g	3442_g	757_g	706_g	69_g	3002_g,3683_g
7	8	0.473	*	645_g	559_g	3613_g	575_g	536_g	1572_g	3323_g,2642_g
7	8	0.473	*	985_g	1988_g	113_g	2024_g	1947_g	1048_g	3532_g,2851_g
7	8	0.471	*	3553_g	2428_g	2421_g	2496_g	2385_g	1476_g	2389_g,1872_g
7	8	0.471	*	777_g	862_g	414_g	898_g	842_g	247_g	9121_g,13544_g
7	8	0.462	*	1009_g	1394_g	1648_g	1439_g	1368_g	4827_g	2027_g,2232_g
7	8	0.462	*	2636_g	2063_g	187_g	2107_g	2022_g	1117_g	2540_g,3221_g
7	8	0.462	*	3050_g	1769_g	1406_g	1816_g	1740_g	2513_g	9484_g,13182_g
7	8	0.462	268_g	6620_g	4439_g	2595_g	*	4443_g	4026_g	1796_g,979_g
7	8	0.458	*	3510_g	4501_g	2660_g	4613_g	4508_g	3963_g	1396_g,1242_g
7	8	0.451	*	1511_g	1205_g	1829_g	1251_g	1188_g	575_g	789_g,1606_g
7	8	0.451	*	3909_g	3257_g	942_g	3322_g	3237_g	3209_g	4726_g,5198_g
7	8	0.451	*	580_g	569_g	3603_g	584_g	546_g	4287_g	4992_g,5464_g
7	8	0.442	*	3066_g	1999_g	125_g	2040_g	1958_g	1059_g	3644_g,2963_g
7	8	0.44	*	1579_g	2163_g	2146_g	2217_g	2120_g	1215_g	4984_g,5456_g
7	8	0.44	*	3419_g	2405_g	2392_g	2435_g	2363_g	1456_g	9978_g,12542_g
7	8	0.44	*	3900_g	522_g	3648_g	538_g	501_g	1605_g	10461_g,12798_g
7	8	0.44	1415_g	1415_g	3873_g	4113_g	*	3866_g	2198_g	13641_g,9022_g
7	8	0.44	1431_g	6736_g	3964_g	4203_g	*	3961_g	2109_g	9210_g,13455_g
7	8	0.43	*	21_g	33_g	4706_g	40_g	30_g	903_g	7073_g,7843_g
7	8	0.43	*	3304_g	1323_g	1718_g	1369_g	1303_g	4760_g	3059_g,3740_g
7	8	0.43	*	3942_g	4664_g	2817_g	4774_g	4663_g	3808_g	10530_g,11327_g
7	8	0.423	*	3271_g	1704_g	1472_g	1759_g	1675_g	2575_g	4999_g,5471_g
7	8	0.423	1174_g	5089_g	386_g	597_g	394_g	376_g,5542_g	1731_g	*
7	8	0.408	*	4121_g	1740_g	1435_g	1783_g	1711_g	2541_g	2918_g,3599_g
7	8	0.398	*	1321_g	2450_g	2443_g	2521_g	2408_g	1496_g	9567_g,13099_g
7	8	0.398	*	2898_g	2732_g	4393_g	2797_g	2703_g	1978_g	10426_g,12833_g
7	8	0.392	*	1451_g	4661_g	2814_g	4770_g	4660_g	3811_g	2028_g,2231_g
7	8	0.375	*	2315_g	220_g	4527_g	234_g	210_g	4410_g	4596_g,8611_g
7	8	0.375	*	255_g	453_g	534_g	463_g	437_g	1672_g	10713_g,11510_g
7	8	0.375	*	2810_g	1345_g	1697_g	1392_g	1324_g	4780_g	9518_g,13148_g
7	8	0.375	*	2885_g	1078_g	1955_g	1111_g	1058_g	446_g	55_g,337_g
7	8	0.375	*	3065_g	1998_g	123_g	2038_g	1957_g	1058_g	9015_g,13648_g
7	8	0.375	*	3204_g	855_g	420_g	891_g	837_g	243_g	2946_g,3627_g
7	8	0.375	*	3372_g	1005_g	270_g	1039_g	987_g	376_g	9799_g,12725_g
7	8	0.375	*	498_g	2764_g	4357_g	2832_g	2737_g	1944_g	10318_g,12207_g
7	8	0.375	*	6506_g	997_g	276_g	1029_g	981_g	371_g	13568_g,9096_g
7	8	0.375	*	656_g	563_g	3609_g	578_g	540_g	1568_g	10262_g,12260_g
7	8	0.375	*	829_g	2103_g	817_g	2150_g	2061_g	1157_g	145_g,245_g
7	8	0.375	*	993_g	2346_g	2334_g	2413_g	2305_g	1399_g	5835_g,6413_g
7	8	0.375	5_g	3127_g	4022_g	4261_g	*	4023_g	2047_g	6968_g,7944_g
7	8	0.375	609_g	6503_g	4343_g	3788_g	*	4353_g	2875_g	1903_g,2359_g
7	8	0.375	616_g	*	1939_g	66_g	1976_g	1901_g	1003_g	9019_g,13644_g
7	8	0.375	920_g	*	675_g	3500_g	697_g	649_g	124_g	10860_g,11657_g
7	8	0.364	*	1474_g	129_g	4615_g	142_g	122_g	813_g	1844_g,1027_g
7	8	0.364	*	599_g	3008_g	1189_g	3077_g	2962_g	3448_g	9642_g,13022_g
7	8	0.362	*	3178_g	217_g	4531_g	230_g	206_g	4406_g	156_g,234_g
7	8	0.361	*	6633_g	1761_g	1414_g	1807_g	1732_g	2520_g	9197_g,13468_g
7	8	0.361	227_g	6879_g	1658_g	1518_g	*	1631_g	2621_g	10806_g,11603_g
7	8	0.358	568_g	3280_g	1855_g	1323_g	1896_g	*	2440_g	8632_g,3852_g
7	8	0.353	*	2155_g	1397_g	1644_g	1442_g	1372_g	4831_g	1902_g,2360_g
7	8	0.352	*	2791_g	2203_g	2186_g	2261_g	2159_g	1255_g	1989_g,2271_g
7	8	0.351	914_g	3130_g	4025_g	4264_g	*	4026_g	2044_g	3044_g,3725_g
7	8	0.35	*	1696_g	4582_g	2741_g	4694_g	4587_g	3891_g	1986_g,2274_g
7	8	0.345	*	1820_g	961_g	312_g	993_g	946_g	336_g	249_g,142_g
7	8	0.345	*	2598_g	3035_g	1216_g	3104_g	2988_g	3475_g	2545_g,3226_g
7	8	0.345	*	3884_g	1333_g	1708_g	1379_g	1313_g	4770_g	9557_g,13109_g
7	8	0.345	*	5530_g	1681_g	1495_g	1739_g	1654_g	2598_g	4646_g,5118_g
7	8	0.345	1385_g	1768_g	4148_g	3109_g	*	4163_g	3605_g	10663_g,11460_g
7	8	0.341	*	293_g	872_g	404_g	907_g	852_g	257_g	11249_g,12046_g
7	8	0.341	290_g	4266_g	*	1896_g	1177_g	1117_g	504_g	7203_g,7714_g
7	8	0.34	*	2394_g	1604_g	1570_g	1664_g	1578_g	2672_g	9866_g,12657_g
7	8	0.34	*	4203_g	4108_g	3076_g	4202_g	4125_g	3569_g	2471_g,2162_g
7	8	0.337	*	147_g	1033_g	242_g	1067_g	1015_g	405_g	8627_g,3847_g
7	8	0.337	*	3298_g	40_g	4699_g	47_g	37_g	896_g	5996_g,6255_g
7	8	0.337	*	4923_g	367_g	615_g	374_g	356_g	1749_g	9606_g,13060_g
7	8	0.335	*	2893_g	1994_g	119_g	2034_g	1953_g	1054_g	9182_g,13483_g
7	8	0.333	1302_g	3244_g	*	165_g	2082_g	2000_g	1095_g	92_g,299_g
7	8	0.321	*	805_g	4655_g	2808_g	4764_g	4655_g	3819_g	4209_g,8398_g
7	8	0.32	*	3544_g	3482_g	5173_g	3561_g	3476_g	3010_g	5139_g,4667_g
7	8	0.32	*	6850_g	1331_g	1710_g	1377_g	1311_g	4768_g	2898_g,3579_g
7	8	0.311	*	2423_g	3580_g	3233_g	3663_g	3708_g	3158_g	9684_g,12977_g
7	8	0.311	*	3032_g	4359_g	3770_g	4468_g	4370_g	2857_g	6756_g,8155_g
7	8	0.311	*	497_g	348_g	635_g	352_g	336_g	1769_g	6113_g,6140_g
7	8	0.311	*	537_g	623_g	3547_g	640_g	598_g	4341_g	10710_g,11507_g
7	8	0.311	*	740_g	1806_g	1373_g	1848_g	1773_g	2482_g	5809_g,6440_g
7	8	0.311	1327_g	6386_g	3218_g	4774_g	*	3192_g	4122_g	7343_g,7575_g
7	8	0.311	816_g	*	4194_g	1335_g	1884_g	1810_g	2450_g	9769_g,12893_g
7	8	0.309	*	148_g	1034_g	241_g	1068_g	1016_g	406_g	6919_g,7993_g
7	8	0.308	*	6392_g	2224_g	2211_g	2284_g	2181_g	1278_g	2645_g,3326_g
7	8	0.305	*	1273_g	186_g	4558_g	197_g	180_g	4380_g	12991_g,9670_g
7	8	0.305	*	4286_g	400_g	582_g	411_g	389_g	1716_g	10911_g,11708_g
7	8	0.305	*	6613_g	1830_g	1346_g	1872_g	1798_g	2460_g	1530_g,1108_g
7	8	0.299	*	842_g	190_g	4554_g	201_g	184_g	4384_g	2347_g,1914_g
7	8	0.295	*	1570_g	180_g	4563_g	192_g	175_g	4375_g	7351_g,7567_g
7	8	0.294	*	2028_g	2282_g	2270_g	2349_g	2243_g	1335_g	6724_g,8185_g
7	8	0.294	*	2497_g	483_g	507_g	494_g	463_g	1645_g	5964_g,6288_g
7	8	0.293	*	269_g	2237_g	2222_g	2296_g	2194_g	1290_g	10505_g,12755_g
7	8	0.29	*	449_g	4652_g	2805_g	4761_g	4652_g	3826_g	10630_g,11427_g
7	8	0.288	*	1821_g	960_g	313_g	992_g	945_g	335_g	2272_g,1988_g
7	8	0.285	694_g	3323_g	2726_g	4399_g	*	2697_g	1984_g	2958_g,3639_g
7	8	0.283	*	3973_g	2456_g	2449_g	2527_g	2414_g	1502_g	6766_g,8146_g
7	8	0.283	*	4052_g	1668_g	1508_g	1725_g	1641_g	2612_g	1916_g,2345_g
7	8	0.283	*	6763_g	890_g	386_g	926_g	871_g	274_g	8301_g,4305_g
7	8	0.278	356_g	796_g	3850_g	4089_g	*	3841_g	2224_g	1013_g,1830_g
7	8	0.276	62_g	*	1160_g	1870_g	1203_g	1143_g	535_g	6786_g,8127_g
7	8	0.275	*	4260_g	426_g	558_g	437_g	412_g	1696_g	570_g,603_g
7	8	0.274	604_g	6866_g	4239_g	3890_g	*	4249_g	674_g	10652_g,11449_g
7	8	0.257	*	2022_g	3378_g	825_g	3457_g	3362_g	4548_g	10038_g,12482_g
7	8	0.25	*	1173_g	1403_g	1640_g	1446_g	1377_g	4835_g	10780_g,11577_g
7	8	0.25	*	1175_g	1401_g	1642_g	1444_g	1375_g	4833_g	11081_g,11878_g
7	8	0.25	*	1657_g	586_g	3586_g	601_g	561_g	4304_g	9585_g,13081_g
7	8	0.25	*	2273_g	3969_g	4213_g	4062_g	3972_g	2098_g	4436_g,8451_g
7	8	0.25	*	2555_g	1485_g	2089_g	1534_g	1463_g	3312_g	4585_g,8600_g
7	8	0.25	*	2670_g	1571_g	1600_g	1625_g	1550_g	2704_g	10059_g,12461_g
7	8	0.25	*	2763_g	910_g	363_g	949_g	892_g	294_g	10147_g,12374_g
7	8	0.25	*	2819_g	2260_g	2246_g	2321_g	2219_g	1313_g	8320_g,4285_g
7	8	0.25	*	3015_g	1744_g	1431_g	1787_g	1715_g	2537_g	10779_g,11576_g
7	8	0.25	*	3089_g	2049_g	172_g	2091_g	2007_g	1102_g	3937_g,8717_g
7	8	0.25	*	30_g	1876_g	1304_g	1917_g	1840_g	2421_g	10938_g,11735_g
7	8	0.25	*	3121_g	981_g	293_g	1012_g	965_g	354_g	5709_g,6538_g
7	8	0.25	*	3148_g	3682_g	3330_g	3770_g	3613_g	3063_g	6579_g,5668_g
7	8	0.25	*	3277_g	1857_g	1320_g	1899_g	1822_g	2437_g	10609_g,11406_g
7	8	0.25	*	3907_g	1463_g	2066_g	1508_g	1440_g	4109_g	11170_g,11967_g
7	8	0.25	*	3940_g	121_g	4624_g	130_g	113_g	821_g	9721_g,12941_g
7	8	0.25	*	402_g	1527_g	2128_g	1574_g	1505_g	3347_g	7071_g,7845_g
7	8	0.25	*	4114_g	484_g	506_g	495_g	464_g	1644_g	4271_g,8334_g
7	8	0.25	*	4204_g	2544_g	1027_g	2609_g	2518_g	2368_g	2035_g,2223_g
7	8	0.25	*	4280_g	1360_g	1682_g	1407_g	1336_g	4794_g	10922_g,11719_g
7	8	0.25	*	6412_g	4065_g	3034_g	2803_g	4083_g	3525_g	10608_g,11405_g
7	8	0.25	*	647_g	3881_g	4120_g	1803_g	3874_g	2191_g	2544_g,3225_g
7	8	0.25	*	6600_g	1327_g	1714_g	1373_g	1307_g	4764_g	11104_g,11901_g
7	8	0.25	*	6668_g	486_g	504_g	497_g	466_g	1642_g	11298_g,12095_g
7	8	0.25	*	6762_g	889_g	387_g	925_g	870_g	273_g	5684_g,6563_g
7	8	0.25	*	6975_g	3440_g	5129_g	3516_g	3435_g	4602_g	10775_g,11572_g
7	8	0.25	*	737_g	2123_g	798_g	2170_g	2080_g	1176_g	11013_g,11810_g
7	8	0.25	1369_g	*	1054_g	223_g	1087_g	1034_g	424_g	4129_g,8909_g
7	8	0.25	802_g	*	3347_g	852_g	3417_g	3327_g	4524_g	9925_g,12598_g
7	8	0.25	905_g	3860_g	2608_g	1092_g	*	2584_g	700_g	9483_g,13183_g
7	8	0.247	*	4899_g	1643_g	1533_g	1703_g	1616_g	2636_g	7872_g,7043_g
7	8	0.244	*	297_g	4387_g	3745_g	4497_g	4394_g	2834_g	8048_g,6865_g
7	8	0.244	*	3297_g	41_g	4698_g	48_g	38_g	895_g	9984_g,12536_g
7	8	0.244	*	5234_g	2262_g	2248_g	2323_g	2221_g	1315_g	633_g,541_g
7	8	0.244	*	734_g	919_g	354_g	958_g	901_g	303_g	469_g,704_g
7	8	0.242	1387_g	792_g	3359_g	845_g	*	3341_g	4530_g	5652_g,6594_g
7	8	0.241	205_g	*	3828_g	4065_g	3908_g	3819_g	2248_g	9156_g,13510_g
7	8	0.24	*	954_g	3695_g	3347_g	3782_g	3601_g	3052_g	2607_g,3288_g
7	8	0.237	*	1998_g	525_g	3645_g	541_g	504_g	1602_g	9205_g,13460_g
7	8	0.236	*	3052_g	1767_g	1408_g	1814_g	1738_g	2515_g	496_g,677_g
7	8	0.235	*	127_g	297_g	4465_g	305_g	286_g	4475_g	12654_g,9869_g
7	8	0.23	*	2764_g	1122_g	1908_g	1161_g	1104_g	492_g	3050_g,3731_g
7	8	0.23	1403_g	2073_g	145_g	4600_g	*	138_g	798_g	1227_g,1412_g
7	8	0.229	*	2445_g	716_g	3454_g	742_g	694_g	80_g	2897_g,3578_g
7	8	0.229	24_g	1029_g	4356_g	3774_g	*	4366_g	2861_g	4733_g,5205_g
7	8	0.227	*	547_g	4004_g	4244_g	4100_g	4006_g	2066_g	59_g,332_g
7	8	0.224	*	3983_g	1022_g	252_g	1055_g	1003_g	394_g	1939_g,2322_g
7	8	0.223	*	6685_g	1380_g	1662_g	1426_g	1355_g	4814_g	9722_g,12940_g
7	8	0.22	*	899_g	1540_g	1632_g	1591_g	1519_g	3359_g	9994_g,12526_g
7	8	0.218	*	6047_g	4611_g	2767_g	4722_g	4615_g	3865_g	10805_g,11602_g
7	8	0.216	*	3958_g	274_g	4475_g	292_g	262_g	4465_g	10200_g,12321_g
7	8	0.216	246_g	1057_g	3517_g	3167_g	*	3523_g	1851_g	4283_g,8322_g
7	8	0.213	860_g	2443_g	4635_g	2790_g	*	4638_g	3841_g	78_g,313_g
7	8	0.212	*	2070_g	142_g	4603_g	155_g	135_g	801_g	10741_g,11538_g
7	8	0.212	*	874_g	2827_g	1259_g	2902_g	2800_g	1883_g	7394_g,7524_g
7	8	0.211	635_g	3137_g	3145_g	4838_g	*	3118_g	4178_g	6995_g,7917_g
7	8	0.209	1112_g	2801_g	4362_g	3767_g	*	4373_g	2854_g	2172_g,2089_g
7	8	0.205	827_g	1847_g	4393_g	3739_g	*	4399_g	2828_g	330_g,61_g
7	8	0.203	*	2715_g	1944_g	70_g	1981_g	1906_g	1008_g	9870_g,12653_g
7	8	0.201	*	3648_g	4151_g	3112_g	4248_g	4166_g	3608_g	190_g,199_g
7	8	0.198	*	4172_g	1420_g	1974_g	1463_g	1394_g	4851_g	7332_g,7587_g
7	8	0.192	83_g	546_g	*	1936_g	1131_g	1077_g	465_g	1263_g,1377_g
7	8	0.186	*	2109_g	2324_g	2311_g	2390_g	2283_g	1377_g	8774_g,3994_g
7	8	0.185	*	698_g	276_g	4471_g	297_g	266_g	4468_g	8660_g,3880_g
7	8	0.182	*	97_g	3956_g	4194_g	4045_g	3952_g	2117_g	10649_g,11446_g
7	8	0.18	*	3384_g	2031_g	153_g	2069_g	1988_g	1084_g	3148_g,3829_g
7	8	0.18	*	4165_g	1753_g	1422_g	1796_g	1724_g	2528_g	2772_g,3453_g
7	8	0.178	*	108_g	743_g	3427_g	778_g	719_g	56_g	423_g,752_g
7	8	0.175	*	3578_g	1417_g	1971_g	1460_g	1391_g	4848_g	8571_g,4556_g
7	8	0.165	784_g	184_g,4938_g	261_g	4487_g	279_g	249_g	4452_g	*
7	8	0.153	*	3017_g	1931_g	58_g	1968_g	1894_g	996_g	3290_g,2609_g
7	8	0.138	*	6186_g	2951_g	1139_g	3026_g	2916_g	3397_g	1485_g,1152_g
7	8	0.125	*	1111_g	571_g	3601_g	586_g	548_g	4289_g	2962_g,3643_g
7	8	0.125	*	2055_g	694_g	3476_g	720_g	672_g	102_g	2004_g,2254_g
7	8	0.125	*	2484_g	1278_g	1765_g	1322_g	1256_g	4714_g	10550_g,11347_g
7	8	0.125	*	417_g	1342_g	1700_g	1388_g	1321_g	4777_g	4622_g,5094_g
7	8	0.125	*	5658_g	2222_g	2209_g	2282_g	2179_g	1276_g	10927_g,11724_g
7	8	0.125	*	592_g	2762_g	4359_g	2830_g	2735_g	1946_g	6791_g,8122_g
7	8	0.125	*	6744_g	353_g	629_g	358_g	342_g	1763_g	767_g,408_g
7	8	0.125	*	935_g	1280_g	1763_g	1324_g	1258_g	4716_g	2871_g,3552_g
7	8	0.125	129_g	4450_g,6055_g	339_g	642_g	344_g	328_g	1777_g	*
7	8	0.125	1423_g	6828_g	3966_g	4208_g	*	3967_g	2103_g	3018_g,3699_g
7	8	0.125	148_g	3144_g	3323_g	875_g	*	3303_g	3272_g	10427_g,12832_g
7	8	0.125	593_g	5534_g	3554_g	3207_g	*	3562_g	3185_g	1128_g,1510_g
7	8	0.125	981_g	3529_g	3005_g	*	3074_g	2959_g	3445_g	1228_g,1411_g
7	8	0.121	*	2195_g	358_g	624_g	365_g	347_g	1758_g	188_g,201_g
7	8	0.121	*	3296_g	1459_g	4697_g	49_g	39_g	894_g	5136_g,4664_g
7	8	0.121	422_g	1460_g,229_g	2134_g	786_g	2184_g	2091_g	1187_g	*
7	8	0.12	*	2033_g	4180_g	3137_g	4277_g	4192_g	617_g	7280_g,7638_g
7	8	0.12	*	20_g	34_g	4705_g	41_g	31_g	902_g	4354_g,8254_g
7	8	0.12	*	3717_g	1444_g	2047_g	1490_g	1421_g	4092_g	11182_g,11979_g
7	8	0.12	*	3727_g	884_g	391_g	920_g	865_g	269_g	8646_g,3866_g
7	8	0.12	*	6814_g	468_g	521_g	477_g	450_g	1660_g	10057_g,12463_g
7	8	0.12	*	6872_g	4605_g	2761_g	4716_g	4609_g	3871_g	9552_g,13114_g
7	8	0.12	296_g	3214_g	3675_g	3322_g	*	3621_g	3071_g	10553_g,11350_g
7	8	0.12	849_g	3646_g	2166_g	2149_g	4199_g,2220_g	2123_g	1218_g	*
7	8	0.12	852_g	2955_g	567_g	3605_g	582_g	544_g	4285_g,4495_g	*
7	8	0.119	482_g	*	820_g	453_g	855_g	805_g	211_g	5630_g,6616_g
7	8	0.114	*	2727_g	38_g	4701_g	45_g	35_g	898_g	6938_g,7973_g
7	8	0.113	*	1271_g	4536_g	2697_g	4649_g	4545_g	3931_g	10890_g,11687_g
7	8	0.113	*	1771_g	3336_g	862_g	3406_g	3315_g	4513_g	4605_g,5077_g
7	8	0.113	*	3136_g	1815_g	1365_g	1857_g	1781_g	2474_g	10786_g,11583_g
7	8	0.113	*	3766_g	2298_g	2285_g	2363_g	2258_g	1351_g	3058_g,3739_g
7	8	0.112	*	2306_g	1594_g	1584_g	1642_g	1566_g	2684_g	4707_g,5179_g
7	8	0.112	*	3756_g	423_g	562_g	433_g	408_g	1699_g	7319_g,7600_g
7	8	0.112	*	3974_g	2439_g	2433_g	2509_g	2398_g	1486_g	5564_g,6684_g
7	8	0.11	*	1634_g	2104_g	816_g	2151_g	2062_g	1158_g	9213_g,13452_g
7	8	0.107	1118_g	1043_g,6318_g	1617_g	1556_g	1678_g	1592_g	2659_g	*
7	8	0.105	*	4370_g	4485_g	2643_g	4597_g	4492_g	3979_g	2777_g,3458_g
7	8	0.105	779_g	4443_g	4395_g	3737_g	*	4401_g	2826_g	6807_g,8105_g
7	8	0.101	*	1979_g	2009_g	134_g	2048_g	1968_g	1066_g	2137_g,2422_g
7	8	0.101	*	440_g	888_g	388_g	924_g	869_g	272_g	10557_g,11354_g
7	8	0.101	*	5067_g	3996_g	4237_g	4092_g	3998_g	2073_g	1707_g,890_g
7	7	1	*	1673_g	1585_g	1589_g	1637_g	1561_g	2691_g	10060_g
7	7	1	*	770_g	3372_g	831_g	3450_g	3356_g	4543_g	1570_g
7	7	1	112_g	4004_g	1348_g	1694_g	1395_g	1327_g	4782_g	*
7	7	1	664_g	1627_g	4415_g	2570_g	4520_g	4418_g	4050_g	*
7	7	0.714	*	6483_g	1138_g	1892_g	1181_g	1121_g	507_g	6590_g
7	7	0.714	1010_g	3447_g	2338_g	2326_g	2405_g	2297_g	1391_g	*
7	7	0.714	1184_g	1114_g	4444_g	2600_g	4550_g	4449_g	4020_g	*
7	7	0.714	1188_g	4251_g	2443_g	2436_g	2511_g	2401_g	1489_g	*
7	7	0.714	1248_g	965_g	328_g	652_g	333_g	318_g	1788_g	*
7	7	0.714	1410_g	2011_g	2772_g	4348_g	2844_g	2746_g	1935_g	*
7	7	0.714	170_g	3577_g	4221_g	3908_g	4324_g	4232_g	656_g	*
7	7	0.714	270_g	930_g	448_g	540_g	458_g	431_g	1678_g	*
7	7	0.714	365_g	1756_g	1925_g	52_g	1961_g	1888_g	990_g	*
7	7	0.714	379_g	6448_g	1390_g	1653_g	1435_g	1364_g	4823_g	*
7	7	0.714	451_g	2589_g	3815_g	4053_g	3896_g	3808_g	2260_g	*
7	7	0.714	485_g	1808_g	4693_g	2847_g	4803_g	4693_g	3780_g	*
7	7	0.714	577_g	2522_g	4704_g	2857_g	4816_g	4704_g	3770_g	*
7	7	0.714	702_g	2767_g	2212_g	2194_g	2271_g	2168_g	1264_g	*
7	7	0.714	7_g	3955_g	1965_g	92_g	2004_g	1926_g	1028_g	*
7	7	0.714	936_g	3023_g	25_g	4714_g	32_g	22_g	910_g	*
7	7	0.714	96_g	2913_g	3474_g	5165_g	3554_g	3468_g	3017_g	*
7	7	0.571	*	1486_g	2058_g	182_g	2102_g	2017_g	1112_g	6447_g
7	7	0.571	*	3354_g	243_g	4503_g	260_g	232_g	4435_g	7402_g
7	7	0.571	1012_g	6663_g	2150_g	769_g	2201_g	2107_g	1203_g	*
7	7	0.571	1154_g	3732_g	293_g	4469_g	301_g	282_g	4470_g	*
7	7	0.571	204_g	2911_g	1451_g	2054_g	1497_g	1428_g	4098_g	*
7	7	0.571	287_g	2554_g	546_g	3625_g	559_g	524_g	1584_g	*
7	7	0.571	28_g	1322_g	2462_g	2455_g	2533_g	2421_g	1507_g	*
7	7	0.571	405_g	100_g	141_g	4604_g	154_g	134_g	802_g	*
7	7	0.571	411_g	4193_g	3704_g	3356_g	3792_g	3591_g	3044_g	*
7	7	0.571	441_g	6491_g	1906_g	32_g	1941_g	1869_g	969_g	*
7	7	0.571	460_g	3216_g	2753_g	4371_g	2819_g	2726_g	1957_g	*
7	7	0.571	494_g	1954_g	1832_g	1344_g	1874_g	1800_g	2458_g	*
7	7	0.571	50_g	2990_g	1941_g	68_g	1978_g	1903_g	1005_g	*
7	7	0.571	538_g	2294_g	1421_g	1976_g	1465_g	1396_g	4853_g	*
7	7	0.571	587_g	2905_g	2075_g	200_g	2118_g	2033_g	1128_g	*
7	7	0.571	695_g	1855_g	1100_g	1932_g	1135_g	1081_g	469_g	*
7	7	0.571	736_g	356_g	2765_g	4356_g	2833_g	2738_g	1943_g	*
7	7	0.571	853_g	822_g	1542_g	1630_g	1593_g	1521_g	3361_g	*
7	7	0.512	332_g	3185_g	2098_g	1127_g	2145_g	2056_g	1152_g	*
7	7	0.512	624_g	1320_g	905_g	368_g	943_g	887_g	289_g	*
7	7	0.483	1059_g	6891_g	684_g	3489_g	707_g	660_g	114_g	*
7	7	0.483	201_g	203_g	3334_g	864_g	3405_g	3313_g	4511_g	*
7	7	0.483	81_g	892_g	1371_g	1671_g	1418_g	1347_g	4805_g	*
7	7	0.483	8_g	3954_g	1966_g	93_g	2005_g	1927_g	1029_g	*
7	7	0.467	1020_g	2062_g	2191_g	2174_g	2247_g	2147_g	1242_g	*
7	7	0.467	34_g	3881_g	1664_g	1512_g	1721_g	1637_g	2616_g	*
7	7	0.467	772_g	1267_g	2056_g	180_g	2100_g	2015_g	1110_g	*
7	7	0.429	1195_g	3514_g	1655_g	1521_g	1714_g	1628_g	2624_g	*
7	7	0.429	1274_g	680_g	4080_g	3050_g	4170_g	4097_g	3540_g	*
7	7	0.429	1328_g	4437_g	306_g	4456_g	314_g	295_g	4484_g	*
7	7	0.429	165_g	6708_g	2910_g	5045_g	2987_g	2880_g	2737_g	*
7	7	0.429	65_g	2996_g	576_g	3595_g	592_g	553_g	4295_g	*
7	7	0.429	682_g	3771_g	2434_g	2427_g	2501_g	2391_g	1481_g	*
7	7	0.429	73_g	3113_g	1913_g	40_g	1948_g	1876_g	977_g	*
7	7	0.404	1140_g	2762_g	911_g	362_g	950_g	893_g	295_g	*
7	7	0.404	117_g	1494_g	456_g	531_g	466_g	440_g	1669_g	*
7	7	0.404	1250_g	3998_g	3631_g	3281_g	3714_g	3662_g	3113_g	*
7	7	0.404	159_g	1581_g	3385_g	5083_g	3465_g	3369_g	4555_g	*
7	7	0.404	181_g	2077_g	3909_g	4148_g	3990_g	3904_g	2164_g	*
7	7	0.404	210_g	3626_g	2798_g	1232_g	2874_g	2774_g	1910_g	*
7	7	0.404	413_g	6682_g	1377_g	1665_g	1423_g	1352_g	4811_g	*
7	7	0.404	44_g	2007_g	932_g	341_g	972_g	916_g	318_g	*
7	7	0.404	491_g	3165_g	746_g	3424_g	782_g	722_g	53_g	*
7	7	0.404	498_g	2380_g	2158_g	2141_g	2211_g	2115_g	1211_g	*
7	7	0.404	545_g	3961_g	95_g	4646_g	106_g	91_g	840_g	*
7	7	0.404	57_g	435_g	1922_g	49_g	1957_g	1884_g	986_g	*
7	7	0.404	617_g	6831_g	1938_g	65_g	1975_g	1900_g	1002_g	*
7	7	0.404	882_g	3346_g	2142_g	777_g	2193_g	2099_g	1196_g	*
7	7	0.404	889_g	1426_g	195_g	4549_g	212_g	189_g	4388_g	*
7	7	0.398	1288_g	4055_g	4163_g	3123_g	4259_g	4177_g	3619_g	*
7	7	0.398	741_g	1551_g	2956_g	1144_g	3033_g	2921_g	3401_g	*
7	7	0.398	782_g	2051_g	4601_g	2758_g	4713_g	4606_g	3874_g	*
7	7	0.398	871_g	1558_g	169_g	4576_g	180_g	163_g	4363_g	*
7	7	0.398	923_g	3246_g	825_g	450_g	858_g	808_g	214_g	*
7	7	0.398	993_g	3361_g	21_g	4720_g	28_g	17_g	915_g	*
7	7	0.385	1099_g	1254_g	1391_g	1651_g	1436_g	1365_g	4824_g	*
7	7	0.385	144_g	4316_g	2791_g	4329_g	2864_g	2767_g	1917_g	*
7	7	0.385	2_g	3518_g	4018_g	4257_g	4114_g	4019_g	2051_g	*
7	7	0.385	739_g	4300_g	579_g	3592_g	595_g	556_g	4298_g	*
7	7	0.385	76_g	1183_g	14_g	4726_g	17_g	10_g	921_g	*
7	7	0.372	277_g	1910_g	3065_g	4916_g	3131_g	3037_g	4257_g	*
7	7	0.372	329_g	1548_g	2153_g	765_g	2205_g	2110_g	1206_g	*
7	7	0.372	61_g	2614_g	1158_g	1871_g	1201_g	1141_g	528_g	*
7	7	0.372	799_g	2433_g	3776_g	4016_g	3853_g	3772_g	2296_g	*
7	7	0.369	773_g	1266_g	2057_g	181_g	2101_g	2016_g	1111_g	*
7	7	0.369	781_g	1883_g	2678_g	697_g	2751_g	2651_g	766_g	*
7	7	0.363	301_g	1476_g	349_g	633_g	354_g	338_g	1767_g	*
7	7	0.36	1281_g	475_g	1266_g	1775_g	1312_g	1245_g	4704_g	*
7	7	0.36	1358_g	1393_g	2327_g	2314_g	2393_g	2286_g	1380_g	*
7	7	0.36	535_g	4838_g	2192_g	2175_g	2248_g	2148_g	1243_g	*
7	7	0.36	812_g	2297_g	154_g	4590_g	166_g	147_g	789_g	*
7	7	0.348	*	5341_g	858_g	418_g	893_g	839_g	245_g	9157_g
7	7	0.348	1176_g	745_g	1811_g	1368_g	1854_g	1778_g	2477_g	*
7	7	0.348	1426_g	2422_g	3436_g	5126_g	3513_g	3432_g	4599_g	*
7	7	0.324	978_g	630_g	1624_g	1550_g	1685_g	1599_g	2652_g	*
7	7	0.318	396_g	2094_g	1195_g	1839_g	1240_g	1177_g	565_g	*
7	7	0.312	1346_g	3772_g	2432_g	2425_g	2500_g	2389_g	1479_g	*
7	7	0.312	990_g	1083_g	974_g	300_g	1005_g	958_g	347_g	*
7	7	0.301	1196_g	4922_g	656_g	3517_g	675_g	630_g	142_g	*
7	7	0.301	1420_g	4151_g	1438_g	2040_g	1484_g	1415_g	4086_g	*
7	7	0.286	*	2808_g	1782_g	1393_g	1826_g	1752_g	2501_g	6514_g
7	7	0.286	119_g	6780_g	2314_g	2302_g	2380_g	2272_g	1367_g	*
7	7	0.286	1270_g	3309_g	3382_g	821_g	3461_g	3366_g	4552_g	*
7	7	0.286	1284_g	3681_g	2279_g	2267_g	2345_g	2240_g	1333_g	*
7	7	0.286	136_g	1936_g	3834_g	4072_g	3913_g	3825_g	2241_g	*
7	7	0.286	414_g	6683_g	1378_g	1664_g	1424_g	1353_g	4812_g	*
7	7	0.286	479_g	702_g	1694_g	1482_g	1750_g	1666_g	2585_g	*
7	7	0.286	539_g	2295_g	152_g	4593_g	164_g	145_g	791_g	*
7	7	0.286	601_g	6334_g	106_g	4638_g	114_g	99_g	833_g	*
7	7	0.286	743_g	6416_g	2249_g	2234_g	2308_g	2207_g	1300_g	*
7	7	0.286	767_g	3386_g	508_g	3662_g	524_g	487_g	1617_g	*
7	7	0.286	955_g	2275_g	1279_g	1764_g	1323_g	1257_g	4715_g	*
7	7	0.286	961_g	741_g	1807_g	1372_g	1849_g	1774_g	2481_g	*
7	7	0.273	*	2673_g	1568_g	1603_g	1622_g	1547_g	2707_g	9023_g
7	7	0.273	1304_g	6664_g	2149_g	770_g	2200_g	2106_g	1202_g	*
7	7	0.273	274_g	6393_g	612_g	3561_g	629_g	586_g	4330_g	*
7	7	0.273	462_g	649_g	329_g	651_g	334_g	319_g	1787_g	*
7	7	0.273	707_g	2978_g	2218_g	2201_g	2278_g	2175_g	1271_g	*
7	7	0.273	830_g	1031_g	4385_g	3747_g	4495_g	4392_g	2836_g	*
7	7	0.27	1045_g	665_g	11_g	4730_g	14_g	7_g	924_g	*
7	7	0.27	1318_g	2347_g	1368_g	1674_g	1415_g	1344_g	4802_g	*
7	7	0.269	*	3426_g	1875_g	1305_g	1916_g	1839_g	2422_g	13623_g
7	7	0.269	1208_g	3709_g	1598_g	1580_g	1646_g	1570_g	2680_g	*
7	7	0.269	1400_g	3233_g	436_g	550_g	448_g	421_g	1688_g	*
7	7	0.269	27_g	1438_g	2461_g	2454_g	2532_g	2420_g	1506_g	*
7	7	0.269	446_g	3385_g	507_g	3663_g	519_g	486_g	1618_g	*
7	7	0.269	476_g	1199_g	1920_g	47_g	1955_g	1882_g	984_g	*
7	7	0.269	686_g	3876_g	451_g	537_g	460_g	434_g	1675_g	*
7	7	0.269	708_g	739_g	3764_g	4004_g	3841_g	3760_g	2953_g	*
7	7	0.269	836_g	1819_g	962_g	311_g	994_g	947_g	337_g	*
7	7	0.268	636_g	3563_g	4466_g	2623_g	4572_g	4471_g	3999_g	*
7	7	0.262	843_g	1354_g	915_g	358_g	954_g	897_g	299_g	*
7	7	0.252	155_g	5333_g	487_g	503_g	498_g	467_g	1641_g	*
7	7	0.247	1009_g	3217_g	2361_g	2350_g	2426_g	2320_g	1414_g	*
7	7	0.247	89_g	6296_g	2476_g	2468_g	2547_g	2435_g	1519_g	*
7	7	0.242	*	4407_g	1287_g	1754_g	1332_g	1267_g	4724_g	2447_g
7	7	0.242	1345_g	6632_g	1762_g	1413_g	1808_g	1733_g	2519_g	*
7	7	0.242	407_g	2496_g	1112_g	1919_g	1148_g	1094_g	481_g	*
7	7	0.242	445_g	3360_g	1050_g	227_g	1083_g	1030_g	420_g	*
7	7	0.242	755_g	232_g	3584_g	3237_g	3667_g	3704_g	3154_g	*
7	7	0.24	552_g	1966_g	83_g	4660_g	92_g	78_g	855_g	*
7	7	0.239	1430_g	3692_g	1447_g	2050_g	1493_g	1424_g	4094_g	*
7	7	0.237	409_g	6275_g	1109_g	1922_g	1145_g	1091_g	479_g	*
7	7	0.233	576_g	2176_g	4703_g	2856_g	*	4703_g	3771_g	9935_g
7	7	0.232	1291_g	3396_g	903_g	370_g	941_g	885_g	287_g	*
7	7	0.232	1416_g	1491_g	16_g	4724_g	19_g	12_g	919_g	*
7	7	0.227	234_g	6276_g	750_g	3420_g	786_g	726_g	49_g	*
7	7	0.227	572_g	4276_g	2253_g	2238_g	2313_g	2211_g	1304_g	*
7	7	0.222	674_g	559_g	1549_g	1623_g	1604_g	1528_g	3368_g	*
7	7	0.222	734_g	90_g	4570_g	2728_g	4682_g	4576_g	3901_g	*
7	7	0.214	1340_g	4026_g	4426_g	2581_g	4530_g	4429_g	4038_g	*
7	7	0.213	824_g	2752_g	500_g	3670_g	511_g	479_g	1627_g	*
7	7	0.212	309_g	59_g	703_g	3468_g	728_g	681_g	94_g	*
7	7	0.212	392_g	1213_g	2148_g	771_g	2199_g	2105_g	1201_g	*
7	7	0.212	817_g	6473_g	1843_g	1334_g	1885_g	1811_g	2449_g	*
7	7	0.205	1004_g	1003_g	3922_g	4163_g	4006_g	3918_g	2148_g	*
7	7	0.188	48_g	3834_g	929_g	344_g	969_g	913_g	315_g	*
7	7	0.186	1242_g	3597_g	2480_g	2474_g	2553_g	2441_g	1525_g	*
7	7	0.183	*	4688_g	3108_g	4872_g	3174_g	3081_g	4216_g	13434_g
7	7	0.183	1380_g	3195_g	686_g	3486_g	709_g	663_g	111_g	*
7	7	0.181	*	2439_g	969_g	304_g	1001_g	954_g	344_g	12474_g
7	7	0.18	1417_g	6437_g	3388_g	5086_g	3468_g	3372_g	4558_g	*
7	7	0.175	200_g	6134_g	93_g	4650_g	103_g	89_g	844_g	*
7	7	0.16	1049_g	3397_g	904_g	369_g	942_g	886_g	288_g	*
7	7	0.159	684_g	4937_g	4737_g	2888_g	4849_g	4738_g	3741_g	*
7	7	0.145	1200_g	7093_g	52_g	4689_g	59_g	48_g	887_g	*
7	7	0.145	151_g	1529_g	3442_g	5131_g	3518_g	3437_g	4604_g	*
7	7	0.143	*	801_g	123_g	4622_g	132_g	115_g	819_g	13285_g
7	7	0.143	1043_g	3780_g	171_g	4574_g	182_g	165_g	4365_g	*
7	7	0.143	1089_g	1766_g	2169_g	2152_g	2225_g	2126_g	1221_g	*
7	7	0.143	1108_g	2417_g	1458_g	2061_g	1503_g	1435_g	4105_g	*
7	7	0.143	1146_g	4829_g	2386_g	2372_g	2458_g	2343_g	1436_g	*
7	7	0.143	1172_g	1652_g	3175_g	4814_g	3247_g	3153_g	4160_g	*
7	7	0.143	1252_g	2902_g	4377_g	3754_g	4488_g	4386_g	2843_g	*
7	7	0.143	198_g	1324_g	91_g	4652_g	101_g	87_g	846_g	*
7	7	0.143	283_g	1822_g	1614_g	1559_g	1675_g	1589_g	2662_g	*
7	7	0.143	348_g	4219_g	3742_g	3983_g	3819_g	3738_g	2976_g	*
7	7	0.143	357_g	2505_g	3848_g	4087_g	3929_g	3839_g	2226_g	*
7	7	0.143	400_g	3724_g	1234_g	1802_g	1280_g	1215_g	603_g	*
7	7	0.143	408_g	5003_g	1111_g	1920_g	1147_g	1093_g	480_g	*
7	7	0.143	415_g	2107_g	160_g	4584_g	172_g	154_g	4355_g	*
7	7	0.143	442_g	3752_g	921_g	353_g	960_g	903_g	305_g	*
7	7	0.143	46_g	1849_g	930_g	343_g	970_g	914_g	316_g	*
7	7	0.143	625_g	6713_g	1188_g	1844_g	1233_g	1170_g	559_g	*
7	7	0.143	648_g	3460_g	3026_g	1207_g	3095_g	2979_g	3465_g	*
7	7	0.143	693_g	3641_g	3885_g	4125_g	3968_g	3879_g	2186_g	*
7	7	0.143	6_g	3128_g	4023_g	4262_g	4119_g	4024_g	2046_g	*
7	7	0.143	93_g	3368_g	2117_g	803_g	2165_g	2075_g	1171_g	*
7	7	0.139	225_g	652_g	1382_g	1660_g	1428_g	1357_g	4816_g	*
7	7	0.136	*	6500_g	4346_g	3785_g	4453_g	4356_g	2872_g	992_g
7	7	0.136	524_g	3430_g	1872_g	1307_g	1913_g	1836_g	2424_g	*
7	7	0.135	1062_g	712_g	514_g	3656_g	530_g	493_g	1613_g	*
7	7	0.135	1100_g	3189_g	1800_g	1378_g	1841_g	1767_g	2487_g	*
7	7	0.135	1186_g	2754_g	1442_g	2045_g	1488_g	1419_g	4091_g	*
7	7	0.135	21_g	3142_g	3321_g	877_g	3390_g	3301_g	3270_g	*
7	7	0.135	425_g	2321_g	2136_g	784_g	2186_g	2093_g	1189_g	*
7	7	0.135	431_g	2390_g	2270_g	2258_g	2335_g	2231_g	1324_g	*
7	7	0.135	847_g	2397_g	2020_g	143_g	2057_g	1977_g	1074_g	*
7	7	0.134	*	4077_g	2717_g	4408_g	2779_g	2688_g	1992_g	1124_g
7	7	0.134	*	4153_g	2588_g	1073_g	2660_g	2563_g	680_g	10195_g
7	7	0.134	1032_g	3861_g	683_g	3490_g	706_g	659_g	115_g	*
7	7	0.133	188_g	1928_g	2138_g	782_g	2188_g	2095_g	1191_g	*
7	7	0.133	56_g	434_g	1923_g	50_g	1958_g	1885_g	987_g	*
7	7	0.132	1007_g	1931_g	1199_g	1835_g	1244_g	1182_g	570_g	*
7	7	0.132	1295_g	1465_g	1978_g	103_g	2015_g	1937_g	1038_g	*
7	7	0.132	284_g	957_g	1613_g	1560_g	1674_g	1588_g	2663_g	*
7	7	0.132	45_g	4392_g	931_g	342_g	971_g	915_g	317_g	*
7	7	0.132	85_g	6857_g	1095_g	1938_g	1128_g	1075_g	463_g	*
7	7	0.131	600_g	2463_g	28_g	4711_g	35_g	25_g	908_g	*
7	7	0.131	985_g	3117_g	1385_g	1657_g	1431_g	1360_g	4819_g	*
7	7	0.13	804_g	3115_g	4215_g	3914_g	4318_g	4226_g	650_g	*
7	7	0.124	642_g	5917_g	4778_g	2925_g	4886_g	4776_g	3705_g	*
7	7	0.124	838_g	1569_g	179_g	4564_g	191_g	174_g	4373_g	*
7	7	0.122	1374_g	864_g	2539_g	1022_g	2604_g	2513_g	2373_g	*
7	7	0.122	351_g	2941_g	828_g	448_g	860_g	810_g	216_g	*
7	7	0.121	1269_g	3971_g	2948_g	1136_g	3021_g	2913_g	3394_g	*
7	7	0.121	941_g	1310_g	1474_g	2079_g	1521_g	1453_g	3302_g	*
7	7	0.12	14_g	4333_g	1973_g	98_g	2010_g	1932_g	1034_g	*
7	7	0.12	303_g	219_g	4305_g	3827_g	4407_g	4312_g	2913_g	*
7	7	0.12	999_g	1542_g	383_g	600_g	391_g	373_g	1734_g	*
7	7	0.119	31_g	1248_g	1667_g	1509_g	1724_g	1640_g	2613_g	*
7	7	0.119	835_g	1818_g	963_g	310_g	995_g	948_g	338_g	*
7	7	0.119	901_g	2431_g	1955_g	81_g	1993_g	1916_g	1018_g	*
7	7	0.118	925_g	3400_g	2576_g	1060_g	2645_g	2549_g	2336_g	*
7	7	0.118	975_g	2906_g	2074_g	199_g	2117_g	2032_g	1127_g	*
7	7	0.117	*	1459_g	2133_g	787_g	2183_g	2090_g	1186_g	6749_g
7	7	0.114	172_g	233_g	79_g	4663_g	88_g	74_g	859_g	*
7	7	0.114	235_g	1843_g	751_g	3419_g	787_g	727_g	48_g	*
7	7	0.114	899_g	2781_g	1410_g	1966_g	1454_g	1386_g	4843_g	*
7	7	0.11	1244_g	2550_g	256_g	4491_g	274_g	245_g	4449_g	*
7	7	0.11	77_g	1184_g	13_g	4727_g	16_g	9_g	922_g	*
7	7	0.102	619_g	2702_g	3400_g	5099_g	3480_g	3383_g	4571_g	*
7	7	0.101	976_g	2980_g	3163_g	4821_g	3237_g	3137_g	4164_g	*
7	7	0.0996	1159_g	750_g	730_g	3439_g	760_g	709_g	66_g	*
7	7	0.0996	1298_g	3986_g	*	3497_g	700_g	652_g	121_g	2397_g
7	7	0.0996	1390_g	2037_g	1296_g	1745_g	1341_g	1276_g	4733_g	*
7	7	0.0975	362_g	1699_g	2093_g	1120_g	2137_g	2049_g	1145_g	*
7	7	0.0967	310_g	1941_g	704_g	3467_g	729_g	682_g	93_g	*
7	7	0.0951	598_g	2461_g	30_g	4709_g	37_g	27_g	906_g	*
7	7	0.0948	921_g	790_g	3570_g	3224_g	3654_g	3718_g	3168_g	*
7	7	0.0905	32_g	1685_g	1666_g	1510_g	1723_g	1639_g	2614_g	*
7	7	0.0905	41_g	4435_g	4237_g	3892_g	4346_g	4247_g	672_g	*
7	7	0.0905	908_g	3924_g	1405_g	1638_g	1449_g	1381_g	4838_g	*
7	7	0.0879	749_g	4111_g	535_g	3635_g	549_g	514_g	1593_g	*
7	7	0.0869	265_g	3161_g	582_g	3589_g	598_g	559_g	4301_g	*
7	7	0.0852	*	1605_g	3617_g	3268_g	3701_g	3673_g	3124_g	7982_g
7	7	0.0847	1396_g	3238_g	2174_g	2157_g	2230_g	2131_g	1226_g	*
7	7	0.0837	858_g	6659_g	927_g	346_g	967_g	911_g	313_g	*
7	7	0.0741	1173_g	3699_g	2114_g	806_g	2162_g	2072_g	1168_g	*
7	7	0.0734	1156_g	488_g	902_g	372_g	940_g	884_g	286_g	*
7	7	0.0668	726_g	3318_g	2047_g	170_g	2088_g	2005_g	1100_g	*
7	7	0.0666	*	2615_g	2265_g	2252_g	2328_g	2225_g	1319_g	493_g
7	7	0.0666	626_g	7235_g	3947_g	4186_g	4029_g	3942_g	2126_g	*
7	7	0.0666	670_g	2572_g	2143_g	776_g	2194_g	2100_g	1197_g	*
7	7	0.0666	927_g	1399_g	3895_g	4135_g	3976_g	3889_g	2177_g	*
7	7	0.0594	1147_g	476_g	1267_g	1774_g	1313_g	1246_g	4705_g	*
7	7	0.0594	1201_g	6488_g	1909_g	36_g	1944_g	1872_g	973_g	*
7	7	0.0594	1228_g	1674_g	649_g	3525_g	667_g	623_g	773_g	*
7	7	0.0588	333_g	3186_g	2097_g	1126_g	2144_g	2055_g	1151_g	*
7	7	0.0569	15_g	5486_g	1974_g	99_g	2011_g	1933_g	1035_g	*
7	7	0.0556	436_g	812_g	2013_g	136_g	2050_g	1970_g	1068_g	*
7	7	0.0546	1078_g	4245_g	1602_g	1574_g	1661_g	1575_g	2675_g	*
7	7	0.0546	175_g	3328_g	696_g	3473_g	723_g	675_g	100_g	*
7	7	0.0513	1264_g	2930_g	45_g	4693_g	53_g	43_g	891_g	*
7	7	0.0513	922_g	3047_g	1074_g	1959_g	1107_g	1054_g	442_g	*
7	7	0.0372	1338_g	1312_g	69_g	4673_g	77_g	64_g	870_g	*
7	7	0.0322	424_g	379_g	2135_g	785_g	2185_g	2092_g	1188_g	*
6	10	0.127	*	7177_g	4520_g,4521_g	2680_g,2683_g,2679_g	*	4528_g,4529_g	3945_g	605_g
6	9	0.556	*	2286_g	4116_g	3083_g	*	4133_g	3577_g	845_g,1662_g,2568_g,3249_g
6	8	0.375	*	2500_g	71_g	4671_g	79_g	66_g,5519_g,5555_g	868_g	*
6	8	0.35	*	5360_g,1135_g	4159_g	3120_g	*	4174_g	3616_g	1994_g,2265_g
6	8	0.332	*	2041_g	3702_g	3354_g	*	5670_g,3594_g	3046_g	11088_g,11885_g
6	8	0.25	*	2866_g	3346_g	853_g,1007_g	*	3326_g	4523_g	7063_g,7853_g
6	8	0.25	*	850_g,5478_g	4188_g	3145_g	*	4200_g	625_g	10566_g,11363_g
6	8	0.226	*	840_g	4331_g	3801_g,3493_g	*	4339_g	2889_g	4677_g,5149_g
6	8	0.196	*	6532_g,5453_g	4464_g	2621_g	*	4469_g	4001_g	4769_g,5241_g
6	8	0.175	*	3359_g	3405_g	5104_g,3085_g	*	3388_g	3580_g	9265_g,13403_g
6	8	0.174	*	*	3137_g	4845_g,4364_g	3211_g	3110_g	1951_g	10611_g,11408_g
6	8	0.111	*	594_g	1214_g	1821_g	1260_g	5498_g,1196_g,5497_g	584_g	*
6	8	0.108	*	5232_g,3765_g	1711_g	1465_g	1766_g	1682_g,5507_g	2568_g	*
6	8	0.105	*	771_g	3373_g	830_g	*	3357_g	3348_g	7964_g,14305_g,6947_g
6	8	0.104	*	5462_g,2793_g	3976_g	4220_g	*	3979_g	2090_g	10146_g,12375_g
6	7	0.714	*	*	1108_g	1923_g	1144_g	1090_g	477_g	815_g,1632_g
6	7	0.714	*	*	1484_g	2088_g	1533_g	1462_g	3311_g	7109_g,7807_g
6	7	0.714	*	*	2875_g	5009_g	2951_g	2844_g	2771_g	8030_g,6883_g
6	7	0.714	*	*	42_g	4696_g	50_g	40_g	893_g	10449_g,12810_g
6	7	0.714	*	*	554_g	3618_g	569_g	531_g	1577_g	9574_g,13092_g
6	7	0.714	*	1167_g	4068_g	3038_g	*	4087_g	3529_g	9387_g,13282_g
6	7	0.714	*	1508_g	4117_g	3084_g	*	4134_g	3578_g	4723_g,5195_g
6	7	0.714	*	151_g	3110_g	4870_g	*	3083_g	4214_g	3903_g,8683_g
6	7	0.714	*	1555_g	4336_g	3795_g	*	4345_g	2883_g	1489_g,1149_g
6	7	0.714	*	1860_g	4192_g	3149_g	*	4204_g	629_g	10917_g,11714_g
6	7	0.714	*	1902_g	4245_g	3884_g	*	4255_g	2322_g	5997_g,6254_g
6	7	0.714	*	213_g	1721_g	1456_g	*	1691_g	2560_g	9688_g,12973_g
6	7	0.714	*	2337_g	3312_g	886_g	*	3292_g	3260_g	2948_g,3629_g
6	7	0.714	*	2701_g	3399_g	5098_g	*	3382_g	4570_g	6840_g,8073_g
6	7	0.714	*	2938_g	3866_g	4106_g	*	3859_g	2205_g	6992_g,7920_g
6	7	0.714	*	2944_g	3943_g	4183_g	*	3939_g	2131_g	9087_g,13577_g
6	7	0.714	*	3057_g	3569_g	3223_g	*	3719_g	3169_g	4865_g,5337_g
6	7	0.714	*	3311_g	3329_g	869_g	*	3308_g	4506_g	4542_g,8557_g
6	7	0.714	*	3435_g	3186_g	4804_g	*	3163_g	4148_g	10150_g,12371_g
6	7	0.714	*	3639_g	4812_g	2956_g	*	4805_g	3674_g	562_g,611_g
6	7	0.714	*	4194_g	3753_g	3994_g	*	3749_g	2965_g	3122_g,3803_g
6	7	0.714	*	4292_g	2674_g	699_g	*	2649_g	763_g	11040_g,11837_g
6	7	0.714	*	454_g	3847_g	4086_g	*	3838_g	2227_g	4358_g,8251_g
6	7	0.714	*	5475_g	4085_g	3054_g	*	4101_g	3545_g	2951_g,3632_g
6	7	0.714	*	618_g	2783_g	4337_g	*	2759_g	1924_g	10984_g,11781_g
6	7	0.714	*	6383_g	4233_g	3896_g	*	4242_g	668_g	4939_g,5411_g
6	7	0.714	*	6647_g	3513_g	3163_g	*	3519_g	1855_g	5972_g,6280_g
6	7	0.714	*	6691_g	2883_g	5016_g	*	2851_g	2764_g	10602_g,11399_g
6	7	0.714	*	6775_g	*	4836_g	3221_g	3121_g	4176_g	10435_g,12824_g
6	7	0.714	4_g	*	4021_g	4260_g	*	4022_g	2048_g	10434_g,12825_g
6	7	0.571	*	*	222_g	4524_g	236_g	211_g	4413_g	6838_g,8075_g
6	7	0.571	*	*	228_g	4518_g	242_g	216_g	4419_g	10985_g,11782_g
6	7	0.571	*	*	603_g	3570_g	620_g	577_g	4321_g	7100_g,7816_g
6	7	0.571	*	1022_g	*	166_g	2083_g	2001_g	1096_g	10613_g,11410_g
6	7	0.571	*	1224_g	*	4914_g	3135_g	3040_g	4254_g	2497_g,3178_g
6	7	0.571	*	1335_g	4160_g	3121_g	*	4175_g	3617_g	6793_g,8120_g
6	7	0.571	*	1730_g	3251_g	948_g	*	3231_g	3203_g	4515_g,8530_g
6	7	0.571	*	185_g	2758_g	4363_g	*	2731_g	1950_g	10187_g,12335_g
6	7	0.571	*	2917_g	2657_g	716_g	*	2634_g	747_g	9116_g,13549_g
6	7	0.571	*	3013_g	3395_g	5094_g	*	3378_g	4566_g	11092_g,11889_g
6	7	0.571	*	3420_g	3564_g	3217_g	*	3724_g	3175_g	7380_g,7538_g
6	7	0.571	*	3537_g	4472_g	2629_g	*	4479_g	3993_g	4741_g,5213_g
6	7	0.571	*	3539_g	3802_g	4039_g	*	3796_g	2274_g	922_g,1739_g
6	7	0.571	*	3638_g	3075_g	4905_g	*	3049_g	4245_g	3087_g,3768_g
6	7	0.571	*	3706_g	2562_g	1046_g	*	2537_g	2350_g	13070_g,9596_g
6	7	0.571	*	4154_g	3179_g	4810_g	*	3156_g	4157_g	5642_g,6604_g
6	7	0.571	*	4411_g	3183_g	4807_g	*	3160_g	4151_g	10439_g,12820_g
6	7	0.571	*	4417_g	4682_g	2835_g	*	4681_g	3791_g	6760_g,8152_g
6	7	0.571	*	7176_g	4518_g	2678_g	*	4526_g	3946_g	10495_g,12765_g
6	7	0.571	*	721_g	3079_g	4901_g	*	3053_g	4241_g	4775_g,5247_g
6	7	0.571	126_g	3288_g	3786_g	*	*	3782_g	2288_g	5597_g,6651_g
6	7	0.512	*	*	2387_g	2373_g	2459_g	2344_g	1437_g	10015_g,12503_g
6	7	0.512	*	*	714_g	3456_g	739_g	692_g	82_g	4334_g,8274_g
6	7	0.512	*	2682_g	4113_g	3080_g	*	4130_g	3574_g	3238_g,2557_g
6	7	0.512	*	3390_g	787_g	485_g	824_g	773_g	4651_g,178_g	*
6	7	0.512	*	3751_g	*	352_g	961_g	904_g	306_g	2749_g,3430_g
6	7	0.512	*	3792_g	4700_g	2853_g	*	4700_g	3774_g	11028_g,11825_g
6	7	0.483	*	1726_g	4005_g	4245_g	*	4007_g	2065_g	1024_g,1841_g
6	7	0.483	*	5347_g	3843_g	4082_g	*	3834_g	2231_g	2780_g,3461_g
6	7	0.483	*	6577_g	4560_g	2721_g	*	4569_g	3908_g	785_g,391_g
6	7	0.483	266_g	*	584_g	3588_g	599_g	*	4302_g	6781_g,8132_g
6	7	0.467	*	3102_g	4713_g	2866_g	*	4715_g	3763_g	5855_g,6393_g
6	7	0.429	*	*	4833_g	2976_g	4940_g	4825_g	3656_g	9181_g,13484_g
6	7	0.429	*	1005_g	3924_g	4165_g	*	3920_g	2146_g	9865_g,12658_g
6	7	0.429	*	1835_g	4542_g	2703_g	*	4551_g	3925_g	10966_g,11763_g
6	7	0.429	*	2114_g	4420_g	2575_g	*	4423_g	4045_g	9796_g,12728_g
6	7	0.429	*	2681_g	2671_g	701_g	*	2647_g	761_g	12683_g,9841_g
6	7	0.429	*	3069_g	4179_g	3136_g	4276_g	4191_g	616_g,3632_g	*
6	7	0.429	*	3440_g	4721_g	2873_g	*	4722_g	3756_g	8412_g,4195_g
6	7	0.429	*	4148_g	3774_g	4014_g	*	3770_g	2297_g	2852_g,3533_g
6	7	0.429	*	4244_g	*	1575_g	1660_g	1574_g	2676_g	5631_g,6615_g
6	7	0.429	*	4278_g	1358_g	1684_g	1405_g	*	4792_g	7019_g,7892_g
6	7	0.429	*	4311_g	*	1596_g	1629_g	1554_g	2700_g	1083_g,1555_g
6	7	0.429	*	53_g	2858_g	4991_g	*	2827_g	2785_g	7360_g,7558_g
6	7	0.429	*	6681_g	1376_g	*	1422_g	1351_g	4810_g	10095_g,12426_g
6	7	0.429	*	6969_g	4253_g	3877_g	*	4262_g	2316_g	9229_g,13436_g
6	7	0.429	1428_g	*	4794_g	2938_g	4901_g	*	3691_g	6568_g,5679_g
6	7	0.429	23_g	1028_g	*	3773_g	*	4367_g	2860_g	8165_g,6745_g
6	7	0.404	*	1613_g	4228_g	3901_g	*	4237_g	662_g	10113_g,12408_g
6	7	0.404	*	1633_g	4515_g	2674_g	*	4522_g	3950_g	3689_g,3008_g
6	7	0.404	*	1878_g	3200_g	4790_g	*	3176_g	4136_g	10982_g,11779_g
6	7	0.404	*	3403_g	*	1063_g	2649_g	2552_g	2333_g	4442_g,8457_g
6	7	0.404	*	385_g	3897_g	4137_g	*	3891_g	2175_g	6962_g,7950_g
6	7	0.404	*	4007_g	3131_g	4850_g	*	3103_g	4192_g	7271_g,7647_g
6	7	0.404	*	5492_g	1975_g	100_g	*	1934_g	1036_g	4131_g,8911_g
6	7	0.404	*	575_g	4507_g	2666_g	*	4514_g	3957_g	6953_g,7958_g
6	7	0.404	*	938_g	3010_g	1191_g	*	2964_g	3450_g	7399_g,7519_g
6	7	0.398	*	363_g	3611_g	3262_g	*	3679_g	3130_g	9082_g,13582_g
6	7	0.398	721_g	211_g	1719_g	1458_g	*	1689_g	*	7650_g,7268_g
6	7	0.385	*	2730_g	2649_g	723_g	*	2627_g	740_g	4080_g,8860_g
6	7	0.372	*	6734_g	3962_g	4201_g	*	3959_g	2111_g	8825_g,4045_g
6	7	0.369	*	2775_g	4100_g	3069_g	*	4118_g	3561_g	6982_g,7930_g
6	7	0.36	*	2247_g	3615_g	3266_g	*	3675_g	3126_g	9129_g,13537_g
6	7	0.36	*	2485_g	151_g	4594_g	163_g	*	792_g	10826_g,11623_g
6	7	0.36	*	2576_g	*	814_g	2153_g	2064_g	1160_g	10370_g,12154_g
6	7	0.36	*	3668_g	532_g	3638_g	*	511_g	1596_g	10291_g,12233_g
6	7	0.36	*	4057_g	1053_g	224_g	1086_g	1033_g	*	10849_g,11646_g
6	7	0.36	*	4145_g	595_g	3577_g	612_g	*	4313_g	10785_g,11582_g
6	7	0.36	*	5369_g	3679_g	3327_g	*	3616_g	3066_g	9732_g,12930_g
6	7	0.348	*	*	2129_g	791_g	2179_g	2086_g	1182_g	1548_g,1090_g
6	7	0.348	*	4336_g	*	393_g	918_g	863_g	267_g	2095_g,2166_g
6	7	0.34	*	3176_g	3115_g	4864_g	*	3088_g	4208_g	5014_g,5486_g
6	7	0.34	*	3331_g	2983_g	1163_g	*	2937_g	3421_g	9872_g,12651_g
6	7	0.339	*	1134_g	4158_g	3119_g	*	4173_g	3615_g	7444_g,7475_g
6	7	0.339	*	5374_g,6861_g	849_g	427_g	884_g	831_g	235_g	*
6	7	0.339	68_g	5366_g,2776_g	*	3761_g	4477_g	4379_g	2850_g	*
6	7	0.318	*	2091_g	2420_g	*	2485_g	2376_g	1468_g	9008_g,13655_g
6	7	0.296	*	4320_g	4434_g	2589_g	*	4437_g	4031_g	779_g,396_g
6	7	0.286	*	*	1505_g	2107_g	1552_g	1481_g	3326_g	7406_g,7511_g
6	7	0.286	*	*	1641_g	1535_g	1701_g	1614_g	2638_g	7175_g,7741_g
6	7	0.286	*	*	4419_g	2574_g	4524_g	4422_g	4046_g	2929_g,3610_g
6	7	0.286	*	*	4740_g	2891_g	4852_g	4740_g	3739_g	10923_g,11720_g
6	7	0.286	*	*	619_g	3554_g	636_g	593_g	4337_g	5767_g,6481_g
6	7	0.286	*	*	658_g	3515_g	677_g	632_g	140_g	2799_g,3480_g
6	7	0.286	*	*	722_g	3448_g	748_g	700_g	75_g	4415_g,8430_g
6	7	0.286	*	1104_g	2810_g	1243_g	*	2785_g	1899_g	10134_g,12387_g
6	7	0.286	*	1265_g	2383_g	*	2455_g	2340_g	1433_g	6757_g,8154_g
6	7	0.286	*	1554_g	4335_g	3796_g	*	4344_g	2884_g	9871_g,12652_g
6	7	0.286	*	158_g	3003_g	1185_g	3072_g	2957_g	*	9569_g,13097_g
6	7	0.286	*	1715_g	*	1563_g	1671_g	1585_g	2666_g	9933_g,12590_g
6	7	0.286	*	1997_g	524_g	*	540_g	503_g	1603_g	9638_g,13026_g
6	7	0.286	*	202_g	3853_g	4092_g	*	3844_g	2221_g	5932_g,6321_g
6	7	0.286	*	2074_g	146_g	4599_g	158_g	139_g	*	4801_g,5273_g
6	7	0.286	*	2395_g	*	1571_g	1663_g	1577_g	2673_g	2559_g,3240_g
6	7	0.286	*	2453_g	4634_g	2789_g	*	4637_g	3842_g	6965_g,7947_g
6	7	0.286	*	2472_g	4259_g	3871_g	*	4269_g	2310_g	9101_g,13563_g
6	7	0.286	*	3005_g	1685_g	1491_g	*	1658_g	2594_g	4941_g,5413_g
6	7	0.286	*	3053_g	4785_g	2931_g	*	4782_g	3699_g	11025_g,11822_g
6	7	0.286	*	3658_g	1577_g	1595_g	1630_g	*	2699_g	11024_g,11821_g
6	7	0.286	*	3669_g	2466_g	2458_g	2537_g	2425_g	*	6002_g,6249_g
6	7	0.286	*	3743_g	4157_g	3118_g	*	4172_g	3614_g	2776_g,3457_g
6	7	0.286	*	3790_g	2821_g	1252_g	*	2794_g	1889_g	9705_g,12956_g
6	7	0.286	*	3870_g	3883_g	4122_g	*	3876_g	2189_g	6924_g,7988_g
6	7	0.286	*	4301_g	666_g	*	685_g	639_g	133_g	9822_g,12701_g
6	7	0.286	*	4420_g	3739_g	3981_g	*	3736_g	2978_g	9147_g,13519_g
6	7	0.286	*	5519_g	3732_g	3973_g	*	3729_g	2985_g	11007_g,11804_g
6	7	0.286	*	6465_g	3135_g	4846_g	*	3108_g	4188_g	6875_g,8038_g
6	7	0.286	1057_g	*	1052_g	*	1085_g	1032_g	422_g	6767_g,8145_g
6	7	0.286	42_g	4436_g,5070_g	4236_g	3893_g	4345_g	4246_g	*	*
6	7	0.262	*	2957_g	3001_g	1183_g	*	2955_g	3441_g	8426_g,4411_g
6	7	0.262	*	6765_g	3445_g	*	3523_g	3440_g	4607_g	10688_g,11485_g
6	7	0.252	*	*	1314_g	1727_g	1361_g	1295_g	4751_g	7087_g,7829_g
6	7	0.252	*	*	2681_g	694_g	2754_g	2654_g	769_g	193_g,196_g
6	7	0.252	*	1519_g	2666_g	705_g	*	2643_g	757_g	7232_g,7684_g
6	7	0.252	*	3821_g	4071_g	3041_g	*	4090_g	3532_g	2965_g,3646_g
6	7	0.248	*	*	60_g	4681_g	68_g	55_g	878_g	3968_g,8748_g
6	7	0.248	*	2412_g	4528_g	2689_g	*	4537_g	3939_g	2813_g,3494_g
6	7	0.248	*	2817_g	2258_g	*	2319_g	2217_g	1311_g	2577_g,3258_g
6	7	0.248	*	6387_g	2353_g,2352_g	2340_g	2418_g	2310_g	1404_g	*
6	7	0.248	*	6533_g	4463_g	2620_g	*	4468_g	4002_g	6736_g,8174_g
6	7	0.248	1006_g	1263_g,667_g	4755_g	2903_g	*	4753_g	3727_g	*
6	7	0.245	*	*	1637_g	1539_g	1697_g	1610_g	2642_g	3173_g,2492_g
6	7	0.243	*	782_g	4623_g	2779_g	*	4627_g	3853_g	576_g,597_g
6	7	0.242	*	*	4568_g	2727_g	4681_g	4575_g	3903_g	1772_g,955_g
6	7	0.241	*	*	3276_g	924_g	3340_g	3255_g	3225_g	10432_g,12827_g
6	7	0.235	*	*	839_g	437_g	873_g	821_g	225_g	3150_g,3831_g
6	7	0.214	*	*	2984_g	1164_g	3053_g	2938_g	3422_g	1580_g,1058_g
6	7	0.214	916_g	6137_g,2777_g	4368_g	3762_g	*	4378_g	*	9889_g
6	7	0.207	*	2842_g	713_g	3458_g	738_g	691_g	*	4197_g,8410_g
6	7	0.205	*	6541_g	4256_g	3874_g	*	4266_g	2313_g	6739_g,8171_g
6	7	0.205	912_g	3826_g	3153_g	4830_g	*	3127_g	*	2312_g,1948_g
6	7	0.159	*	5585_g,1779_g	4688_g	2842_g	4798_g	4687_g	3785_g	*
6	7	0.143	*	*	4454_g	2611_g	4560_g	4459_g	4010_g	4290_g,8315_g
6	7	0.143	*	1115_g	4445_g	2601_g	*	4450_g	4019_g	7323_g,7596_g
6	7	0.143	*	4069_g	*	4197_g	4048_g	3955_g	2114_g	2547_g,3228_g
6	7	0.143	*	6164_g	193_g	4551_g	210_g	187_g	*	10968_g,11765_g
6	7	0.143	*	6703_g,5542_g	2915_g	5050_g	2993_g	2884_g	2732_g	*
6	7	0.143	*	6774_g	4502_g	2661_g	*	4509_g	3962_g	9358_g,13311_g
6	7	0.136	*	*	4594_g	2752_g	4706_g	4599_g	3880_g	6468_g,5780_g
6	7	0.136	*	1048_g	2624_g	749_g	*	2601_g	714_g	8423_g,4408_g
6	7	0.136	*	1670_g	*	2112_g	1557_g	1486_g	3330_g	8809_g,4029_g
6	7	0.136	*	2460_g	3319_g	879_g	*	3299_g	3268_g	8316_g,4289_g
6	7	0.136	*	3985_g	*	2499_g	2581_g	2467_g	1550_g	10118_g,12403_g
6	7	0.135	*	*	946_g	327_g	978_g	930_g	323_g	10211_g,12311_g
6	7	0.135	*	1061_g	4742_g	2892_g	*	4742_g	3738_g	1421_g,1218_g
6	7	0.134	*	3038_g	3636_g	3287_g	*	3657_g	3107_g	2630_g,3311_g
6	7	0.134	326_g	5417_g,1825_g	1164_g	1866_g	1207_g	1147_g	*	*
6	7	0.131	*	1721_g	1303_g	1738_g	1349_g,1350_g	1283_g	4740_g	*
6	7	0.131	*	4236_g	2720_g	4404_g	*	2692_g	1989_g	5995_g,6256_g
6	7	0.131	1133_g	5365_g,767_g	3369_g	834_g	*	3353_g	4540_g	*
6	7	0.124	*	*	494_g	3677_g	505_g	474_g	1633_g	4013_g,8793_g
6	7	0.124	*	2096_g,5331_g	1193_g	1840_g	1238_g	1175_g	563_g	*
6	7	0.124	*	2804_g	4367_g	3763_g	*	4377_g	2851_g	6794_g,8119_g
6	7	0.124	*	4089_g	432_g	*	442_g	417_g	1692_g	6981_g,7931_g
6	7	0.124	*	4388_g	4678_g	2831_g	*	4677_g	3795_g	2702_g,3383_g
6	7	0.124	*	7216_g	*	4192_g	4039_g	3949_g	2120_g	7318_g,7601_g
6	7	0.124	1398_g	5349_g	3972_g	4216_g	*	3975_g	*	3086_g,3767_g
6	7	0.121	*	*	2037_g	159_g	2075_g	1994_g	1090_g	2423_g,2136_g
6	7	0.12	*	*	621_g	3549_g	638_g	596_g	4339_g	6926_g,7986_g
6	7	0.12	*	2844_g	4831_g	2974_g	*	4823_g	3658_g	7446_g,7473_g
6	7	0.12	526_g	2131_g	2739_g	4385_g	*	2711_g	*	805_g,1622_g
6	7	0.119	*	794_g	4620_g	2776_g	*	4624_g	3856_g	9057_g,13606_g
6	7	0.118	*	*	4775_g	2922_g	4883_g	4773_g	3708_g	4488_g,8503_g
6	7	0.115	851_g	*	*	3513_g	679_g	634_g	138_g	10289_g,12235_g
6	7	0.11	*	4135_g	3129_g	4852_g	*	3101_g	4194_g	2518_g,3199_g
6	7	0.104	*	272_g	3914_g	4154_g	*	3910_g	2157_g	583_g,590_g
6	7	0.104	*	4282_g	402_g	580_g	413_g	*	1714_g	9143_g,13523_g
6	7	0.104	*	6432_g	3374_g	829_g	*	3358_g	4544_g	5863_g,6385_g
6	7	0.104	*	707_g	2435_g	2428_g	2503_g	*	1482_g	10943_g,11740_g
6	7	0.101	*	*	1621_g	1553_g	1682_g	1596_g	2655_g	2567_g,3248_g
6	6	1	*	*	401_g	581_g	412_g	390_g	1715_g	10091_g
6	6	1	*	1010_g	977_g	297_g	1008_g	961_g	350_g	*
6	6	1	*	1042_g	1616_g	1557_g	1677_g	1591_g	2660_g	*
6	6	1	*	137_g	3811_g	4049_g	3892_g	3805_g	2264_g	*
6	6	1	*	1448_g	2033_g	155_g	2071_g	1990_g	1086_g	*
6	6	1	*	152_g	3109_g	4871_g	3175_g	3082_g	4215_g	*
6	6	1	*	1638_g	2670_g	702_g	2746_g	2646_g	760_g	*
6	6	1	*	1654_g	1426_g	1980_g	1469_g	1400_g	4857_g	*
6	6	1	*	1841_g	3461_g	5147_g	3538_g	3455_g	3031_g	*
6	6	1	*	1968_g	85_g	4658_g	94_g	80_g	853_g	*
6	6	1	*	2017_g	2256_g	2241_g	2316_g	2214_g	1307_g	*
6	6	1	*	2320_g	2137_g	783_g	2187_g	2094_g	1190_g	*
6	6	1	*	2592_g	1239_g	1797_g	1285_g	1220_g	609_g	*
6	6	1	*	2594_g	1237_g	1799_g	1283_g	1218_g	606_g	*
6	6	1	*	2641_g	1507_g	2109_g	1554_g	1483_g	3328_g	*
6	6	1	*	2809_g	776_g	494_g	813_g	762_g	4661_g	*
6	6	1	*	2861_g	841_g	435_g	875_g	823_g	227_g	*
6	6	1	*	291_g	870_g	406_g	905_g	850_g	255_g	*
6	6	1	*	308_g	1817_g	1363_g	1859_g	1783_g	2472_g	*
6	6	1	*	3380_g	602_g	3571_g	618_g	576_g	4320_g	*
6	6	1	*	3495_g	2233_g	2218_g	2292_g	2190_g	1287_g	*
6	6	1	*	3588_g	1959_g	84_g	1996_g	1919_g	1021_g	*
6	6	1	*	3937_g	1313_g	1728_g	1360_g	1294_g	4750_g	*
6	6	1	*	4247_g	1652_g	1525_g	1711_g	1624_g	2628_g	*
6	6	1	*	4273_g	1565_g	1606_g	1618_g	1544_g	2710_g	*
6	6	1	*	6376_g	1142_g	1887_g	1185_g	1125_g	511_g	*
6	6	1	*	6730_g	2853_g	4988_g	2928_g	2823_g	2789_g	*
6	6	1	*	6776_g	3149_g	4834_g	3223_g	3123_g	4175_g	*
6	6	1	*	881_g	3146_g	4837_g	3220_g	3119_g	4177_g	*
6	6	1	*	88_g	1911_g	38_g	1946_g	1874_g	975_g	*
6	6	1	*	931_g	446_g	542_g	456_g	429_g	1680_g	*
6	6	1	171_g	*	78_g	4664_g	87_g	73_g	860_g	*
6	6	1	219_g	6602_g	*	4473_g	294_g	264_g	4466_g	*
6	6	1	312_g	7173_g	4516_g	2675_g	*	4523_g	3949_g	*
6	6	1	435_g	*	2014_g	137_g	2051_g	1971_g	1069_g	*
6	6	1	67_g	*	4369_g	3760_g	4478_g	4380_g	2849_g	*
6	6	1	793_g	*	262_g	4486_g	280_g	250_g	4453_g	*
6	6	1	906_g	*	203_g	4544_g	217_g	194_g	4393_g	*
6	6	0.667	*	117_g	3855_g	4094_g	3936_g	3846_g	2219_g	*
6	6	0.667	*	1334_g	2904_g	5039_g	2981_g	2874_g	2742_g	*
6	6	0.667	*	133_g	470_g	519_g	483_g	452_g	1658_g	*
6	6	0.667	*	1349_g	2055_g	178_g	2098_g	2013_g	1108_g	*
6	6	0.667	*	1524_g	1364_g	1678_g	1411_g	1340_g	4798_g	*
6	6	0.667	*	1588_g	3926_g	4167_g	4011_g	3922_g	2145_g	*
6	6	0.667	*	173_g	1867_g	1311_g	1909_g	1832_g	2428_g	*
6	6	0.667	*	1889_g	204_g	4543_g	218_g	195_g	4394_g	*
6	6	0.667	*	2065_g	3565_g	3218_g	3646_g	3723_g	3174_g	*
6	6	0.667	*	2098_g	1292_g	1749_g	1337_g	1272_g	4729_g	*
6	6	0.667	*	2117_g	4082_g	3052_g	4172_g	4099_g	3542_g	*
6	6	0.667	*	2136_g	637_g	3535_g	653_g	612_g	784_g	*
6	6	0.667	*	2186_g	422_g	563_g	432_g	407_g	1700_g	*
6	6	0.667	*	2229_g	4743_g	2893_g	4855_g	4743_g	3736_g	*
6	6	0.667	*	2467_g	956_g	317_g	988_g	941_g	333_g	*
6	6	0.667	*	2473_g	380_g	601_g	388_g	370_g	1737_g	*
6	6	0.667	*	249_g	2453_g	2446_g	2524_g	2411_g	1499_g	*
6	6	0.667	*	2708_g	2994_g	1174_g	3063_g	2948_g	3432_g	*
6	6	0.667	*	2738_g	65_g	4676_g	73_g	60_g	873_g	*
6	6	0.667	*	2745_g	4059_g	3030_g	4151_g	4078_g	3520_g	*
6	6	0.667	*	2859_g	336_g	644_g	342_g	326_g	1779_g	*
6	6	0.667	*	2887_g	1080_g	1953_g	1113_g	1060_g	448_g	*
6	6	0.667	*	3007_g	1827_g	1349_g	1869_g	1794_g	2463_g	*
6	6	0.667	*	3022_g	2366_g	2355_g	2442_g	2326_g	1419_g	*
6	6	0.667	*	3101_g	4714_g	2867_g	4828_g	4716_g	3762_g	*
6	6	0.667	*	3108_g	752_g	3418_g	788_g	728_g	47_g	*
6	6	0.667	*	3203_g	856_g	419_g	892_g	838_g	244_g	*
6	6	0.667	*	3263_g	2290_g	2278_g	2357_g	2251_g	1343_g	*
6	6	0.667	*	3265_g	1260_g	1781_g	1306_g	1239_g	4698_g	*
6	6	0.667	*	3269_g	1256_g	1784_g	1302_g	1235_g	4694_g	*
6	6	0.667	*	3513_g	1656_g	1520_g	1715_g	1629_g	2623_g	*
6	6	0.667	*	364_g	50_g	4691_g	56_g	46_g	889_g	*
6	6	0.667	*	3968_g	779_g	492_g	816_g	765_g	4659_g	*
6	6	0.667	*	4184_g	1146_g	1883_g	1189_g	1129_g	516_g	*
6	6	0.667	*	4191_g	517_g	3653_g	533_g	496_g	1610_g	*
6	6	0.667	*	4250_g	2442_g	2435_g	2510_g	2400_g	1488_g	*
6	6	0.667	*	4279_g	1359_g	1683_g	1406_g	1335_g	4793_g	*
6	6	0.667	*	4303_g	1802_g	1376_g	1844_g	1769_g	2485_g	*
6	6	0.667	*	4404_g	1290_g	1751_g	1335_g	1270_g	4727_g	*
6	6	0.667	*	4410_g	2344_g	2331_g	2411_g	2303_g	1397_g	*
6	6	0.667	*	4429_g	374_g	607_g	382_g	364_g	1742_g	*
6	6	0.667	*	579_g	2372_g	2361_g	2448_g	2332_g	1425_g	*
6	6	0.667	*	6511_g	2566_g	1050_g	2636_g	2541_g	2346_g	*
6	6	0.667	*	6515_g	1355_g	1688_g	1401_g	1332_g	4788_g	*
6	6	0.667	*	6674_g	1557_g	1614_g	1610_g	1536_g	2717_g	*
6	6	0.667	*	6679_g	2414_g	2401_g	2481_g	2372_g	1464_g	*
6	6	0.667	*	6771_g	2154_g	764_g	2206_g	2111_g	1207_g	*
6	6	0.667	*	6804_g	2410_g	2397_g	2477_g	2368_g	1461_g	*
6	6	0.667	*	6830_g	1937_g	64_g	1974_g	1899_g	1001_g	*
6	6	0.667	*	6_g	2140_g	779_g	2191_g	2097_g	1194_g	*
6	6	0.667	*	701_g	1357_g	1685_g	1404_g	1334_g	4791_g	*
6	6	0.667	*	7225_g	4110_g	3078_g	4204_g	4127_g	3571_g	*
6	6	0.667	*	731_g	2086_g	1111_g	2128_g	2042_g	1137_g	*
6	6	0.667	*	743_g	1809_g	1370_g	1851_g	1776_g	2479_g	*
6	6	0.667	*	830_g	2102_g	818_g	2149_g	2060_g	1156_g	*
6	6	0.667	*	878_g	4798_g	2942_g	4905_g	4794_g	3687_g	*
6	6	0.667	*	936_g	1281_g	1761_g	1325_g	1260_g	4718_g	*
6	6	0.667	*	997_g	1264_g	1777_g	1310_g	1243_g	4702_g	*
6	6	0.667	108_g	622_g	2801_g	1234_g	*	2776_g	1908_g	*
6	6	0.667	12_g	4334_g	*	97_g	2009_g	1931_g	1033_g	*
6	6	0.667	1401_g	1636_g	2667_g	704_g	*	2644_g	758_g	*
6	6	0.667	160_g	*	3386_g	5084_g	*	3370_g	4556_g	6759_g
6	6	0.667	643_g	4261_g	1715_g	1462_g	*	1685_g	2565_g	*
6	6	0.667	801_g	*	2444_g	2437_g	2512_g	2402_g	1490_g	*
6	6	0.667	875_g	3916_g	3087_g	4894_g	*	3060_g	4234_g	*
6	6	0.667	881_g	*	2316_g	2303_g	2382_g	2275_g	1369_g	*
6	6	0.5	*	*	2808_g	1241_g	2883_g	2783_g	1901_g	2256_g
6	6	0.5	*	1034_g	3094_g	4887_g	3159_g	3066_g	4229_g	*
6	6	0.5	*	1138_g	481_g	510_g	492_g	461_g	1649_g	*
6	6	0.5	*	1147_g	4762_g	2910_g	4872_g	4761_g	3720_g	*
6	6	0.5	*	116_g	1386_g	1656_g	1432_g	1361_g	4820_g	*
6	6	0.5	*	1343_g	3903_g	4142_g	3983_g	3897_g	2170_g	*
6	6	0.5	*	1447_g	4814_g	2957_g	4920_g	4806_g	3673_g	*
6	6	0.5	*	1665_g	20_g	4721_g	27_g	16_g	916_g	*
6	6	0.5	*	1858_g	397_g	585_g	408_g	386_g	1719_g	*
6	6	0.5	*	1905_g	4249_g	3880_g	4363_g	4258_g	2319_g	*
6	6	0.5	*	1_g	332_g	648_g	337_g	322_g	1783_g	*
6	6	0.5	*	209_g	2487_g	2482_g	2560_g	2450_g	1534_g	*
6	6	0.5	*	2153_g	1844_g	1333_g	1886_g	1812_g	2448_g	*
6	6	0.5	*	216_g	3082_g	4898_g	3150_g	3056_g	4238_g	*
6	6	0.5	*	2285_g	3548_g	3200_g	3627_g	3555_g	3191_g	*
6	6	0.5	*	2335_g	4530_g	2691_g	4643_g	4539_g	3937_g	*
6	6	0.5	*	2524_g	4707_g	2860_g	4818_g	4707_g	3768_g	*
6	6	0.5	*	2613_g	679_g	3495_g	702_g	654_g	119_g	*
6	6	0.5	*	2651_g	783_g	488_g	820_g	769_g	4655_g	*
6	6	0.5	*	274_g	3913_g	4152_g	3994_g	3908_g	2160_g	*
6	6	0.5	*	2788_g	2200_g	2183_g	2258_g	2156_g	1251_g	*
6	6	0.5	*	2796_g	851_g	425_g	886_g	833_g	238_g	*
6	6	0.5	*	280_g	12_g	4729_g	15_g	8_g	923_g	*
6	6	0.5	*	2923_g	1950_g	77_g	1988_g	1912_g	1014_g	*
6	6	0.5	*	2925_g	1948_g	74_g	1985_g	1910_g	1012_g	*
6	6	0.5	*	2939_g	3865_g	4105_g	3948_g	3858_g	2206_g	*
6	6	0.5	*	3004_g	4109_g	3077_g	4203_g	4126_g	3570_g	*
6	6	0.5	*	3051_g	1768_g	1407_g	1815_g	1739_g	2514_g	*
6	6	0.5	*	3061_g	415_g	569_g	425_g	401_g	1706_g	*
6	6	0.5	*	3253_g	1428_g	1982_g	1471_g	1402_g	4859_g	*
6	6	0.5	*	3334_g	2986_g	1166_g	3055_g	2940_g	3424_g	*
6	6	0.5	*	3336_g	2161_g	2144_g	2215_g	2118_g	1214_g	*
6	6	0.5	*	3342_g	3671_g	3318_g	3755_g	3625_g	3074_g	*
6	6	0.5	*	3356_g	4124_g	3088_g	4222_g	4140_g	3583_g	*
6	6	0.5	*	3411_g	1477_g	2081_g	1523_g	1455_g	3304_g	*
6	6	0.5	*	3434_g	3185_g	4805_g	3257_g	3162_g	4149_g	*
6	6	0.5	*	3464_g	4734_g	2886_g	4847_g	4736_g	3743_g	*
6	6	0.5	*	3471_g	2226_g	2212_g	2286_g	2183_g	1280_g	*
6	6	0.5	*	354_g	2445_g	2438_g	2513_g	2403_g	1491_g	*
6	6	0.5	*	3680_g	424_g	561_g	434_g	409_g	1698_g	*
6	6	0.5	*	3934_g	175_g	4568_g	187_g	170_g	4369_g	*
6	6	0.5	*	4074_g	1962_g	89_g	2001_g	1923_g	1026_g	*
6	6	0.5	*	4107_g	156_g	4588_g	168_g	150_g	4352_g	*
6	6	0.5	*	425_g	2068_g	193_g	2111_g	2026_g	1121_g	*
6	6	0.5	*	4323_g	4152_g	3113_g	4249_g	4167_g	3609_g	*
6	6	0.5	*	480_g	226_g	4520_g	240_g	215_g	4417_g	*
6	6	0.5	*	5302_g	2907_g	5042_g	2984_g	2877_g	2739_g	*
6	6	0.5	*	5335_g	1560_g	1611_g	1613_g	1539_g	2714_g	*
6	6	0.5	*	6388_g	4198_g	3155_g	4297_g	4209_g	634_g	*
6	6	0.5	*	6548_g	4593_g	2751_g	4705_g	4598_g	3881_g	*
6	6	0.5	*	6583_g	150_g	4595_g	162_g	143_g	793_g	*
6	6	0.5	*	6609_g	4293_g	3839_g	4395_g	4300_g	2926_g	*
6	6	0.5	*	6638_g	2920_g	5055_g	2998_g	2889_g	2727_g	*
6	6	0.5	*	6640_g	410_g	573_g	421_g	397_g	1709_g	*
6	6	0.5	*	6652_g	2039_g	161_g	2077_g	1996_g	1092_g	*
6	6	0.5	*	6706_g	2912_g	5047_g	2990_g	2882_g	2735_g	*
6	6	0.5	*	6859_g	847_g	429_g	882_g	829_g	233_g	*
6	6	0.5	*	6863_g	3737_g	3979_g	3815_g	3734_g	2980_g	*
6	6	0.5	*	688_g	1006_g	269_g	1040_g	988_g	377_g	*
6	6	0.5	*	7078_g	1790_g	1385_g	1834_g	1760_g	2494_g	*
6	6	0.5	*	715_g	2374_g	2362_g	2449_g	2333_g	1426_g	*
6	6	0.5	*	799_g	2518_g	2512_g	2593_g	2479_g	1562_g	*
6	6	0.5	*	80_g	654_g	3519_g	673_g	628_g	144_g	*
6	6	0.5	*	814_g	729_g	3440_g	759_g	708_g	67_g	*
6	6	0.5	*	904_g	396_g	587_g	405_g	384_g	1721_g	*
6	6	0.5	*	980_g	1983_g	108_g	2019_g	1942_g	1043_g	*
6	6	0.5	104_g	5208_g	2805_g	1238_g	*	2780_g	1904_g	*
6	6	0.5	1079_g	6783_g	3208_g	4783_g	*	3182_g	4130_g	*
6	6	0.5	1113_g	*	1097_g	1935_g	1132_g	1078_g	466_g	*
6	6	0.5	141_g	*	1786_g	1389_g	1830_g	1756_g	2498_g	*
6	6	0.5	251_g	*	3756_g	3997_g	3833_g	3752_g	2962_g	*
6	6	0.5	317_g	*	2318_g	2305_g	2384_g	2277_g	1371_g	*
6	6	0.5	421_g	*	2342_g	2329_g	2409_g	2301_g	1395_g	*
6	6	0.5	500_g	*	2213_g	2195_g	2272_g	2169_g	1265_g	*
6	6	0.5	529_g	*	3071_g	4909_g	3139_g	3045_g	4249_g	*
6	6	0.5	555_g	1959_g	3818_g	4055_g	*	3810_g	2258_g	*
6	6	0.5	561_g	2406_g	4793_g	2937_g	*	4789_g	3692_g	*
6	6	0.5	628_g	2864_g	4730_g	2882_g	*	4732_g	3747_g	*
6	6	0.5	709_g	738_g	3765_g	4005_g	*	3761_g	2952_g	*
6	6	0.5	75_g	*	15_g	4725_g	18_g	11_g	920_g	*
6	6	0.5	787_g	*	581_g	3590_g	597_g	558_g	4300_g	*
6	6	0.5	831_g	4062_g	4423_g	2578_g	*	4426_g	4041_g	*
6	6	0.5	857_g	*	2159_g	2142_g	2212_g	2116_g	1212_g	*
6	6	0.431	*	1143_g	1166_g	1864_g	1209_g	1149_g	541_g	*
6	6	0.431	*	1304_g	2241_g	2226_g	2300_g	2198_g	1294_g	*
6	6	0.431	*	1384_g	3402_g	5101_g	3482_g	3385_g	4573_g	*
6	6	0.431	*	1624_g	3806_g	4044_g	3887_g	3799_g	2270_g	*
6	6	0.431	*	1734_g	2240_g	2225_g	2299_g	2197_g	1293_g	*
6	6	0.431	*	1913_g	3918_g	4159_g	4003_g	3914_g	2152_g	*
6	6	0.431	*	2086_g	790_g	482_g	827_g	776_g	181_g	*
6	6	0.431	*	2097_g	1293_g	1748_g	1338_g	1273_g	4730_g	*
6	6	0.431	*	2137_g	638_g	3534_g	654_g	613_g	783_g	*
6	6	0.431	*	2140_g	2334_g	2321_g	2400_g	2293_g	1387_g	*
6	6	0.431	*	2265_g	501_g	3669_g	512_g	480_g	1626_g	*
6	6	0.431	*	2477_g	865_g	411_g	901_g	845_g	250_g	*
6	6	0.431	*	2619_g	1061_g	215_g	1095_g	1042_g	431_g	*
6	6	0.431	*	268_g	2236_g	2221_g	2295_g	2193_g	1289_g	*
6	6	0.431	*	2834_g	3748_g	3989_g	3825_g	3744_g	2970_g	*
6	6	0.431	*	292_g	871_g	405_g	906_g	851_g	256_g	*
6	6	0.431	*	2932_g	2727_g	4398_g	2792_g	2698_g	1983_g	*
6	6	0.431	*	2_g	1654_g	1523_g	1713_g	1626_g	2626_g	*
6	6	0.431	*	3187_g	1682_g	1494_g	1740_g	1655_g	2597_g	*
6	6	0.431	*	3307_g	2769_g	4352_g	2840_g	2742_g	1939_g	*
6	6	0.431	*	3491_g	4206_g	3923_g	4307_g	4218_g	643_g	*
6	6	0.431	*	3839_g	4696_g	2850_g	4806_g	4696_g	3777_g	*
6	6	0.431	*	400_g	1628_g	1546_g	1689_g	1603_g	2648_g	*
6	6	0.431	*	4207_g	2547_g	1030_g	2612_g	2521_g	2365_g	*
6	6	0.431	*	557_g	1254_g	1786_g	1300_g	1233_g	4692_g	*
6	6	0.431	*	6773_g	4503_g	2662_g	4615_g	4510_g	3961_g	*
6	6	0.431	*	6960_g	97_g	4645_g	107_g	92_g	839_g	*
6	6	0.431	*	871_g	2832_g	1263_g	2907_g	2804_g	1880_g	*
6	6	0.431	1308_g	3446_g	1517_g	2118_g	*	1493_g	3336_g	*
6	6	0.431	1319_g	4102_g	430_g	555_g	440_g	415_g	*	*
6	6	0.431	133_g	*	2555_g	1040_g	2624_g	2530_g	2356_g	*
6	6	0.431	1342_g	*	2283_g	2271_g	2350_g	2244_g	1336_g	*
6	6	0.431	1348_g	1382_g	*	2476_g	2555_g	2443_g	1527_g	*
6	6	0.431	156_g	*	488_g	502_g	499_g	468_g	1640_g	*
6	6	0.431	324_g	7055_g	4142_g	3104_g	*	4156_g	3600_g	*
6	6	0.431	327_g	1824_g	1165_g	*	1208_g	1148_g	540_g	*
6	6	0.431	334_g	*	1085_g	1948_g	1118_g	1065_g	453_g	*
6	6	0.431	363_g	6982_g	3432_g	5122_g	*	3428_g	4595_g	*
6	6	0.431	519_g	880_g	2887_g	5021_g	*	2856_g	2759_g	*
6	6	0.431	848_g	4108_g	155_g	4589_g	167_g	*	4351_g	*
6	6	0.397	*	1139_g	480_g	511_g	491_g	460_g	1650_g	*
6	6	0.397	*	1282_g	2822_g	1254_g	2895_g	2795_g	1887_g	*
6	6	0.397	*	146_g	1032_g	243_g	1066_g	1014_g	404_g	*
6	6	0.397	*	159_g	3002_g	1184_g	3071_g	2956_g	3442_g	*
6	6	0.397	*	2162_g	1044_g	233_g	1076_g	1024_g	414_g	*
6	6	0.397	*	2239_g	2860_g	4993_g	2936_g	2829_g	2783_g	*
6	6	0.397	*	2687_g	741_g	3429_g	776_g	717_g	58_g	*
6	6	0.397	*	3409_g	2184_g	2167_g	2240_g	2141_g	1235_g	*
6	6	0.397	*	3475_g	1934_g	61_g	1971_g	1897_g	999_g	*
6	6	0.397	*	4076_g	4803_g	2947_g	4911_g	4798_g	3682_g	*
6	6	0.397	*	984_g	1986_g	111_g	2022_g	1945_g	1046_g	*
6	6	0.397	1014_g	*	1291_g	1750_g	1336_g	1271_g	4728_g	*
6	6	0.397	1101_g	1464_g	3633_g	3283_g	*	3660_g	3111_g	*
6	6	0.397	115_g	*	458_g	529_g	468_g	442_g	1667_g	*
6	6	0.397	216_g	4861_g	*	2649_g	4603_g	4497_g	3974_g	*
6	6	0.397	291_g	*	1134_g	1897_g	1176_g	1116_g	503_g	*
6	6	0.397	388_g	2736_g	4481_g	2638_g	*	4488_g	3984_g	*
6	6	0.397	633_g	*	1038_g	237_g	1072_g	1020_g	410_g	*
6	6	0.378	*	1119_g	1801_g	1377_g	1843_g	1768_g	2486_g	*
6	6	0.378	*	1180_g	2244_g	2229_g	2303_g	2201_g	1296_g	*
6	6	0.378	*	3282_g	1853_g	1325_g	1894_g	1819_g	2442_g	*
6	6	0.378	*	3362_g	23_g	4718_g	30_g	20_g	913_g	*
6	6	0.378	*	3575_g	4653_g	2806_g	4762_g	4653_g	3825_g	*
6	6	0.378	*	4020_g	1094_g	1939_g	1127_g	1074_g	462_g	*
6	6	0.378	*	4140_g	3627_g	3277_g	3710_g	3666_g	3117_g	*
6	6	0.378	*	4383_g	2065_g	189_g	2109_g	2024_g	1119_g	*
6	6	0.378	*	4964_g	1412_g	1968_g	1456_g	1388_g	4845_g	*
6	6	0.378	*	538_g	624_g	3546_g	641_g	599_g	4342_g	*
6	6	0.378	*	6849_g	390_g	593_g	398_g	379_g	1727_g	*
6	6	0.378	752_g	*	439_g	547_g	451_g	424_g	1685_g	*
6	6	0.333	*	*	670_g	3504_g	690_g	644_g	128_g	7838_g
6	6	0.333	*	125_g	834_g	442_g	866_g	816_g	220_g	*
6	6	0.333	*	1277_g	3984_g	4226_g	4079_g	3986_g	2086_g	*
6	6	0.333	*	1371_g	3154_g	4829_g	3228_g	3128_g	4172_g	*
6	6	0.333	*	1482_g	1593_g	1585_g	1641_g	1565_g	2685_g	*
6	6	0.333	*	1668_g	2307_g	2294_g	2372_g	2264_g	1360_g	*
6	6	0.333	*	2044_g	2038_g	160_g	2076_g	1995_g	1091_g	*
6	6	0.333	*	2060_g	2381_g	2367_g	2453_g	2338_g	1431_g	*
6	6	0.333	*	2377_g	1825_g	1352_g	1867_g	1791_g	2466_g	*
6	6	0.333	*	2533_g	3544_g	3196_g	3623_g	3551_g	1823_g	*
6	6	0.333	*	2631_g	1283_g	1759_g	1327_g	1262_g	4719_g	*
6	6	0.333	*	2669_g	1572_g	1599_g	1626_g	1551_g	2703_g	*
6	6	0.333	*	2769_g	2255_g	2240_g	2315_g	2213_g	1306_g	*
6	6	0.333	*	2858_g	2064_g	188_g	2108_g	2023_g	1118_g	*
6	6	0.333	*	2888_g	1081_g	1952_g	1114_g	1061_g	449_g	*
6	6	0.333	*	3167_g	4474_g	2631_g	4586_g	4481_g	3991_g	*
6	6	0.333	*	3190_g	1799_g	1379_g	1840_g	1766_g	2488_g	*
6	6	0.333	*	343_g	2404_g	2391_g	2434_g	2362_g	1455_g	*
6	6	0.333	*	3486_g	4402_g	3725_g	4512_g	4409_g	2817_g	*
6	6	0.333	*	3719_g	1650_g	1527_g	1709_g	1622_g	2630_g	*
6	6	0.333	*	3812_g	706_g	3465_g	731_g	684_g	91_g	*
6	6	0.333	*	4044_g	4349_g	3782_g	4457_g	4359_g	2869_g	*
6	6	0.333	*	4054_g	4162_g	3122_g	4258_g	4176_g	3618_g	*
6	6	0.333	*	4313_g	2291_g	2279_g	2358_g	2252_g	1344_g	*
6	6	0.333	*	4430_g	1841_g	1337_g	1882_g	1808_g	2452_g	*
6	6	0.333	*	6449_g	1551_g	1620_g	1605_g	1531_g	3371_g	*
6	6	0.333	*	6514_g	1217_g	1818_g	1263_g	1199_g	587_g	*
6	6	0.333	*	6559_g	1864_g	1313_g	1906_g	1829_g	2431_g	*
6	6	0.333	*	6729_g	2855_g	4989_g	2929_g	2824_g	2788_g	*
6	6	0.333	*	6889_g	685_g	3487_g	708_g	662_g	112_g	*
6	6	0.333	*	6941_g	4165_g	3125_g	4261_g	4179_g	3621_g	*
6	6	0.333	*	883_g	1917_g	43_g	1951_g	1879_g	980_g	*
6	6	0.333	*	889_g	952_g	321_g	984_g	937_g	329_g	*
6	6	0.333	*	939_g	3012_g	1192_g	3080_g	2965_g	3451_g	*
6	6	0.333	1091_g	1575_g	3877_g	4117_g	*	3870_g	2194_g	*
6	6	0.333	1121_g	7228_g	4320_g	3811_g	*	4328_g	2897_g	*
6	6	0.333	1151_g	4030_g	4449_g	2606_g	*	4454_g	4015_g	*
6	6	0.333	1157_g	*	2110_g	810_g	2157_g	2068_g	1164_g	*
6	6	0.333	1349_g	1550_g	2955_g	1143_g	*	2920_g	3400_g	*
6	6	0.333	293_g	1301_g	1757_g	1418_g	*	1728_g	2524_g	*
6	6	0.333	471_g	1659_g	3540_g	3191_g	*	3545_g	1828_g	*
6	6	0.333	623_g	*	906_g	367_g	944_g	888_g	290_g	*
6	6	0.333	640_g	*	2284_g	2272_g	2351_g	2245_g	1337_g	*
6	6	0.333	651_g	*	3928_g	4169_g	4013_g	3924_g	2143_g	*
6	6	0.333	719_g	*	1599_g	1578_g	1647_g	1571_g	2679_g	*
6	6	0.333	821_g	3213_g	3676_g	3323_g	*	3620_g	3070_g	*
6	6	0.333	928_g	6885_g	*	3522_g	670_g	626_g	146_g	*
6	6	0.305	*	124_g	835_g	441_g	867_g	817_g	221_g	*
6	6	0.305	*	1530_g	2331_g	2318_g	2397_g	2290_g	1384_g	*
6	6	0.305	*	1578_g	2417_g	2412_g	2484_g	2375_g	1467_g	*
6	6	0.305	*	1587_g	3198_g	4792_g	3270_g	3174_g	4138_g	*
6	6	0.305	*	1953_g	1833_g	1343_g	1875_g	1801_g	2457_g	*
6	6	0.305	*	2152_g	1845_g	1332_g	1887_g	1813_g	2447_g	*
6	6	0.305	*	2231_g	88_g	4654_g	98_g	84_g	849_g	*
6	6	0.305	*	2311_g	2165_g	2148_g	2219_g	2122_g	1217_g	*
6	6	0.305	*	2314_g	219_g	4529_g	232_g	208_g	4408_g	*
6	6	0.305	*	2746_g	4417_g	2572_g	4522_g	4420_g	4048_g	*
6	6	0.305	*	284_g	3999_g	4240_g	4095_g	4001_g	2071_g	*
6	6	0.305	*	3009_g	2613_g	1096_g	2685_g	2590_g	705_g	*
6	6	0.305	*	3024_g	27_g	4712_g	34_g	24_g	909_g	*
6	6	0.305	*	3090_g	2050_g	173_g	2092_g	2008_g	1103_g	*
6	6	0.305	*	3325_g	2724_g	4401_g	2786_g	2695_g	1986_g	*
6	6	0.305	*	3573_g	2993_g	1173_g	*	2947_g	3431_g	13469_g
6	6	0.305	*	3740_g	948_g	325_g	980_g	933_g	325_g	*
6	6	0.305	*	377_g	543_g	3628_g	556_g	521_g	1587_g	*
6	6	0.305	*	4341_g	2085_g	1110_g	2127_g	2041_g	1136_g	*
6	6	0.305	*	512_g	2818_g	1249_g	2891_g	2791_g	1893_g	*
6	6	0.305	*	5477_g	4311_g	3822_g	4413_g	4318_g	2908_g	*
6	6	0.305	*	615_g	1008_g	267_g	1042_g	989_g	379_g	*
6	6	0.305	*	6593_g	1676_g	1500_g	1734_g	1649_g	2603_g	*
6	6	0.305	*	6769_g	2156_g	762_g	2208_g	2113_g	1209_g	*
6	6	0.305	*	851_g	4189_g	3146_g	4285_g	4201_g	626_g	*
6	6	0.305	1003_g	*	4208_g	3921_g	4309_g	4220_g	645_g	*
6	6	0.305	176_g	3327_g	697_g	*	724_g	676_g	99_g	*
6	6	0.305	20_g	3141_g	3320_g	878_g	*	3300_g	3269_g	*
6	6	0.305	224_g	*	1384_g	1658_g	1430_g	1359_g	4818_g	*
6	6	0.305	401_g	*	1233_g	1803_g	1279_g	1214_g	602_g	*
6	6	0.305	509_g	3054_g	4788_g	2932_g	*	4783_g	3698_g	*
6	6	0.305	566_g	3281_g	1854_g	*	1895_g	1820_g	2441_g	*
6	6	0.305	582_g	*	2089_g	1116_g	2133_g	2045_g	1141_g	*
6	6	0.305	723_g	*	2276_g	2264_g	2341_g	2237_g	1330_g	*
6	6	0.305	783_g	2100_g	2950_g	1138_g	*	2915_g	3396_g	*
6	6	0.305	78_g	3691_g	1375_g	1667_g	1421_g	*	4809_g	*
6	6	0.305	807_g	3630_g	2558_g	1043_g	*	2533_g	2353_g	*
6	6	0.305	84_g	5525_g	1096_g	1937_g	*	1076_g	464_g	*
6	6	0.305	896_g	*	4102_g	3070_g	4194_g	4119_g	3562_g	*
6	6	0.298	*	1288_g	4269_g	3862_g	4386_g	4279_g	2947_g	*
6	6	0.298	*	2577_g	2023_g	146_g	2061_g	1980_g	1077_g	*
6	6	0.298	*	303_g	4509_g	2668_g	4621_g	4516_g	3956_g	*
6	6	0.298	*	3273_g	1706_g	1470_g	1761_g	1677_g	2573_g	*
6	6	0.298	*	3370_g	988_g	286_g	1019_g	972_g	361_g	*
6	6	0.298	*	3847_g	1724_g	1453_g	1771_g	1694_g	2557_g	*
6	6	0.298	*	3935_g	177_g	4566_g	189_g	172_g	4371_g	*
6	6	0.298	*	5584_g	4687_g	2841_g	4797_g	4686_g	3786_g	*
6	6	0.298	*	6824_g	1734_g	1442_g	1776_g	1705_g	2548_g	*
6	6	0.298	1282_g	4396_g	3253_g	946_g	*	3233_g	3205_g	*
6	6	0.298	662_g	*	585_g	3587_g	600_g	560_g	4303_g	*
6	6	0.283	*	1017_g	1773_g	1400_g	1820_g	1744_g	2507_g	*
6	6	0.283	*	1165_g	3797_g	4035_g	3877_g	3792_g	2278_g	*
6	6	0.283	*	1510_g	1207_g	1827_g	1253_g	1190_g	577_g	*
6	6	0.283	*	2862_g	4727_g	2880_g	4841_g	4729_g	3749_g	*
6	6	0.283	*	2934_g	2370_g	2359_g	2446_g	2330_g	1423_g	*
6	6	0.283	*	3168_g	3418_g	5109_g	3496_g	3415_g	4581_g	*
6	6	0.283	*	3402_g	2578_g	1062_g	2648_g	2551_g	2334_g	*
6	6	0.283	*	3455_g	1877_g	1303_g	1918_g	1841_g	2420_g	*
6	6	0.283	*	3613_g	2767_g	4354_g	2835_g	2740_g	1941_g	*
6	6	0.283	*	3835_g	928_g	345_g	968_g	912_g	314_g	*
6	6	0.283	*	412_g	3396_g	5095_g	3476_g	3379_g	4567_g	*
6	6	0.283	*	4321_g	607_g	3566_g	624_g	581_g	4325_g	*
6	6	0.283	*	433_g	555_g	3617_g	571_g	532_g	1576_g	*
6	6	0.283	*	5494_g	1152_g	1877_g	1195_g	1136_g	522_g	*
6	6	0.283	*	651_g	3735_g	3976_g	3813_g	3732_g	2982_g	*
6	6	0.283	*	6813_g	469_g	520_g	482_g	451_g	1659_g	*
6	6	0.283	*	7000_g	135_g	4609_g	148_g	128_g	807_g	*
6	6	0.283	*	744_g	1810_g	1369_g	1852_g	1777_g	2478_g	*
6	6	0.283	152_g	1528_g	3443_g	5132_g	*	3438_g	4605_g	*
6	6	0.283	295_g	3215_g	3674_g	3321_g	3758_g	3622_g	*	*
6	6	0.283	386_g	*	540_g	3631_g	553_g	518_g	1589_g	*
6	6	0.283	629_g	2427_g	3796_g	4034_g	*	3791_g	2279_g	*
6	6	0.283	677_g	4221_g	4558_g	2719_g	*	4567_g	3910_g	*
6	6	0.283	789_g	1456_g	4350_g	3781_g	*	4360_g	2868_g	*
6	6	0.268	*	1308_g	1590_g	1587_g	1639_g	1563_g	2687_g	*
6	6	0.268	*	1986_g	3651_g	3300_g	3733_g	3643_g	3094_g	*
6	6	0.268	*	2242_g	844_g	432_g	879_g	826_g	230_g	*
6	6	0.268	*	2346_g	1262_g	1779_g	1308_g	1241_g	4700_g	*
6	6	0.268	*	2825_g	*	1647_g	1440_g	1369_g	4828_g	9615_g
6	6	0.268	*	4398_g	2204_g	*	2262_g	2160_g	1256_g	2214_g
6	6	0.268	*	564_g	918_g	355_g	957_g	900_g	302_g	*
6	6	0.268	*	6722_g	2301_g	2288_g	2366_g	2260_g	1354_g	*
6	6	0.268	*	6792_g	3100_g	4881_g	3165_g	3072_g	4223_g	*
6	6	0.268	663_g	1628_g	4416_g	2571_g	*	4419_g	4049_g	*
6	6	0.264	*	2629_g	1755_g	1420_g	1798_g	1726_g	2526_g	*
6	6	0.264	*	2637_g	2062_g	186_g	2106_g	2021_g	1116_g	*
6	6	0.264	*	3104_g	756_g	3414_g	792_g	732_g	43_g	*
6	6	0.253	*	1041_g	1615_g	1558_g	1676_g	1590_g	2661_g	*
6	6	0.253	*	1380_g	4606_g	2762_g	4717_g	4610_g	3870_g	*
6	6	0.253	*	1453_g	3553_g	3206_g	3633_g	3561_g	1817_g	*
6	6	0.253	*	2312_g	2164_g	2147_g	2218_g	2121_g	1216_g	*
6	6	0.253	*	2822_g	4262_g	3869_g	4377_g	4271_g	2308_g	*
6	6	0.253	*	2937_g	3867_g	4107_g	3950_g	3860_g	2204_g	*
6	6	0.253	*	3478_g	236_g	4510_g	252_g	224_g	4427_g	*
6	6	0.253	*	398_g	1630_g	1544_g	1691_g	1605_g	2646_g	*
6	6	0.253	*	4189_g	3766_g	4006_g	3843_g	3762_g	2951_g	*
6	6	0.253	*	6391_g	2223_g	2210_g	2283_g	2180_g	1277_g	*
6	6	0.253	*	6612_g	504_g	3666_g	516_g	483_g	1622_g	*
6	6	0.253	*	6749_g	223_g	4523_g	237_g	212_g	4414_g	*
6	6	0.253	*	7157_g	3460_g	5146_g	3537_g	3454_g	3032_g	*
6	6	0.253	*	900_g	1539_g	1633_g	4487_g	1518_g	3358_g	*
6	6	0.253	1051_g	1863_g	2005_g	131_g	2045_g	1965_g	*	*
6	6	0.253	1106_g	3714_g	3310_g	888_g	*	3290_g	3258_g	*
6	6	0.253	240_g	*	4325_g	3805_g	4433_g	4333_g	2893_g	*
6	6	0.253	243_g	2797_g	852_g	424_g	887_g	*	239_g	*
6	6	0.253	267_g	*	4440_g	2596_g	4546_g	4445_g	4024_g	*
6	6	0.253	26_g	4484_g	4354_g	3776_g	*	4364_g	2863_g	*
6	6	0.253	501_g	1416_g	3872_g	4112_g	*	3865_g	2199_g	*
6	6	0.253	560_g	*	4792_g	2936_g	4899_g	4788_g	3693_g	*
6	6	0.253	627_g	2236_g	3946_g	4185_g	*	3941_g	2129_g	*
6	6	0.253	63_g	*	574_g	3598_g	589_g	551_g	4292_g	*
6	6	0.253	647_g	2718_g	387_g	596_g	395_g	*	1730_g	*
6	6	0.253	64_g	*	575_g	3596_g	591_g	552_g	4294_g	*
6	6	0.24	*	1185_g	1607_g	1567_g	1667_g	1581_g	2669_g	*
6	6	0.24	*	1497_g	1746_g	1429_g	1789_g	1717_g	2535_g	*
6	6	0.24	*	1586_g	3199_g	4791_g	3271_g	3175_g	4137_g	*
6	6	0.24	*	1626_g	2199_g	2182_g	2256_g	2155_g	1250_g	*
6	6	0.24	*	2223_g	1172_g	1860_g	1214_g	1154_g	546_g	*
6	6	0.24	*	3025_g	3471_g	5162_g	3550_g	3465_g	3021_g	*
6	6	0.24	*	327_g	1341_g	1701_g	1387_g	1320_g	4776_g	*
6	6	0.24	*	3670_g	2467_g	2459_g	2538_g	2426_g	1511_g	*
6	6	0.24	*	3951_g	2471_g	2463_g	2542_g	2430_g	1515_g	*
6	6	0.24	*	6485_g	2017_g	140_g	2054_g	1974_g	1072_g	*
6	6	0.24	*	6552_g	2205_g	2187_g	2263_g	2161_g	1257_g	*
6	6	0.24	1235_g	2329_g	3837_g	4076_g	*	3828_g	2237_g	*
6	6	0.24	1310_g	4322_g	4153_g	3114_g	*	4168_g	3610_g	*
6	6	0.24	497_g	*	2157_g	761_g	2210_g	2114_g	1210_g	*
6	6	0.24	514_g	310_g	4274_g	3857_g	*	4284_g	2942_g	*
6	6	0.24	864_g	*	2130_g	790_g	2180_g	2087_g	1183_g	*
6	6	0.23	*	1666_g	19_g	4722_g	26_g	15_g	917_g	*
6	6	0.23	*	2053_g	631_g	3539_g	648_g	606_g	4349_g	*
6	6	0.23	*	2158_g	2320_g	2307_g	2386_g	2279_g	1373_g	*
6	6	0.23	*	3294_g	2054_g	177_g	2096_g	2012_g	1107_g	*
6	6	0.23	*	3758_g	1929_g	56_g	1966_g	1892_g	994_g	*
6	6	0.23	*	4048_g	3555_g	3208_g	3635_g	3563_g	3184_g	*
6	6	0.23	*	6521_g	1777_g	1396_g	1824_g	1748_g	2504_g	*
6	6	0.23	874_g	3729_g	4587_g	2745_g	*	4592_g	3886_g	*
6	6	0.211	*	1706_g	1471_g	2076_g	1518_g	1450_g	3299_g	*
6	6	0.211	*	2638_g	2061_g	185_g	2105_g	2020_g	1115_g	*
6	6	0.211	*	289_g	868_g	408_g	904_g	848_g	253_g	*
6	6	0.211	*	3206_g	2091_g	1118_g	2135_g	2047_g	1143_g	*
6	6	0.211	*	4159_g	815_g	458_g	851_g	800_g	206_g	*
6	6	0.211	*	418_g	3577_g	3230_g	3660_g	3711_g	3161_g	*
6	6	0.211	*	6484_g	1137_g	1893_g	1180_g	1120_g	506_g	*
6	6	0.211	278_g	1909_g	3066_g	4915_g	*	3038_g	4256_g	*
6	6	0.198	*	1146_g	4760_g	2908_g	4870_g	4759_g	3722_g	*
6	6	0.198	*	2826_g	3274_g	926_g	3338_g	3253_g	3223_g	*
6	6	0.198	*	2828_g	3127_g	4854_g	3201_g	3099_g	4196_g	*
6	6	0.198	*	3100_g	4225_g	3904_g	4327_g	4234_g	659_g	*
6	6	0.198	*	3245_g	2042_g	164_g	2080_g	1999_g	1094_g	*
6	6	0.198	*	3441_g	2002_g	129_g	2043_g	1962_g	1062_g	*
6	6	0.198	*	832_g	2101_g	1130_g	2148_g	2059_g	1155_g	*
6	6	0.198	1223_g	2566_g	3986_g	4228_g	*	3988_g	2084_g	*
6	6	0.185	*	2310_g	4659_g	2811_g	4768_g	4658_g	3815_g	*
6	6	0.185	*	2617_g	1148_g	1881_g	1191_g	1132_g	518_g	*
6	6	0.185	*	2867_g	3345_g	854_g	3415_g	3325_g	4522_g	*
6	6	0.185	*	3810_g	4058_g	3029_g	4150_g	4077_g	3519_g	*
6	6	0.185	*	6395_g	1119_g	1911_g	1158_g	1101_g	489_g	*
6	6	0.185	*	6980_g	2269_g	2257_g	2332_g	2230_g	1323_g	*
6	6	0.185	450_g	2590_g	3816_g	4054_g	*	3809_g	2259_g	*
6	6	0.185	813_g	*	133_g	4611_g	146_g	126_g	809_g	*
6	6	0.167	*	1132_g	693_g	3478_g	719_g	670_g	104_g	*
6	6	0.167	*	1148_g	4135_g	3097_g	4232_g	4150_g	3593_g	*
6	6	0.167	*	1168_g	691_g	3480_g	717_g	668_g	106_g	*
6	6	0.167	*	1256_g	4114_g	3081_g	4209_g	4131_g	3575_g	*
6	6	0.167	*	1337_g	2512_g	2506_g	2588_g	2473_g	1556_g	*
6	6	0.167	*	1480_g	1144_g	1885_g	1187_g	1127_g	514_g	*
6	6	0.167	*	149_g	1230_g	1806_g	1276_g	1211_g	599_g	*
6	6	0.167	*	1747_g	510_g	3659_g	527_g	490_g	1616_g	*
6	6	0.167	*	1815_g	1512_g	2114_g	1559_g	1488_g	3332_g	*
6	6	0.167	*	1896_g	4414_g	2569_g	*	4417_g	4051_g	6423_g
6	6	0.167	*	1898_g	148_g	4597_g	160_g	141_g	796_g	*
6	6	0.167	*	1903_g	4246_g	3883_g	4361_g	4256_g	2321_g	*
6	6	0.167	*	2143_g	1813_g	1366_g	1856_g	1780_g	2475_g	*
6	6	0.167	*	2451_g	2469_g	2461_g	2540_g	2428_g	1513_g	*
6	6	0.167	*	2523_g	4706_g	2859_g	*	4706_g	3769_g	1812_g
6	6	0.167	*	2575_g	2286_g	2274_g	2353_g	2247_g	1339_g	*
6	6	0.167	*	2650_g	77_g	4665_g	86_g	72_g	861_g	*
6	6	0.167	*	2660_g	2229_g	2214_g	2288_g	2185_g	1282_g	*
6	6	0.167	*	2686_g	740_g	3430_g	775_g	716_g	59_g	*
6	6	0.167	*	2696_g	1218_g	1817_g	1264_g	1200_g	588_g	*
6	6	0.167	*	2705_g	2319_g	2306_g	2385_g	2278_g	1372_g	*
6	6	0.167	*	2732_g	2647_g	725_g	2723_g	2625_g	738_g	*
6	6	0.167	*	2761_g	912_g	361_g	951_g	894_g	296_g	*
6	6	0.167	*	2778_g	864_g	412_g	900_g	844_g	249_g	*
6	6	0.167	*	2807_g	1783_g	1392_g	1827_g	1753_g	2500_g	*
6	6	0.167	*	2875_g	2359_g	2347_g	2424_g	2317_g	1411_g	*
6	6	0.167	*	2974_g	2924_g	5059_g	3002_g	2893_g	3372_g	*
6	6	0.167	*	3046_g	1073_g	1960_g	1106_g	1053_g	441_g	*
6	6	0.167	*	3073_g	2867_g	5001_g	2943_g	2836_g	2778_g	*
6	6	0.167	*	3122_g	982_g	292_g	1013_g	966_g	355_g	*
6	6	0.167	*	3237_g	2176_g	2159_g	2232_g	2133_g	1228_g	*
6	6	0.167	*	326_g	3666_g	3313_g	3749_g	3630_g	3079_g	*
6	6	0.167	*	3347_g	2141_g	778_g	2192_g	2098_g	1195_g	*
6	6	0.167	*	3373_g	1004_g	271_g	1038_g	986_g	375_g	*
6	6	0.167	*	3383_g	2032_g	154_g	2070_g	1989_g	1085_g	*
6	6	0.167	*	3394_g	840_g	436_g	874_g	822_g	226_g	*
6	6	0.167	*	3503_g	782_g	489_g	819_g	768_g	4656_g	*
6	6	0.167	*	3678_g	723_g	3447_g	749_g	701_g	74_g	*
6	6	0.167	*	3842_g	2332_g	2319_g	2398_g	2291_g	1385_g	*
6	6	0.167	*	3945_g	2561_g	1045_g	2631_g	2536_g	2351_g	*
6	6	0.167	*	4081_g	493_g	3678_g	504_g	473_g	1634_g	*
6	6	0.167	*	4106_g	157_g	4587_g	169_g	151_g	4353_g	*
6	6	0.167	*	4227_g	1115_g	1916_g	1153_g	1097_g	484_g	*
6	6	0.167	*	4275_g	1154_g	1875_g	1197_g	1137_g	524_g	*
6	6	0.167	*	4281_g	1361_g	1681_g	1408_g	1337_g	4795_g	*
6	6	0.167	*	4308_g	1634_g	1541_g	695_g	1609_g	2643_g	*
6	6	0.167	*	4330_g	2416_g	2411_g	2483_g	2374_g	1466_g	*
6	6	0.167	*	451_g	10_g	4732_g	12_g	6_g	926_g	*
6	6	0.167	*	5203_g	*	621_g	368_g	350_g	1755_g	121_g
6	6	0.167	*	531_g	509_g	3660_g	526_g	489_g	1619_g	*
6	6	0.167	*	5440_g	444_g	544_g	454_g	427_g	1682_g	*
6	6	0.167	*	5621_g	70_g	4672_g	78_g	65_g	869_g	*
6	6	0.167	*	568_g	1326_g	1715_g	1372_g	1306_g	4763_g	*
6	6	0.167	*	5996_g	627_g	3544_g	644_g	601_g	4344_g	*
6	6	0.167	*	61_g	1229_g	1807_g	1275_g	1210_g	598_g	*
6	6	0.167	*	6452_g	3944_g	4184_g	4027_g	3940_g	2130_g	*
6	6	0.167	*	6453_g	4282_g	3851_g	*	4290_g	2936_g	6636_g
6	6	0.167	*	6462_g	803_g	469_g	840_g	789_g	194_g	*
6	6	0.167	*	646_g	495_g	3676_g	506_g	475_g	1632_g	*
6	6	0.167	*	6517_g	4133_g	3095_g	4230_g	4148_g	3591_g	*
6	6	0.167	*	6519_g	1781_g	1394_g	1825_g	1751_g	2502_g	*
6	6	0.167	*	6558_g	1865_g	1312_g	1907_g	1830_g	2430_g	*
6	6	0.167	*	6690_g	2882_g	5015_g	2957_g	2850_g	2765_g	*
6	6	0.167	*	6754_g	1852_g	1326_g	1893_g	1818_g	2443_g	*
6	6	0.167	*	6807_g	2412_g	2399_g	2479_g	2370_g	1462_g	*
6	6	0.167	*	6817_g	1387_g	1655_g	1433_g	1362_g	4821_g	*
6	6	0.167	*	6835_g	2025_g	148_g	2063_g	1982_g	1079_g	*
6	6	0.167	*	6848_g	492_g	3679_g	503_g	472_g	1635_g	*
6	6	0.167	*	6862_g	786_g	486_g	823_g	772_g	4652_g	*
6	6	0.167	*	7077_g	1789_g	1386_g	1833_g	1759_g	2495_g	*
6	6	0.167	*	7145_g	2275_g	2263_g	2340_g	2236_g	1329_g	*
6	6	0.167	*	797_g	3851_g	4090_g	3932_g	3842_g	2223_g	*
6	6	0.167	*	983_g	1985_g	110_g	2021_g	1944_g	1045_g	*
6	6	0.167	1019_g	1681_g	3332_g	866_g	*	3311_g	4509_g	*
6	6	0.167	1052_g	640_g	3363_g	841_g	*	3345_g	4533_g	*
6	6	0.167	1064_g	1156_g	3062_g	4919_g	*	3033_g	4259_g	*
6	6	0.167	1114_g	6881_g	2380_g	2366_g	*	2337_g	1430_g	*
6	6	0.167	1129_g	4087_g	1208_g	1826_g	1254_g	*	578_g	*
6	6	0.167	1158_g	3330_g	3326_g	872_g	*	3305_g	3275_g	*
6	6	0.167	1220_g	*	2458_g	2451_g	2529_g	2417_g	1504_g	*
6	6	0.167	1225_g	5016_g	4725_g	2878_g	*	4727_g	3751_g	*
6	6	0.167	1262_g	3776_g	459_g	528_g	469_g	*	1666_g	*
6	6	0.167	1278_g	1432_g	3830_g	4067_g	*	3821_g	2246_g	*
6	6	0.167	1314_g	2371_g	3076_g	4904_g	*	3050_g	4244_g	*
6	6	0.167	1339_g	2994_g	3296_g	904_g	*	3275_g	3242_g	*
6	6	0.167	139_g	*	1836_g	1340_g	1878_g	1804_g	2455_g	*
6	6	0.167	1437_g	2010_g	2773_g	4347_g	*	2747_g	1934_g	*
6	6	0.167	146_g	*	2789_g	4331_g	2862_g	2766_g	1919_g	*
6	6	0.167	189_g	*	90_g	4653_g	100_g	86_g	847_g	*
6	6	0.167	218_g	3619_g	*	4472_g	296_g	265_g	4467_g	*
6	6	0.167	259_g	1169_g	4675_g	2828_g	*	4674_g	3797_g	*
6	6	0.167	352_g	5339_g	1495_g	2097_g	1542_g	1471_g	*	*
6	6	0.167	390_g	6642_g	4479_g	2636_g	*	4486_g	3986_g	*
6	6	0.167	3_g	2604_g	4020_g	4259_g	*	4021_g	2049_g	*
6	6	0.167	443_g	804_g	920_g	*	959_g	902_g	304_g	*
6	6	0.167	454_g	988_g	3123_g	4858_g	*	3095_g	4201_g	*
6	6	0.167	455_g	989_g	3122_g	4859_g	*	3094_g	4202_g	*
6	6	0.167	472_g	1660_g	3541_g	3192_g	*	3546_g	1827_g	*
6	6	0.167	474_g	*	4105_g	3073_g	4197_g	4122_g	3565_g	*
6	6	0.167	496_g	6431_g	3649_g	3298_g	*	3645_g	3095_g	*
6	6	0.167	513_g	*	2337_g	2325_g	2404_g	2296_g	1390_g	*
6	6	0.167	516_g	6457_g	4276_g	3855_g	*	4286_g	2940_g	*
6	6	0.167	517_g	3867_g	*	4103_g	3946_g	3856_g	2208_g	*
6	6	0.167	527_g	4472_g	3073_g	4907_g	3141_g	*	4248_g	*
6	6	0.167	544_g	1080_g	3788_g	4027_g	3868_g	3784_g	*	*
6	6	0.167	574_g	1911_g	1075_g	*	*	1055_g	443_g	10328_g
6	6	0.167	641_g	6435_g	4777_g	2924_g	*	4775_g	3706_g	*
6	6	0.167	646_g	*	388_g	595_g	396_g	378_g	1729_g	*
6	6	0.167	654_g	6572_g	2593_g	1077_g	*	2567_g	684_g	*
6	6	0.167	667_g	3585_g	2814_g	1245_g	*	2787_g	1897_g	*
6	6	0.167	668_g	3586_g	2815_g	1246_g	*	2788_g	1896_g	*
6	6	0.167	712_g	961_g	4168_g	3128_g	*	4182_g	3624_g	*
6	6	0.167	737_g	338_g	2766_g	4355_g	*	2739_g	1942_g	*
6	6	0.167	742_g	*	2250_g	2235_g	2310_g	2208_g	1301_g	*
6	6	0.167	759_g	*	4816_g	2959_g	4922_g	4808_g	3671_g	*
6	6	0.167	774_g	724_g	4340_g	3792_g	*	4350_g	2879_g	*
6	6	0.167	778_g	917_g	4453_g	2610_g	*	4458_g	4011_g	*
6	6	0.167	806_g	2556_g	4094_g	3064_g	*	4112_g	3555_g	*
6	6	0.167	80_g	894_g	1373_g	1669_g	1419_g	*	4807_g	*
6	6	0.167	837_g	*	1513_g	2115_g	1560_g	1489_g	3333_g	*
6	6	0.167	856_g	*	4060_g	3031_g	4152_g	4079_g	3521_g	*
6	6	0.167	861_g	*	3782_g	4022_g	3862_g	3778_g	2290_g	*
6	6	0.167	86_g	*	2473_g	2465_g	2544_g	2432_g	1516_g	*
6	6	0.167	88_g	*	2475_g	2467_g	2546_g	2434_g	1518_g	*
6	6	0.167	895_g	*	1520_g	2120_g	1566_g	1497_g	3338_g	*
6	6	0.167	918_g	2899_g	2731_g	4394_g	*	2702_g	1979_g	*
6	6	0.167	95_g	3700_g	*	805_g	2163_g	2073_g	1169_g	*
6	6	0.167	969_g	3908_g	1462_g	2065_g	1507_g	1439_g	*	*
6	6	0.167	995_g	2082_g	1697_g	1479_g	*	1669_g	2582_g	*
6	6	0.167	99_g	*	588_g	3584_g	603_g	563_g	4306_g	*
6	6	0.152	*	1193_g	1860_g	1317_g	1902_g	1825_g	2435_g	*
6	6	0.152	*	2057_g	1181_g	1851_g	1226_g	1163_g	552_g	*
6	6	0.152	*	2078_g	3060_g	4920_g	3126_g	3032_g	4260_g	*
6	6	0.152	*	2103_g	1145_g	1884_g	1188_g	1128_g	515_g	*
6	6	0.152	*	2336_g	4529_g	2690_g	*	4538_g	3938_g	307_g
6	6	0.152	*	2593_g	1238_g	1798_g	1284_g	1219_g	608_g	*
6	6	0.152	*	3008_g	1828_g	1348_g	1870_g	1795_g	2462_g	*
6	6	0.152	*	3220_g	4390_g	3742_g	4500_g	4397_g	2831_g	*
6	6	0.152	*	329_g	2084_g	208_g	2126_g	2040_g	1135_g	*
6	6	0.152	*	3456_g	1878_g	1302_g	1919_g	1842_g	2419_g	*
6	6	0.152	*	4005_g	4489_g	2648_g	4602_g	4496_g	3975_g	*
6	6	0.152	*	4067_g	897_g	377_g	935_g	879_g	282_g	*
6	6	0.152	*	4092_g	4726_g	2879_g	4840_g	4728_g	3750_g	*
6	6	0.152	*	4387_g	687_g	3485_g	712_g	664_g	110_g	*
6	6	0.152	*	4428_g	372_g	609_g	380_g	362_g	1743_g	*
6	6	0.152	*	500_g	4147_g	3108_g	4244_g	4162_g	3604_g	*
6	6	0.152	*	6573_g	1102_g	1929_g	1138_g	1084_g	472_g	*
6	6	0.152	*	6840_g	1849_g	1329_g	1890_g	1815_g	2445_g	*
6	6	0.152	*	756_g	2111_g	809_g	2158_g	2069_g	1165_g	*
6	6	0.152	*	826_g	1422_g	1977_g	1466_g	1397_g	4854_g	*
6	6	0.152	*	860_g	4830_g	2973_g	4937_g	4822_g	3659_g	*
6	6	0.152	*	875_g	2826_g	1258_g	2901_g	2799_g	1884_g	*
6	6	0.152	11_g	2758_g	*	96_g	2008_g	1930_g	1032_g	*
6	6	0.152	418_g	2410_g	4527_g	2687_g	*	4535_g	3941_g	*
6	6	0.152	484_g	1113_g	819_g	454_g	*	804_g	210_g	*
6	6	0.152	503_g	6631_g	3598_g	3250_g	*	3691_g	3140_g	*
6	6	0.152	511_g	1100_g	3832_g	4070_g	*	3823_g	2243_g	*
6	6	0.152	586_g	*	3023_g	1204_g	3092_g	2976_g	3462_g	*
6	6	0.152	796_g	128_g	*	4466_g	304_g	285_g	4474_g	*
6	6	0.152	953_g	2945_g	3942_g	4182_g	4025_g	*	2132_g	*
6	6	0.152	97_g	2914_g	3473_g	5164_g	*	3467_g	3018_g	*
6	6	0.149	*	1246_g	4183_g	3140_g	4280_g	4195_g	620_g	*
6	6	0.149	*	2436_g	966_g	307_g	998_g	951_g	341_g	*
6	6	0.149	*	3063_g	1996_g	121_g	2036_g	1955_g	1056_g	*
6	6	0.149	*	3067_g	2000_g	127_g	2041_g	1959_g	1060_g	*
6	6	0.149	*	3256_g	2616_g	755_g	2689_g	2594_g	708_g	*
6	6	0.149	*	3358_g	4122_g	3086_g	4220_g	4138_g	3581_g	*
6	6	0.149	*	3523_g	4505_g	2664_g	4617_g	4512_g	3959_g	*
6	6	0.149	*	3774_g	2430_g	2423_g	2498_g	2387_g	1477_g	*
6	6	0.149	*	3914_g	4089_g	3058_g	4181_g	4106_g	3549_g	*
6	6	0.149	*	4086_g	1209_g	1825_g	1255_g	1191_g	579_g	*
6	6	0.149	*	4438_g	305_g	4457_g	313_g	294_g	4483_g	*
6	6	0.149	1034_g	*	4396_g	3736_g	4506_g	4402_g	2825_g	*
6	6	0.149	342_g	2946_g	3939_g	4179_g	*	3935_g	2134_g	*
6	6	0.148	*	1752_g	4579_g	2738_g	4691_g	4584_g	3894_g	*
6	6	0.148	*	2547_g	1678_g	1498_g	1736_g	1651_g	2601_g	*
6	6	0.148	*	3030_g	2901_g	5035_g	2977_g	2869_g	2747_g	*
6	6	0.148	*	3064_g	1997_g	122_g	2037_g	1956_g	1057_g	*
6	6	0.148	*	3554_g	2427_g	2419_g	2495_g	2384_g	1475_g	*
6	6	0.148	*	426_g	271_g	4478_g	289_g	259_g	4462_g	*
6	6	0.148	*	4326_g	1531_g	2132_g	1578_g	1509_g	3351_g	*
6	6	0.148	*	581_g	568_g	3604_g	583_g	545_g	4286_g	*
6	6	0.148	*	671_g	2497_g	2492_g	2574_g	2460_g	1544_g	*
6	6	0.148	1050_g	1864_g	2004_g	130_g	2044_g	1964_g	*	*
6	6	0.148	106_g	620_g	2803_g	1236_g	*	2778_g	1906_g	*
6	6	0.148	370_g	4453_g	2597_g	1080_g	*	2571_g	688_g	*
6	6	0.148	54_g	*	461_g	526_g	471_g	445_g	1664_g	*
6	6	0.147	*	*	185_g	4559_g	196_g	179_g	4379_g	5866_g
6	6	0.147	*	3180_g	2194_g	2177_g	2250_g	2150_g	1245_g	*
6	6	0.147	*	3306_g	2770_g	4351_g	2841_g	2743_g	1938_g	*
6	6	0.147	*	3313_g	337_g	643_g	343_g	327_g	1778_g	*
6	6	0.147	*	3418_g	2406_g	2393_g	2436_g	2364_g	1457_g	*
6	6	0.147	*	376_g	3458_g	5145_g	3535_g	3452_g	3034_g	*
6	6	0.147	*	6490_g	1907_g	34_g	1942_g	1870_g	971_g	*
6	6	0.147	*	6686_g	215_g	4533_g	228_g	204_g	4404_g	*
6	6	0.147	*	6697_g	1766_g	1409_g	1812_g	1737_g	2516_g	*
6	6	0.147	*	6745_g	2365_g	2354_g	2429_g	2325_g	1418_g	*
6	6	0.147	*	959_g	4666_g	2819_g	4776_g	4665_g	3806_g	*
6	6	0.147	1329_g	*	3462_g	5148_g	3539_g	3456_g	3030_g	*
6	6	0.127	*	1020_g	2634_g	740_g	2707_g	2611_g	723_g	*
6	6	0.127	*	1038_g	1225_g	1811_g	1271_g	1206_g	594_g	*
6	6	0.127	*	1082_g	975_g	299_g	1006_g	959_g	348_g	*
6	6	0.127	*	1286_g	4271_g	3860_g	4388_g	4281_g	2945_g	*
6	6	0.127	*	1649_g	2628_g	745_g	2701_g	2605_g	718_g	*
6	6	0.127	*	171_g	166_g	4578_g	177_g	160_g	4361_g	*
6	6	0.127	*	1804_g	3032_g	1213_g	3101_g	2985_g	3472_g	*
6	6	0.127	*	1987_g	3652_g	3301_g	3734_g	3642_g	3093_g	*
6	6	0.127	*	2064_g	1521_g	2121_g	1567_g	1498_g	3339_g	*
6	6	0.127	*	228_g	3424_g	5115_g	3502_g	3421_g	4587_g	*
6	6	0.127	*	2437_g	967_g	306_g	999_g	952_g	342_g	*
6	6	0.127	*	2459_g	2945_g	1134_g	3020_g	2910_g	3391_g	*
6	6	0.127	*	2684_g	954_g	319_g	986_g	939_g	331_g	*
6	6	0.127	*	2716_g	1945_g	71_g	1982_g	1907_g	1009_g	*
6	6	0.127	*	2747_g	4418_g	2573_g	4523_g	4421_g	4047_g	*
6	6	0.127	*	2750_g	1671_g	1506_g	1728_g	1643_g	2610_g	*
6	6	0.127	*	3062_g	413_g	570_g	424_g	400_g	1707_g	*
6	6	0.127	*	3075_g	478_g	513_g	489_g	458_g	1652_g	*
6	6	0.127	*	3769_g	1819_g	1361_g	1861_g	1785_g	2470_g	*
6	6	0.127	*	3824_g	873_g	403_g	908_g	853_g	258_g	*
6	6	0.127	*	3933_g	174_g	4571_g	186_g	169_g	4368_g	*
6	6	0.127	*	3938_g	2645_g	727_g	2721_g	2623_g	736_g	*
6	6	0.127	*	4060_g	907_g	366_g	945_g	889_g	291_g	*
6	6	0.127	*	4075_g	879_g	397_g	914_g	859_g	263_g	*
6	6	0.127	*	422_g	1745_g	1430_g	1788_g	1716_g	2536_g	*
6	6	0.127	*	4327_g	1532_g	2133_g	1579_g	1510_g	3352_g	*
6	6	0.127	*	4427_g	371_g	610_g	379_g	361_g	1744_g	*
6	6	0.127	*	4441_g	466_g	523_g	475_g	448_g	1661_g	*
6	6	0.127	*	468_g	1541_g	1631_g	1592_g	1520_g	3360_g	*
6	6	0.127	*	5531_g	3111_g	4869_g	3177_g	3084_g	4213_g	*
6	6	0.127	*	6489_g	1908_g	35_g	1943_g	1871_g	972_g	*
6	6	0.127	*	668_g	1961_g	88_g	2000_g	1922_g	1025_g	*
6	6	0.127	*	7080_g	1792_g	1383_g	1836_g	1762_g	2492_g	*
6	6	0.127	*	7094_g	51_g	4690_g	58_g	47_g	888_g	*
6	6	0.127	*	849_g	230_g	4516_g	244_g	218_g	4421_g	*
6	6	0.127	*	982_g	1984_g	109_g	2020_g	1943_g	1044_g	*
6	6	0.127	1352_g	2903_g	4287_g	3847_g	*	4294_g	2932_g	*
6	6	0.127	1405_g	*	194_g	4550_g	211_g	188_g	4387_g	*
6	6	0.127	214_g	*	4491_g	2651_g	4605_g	4499_g	3972_g	*
6	6	0.127	230_g	*	2600_g	1083_g	2670_g	2576_g	691_g	*
6	6	0.127	376_g	1379_g	4621_g	2777_g	*	4625_g	3855_g	*
6	6	0.127	878_g	7178_g	4522_g	2681_g	*	4530_g	3944_g	*
6	6	0.127	887_g	*	4394_g	3738_g	4504_g	4400_g	2827_g	*
6	6	0.127	947_g	3006_g	1684_g	1492_g	*	1657_g	2595_g	*
6	6	0.122	*	2530_g	1954_g	80_g	1992_g	1915_g	1017_g	*
6	6	0.122	*	4232_g	3158_g	4826_g	3232_g	3132_g	4169_g	*
6	6	0.122	*	6092_g	3258_g	941_g	3323_g	3238_g	3210_g	*
6	6	0.122	*	6441_g	4512_g	2671_g	4624_g	4519_g	3953_g	*
6	6	0.12	*	1063_g	1787_g	1388_g	1831_g	1757_g	2497_g	*
6	6	0.12	*	1232_g	651_g	3523_g	669_g	625_g	147_g	*
6	6	0.12	*	2221_g	1173_g	1859_g	1215_g	1155_g	547_g	*
6	6	0.12	*	3869_g	3884_g	4123_g	3966_g	3877_g	2188_g	*
6	6	0.12	*	5491_g	2825_g	1257_g	2898_g	2798_g	1885_g	*
6	6	0.116	*	114_g	1127_g	1904_g	1167_g	1109_g	497_g	*
6	6	0.116	*	1813_g	4056_g	3027_g	4148_g	4075_g	3517_g	*
6	6	0.116	*	2587_g	845_g	431_g	880_g	827_g	231_g	*
6	6	0.116	*	261_g	3478_g	5170_g	3558_g	3473_g	3013_g	*
6	6	0.116	*	2627_g	2495_g	2490_g	2568_g	2458_g	1542_g	*
6	6	0.116	*	2647_g	2034_g	156_g	2072_g	1991_g	1087_g	*
6	6	0.116	*	2918_g	2656_g	717_g	2731_g	2633_g	746_g	*
6	6	0.116	*	3653_g	1035_g	240_g	1069_g	1017_g	407_g	*
6	6	0.116	*	3921_g	1408_g	1635_g	1452_g	1384_g	4841_g	*
6	6	0.116	*	4451_g	131_g	4613_g	144_g	124_g	811_g	*
6	6	0.116	*	50_g	1000_g	272_g	1032_g	985_g	374_g	*
6	6	0.116	*	6463_g	805_g	467_g	842_g	791_g	196_g	*
6	6	0.116	*	6471_g	4126_g	3090_g	4224_g	4142_g	3585_g	*
6	6	0.116	*	6505_g	996_g	277_g	1028_g	980_g	370_g	*
6	6	0.116	*	6625_g	922_g	351_g	962_g	905_g	307_g	*
6	6	0.116	*	6886_g	4781_g	2928_g	4889_g	4779_g	3702_g	*
6	6	0.116	*	6924_g	2254_g	2239_g	2314_g	2212_g	1305_g	*
6	6	0.116	*	6997_g	139_g	4606_g	152_g	132_g	804_g	*
6	6	0.116	*	769_g	3371_g	832_g	*	3355_g	4542_g	12273_g
6	6	0.116	1070_g	3207_g	3263_g	936_g	*	3243_g	3215_g	*
6	6	0.116	1191_g	*	924_g	349_g	964_g	907_g	309_g	*
6	6	0.116	289_g	*	1135_g	1895_g	1178_g	1118_g	505_g	*
6	6	0.116	316_g	909_g	1047_g	230_g	1080_g	1027_g	*	*
6	6	0.116	420_g	3001_g	2341_g	*	2408_g	2300_g	1394_g	*
6	6	0.116	70_g	2479_g	2749_g	4375_g	*	2722_g	1960_g	*
6	6	0.116	949_g	5769_g	795_g	*	832_g	781_g	186_g	*
6	6	0.11	*	1242_g	646_g	3528_g	664_g	620_g	776_g	*
6	6	0.11	*	1877_g	2391_g	2377_g	2463_g	2348_g	1441_g	*
6	6	0.11	*	2061_g	2190_g	2173_g	2246_g	2146_g	1241_g	*
6	6	0.11	*	2072_g	144_g	4601_g	157_g	137_g	799_g	*
6	6	0.11	*	2387_g	715_g	3455_g	740_g	693_g	81_g	*
6	6	0.11	*	3224_g	2663_g	710_g	2738_g	2639_g	752_g	*
6	6	0.11	*	3844_g	2028_g	151_g	2066_g	1985_g	1082_g	*
6	6	0.11	*	3845_g	2027_g	150_g	2065_g	1984_g	1081_g	*
6	6	0.11	*	5014_g	775_g	495_g	812_g	761_g	4662_g	*
6	6	0.11	308_g	3118_g	978_g	296_g	1009_g	962_g	*	*
6	6	0.105	*	1238_g	1481_g	2085_g	1530_g	1459_g	3308_g	*
6	6	0.105	*	1358_g	4719_g	2871_g	4832_g	4720_g	3758_g	*
6	6	0.105	*	1582_g	3140_g	4843_g	3213_g	3112_g	4184_g	*
6	6	0.105	*	1621_g	3538_g	3189_g	3614_g	3543_g	1830_g	*
6	6	0.105	*	1853_g	1098_g	1934_g	1133_g	1079_g	467_g	*
6	6	0.105	*	1957_g	1448_g	2051_g	1494_g	1425_g	4095_g	*
6	6	0.105	*	2384_g	2643_g	731_g	2715_g	2620_g	733_g	*
6	6	0.105	*	2926_g	1947_g	73_g	1984_g	1909_g	1011_g	*
6	6	0.105	*	3105_g	755_g	3415_g	791_g	731_g	44_g	*
6	6	0.105	*	3324_g	2725_g	4400_g	2787_g	2696_g	1985_g	*
6	6	0.105	*	3412_g	1476_g	2080_g	1522_g	1454_g	3303_g	*
6	6	0.105	*	3603_g	4646_g	2799_g	4755_g	4648_g	3832_g	*
6	6	0.105	*	3773_g	2431_g	2424_g	2499_g	2388_g	1478_g	*
6	6	0.105	*	4010_g	2297_g	2284_g	2362_g	2257_g	1350_g	*
6	6	0.105	*	4019_g	1093_g	1940_g	1126_g	1073_g	461_g	*
6	6	0.105	*	4064_g	894_g	380_g	932_g	876_g	279_g	*
6	6	0.105	*	4481_g	616_g	3557_g	633_g	590_g	4334_g	*
6	6	0.105	*	5088_g	793_g	479_g	1362_g	779_g	184_g	*
6	6	0.105	*	6401_g	2938_g	5070_g	*	2904_g	3385_g	14493_g
6	6	0.105	*	820_g	212_g	4536_g	224_g	201_g	4401_g	*
6	6	0.105	1017_g	2642_g	*	3469_g	727_g	680_g	95_g	*
6	6	0.105	1116_g	1879_g	4555_g	2716_g	*	4564_g	3913_g	*
6	6	0.105	114_g	2953_g	1351_g	1692_g	1397_g	1329_g	*	*
6	6	0.105	1263_g	3570_g	3951_g	4189_g	*	3945_g	2123_g	*
6	6	0.105	1337_g	5111_g	68_g	4674_g	76_g	63_g	*	*
6	6	0.105	199_g	4272_g	92_g	4651_g	102_g	*	845_g	*
6	6	0.105	751_g	971_g	*	895_g	3372_g	3283_g	3252_g	*
6	6	0.105	79_g	3690_g	1374_g	1668_g	*	1349_g	4808_g	*
6	6	0.105	894_g	*	3423_g	5114_g	3501_g	3420_g	4586_g	*
6	6	0.0976	*	1064_g	812_g	461_g	848_g	797_g	203_g	*
6	6	0.0976	*	3387_g	629_g	3541_g	646_g	604_g	4347_g	*
6	6	0.0976	*	4183_g	1147_g	1882_g	1190_g	1131_g	517_g	*
6	6	0.0976	*	757_g	2112_g	808_g	2160_g	5678_g	1166_g	*
6	6	0.0976	1293_g	*	1418_g	1972_g	1461_g	1392_g	4849_g	*
6	6	0.0976	840_g	2609_g	4614_g	2770_g	*	4618_g	3862_g	*
6	6	0.081	*	1950_g	4129_g	3093_g	183_g	4145_g	3588_g	*
6	6	0.081	*	2272_g	3968_g	4212_g	4061_g	3971_g	2099_g	*
6	6	0.081	*	2368_g	4438_g	2593_g	4542_g	4441_g	4027_g	*
6	6	0.081	*	2529_g	880_g	396_g	915_g	860_g	264_g	*
6	6	0.081	*	2535_g	3546_g	3198_g	3625_g	3553_g	1821_g	*
6	6	0.081	*	2723_g	2321_g	2308_g	2387_g	2280_g	1374_g	*
6	6	0.081	*	2992_g	3297_g	902_g	3365_g	3276_g	3244_g	*
6	6	0.081	*	3427_g	1874_g	1306_g	1915_g	1838_g	2423_g	*
6	6	0.081	*	3538_g	1626_g	1548_g	1687_g	1601_g	2650_g	*
6	6	0.081	*	3682_g	2278_g	2266_g	2344_g	2239_g	1332_g	*
6	6	0.081	*	3720_g	270_g	4479_g	288_g	258_g	4461_g	*
6	6	0.081	*	3777_g	681_g	3492_g	704_g	657_g	117_g	*
6	6	0.081	*	4065_g	895_g	379_g	933_g	877_g	280_g	*
6	6	0.081	*	5322_g	1775_g	1398_g	1822_g	1746_g	2506_g	*
6	6	0.081	*	644_g	558_g	3614_g	574_g	535_g	1573_g	*
6	6	0.081	*	6588_g	2198_g	2181_g	2255_g	2154_g	1249_g	*
6	6	0.081	*	6665_g	986_g	288_g	1017_g	970_g	359_g	*
6	6	0.081	*	6795_g	887_g	389_g	923_g	868_g	271_g	*
6	6	0.081	*	6874_g	4537_g	2698_g	4650_g	4546_g	3930_g	*
6	6	0.081	1236_g	5296_g	3971_g	4215_g	*	3974_g	2096_g	*
6	6	0.081	1407_g	3094_g	3987_g	4229_g	*	3989_g	2083_g	*
6	6	0.081	337_g	*	2357_g	2344_g	2422_g	2314_g	1408_g	*
6	6	0.081	553_g	1965_g	82_g	4661_g	91_g	*	856_g	*
6	6	0.081	805_g	2154_g	*	3065_g	4188_g	4113_g	3556_g	*
6	6	0.081	811_g	*	233_g	4513_g	249_g	221_g	4424_g	*
6	6	0.081	815_g	1352_g	3406_g	5105_g	*	3389_g	4577_g	*
6	6	0.081	892_g	*	989_g	285_g	1020_g	973_g	362_g	*
6	6	0.081	958_g	3184_g	2170_g	2153_g	2226_g	2127_g	*	*
6	6	0.0731	*	1228_g	1752_g	1423_g	1795_g	1723_g	2529_g	*
6	6	0.0731	*	1299_g	3559_g	3212_g	3639_g	3567_g	3180_g	*
6	6	0.0731	*	1340_g	259_g	4488_g	278_g	248_g	4451_g	*
6	6	0.0731	*	1834_g	4541_g	2702_g	4653_g	4550_g	3926_g	*
6	6	0.0731	*	2248_g	3614_g	3265_g	3698_g	3676_g	3127_g	*
6	6	0.0731	*	2643_g	701_g	3470_g	726_g	679_g	96_g	*
6	6	0.0731	*	2967_g	2397_g	2384_g	2471_g	2355_g	1447_g	*
6	6	0.0731	*	3202_g	3532_g	3183_g	3609_g	3537_g	1836_g	*
6	6	0.0731	*	4034_g	1356_g	1687_g	1402_g	1333_g	4789_g	*
6	6	0.0731	*	6811_g	534_g	3636_g	548_g	513_g	1594_g	*
6	6	0.0731	*	891_g	1370_g	1672_g	1417_g	1346_g	4804_g	*
6	6	0.0731	*	962_g	4167_g	3127_g	4263_g	4181_g	3623_g	*
6	6	0.0731	322_g	*	781_g	490_g	818_g	767_g	4657_g	*
6	6	0.0731	355_g	*	3852_g	4091_g	3933_g	3843_g	2222_g	*
6	6	0.0731	486_g	3580_g	530_g	3640_g	545_g	509_g	*	*
6	6	0.0731	512_g	*	2336_g	2324_g	2403_g	2295_g	1389_g	*
6	6	0.0731	725_g	*	736_g	3433_g	765_g	713_g	63_g	*
6	6	0.0731	750_g	3454_g	3537_g	3188_g	*	3542_g	1831_g	*
6	6	0.0688	*	2108_g	2323_g	2310_g	2389_g	2282_g	1376_g	*
6	6	0.0688	*	3085_g	2210_g	2192_g	2269_g	2166_g	1262_g	*
6	6	0.0688	*	666_g	1784_g	1391_g	1828_g	1754_g	2499_g	*
6	6	0.0688	*	729_g	817_g	456_g	853_g	802_g	208_g	*
6	6	0.0688	1072_g	833_g	2100_g	1129_g	2147_g	*	1154_g	*
6	6	0.0688	249_g	2365_g	3453_g	5140_g	*	3447_g	4617_g	*
6	6	0.0688	66_g	1590_g	4370_g	3759_g	*	4381_g	2848_g	*
6	6	0.0637	*	1493_g	2355_g	2342_g	2420_g	2312_g	1406_g	*
6	6	0.0637	*	2740_g	3289_g	911_g	3355_g	3268_g	3236_g	*
6	6	0.0637	*	2907_g	728_g	3441_g	758_g	707_g	68_g	*
6	6	0.0637	*	3056_g	4789_g	2934_g	4897_g	4785_g	3696_g	*
6	6	0.0637	*	318_g	1065_g	212_g	1098_g	1045_g	433_g	*
6	6	0.0637	*	319_g	1066_g	211_g	1099_g	1046_g	434_g	*
6	6	0.0637	*	3432_g	1869_g	1309_g	1911_g	1834_g	2426_g	*
6	6	0.0637	*	5461_g	53_g	4688_g	60_g	49_g	886_g	*
6	6	0.0637	*	555_g	1252_g	1788_g	1298_g	1231_g	4690_g	*
6	6	0.0637	*	6540_g	4257_g	3873_g	4373_g	4267_g	2312_g	*
6	6	0.0637	*	902_g	1537_g	2140_g	1585_g	1516_g	3356_g	*
6	6	0.0637	*	970_g	2393_g	2379_g	2465_g	2350_g	1443_g	*
6	6	0.0541	*	107_g	742_g	3428_g	777_g	718_g	57_g	*
6	6	0.0541	*	1401_g	366_g	616_g	373_g	355_g	1750_g	*
6	6	0.0541	*	2416_g	1457_g	2060_g	1502_g	1434_g	4104_g	*
6	6	0.0541	*	2731_g	2648_g	724_g	2724_g	2626_g	739_g	*
6	6	0.0541	*	3196_g	1526_g	2125_g	1572_g	1503_g	3344_g	*
6	6	0.0541	*	3276_g	1858_g	1319_g	1900_g	1823_g	2436_g	*
6	6	0.0541	*	3527_g	2266_g	2254_g	2329_g	2227_g	1321_g	*
6	6	0.0541	*	463_g	665_g	3509_g	684_g	638_g	134_g	*
6	6	0.0541	*	4656_g	3357_g	847_g	3430_g	3339_g	4528_g	*
6	6	0.0541	*	521_g	1274_g	1769_g	1318_g	1252_g	4710_g	*
6	6	0.0541	*	5641_g	2409_g	2396_g	2476_g	2367_g	1460_g	*
6	6	0.0541	*	6794_g	886_g	390_g	922_g	867_g	270_g	*
6	6	0.0541	*	6796_g	2540_g	1023_g	2605_g	2514_g	2372_g	*
6	6	0.0541	*	705_g	1185_g	1847_g	1230_g	1167_g	556_g	*
6	6	0.0541	*	858_g	1926_g	53_g	1962_g	1889_g	991_g	*
6	6	0.0541	*	929_g	449_g	539_g	459_g	432_g	1677_g	*
6	6	0.0541	1279_g	4018_g	*	1941_g	1125_g	1072_g	460_g	*
6	6	0.0541	1283_g	*	3078_g	4902_g	3146_g	3052_g	4242_g	*
6	6	0.0541	1309_g	2874_g	2360_g	2348_g	*	2318_g	1412_g	*
6	6	0.0541	130_g	*	340_g	641_g	345_g	329_g	1776_g	*
6	6	0.0541	461_g	*	1580_g	1592_g	1633_g	1558_g	2696_g	*
6	6	0.0541	487_g	*	4267_g	3864_g	4383_g	4276_g	2303_g	*
6	6	0.0541	888_g	*	196_g	4548_g	213_g	190_g	4389_g	*
6	6	0.0447	*	1392_g	2998_g	1178_g	3066_g	2951_g	3436_g	*
6	6	0.0447	*	2208_g	1491_g	2093_g	1538_g	1467_g	3316_g	*
6	6	0.0447	*	2457_g	648_g	3526_g	666_g	622_g	774_g	*
6	6	0.0447	*	378_g	268_g	4481_g	286_g	256_g	4459_g	*
6	6	0.0447	*	4374_g	4566_g	2725_g	4679_g	4573_g	3905_g	*
6	6	0.0447	10_g	*	1968_g	95_g	2007_g	1929_g	1031_g	*
6	6	0.0447	959_g	*	2976_g	1157_g	3045_g	2930_g	3413_g	*
5	8	0.311	*	2507_g	1885_g	4930_g,3727_g,3730_g	*	4066_g,1849_g	962_g	*
5	8	0.146	*	*	1298_g	*	1343_g	5567_g,5503_g,1278_g	4735_g	10781_g,11578_g
5	6	0.667	*	*	*	3201_g	3628_g	3556_g	3190_g	4673_g,5145_g
5	6	0.667	*	*	2878_g	5012_g	*	2847_g	2768_g	4616_g,5088_g
5	6	0.667	*	*	3095_g	4886_g	*	3067_g	4228_g	5959_g,6293_g
5	6	0.667	*	*	347_g	*	351_g	335_g	1770_g	10625_g,11422_g
5	6	0.667	*	*	4069_g	3039_g	*	4088_g	3530_g	4056_g,8836_g
5	6	0.667	*	*	4531_g	2692_g	*	4540_g	3936_g	6854_g,8059_g
5	6	0.667	*	*	4810_g	2953_g	*	4803_g	3676_g	7085_g,7830_g
5	6	0.667	*	1133_g	4624_g	*	*	4628_g	3852_g	10535_g,11332_g
5	6	0.667	*	1166_g	*	707_g	*	2642_g	755_g	9999_g,12519_g
5	6	0.667	*	1927_g	*	781_g	2189_g	*	1192_g	11258_g,12055_g
5	6	0.667	*	1991_g	1178_g	1854_g	1223_g	*	*	1138_g,1500_g
5	6	0.667	*	543_g	*	3477_g	*	671_g	103_g	7365_g,7552_g
5	6	0.5	*	*	*	1601_g	1624_g	1549_g	2705_g	9672_g,12989_g
5	6	0.5	*	*	2936_g	5068_g	*	2902_g	3383_g	10782_g,11579_g
5	6	0.5	*	*	3435_g	5125_g	*	3431_g	4598_g	3025_g,3706_g
5	6	0.5	*	*	4398_g	3734_g	*	4404_g	2822_g	11049_g,11846_g
5	6	0.5	*	*	4462_g	2619_g	*	4467_g	4003_g	2890_g,3571_g
5	6	0.5	*	*	4774_g	2921_g	*	4772_g	3709_g	11241_g,12038_g
5	6	0.5	*	1024_g,5334_g	3870_g	4110_g	*	3863_g	2201_g	*
5	6	0.5	*	1328_g	343_g	638_g	*	*	1773_g	7316_g,7603_g
5	6	0.5	*	285_g	4000_g	*	*	4002_g	2070_g	9366_g,13303_g
5	6	0.5	*	3632_g	*	1914_g	1155_g	*	486_g	11116_g,11913_g
5	6	0.5	*	3754_g	2620_g	752_g	*	2598_g	*	9338_g,13332_g
5	6	0.5	*	5072_g	*	5038_g	*	2873_g	2743_g	11155_g,11952_g
5	6	0.5	*	550_g	*	*	1732_g	1647_g	2606_g	11172_g,11969_g
5	6	0.5	*	6370_g	2574_g	1058_g	*	*	2338_g	9426_g,13241_g
5	6	0.5	*	6705_g	2913_g	5048_g	*	*	2734_g	4647_g,5119_g
5	6	0.5	528_g	*	3072_g	4908_g	*	3046_g	*	4493_g,8508_g
5	6	0.5	822_g	*	3064_g	4917_g	*	3036_g	*	9710_g,12951_g
5	6	0.431	*	*	1479_g	2083_g	1525_g	1457_g	*	933_g,1750_g
5	6	0.431	*	*	2514_g	2508_g	*	2475_g	1558_g	10648_g,11445_g
5	6	0.431	*	*	3477_g	5169_g	*	3472_g	3014_g	10237_g,12286_g
5	6	0.431	*	*	4430_g	2585_g	*	4433_g	4034_g	4253_g,8352_g
5	6	0.431	*	2215_g	*	4269_g	*	4031_g	2038_g	526_g,648_g
5	6	0.431	*	2838_g	3744_g	3985_g	*	*	2974_g	10552_g,11349_g
5	6	0.431	*	2919_g	2655_g	718_g	*	2632_g	*	4557_g,8572_g
5	6	0.431	459_g	*	2754_g	4370_g	*	*	1956_g	5834_g,6414_g
5	6	0.333	*	*	1101_g	1931_g	1136_g	1082_g	*	4781_g,5253_g
5	6	0.333	*	*	176_g	4567_g	*	171_g	4370_g	11089_g,11886_g
5	6	0.333	*	*	2195_g	*	2252_g	2151_g	1246_g	4019_g,8799_g
5	6	0.333	*	*	2636_g	739_g	2708_g	*	724_g	10140_g,12381_g
5	6	0.333	*	*	2963_g	1152_g	*	2926_g	3408_g	5774_g,6474_g
5	6	0.333	*	*	363_g	619_g	370_g	352_g	*	2849_g,3530_g
5	6	0.333	*	*	3879_g	4119_g	*	3872_g	2192_g	2765_g,3446_g
5	6	0.333	*	1344_g	778_g	*	815_g	*	4660_g	10904_g,11701_g
5	6	0.333	*	2933_g	*	2358_g	2445_g	*	1422_g	7385_g,7533_g
5	6	0.333	*	3140_g	*	3816_g	*	4324_g	2902_g	7386_g,7532_g
5	6	0.333	*	3145_g	3324_g	874_g	*	*	3273_g	10850_g,11647_g
5	6	0.333	*	3321_g	*	4366_g	*	2729_g	1953_g	10889_g,11686_g
5	6	0.333	*	3343_g	*	3317_g	3754_g	*	3075_g	4511_g,8526_g
5	6	0.333	*	3533_g,5770_g	1161_g	1869_g	1204_g	1144_g	*	*
5	6	0.333	*	3542_g	4525_g	2685_g	*	4533_g	*	10778_g,11575_g
5	6	0.333	*	551_g	1248_g	1792_g	1294_g	*	*	11297_g,12094_g
5	6	0.333	*	6601_g	*	4474_g	293_g	263_g	*	2613_g,3294_g
5	6	0.305	*	*	4144_g	3106_g	*	4158_g	3602_g	5790_g,6459_g
5	6	0.305	1299_g	991_g	*	4074_g	*	*	2239_g	9342_g,13327_g
5	6	0.305	166_g	*	2909_g	5044_g	*	2879_g	*	8546_g,4531_g
5	6	0.253	378_g	*	*	1654_g	1434_g	1363_g	*	4410_g,8425_g
5	6	0.24	*	*	2384_g	2370_g	*	2341_g	1434_g	9725_g,12937_g
5	6	0.24	*	*	4028_g	4267_g	4124_g	4029_g	*	9179_g,13486_g
5	6	0.24	*	*	4254_g	3876_g	*	4263_g	2315_g	1720_g,903_g
5	6	0.24	*	4359_g	4648_g	2801_g	*	*	3830_g	9294_g,13374_g
5	6	0.24	*	5489_g,3029_g	2900_g	5034_g	*	2868_g	2748_g	*
5	6	0.167	*	*	3759_g	4000_g	*	3755_g	2959_g	9449_g,13216_g
5	6	0.167	*	*	4625_g	2780_g	*	4629_g	3851_g	6746_g,8164_g
5	6	0.167	613_g	*	3142_g	4841_g	*	5673_g,3114_g	4182_g	*
5	6	0.167	730_g	*	*	1461_g	*	1686_g	2564_g	7341_g,7577_g
5	6	0.152	*	*	2030_g	152_g	2068_g	1987_g	*	764_g,411_g
5	6	0.152	*	*	3204_g	4787_g	*	3178_g	4134_g	9258_g,13410_g
5	6	0.152	*	4132_g	*	4633_g	*	104_g	830_g	963_g,1780_g
5	6	0.152	404_g	*	999_g	274_g,3019_g	1030_g	983_g	*	*
5	6	0.149	*	*	2415_g	2402_g	2482_g	2373_g	*	9327_g,13343_g
5	6	0.149	*	1123_g	2364_g	2353_g	*	*	1417_g	3991_g,8771_g
5	6	0.149	*	6971_g	3610_g	3261_g	*	3680_g	*	5796_g,6453_g
5	6	0.148	*	3959_g	*	3928_g	*	4213_g	638_g	8814_g,4034_g
5	6	0.147	*	4957_g,259_g	3485_g	4772_g	*	3479_g	1857_g	*
5	6	0.127	*	*	*	2843_g	4799_g	4688_g	3784_g	4877_g,5349_g
5	6	0.127	*	*	108_g	4636_g	*	101_g	832_g	9671_g,12990_g
5	6	0.127	*	3175_g,5513_g	3116_g	4863_g	3188_g	*	4207_g	*
5	6	0.127	*	3957_g	*	3036_g	*	4085_g	3527_g	947_g,1764_g
5	6	0.127	*	5250_g,2847_g	4835_g	2978_g	*	4827_g	3654_g	*
5	6	0.127	*	6801_g,7031_g	4551_g	2712_g	*	4560_g	3917_g	*
5	6	0.11	*	3950_g,5289_g	2470_g	2462_g	2541_g	*	*	3402_g
5	6	0.105	*	3151_g	*	851_g	*	3336_g	4525_g	6735_g,8175_g
5	5	1	*	*	103_g	4641_g	111_g	96_g	835_g	*
5	5	1	*	*	1123_g	1907_g	1162_g	1105_g	493_g	*
5	5	1	*	*	1221_g	1815_g	1266_g	1202_g	590_g	*
5	5	1	*	*	1271_g	1771_g	1316_g	1250_g	4708_g	*
5	5	1	*	*	1353_g	1690_g	1399_g	1331_g	4786_g	*
5	5	1	*	*	1411_g	1967_g	1455_g	1387_g	4844_g	*
5	5	1	*	*	1414_g	1969_g	1458_g	1389_g	4846_g	*
5	5	1	*	*	1445_g	2048_g	1491_g	1422_g	4093_g	*
5	5	1	*	*	1500_g	2102_g	1547_g	1476_g	3323_g	*
5	5	1	*	*	1573_g	1598_g	1627_g	1552_g	2702_g	*
5	5	1	*	*	1901_g	28_g	1937_g	1865_g	965_g	*
5	5	1	*	*	1914_g	41_g	1949_g	1877_g	978_g	*
5	5	1	*	*	1928_g	55_g	1965_g	1891_g	993_g	*
5	5	1	*	*	2016_g	139_g	2053_g	1973_g	1071_g	*
5	5	1	*	*	2080_g	205_g	2123_g	2037_g	1132_g	*
5	5	1	*	*	2413_g	2400_g	2480_g	2371_g	1463_g	*
5	5	1	*	*	2496_g	2491_g	2569_g	2459_g	1543_g	*
5	5	1	*	*	2499_g	2494_g	2576_g	2462_g	1546_g	*
5	5	1	*	*	273_g	4476_g	291_g	261_g	4464_g	*
5	5	1	*	*	304_g	4458_g	312_g	293_g	4482_g	*
5	5	1	*	*	3283_g	918_g	3346_g	3261_g	3230_g	*
5	5	1	*	*	330_g	650_g	335_g	320_g	1785_g	*
5	5	1	*	*	360_g	622_g	367_g	349_g	1756_g	*
5	5	1	*	*	3634_g	3284_g	3717_g	3659_g	3110_g	*
5	5	1	*	*	3906_g	4145_g	3986_g	3900_g	2167_g	*
5	5	1	*	*	392_g	591_g	400_g	381_g	1725_g	*
5	5	1	*	*	3989_g	4231_g	4084_g	3991_g	2081_g	*
5	5	1	*	*	4232_g	3897_g	4340_g	4241_g	666_g	*
5	5	1	*	*	4263_g	3868_g	4379_g	4272_g	2307_g	*
5	5	1	*	*	443_g	545_g	453_g	426_g	1683_g	*
5	5	1	*	*	4548_g	2709_g	4662_g	4557_g	3920_g	*
5	5	1	*	*	4591_g	2749_g	4703_g	4596_g	3883_g	*
5	5	1	*	*	502_g	3668_g	513_g	481_g	1625_g	*
5	5	1	*	*	518_g	3652_g	534_g	497_g	1609_g	*
5	5	1	*	*	5_g	4737_g	7_g	1_g	931_g	*
5	5	1	*	*	62_g	4679_g	70_g	57_g	876_g	*
5	5	1	*	*	692_g	3479_g	718_g	669_g	105_g	*
5	5	1	*	*	725_g	3445_g	754_g	703_g	72_g	*
5	5	1	*	*	809_g	464_g	845_g	794_g	200_g	*
5	5	1	*	*	818_g	455_g	854_g	803_g	209_g	*
5	5	1	*	*	866_g	410_g	902_g	846_g	251_g	*
5	5	1	*	1035_g	4533_g	2694_g	*	4542_g	3934_g	*
5	5	1	*	126_g	*	443_g	865_g	815_g	219_g	*
5	5	1	*	1421_g	3279_g	922_g	*	3257_g	3226_g	*
5	5	1	*	2216_g	1153_g	1876_g	1196_g	*	523_g	*
5	5	1	*	2551_g	4170_g	3130_g	*	4184_g	3626_g	*
5	5	1	*	2841_g	2871_g	5006_g	*	2841_g	2774_g	*
5	5	1	*	2986_g	4301_g	3832_g	*	4308_g	2918_g	*
5	5	1	*	3134_g	2563_g	1047_g	*	2538_g	2349_g	*
5	5	1	*	3374_g	4003_g	4243_g	*	4005_g	2067_g	*
5	5	1	*	3604_g	4647_g	2800_g	*	4649_g	3831_g	*
5	5	1	*	3615_g	3164_g	4820_g	*	3138_g	4163_g	*
5	5	1	*	3946_g	1501_g	2103_g	1548_g	1477_g	*	*
5	5	1	*	4133_g	2598_g	1081_g	*	2573_g	689_g	*
5	5	1	*	450_g	1727_g	1450_g	*	1697_g	2555_g	*
5	5	1	*	6605_g	3301_g	898_g	*	3280_g	3248_g	*
5	5	1	*	6655_g	2793_g	1226_g	*	2769_g	1915_g	*
5	5	1	*	6694_g	4286_g	3848_g	*	4293_g	2933_g	*
5	5	1	*	6841_g	4456_g	2613_g	*	4461_g	4008_g	*
5	5	1	*	793_g	4619_g	2775_g	*	4623_g	3857_g	*
5	5	1	*	884_g	3576_g	3229_g	*	3712_g	3162_g	*
5	5	1	*	963_g	4166_g	3126_g	*	4180_g	3622_g	*
5	5	1	164_g	4380_g	1701_g	1475_g	*	*	2577_g	*
5	5	1	347_g	*	3743_g	3984_g	*	3739_g	2975_g	*
5	5	1	40_g	*	4238_g	3891_g	*	4248_g	673_g	*
5	5	1	632_g	*	4392_g	3740_g	*	4398_g	2829_g	*
5	5	1	855_g	*	3390_g	5088_g	*	3373_g	4560_g	*
5	5	1	979_g	718_g	*	3484_g	713_g	665_g	*	*
5	5	0.6	*	*	1011_g	264_g	1045_g	992_g	382_g	*
5	5	0.6	*	*	1103_g	1928_g	1139_g	1085_g	473_g	*
5	5	0.6	*	*	1212_g	1823_g	1258_g	1194_g	582_g	*
5	5	0.6	*	*	1215_g	1820_g	1261_g	1197_g	585_g	*
5	5	0.6	*	*	1328_g	1713_g	1374_g	1308_g	4765_g	*
5	5	0.6	*	*	1334_g	1707_g	1380_g	1314_g	4771_g	*
5	5	0.6	*	*	1340_g	1702_g	1386_g	1319_g	4775_g	*
5	5	0.6	*	*	1363_g	1679_g	1410_g	1339_g	4797_g	*
5	5	0.6	*	*	1398_g	1643_g	1443_g	1373_g	4832_g	*
5	5	0.6	*	*	1424_g	1979_g	1468_g	1399_g	4856_g	*
5	5	0.6	*	*	1503_g	2105_g	1550_g	1479_g	3324_g	*
5	5	0.6	*	*	1504_g	2106_g	1551_g	1480_g	3325_g	*
5	5	0.6	*	*	1524_g	2123_g	1570_g	1501_g	3342_g	*
5	5	0.6	*	*	1533_g	2134_g	1580_g	1511_g	3353_g	*
5	5	0.6	*	*	1644_g	1532_g	1704_g	1617_g	2635_g	*
5	5	0.6	*	*	1725_g	1452_g	1772_g	1695_g	2556_g	*
5	5	0.6	*	*	1751_g	1424_g	1794_g	1722_g	2530_g	*
5	5	0.6	*	*	1771_g	1403_g	1818_g	1742_g	2510_g	*
5	5	0.6	*	*	1835_g	1341_g	1877_g	1803_g	2456_g	*
5	5	0.6	*	*	2007_g	132_g	2046_g	1966_g	1064_g	*
5	5	0.6	*	*	2008_g	133_g	2047_g	1967_g	1065_g	*
5	5	0.6	*	*	2010_g	135_g	2049_g	1969_g	1067_g	*
5	5	0.6	*	*	2015_g	138_g	2052_g	1972_g	1070_g	*
5	5	0.6	*	*	2079_g	204_g	2122_g	2036_g	1131_g	*
5	5	0.6	*	*	2083_g	207_g	2125_g	2039_g	1134_g	*
5	5	0.6	*	*	2132_g	788_g	2182_g	2089_g	1185_g	*
5	5	0.6	*	*	2219_g	2202_g	2279_g	2176_g	1272_g	*
5	5	0.6	*	*	2388_g	2374_g	2460_g	2345_g	1438_g	*
5	5	0.6	*	*	2446_g	2439_g	2515_g	2404_g	1492_g	*
5	5	0.6	*	*	2589_g	1074_g	2661_g	2564_g	681_g	*
5	5	0.6	*	*	263_g	4485_g	281_g	251_g	4454_g	*
5	5	0.6	*	*	265_g	4483_g	283_g	253_g	4456_g	*
5	5	0.6	*	*	3021_g	1202_g	3090_g	2974_g	3460_g	*
5	5	0.6	*	*	3125_g	4856_g	3199_g	3097_g	4198_g	*
5	5	0.6	*	*	3259_g	940_g	3324_g	3239_g	3211_g	*
5	5	0.6	*	*	3451_g	5138_g	3528_g	3445_g	4615_g	*
5	5	0.6	*	*	376_g	605_g	384_g	366_g	1740_g	*
5	5	0.6	*	*	4260_g	3870_g	4376_g	4270_g	2309_g	*
5	5	0.6	*	*	431_g	554_g	441_g	416_g	1693_g	*
5	5	0.6	*	*	4428_g	2583_g	4532_g	4431_g	4036_g	*
5	5	0.6	*	*	4559_g	2720_g	4674_g	4568_g	3909_g	*
5	5	0.6	*	*	528_g	3642_g	543_g	507_g	1600_g	*
5	5	0.6	*	*	604_g	3569_g	621_g	578_g	4322_g	*
5	5	0.6	*	*	731_g	3437_g	761_g	710_g	65_g	*
5	5	0.6	*	*	806_g	466_g	843_g	792_g	197_g	*
5	5	0.6	*	*	814_g	459_g	850_g	799_g	205_g	*
5	5	0.6	*	*	964_g	309_g	996_g	949_g	339_g	*
5	5	0.6	*	1016_g	2795_g	1228_g	*	2771_g	1913_g	*
5	5	0.6	*	1291_g	4493_g	2653_g	*	4501_g	3970_g	*
5	5	0.6	*	1632_g	4514_g	2673_g	*	4521_g	3951_g	*
5	5	0.6	*	166_g	4441_g	2597_g	*	4446_g	4023_g	*
5	5	0.6	*	1790_g	3124_g	4857_g	*	3096_g	4199_g	*
5	5	0.6	*	1859_g	3707_g	3359_g	*	3588_g	3041_g	*
5	5	0.6	*	1901_g	4243_g	3886_g	*	4253_g	2324_g	*
5	5	0.6	*	1912_g	3919_g	4160_g	*	3915_g	2151_g	*
5	5	0.6	*	1933_g	2870_g	5005_g	*	2840_g	2775_g	*
5	5	0.6	*	1963_g	3020_g	1201_g	3089_g	2973_g	*	*
5	5	0.6	*	2014_g	2660_g	713_g	*	*	749_g	7985_g
5	5	0.6	*	2163_g	4751_g	2899_g	*	4749_g	3730_g	*
5	5	0.6	*	2173_g	4543_g	2704_g	*	4552_g	3924_g	*
5	5	0.6	*	236_g	3752_g	3993_g	*	3748_g	2966_g	*
5	5	0.6	*	2508_g	3980_g	4224_g	*	3983_g	2087_g	*
5	5	0.6	*	2677_g	3401_g	5100_g	*	3384_g	4572_g	*
5	5	0.6	*	2768_g	2564_g	1048_g	*	2539_g	2348_g	*
5	5	0.6	*	2836_g	3746_g	3987_g	*	3742_g	2972_g	*
5	5	0.6	*	2848_g	4836_g	2979_g	*	4828_g	3653_g	*
5	5	0.6	*	2928_g	2868_g	5002_g	*	2837_g	2777_g	*
5	5	0.6	*	2931_g	2728_g	4397_g	*	2699_g	1982_g	*
5	5	0.6	*	2950_g	2850_g	4985_g	*	2820_g	2792_g	*
5	5	0.6	*	2991_g	3298_g	901_g	*	3277_g	3245_g	*
5	5	0.6	*	313_g	4436_g	2591_g	*	4439_g	4029_g	*
5	5	0.6	*	3157_g	3317_g	881_g	*	3297_g	3266_g	*
5	5	0.6	*	3170_g	3420_g	5111_g	*	3417_g	4583_g	*
5	5	0.6	*	3341_g	3672_g	3319_g	*	3624_g	3073_g	*
5	5	0.6	*	3422_g	3974_g	4218_g	*	3977_g	2093_g	*
5	5	0.6	*	3494_g	4401_g	3726_g	*	4408_g	2818_g	*
5	5	0.6	*	3802_g	1620_g	*	1681_g	1595_g	2656_g	*
5	5	0.6	*	4382_g	2066_g	190_g	2110_g	*	1120_g	*
5	5	0.6	*	4416_g	4015_g	4254_g	*	4016_g	2054_g	*
5	5	0.6	*	447_g	3267_g	*	3332_g	3247_g	3218_g	*
5	5	0.6	*	4959_g	4585_g	2743_g	*	4590_g	3888_g	*
5	5	0.6	*	530_g	3302_g	897_g	*	3281_g	3249_g	*
5	5	0.6	*	627_g	1718_g	1459_g	*	1688_g	2562_g	*
5	5	0.6	*	6313_g	4744_g	2894_g	*	4744_g	3735_g	*
5	5	0.6	*	6425_g	3173_g	4816_g	3245_g	3151_g	*	*
5	5	0.6	*	6430_g	4752_g	2900_g	*	4750_g	3729_g	*
5	5	0.6	*	6576_g	4561_g	2722_g	*	4570_g	3907_g	*
5	5	0.6	*	6704_g	2914_g	5049_g	*	2883_g	2733_g	*
5	5	0.6	*	6707_g	2911_g	5046_g	*	2881_g	2736_g	*
5	5	0.6	*	6833_g	*	729_g	2720_g	2622_g	734_g	*
5	5	0.6	*	7088_g	3890_g	4131_g	*	3885_g	2180_g	*
5	5	0.6	*	7119_g	3521_g	3171_g	*	3526_g	1847_g	*
5	5	0.6	*	7229_g	4319_g	3812_g	*	4327_g	2898_g	*
5	5	0.6	*	870_g	2833_g	1264_g	*	2805_g	1879_g	*
5	5	0.6	*	950_g	3700_g	3352_g	*	3596_g	3048_g	*
5	5	0.6	1094_g	*	*	4675_g	75_g	62_g	872_g	*
5	5	0.6	1168_g	*	2543_g	1026_g	*	2517_g	2369_g	*
5	5	0.6	1256_g	1584_g	4626_g	2781_g	*	*	3850_g	*
5	5	0.6	135_g	*	3833_g	4071_g	*	3824_g	2242_g	*
5	5	0.6	1392_g	*	3206_g	4785_g	*	3180_g	4132_g	*
5	5	0.6	212_g	1915_g	3804_g	4041_g	*	*	2272_g	*
5	5	0.6	302_g	220_g	*	3826_g	*	4313_g	2912_g	*
5	5	0.6	319_g	2916_g	2785_g	4335_g	*	2761_g	*	*
5	5	0.6	377_g	*	4622_g	2778_g	*	4626_g	3854_g	*
5	5	0.6	51_g	*	1940_g	67_g	1977_g	1902_g	*	*
5	5	0.6	698_g	*	4667_g	2820_g	*	4666_g	3805_g	*
5	5	0.6	69_g	*	2748_g	4376_g	*	2721_g	1961_g	*
5	5	0.6	758_g	*	4817_g	2960_g	*	4809_g	3670_g	*
5	5	0.6	937_g	*	551_g	3621_g	567_g	528_g	*	*
5	5	0.4	*	*	1062_g	214_g	1096_g	1043_g	432_g	*
5	5	0.4	*	*	1150_g	1879_g	1193_g	1134_g	520_g	*
5	5	0.4	*	*	1176_g	1856_g	1221_g	1159_g	549_g	*
5	5	0.4	*	*	1228_g	1808_g	1274_g	1209_g	597_g	*
5	5	0.4	*	*	147_g	4598_g	159_g	140_g	797_g	*
5	5	0.4	*	*	1529_g	2130_g	1576_g	1507_g	3349_g	*
5	5	0.4	*	*	1581_g	1591_g	1634_g	1559_g	2695_g	*
5	5	0.4	*	*	1597_g	1581_g	1645_g	1569_g	2681_g	*
5	5	0.4	*	*	1645_g	1531_g	1705_g	1618_g	2634_g	*
5	5	0.4	*	*	1747_g	1428_g	1790_g	1718_g	2534_g	*
5	5	0.4	*	*	1840_g	1338_g	1881_g	1807_g	2453_g	*
5	5	0.4	*	*	2295_g	2282_g	2360_g	2255_g	1346_g	*
5	5	0.4	*	*	2311_g	2298_g	2376_g	2268_g	1364_g	*
5	5	0.4	*	*	2389_g	2375_g	2461_g	2346_g	1439_g	*
5	5	0.4	*	*	2809_g	1242_g	2884_g	2784_g	1900_g	*
5	5	0.4	*	*	2980_g	1161_g	3049_g	2934_g	3417_g	*
5	5	0.4	*	*	3034_g	1215_g	3103_g	2987_g	3474_g	*
5	5	0.4	*	*	307_g	4455_g	315_g	296_g	4485_g	*
5	5	0.4	*	*	3250_g	950_g	3314_g	3230_g	3202_g	*
5	5	0.4	*	*	3444_g	5133_g	3522_g	3439_g	4606_g	*
5	5	0.4	*	*	3626_g	3276_g	3709_g	3667_g	3118_g	*
5	5	0.4	*	*	385_g	598_g	393_g	375_g	1732_g	*
5	5	0.4	*	*	391_g	592_g	399_g	380_g	1726_g	*
5	5	0.4	*	*	3934_g	4174_g	4018_g	3929_g	2138_g	*
5	5	0.4	*	*	4171_g	3131_g	4267_g	4185_g	3627_g	*
5	5	0.4	*	*	4181_g	3138_g	4278_g	4193_g	618_g	*
5	5	0.4	*	*	4604_g	2760_g	4715_g	4608_g	3872_g	*
5	5	0.4	*	*	4629_g	2784_g	4740_g	4632_g	3847_g	*
5	5	0.4	*	*	4698_g	2852_g	4810_g	4698_g	3776_g	*
5	5	0.4	*	*	4701_g	2854_g	4813_g	4701_g	3773_g	*
5	5	0.4	*	*	561_g	3611_g	577_g	538_g	1570_g	*
5	5	0.4	*	*	605_g	3568_g	622_g	579_g	4323_g	*
5	5	0.4	*	*	622_g	3548_g	639_g	597_g	4340_g	*
5	5	0.4	*	*	863_g	413_g	899_g	843_g	248_g	*
5	5	0.4	*	*	947_g	326_g	979_g	932_g	324_g	*
5	5	0.4	*	1333_g	2905_g	5040_g	*	2875_g	2741_g	*
5	5	0.4	*	1450_g	4662_g	2815_g	*	4661_g	3810_g	*
5	5	0.4	*	1468_g	3294_g	907_g	*	3273_g	3240_g	*
5	5	0.4	*	1623_g	3808_g	4045_g	*	3801_g	2268_g	*
5	5	0.4	*	1792_g	2917_g	5052_g	*	2886_g	2730_g	*
5	5	0.4	*	2048_g	4455_g	2612_g	*	4460_g	4009_g	*
5	5	0.4	*	2052_g	4600_g	2757_g	*	4605_g	3875_g	*
5	5	0.4	*	2104_g	4495_g	2655_g	*	4503_g	3968_g	*
5	5	0.4	*	2106_g	4106_g	3074_g	*	4123_g	3566_g	*
5	5	0.4	*	2130_g	2740_g	4384_g	*	2712_g	1969_g	*
5	5	0.4	*	2266_g	4443_g	2599_g	*	4448_g	4021_g	*
5	5	0.4	*	2270_g	3536_g	3187_g	3612_g	3541_g	*	*
5	5	0.4	*	2356_g	3205_g	4786_g	*	3179_g	4133_g	*
5	5	0.4	*	2363_g	560_g	3612_g	576_g	*	1571_g	*
5	5	0.4	*	273_g	*	4153_g	3997_g	3909_g	2158_g	*
5	5	0.4	*	2771_g	3686_g	3333_g	*	3610_g	3060_g	*
5	5	0.4	*	2833_g	3749_g	3990_g	*	3745_g	2969_g	*
5	5	0.4	*	2846_g	4834_g	2977_g	*	4826_g	3655_g	*
5	5	0.4	*	287_g	3829_g	4066_g	*	3820_g	2247_g	*
5	5	0.4	*	2988_g	4303_g	3830_g	*	4310_g	2916_g	*
5	5	0.4	*	3107_g	753_g	3417_g	789_g	*	46_g	*
5	5	0.4	*	3177_g	*	4865_g	3186_g	3087_g	4209_g	*
5	5	0.4	*	3365_g	3824_g	4061_g	*	3815_g	2252_g	*
5	5	0.4	*	3516_g	4016_g	4255_g	*	4017_g	2053_g	*
5	5	0.4	*	351_g	3036_g	1217_g	*	2989_g	3476_g	*
5	5	0.4	*	3569_g	3949_g	4188_g	*	3944_g	2124_g	*
5	5	0.4	*	370_g	4697_g	2851_g	4807_g	4697_g	*	*
5	5	0.4	*	3768_g	3740_g	3982_g	*	3737_g	2977_g	*
5	5	0.4	*	3779_g	3531_g	3182_g	*	3536_g	1837_g	*
5	5	0.4	*	3849_g	3821_g	4058_g	*	3813_g	2255_g	*
5	5	0.4	*	3953_g	3261_g	938_g	*	3241_g	3213_g	*
5	5	0.4	*	4239_g	2872_g	5007_g	*	2842_g	2773_g	*
5	5	0.4	*	4254_g	2788_g	*	2860_g	2764_g	1921_g	*
5	5	0.4	*	4338_g	2225_g	*	2285_g	2182_g	1279_g	*
5	5	0.4	*	4384_g	3074_g	4906_g	*	3048_g	4246_g	*
5	5	0.4	*	577_g	4599_g	*	4711_g	4604_g	*	1875_g
5	5	0.4	*	6455_g	4278_g	3853_g	*	4288_g	2938_g	*
5	5	0.4	*	6466_g	2953_g	1141_g	*	2918_g	3398_g	*
5	5	0.4	*	6499_g	4347_g	3784_g	*	4357_g	2871_g	*
5	5	0.4	*	6723_g	*	2289_g	2367_g	2261_g	1355_g	*
5	5	0.4	*	6883_g	4425_g	2580_g	*	4428_g	4039_g	*
5	5	0.4	*	7223_g	4175_g	3132_g	*	4187_g	3629_g	*
5	5	0.4	*	7226_g	4111_g	3079_g	*	4128_g	3572_g	*
5	5	0.4	*	895_g	3394_g	5093_g	*	3377_g	4565_g	*
5	5	0.4	*	952_g	3698_g	3350_g	*	3598_g	3049_g	*
5	5	0.4	1011_g	*	4771_g	2918_g	*	4769_g	3712_g	*
5	5	0.4	113_g	*	*	1693_g	1396_g	1328_g	4783_g	*
5	5	0.4	1273_g	*	3136_g	*	3210_g	3109_g	4187_g	*
5	5	0.4	1275_g	*	4081_g	3051_g	*	4098_g	3541_g	*
5	5	0.4	178_g	*	3114_g	4866_g	*	3086_g	4210_g	*
5	5	0.4	211_g	*	2800_g	1233_g	*	2775_g	1909_g	*
5	5	0.4	215_g	*	4490_g	2650_g	*	4498_g	3973_g	*
5	5	0.4	323_g	*	780_g	*	817_g	766_g	4658_g	*
5	5	0.4	358_g	*	4607_g	2763_g	*	4611_g	3869_g	*
5	5	0.4	410_g	*	3703_g	3355_g	*	3592_g	3045_g	*
5	5	0.4	444_g	*	1049_g	228_g	1082_g	1029_g	*	*
5	5	0.4	532_g	*	3836_g	4075_g	*	3827_g	2238_g	*
5	5	0.4	602_g	*	2494_g	2489_g	2567_g	2457_g	*	*
5	5	0.4	649_g	*	3025_g	1206_g	*	2978_g	3464_g	*
5	5	0.4	669_g	*	1726_g	1451_g	1773_g	1696_g	*	*
5	5	0.4	745_g	6855_g	4710_g	*	*	4711_g	3765_g	*
5	5	0.4	983_g	*	3771_g	4011_g	*	3767_g	2300_g	*
5	5	0.317	*	*	1125_g	1906_g	1163_g	1106_g	494_g	*
5	5	0.317	*	*	1265_g	1776_g	1311_g	1244_g	4703_g	*
5	5	0.317	*	*	1427_g	1981_g	1470_g	1401_g	4858_g	*
5	5	0.317	*	*	1530_g	2131_g	1577_g	1508_g	3350_g	*
5	5	0.317	*	*	1625_g	1549_g	1686_g	1600_g	2651_g	*
5	5	0.317	*	*	1638_g	1538_g	1698_g	1611_g	2641_g	*
5	5	0.317	*	*	1831_g	1345_g	1873_g	1799_g	2459_g	*
5	5	0.317	*	*	187_g	4557_g	198_g	181_g	4381_g	*
5	5	0.317	*	*	2172_g	2155_g	2228_g	2129_g	1224_g	*
5	5	0.317	*	*	2916_g	5051_g	2994_g	2885_g	2731_g	*
5	5	0.317	*	*	294_g	4468_g	302_g	283_g	4471_g	*
5	5	0.317	*	*	3515_g	3165_g	3590_g	3521_g	1853_g	*
5	5	0.317	*	*	4685_g	2838_g	4795_g	4684_g	3788_g	*
5	5	0.317	*	*	59_g	4682_g	67_g	54_g	879_g	*
5	5	0.317	*	*	688_g	3483_g	714_g	666_g	109_g	*
5	5	0.317	*	1319_g	3613_g	3264_g	*	3677_g	3128_g	*
5	5	0.317	*	1341_g	258_g	4489_g	277_g	247_g	*	*
5	5	0.317	*	1564_g	1016_g	259_g	*	997_g	387_g	*
5	5	0.317	*	2760_g	1967_g	*	2006_g	1928_g	1030_g	*
5	5	0.317	*	2927_g	1946_g	72_g	1983_g	1908_g	*	*
5	5	0.317	*	2971_g	4595_g	2753_g	*	4600_g	3879_g	*
5	5	0.317	*	3031_g	4360_g	3769_g	*	4371_g	2856_g	*
5	5	0.317	*	3943_g	3667_g	3314_g	*	3629_g	3078_g	*
5	5	0.317	*	4056_g	4164_g	3124_g	*	4178_g	3620_g	*
5	5	0.317	*	4269_g	3465_g	5158_g	*	3459_g	3027_g	*
5	5	0.317	*	4353_g	3191_g	4799_g	*	3168_g	4143_g	*
5	5	0.317	*	48_g	3339_g	861_g	*	3317_g	4514_g	*
5	5	0.317	*	6531_g	4597_g	2755_g	*	4602_g	3877_g	*
5	5	0.317	*	6553_g	4213_g	3916_g	4316_g	4224_g	*	*
5	5	0.317	*	6595_g	1600_g	1577_g	*	1572_g	2678_g	*
5	5	0.317	*	6637_g	2919_g	5054_g	*	2888_g	2728_g	*
5	5	0.317	*	6689_g	2880_g	5014_g	*	2849_g	2766_g	*
5	5	0.317	*	6724_g	2304_g	2290_g	2368_g	*	1356_g	*
5	5	0.317	*	7230_g	2551_g	1035_g	*	2525_g	2361_g	*
5	5	0.317	*	7_g	4030_g	4270_g	*	4032_g	2037_g	*
5	5	0.317	*	885_g	3574_g	3227_g	*	3714_g	3165_g	*
5	5	0.317	1060_g	6890_g	*	3488_g	*	661_g	113_g	*
5	5	0.317	1164_g	*	4572_g	2730_g	*	4578_g	3900_g	*
5	5	0.317	182_g	*	3907_g	4146_g	*	3901_g	2166_g	*
5	5	0.317	499_g	*	2214_g	2196_g	2273_g	2170_g	*	*
5	5	0.317	562_g	*	2722_g	4402_g	*	2694_g	1987_g	*
5	5	0.276	*	*	3311_g	887_g	3380_g	3291_g	3259_g	*
5	5	0.276	*	*	359_g	623_g	366_g	348_g	1757_g	*
5	5	0.276	*	*	3673_g	3320_g	3757_g	3623_g	3072_g	*
5	5	0.276	*	*	653_g	3521_g	671_g	627_g	145_g	*
5	5	0.276	*	*	676_g	3499_g	698_g	650_g	123_g	*
5	5	0.276	*	1405_g	4749_g	*	4859_g	4747_g	3732_g	*
5	5	0.276	*	1479_g	1143_g	1886_g	1186_g	1126_g	*	*
5	5	0.276	*	1714_g	*	1564_g	1670_g	1584_g	2667_g	*
5	5	0.276	*	199_g	2603_g	1086_g	2673_g	*	694_g	*
5	5	0.276	*	2145_g	246_g	*	264_g	235_g	4438_g	*
5	5	0.276	*	2403_g	3143_g	4840_g	*	3115_g	4181_g	*
5	5	0.276	*	2749_g	1672_g	1505_g	1729_g	*	*	1455_g
5	5	0.276	*	3086_g	2209_g	*	2268_g	2165_g	1261_g	*
5	5	0.276	*	312_g	4435_g	2590_g	4539_g	*	4030_g	*
5	5	0.276	*	3146_g	3680_g	3328_g	*	3615_g	3065_g	*
5	5	0.276	*	3163_g	744_g	*	779_g	720_g	55_g	*
5	5	0.276	*	3191_g	1798_g	*	1839_g	1765_g	2489_g	*
5	5	0.276	*	3320_g	*	4367_g	2822_g	2728_g	1954_g	*
5	5	0.276	*	3355_g	4125_g	3089_g	*	4141_g	3584_g	*
5	5	0.276	*	3376_g	3112_g	4868_g	*	3085_g	4212_g	*
5	5	0.276	*	3466_g	3659_g	3307_g	*	3635_g	3086_g	*
5	5	0.276	*	3552_g	1439_g	2041_g	1485_g	*	4087_g	*
5	5	0.276	*	3738_g	1689_g	1486_g	*	1662_g	2589_g	*
5	5	0.276	*	5514_g	2571_g	1056_g	*	2547_g	2340_g	*
5	5	0.276	*	6413_g	4064_g	*	4155_g	4082_g	3524_g	*
5	5	0.276	*	6414_g	4656_g	2809_g	*	4656_g	3818_g	*
5	5	0.276	*	6604_g	3300_g	*	3368_g	3279_g	3247_g	*
5	5	0.276	*	6970_g	4252_g	3878_g	*	4261_g	2317_g	*
5	5	0.276	*	83_g	1688_g	*	1745_g	1661_g	2591_g	*
5	5	0.276	*	903_g	395_g	588_g	404_g	*	1722_g	*
5	5	0.276	*	953_g	3697_g	3349_g	*	3599_g	3050_g	*
5	5	0.276	304_g	*	4304_g	3829_g	4405_g	4311_g	*	*
5	5	0.276	775_g	*	2782_g	4338_g	*	2758_g	1925_g	*
5	5	0.2	*	*	1017_g	258_g	1050_g	998_g	388_g	*
5	5	0.2	*	*	102_g	4642_g	110_g	95_g	836_g	*
5	5	0.2	*	*	1204_g	1830_g	1250_g	1187_g	574_g	*
5	5	0.2	*	*	1311_g	1730_g	1358_g	1292_g	4748_g	*
5	5	0.2	*	*	1506_g	2108_g	1553_g	1482_g	3327_g	*
5	5	0.2	*	*	1559_g	1612_g	1612_g	1538_g	2715_g	*
5	5	0.2	*	*	1562_g	1609_g	1615_g	1541_g	2713_g	*
5	5	0.2	*	*	158_g	4586_g	170_g	152_g	4354_g	*
5	5	0.2	*	*	1651_g	1526_g	1710_g	1623_g	2629_g	*
5	5	0.2	*	*	2026_g	149_g	2064_g	1983_g	1080_g	*
5	5	0.2	*	*	2071_g	196_g	2114_g	2029_g	1124_g	*
5	5	0.2	*	*	2257_g	2242_g	2317_g	2215_g	1309_g	*
5	5	0.2	*	*	244_g	4502_g	261_g	233_g	4436_g	*
5	5	0.2	*	*	2465_g	2457_g	2536_g	2424_g	1509_g	*
5	5	0.2	*	*	2806_g	1239_g	2881_g	2781_g	1903_g	*
5	5	0.2	*	*	2930_g	5064_g	3007_g	2897_g	3378_g	*
5	5	0.2	*	*	3130_g	4851_g	3203_g	3102_g	4193_g	*
5	5	0.2	*	*	3255_g	944_g	3320_g	3235_g	3207_g	*
5	5	0.2	*	*	3328_g	871_g	3396_g	3306_g	4505_g	*
5	5	0.2	*	*	3639_g	3289_g	3722_g	3654_g	3104_g	*
5	5	0.2	*	*	3658_g	3306_g	3742_g	3636_g	3087_g	*
5	5	0.2	*	*	3733_g	3974_g	3810_g	3730_g	2984_g	*
5	5	0.2	*	*	3863_g	4102_g	3945_g	3855_g	2209_g	*
5	5	0.2	*	*	3868_g	4108_g	3951_g	3861_g	2203_g	*
5	5	0.2	*	*	3953_g	4191_g	4038_g	3948_g	2121_g	*
5	5	0.2	*	*	3979_g	4223_g	4074_g	3982_g	2088_g	*
5	5	0.2	*	*	4177_g	3134_g	4273_g	4189_g	3631_g	*
5	5	0.2	*	*	4186_g	3143_g	4282_g	4198_g	623_g	*
5	5	0.2	*	*	4202_g	3927_g	4302_g	4214_g	639_g	*
5	5	0.2	*	*	4313_g	3820_g	4416_g	4320_g	2906_g	*
5	5	0.2	*	*	4649_g	2802_g	4758_g	4650_g	3829_g	*
5	5	0.2	*	*	4660_g	2813_g	4769_g	4659_g	3812_g	*
5	5	0.2	*	*	4694_g	2848_g	4804_g	4694_g	3779_g	*
5	5	0.2	*	*	4708_g	2861_g	4819_g	4708_g	3767_g	*
5	5	0.2	*	*	4823_g	2965_g	4930_g	4815_g	3665_g	*
5	5	0.2	*	*	591_g	3581_g	606_g	566_g	4309_g	*
5	5	0.2	*	*	593_g	3579_g	608_g	568_g	4311_g	*
5	5	0.2	*	*	721_g	3449_g	747_g	699_g	76_g	*
5	5	0.2	*	*	7_g	4735_g	9_g	3_g	929_g	*
5	5	0.2	*	*	899_g	375_g	937_g	881_g	284_g	*
5	5	0.2	*	*	949_g	324_g	981_g	934_g	326_g	*
5	5	0.2	*	1162_g	3800_g	4038_g	*	3795_g	2275_g	*
5	5	0.2	*	1353_g	3404_g	5103_g	*	3387_g	4575_g	*
5	5	0.2	*	1637_g	2668_g	703_g	*	2645_g	759_g	*
5	5	0.2	*	1977_g	3070_g	4910_g	*	3044_g	4250_g	*
5	5	0.2	*	198_g	2604_g	1087_g	*	2580_g	695_g	*
5	5	0.2	*	2076_g	3910_g	4149_g	*	3905_g	2163_g	*
5	5	0.2	*	2090_g	3710_g	3362_g	*	3585_g	3039_g	*
5	5	0.2	*	2184_g	2059_g	183_g	*	2018_g	1113_g	*
5	5	0.2	*	2225_g	2595_g	1079_g	*	2569_g	686_g	*
5	5	0.2	*	2262_g	4596_g	2754_g	*	4601_g	3878_g	*
5	5	0.2	*	2429_g	*	1125_g	2143_g	2054_g	1150_g	*
5	5	0.2	*	2444_g	*	2431_g	2507_g	2396_g	1484_g	*
5	5	0.2	*	2482_g	4459_g	*	4565_g	4464_g	4005_g	*
5	5	0.2	*	2488_g	3097_g	4884_g	*	3069_g	4226_g	*
5	5	0.2	*	2534_g	3545_g	3197_g	*	3552_g	1822_g	*
5	5	0.2	*	271_g	3256_g	943_g	*	3236_g	3208_g	*
5	5	0.2	*	2783_g	2922_g	5057_g	*	2891_g	2725_g	*
5	5	0.2	*	2786_g	1554_g	1617_g	*	1533_g	2721_g	*
5	5	0.2	*	2790_g	2202_g	2185_g	2260_g	*	1253_g	*
5	5	0.2	*	2829_g	3126_g	4855_g	*	3098_g	4197_g	*
5	5	0.2	*	2845_g	4832_g	2975_g	*	4824_g	3657_g	*
5	5	0.2	*	2852_g	3859_g	4098_g	*	3851_g	2213_g	*
5	5	0.2	*	2863_g	4728_g	2881_g	*	4730_g	3748_g	*
5	5	0.2	*	2924_g	1949_g	75_g	*	1911_g	1013_g	*
5	5	0.2	*	3028_g	2899_g	5033_g	*	2867_g	2749_g	*
5	5	0.2	*	311_g	4273_g	3858_g	*	4283_g	2943_g	*
5	5	0.2	*	3124_g	3085_g	4896_g	*	3058_g	4236_g	*
5	5	0.2	*	3129_g	4024_g	*	4120_g	4025_g	2045_g	*
5	5	0.2	*	3290_g	597_g	*	614_g	572_g	4315_g	*
5	5	0.2	*	3293_g	2053_g	176_g	2095_g	*	1106_g	*
5	5	0.2	*	3404_g	2579_g	1064_g	*	2553_g	2332_g	*
5	5	0.2	*	3406_g	2581_g	1065_g	*	2555_g	2330_g	*
5	5	0.2	*	3439_g	4722_g	2874_g	*	4723_g	3755_g	*
5	5	0.2	*	3582_g	3134_g	4847_g	*	3107_g	4189_g	*
5	5	0.2	*	3684_g	57_g	4684_g	64_g	*	882_g	*
5	5	0.2	*	3694_g	3887_g	4127_g	*	3881_g	2184_g	*
5	5	0.2	*	3797_g	4783_g	2929_g	*	4780_g	3701_g	*
5	5	0.2	*	4072_g	1084_g	1949_g	*	1064_g	452_g	*
5	5	0.2	*	4126_g	3585_g	*	3668_g	3703_g	3153_g	*
5	5	0.2	*	4139_g	3628_g	3278_g	*	3665_g	3116_g	*
5	5	0.2	*	419_g	506_g	*	518_g	485_g	1620_g	*
5	5	0.2	*	4403_g	*	4580_g	175_g	158_g	4359_g	*
5	5	0.2	*	4406_g	1288_g	1753_g	1333_g	1268_g	*	*
5	5	0.2	*	4421_g	3738_g	3980_g	3816_g	*	2979_g	*
5	5	0.2	*	4488_g	1362_g	1680_g	1409_g	*	4796_g	*
5	5	0.2	*	482_g	*	2243_g	2318_g	2216_g	1310_g	*
5	5	0.2	*	5380_g	3430_g	5120_g	*	3426_g	4592_g	*
5	5	0.2	*	5504_g	3653_g	3302_g	*	3641_g	3092_g	*
5	5	0.2	*	576_g	4506_g	2665_g	*	4513_g	3958_g	*
5	5	0.2	*	5846_g	22_g	4719_g	29_g	18_g	*	*
5	5	0.2	*	6304_g	2780_g	4340_g	*	2756_g	1926_g	*
5	5	0.2	*	6382_g	4234_g	3895_g	*	4243_g	669_g	*
5	5	0.2	*	6389_g	5013_g	3931_g	*	4210_g	635_g	*
5	5	0.2	*	6399_g	2939_g	5071_g	*	2905_g	3386_g	*
5	5	0.2	*	6470_g	4127_g	3091_g	*	4143_g	3586_g	*
5	5	0.2	*	6507_g	998_g	275_g	*	982_g	372_g	*
5	5	0.2	*	6518_g	4134_g	3096_g	*	4149_g	3592_g	*
5	5	0.2	*	655_g	562_g	3610_g	*	539_g	1569_g	*
5	5	0.2	*	6579_g	3841_g	4080_g	*	3832_g	2233_g	*
5	5	0.2	*	6603_g	3299_g	900_g	*	3278_g	3246_g	*
5	5	0.2	*	660_g	3016_g	1196_g	3084_g	2969_g	*	*
5	5	0.2	*	6627_g	4637_g	2792_g	*	4640_g	3840_g	*
5	5	0.2	*	6645_g	4476_g	2633_g	*	4483_g	3989_g	*
5	5	0.2	*	6714_g	1189_g	*	1234_g	1171_g	560_g	*
5	5	0.2	*	6715_g	1190_g	1842_g	1235_g	*	561_g	*
5	5	0.2	*	6719_g	4337_g	3794_g	*	4346_g	2882_g	*
5	5	0.2	*	6784_g	3207_g	4784_g	*	3181_g	4131_g	*
5	5	0.2	*	67_g	1788_g	1387_g	1832_g	1758_g	*	*
5	5	0.2	*	683_g	*	2122_g	1568_g	1499_g	3340_g	*
5	5	0.2	*	6999_g	*	4608_g	150_g	130_g	806_g	*
5	5	0.2	*	7043_g	1834_g	1342_g	1876_g	1802_g	*	*
5	5	0.2	*	855_g	4654_g	2807_g	4763_g	4654_g	*	*
5	5	0.2	*	857_g	1927_g	54_g	1964_g	*	*	2873_g
5	5	0.2	*	942_g	2639_g	736_g	*	2615_g	727_g	*
5	5	0.2	*	945_g	1731_g	1446_g	*	1701_g	2551_g	*
5	5	0.2	*	960_g	4665_g	2818_g	*	4664_g	3807_g	*
5	5	0.2	1013_g	*	2591_g	1076_g	*	2566_g	683_g	*
5	5	0.2	1086_g	*	*	2200_g	2277_g	2174_g	1270_g	*
5	5	0.2	1087_g	*	2183_g	2166_g	*	2140_g	1234_g	*
5	5	0.2	1124_g	*	3917_g	4158_g	*	3913_g	2153_g	*
5	5	0.2	1183_g	*	3529_g	3180_g	3606_g	3534_g	*	*
5	5	0.2	1202_g	1292_g	3781_g	4021_g	*	3777_g	*	*
5	5	0.2	1209_g	*	1496_g	2098_g	1543_g	1472_g	*	*
5	5	0.2	1211_g	*	3148_g	4835_g	3222_g	3122_g	*	*
5	5	0.2	1294_g	*	1977_g	102_g	2014_g	1936_g	*	*
5	5	0.2	1354_g	1279_g	2777_g	4343_g	*	*	1929_g	*
5	5	0.2	1360_g	*	2343_g	2330_g	2410_g	*	1396_g	*
5	5	0.2	1361_g	*	2503_g	*	2579_g	2465_g	1548_g	*
5	5	0.2	1424_g	*	668_g	3507_g	687_g	*	131_g	*
5	5	0.2	169_g	428_g	*	3907_g	*	4233_g	657_g	*
5	5	0.2	177_g	*	698_g	3472_g	725_g	677_g	*	*
5	5	0.2	186_g	*	1690_g	1485_g	1746_g	1663_g	*	*
5	5	0.2	209_g	*	2797_g	1230_g	*	2773_g	1911_g	*
5	5	0.2	276_g	*	3343_g	855_g	*	3323_g	4520_g	*
5	5	0.2	286_g	7205_g	*	3748_g	*	4391_g	2837_g	*
5	5	0.2	299_g	5259_g	2288_g	*	2355_g	*	1341_g	*
5	5	0.2	325_g	*	4143_g	3105_g	*	4157_g	3601_g	*
5	5	0.2	37_g	3831_g	719_g	3451_g	*	697_g	*	*
5	5	0.2	416_g	4401_g	*	4582_g	*	156_g	4357_g	*
5	5	0.2	478_g	2138_g	*	45_g	1953_g	*	982_g	*
5	5	0.2	490_g	*	2092_g	*	2136_g	2048_g	1144_g	*
5	5	0.2	571_g	*	2251_g	2236_g	2311_g	2209_g	*	*
5	5	0.2	589_g	*	2965_g	1155_g	*	2929_g	3412_g	*
5	5	0.2	650_g	2635_g	3929_g	4170_g	*	3925_g	*	*
5	5	0.2	679_g	*	4556_g	2717_g	*	4565_g	3912_g	*
5	5	0.2	681_g	*	2433_g	2426_g	*	2390_g	1480_g	*
5	5	0.2	71_g	*	2750_g	4373_g	*	2723_g	1959_g	*
5	5	0.2	757_g	2881_g	*	4498_g	267_g	*	4442_g	*
5	5	0.2	825_g	2753_g	499_g	3671_g	*	*	1628_g	*
5	5	0.2	833_g	*	1156_g	1873_g	1199_g	1139_g	*	*
5	5	0.2	879_g	*	3314_g	884_g	*	3294_g	3262_g	*
5	5	0.2	902_g	253_g	1957_g	82_g	1994_g	*	*	*
5	5	0.2	933_g	1801_g	3655_g	*	*	3639_g	3090_g	*
5	5	0.2	964_g	*	149_g	4596_g	161_g	142_g	*	*
5	5	0.2	998_g	*	384_g	599_g	*	374_g	1733_g	*
5	5	0.166	*	*	1020_g	255_g	1053_g	1001_g	391_g	*
5	5	0.166	*	*	1186_g	1846_g	1231_g	1168_g	557_g	*
5	5	0.166	*	*	1489_g	2092_g	1537_g	1466_g	3315_g	*
5	5	0.166	*	*	1586_g	1588_g	1638_g	1562_g	2689_g	*
5	5	0.166	*	*	1603_g	1573_g	1662_g	1576_g	2674_g	*
5	5	0.166	*	*	1709_g	1467_g	1764_g	1680_g	2570_g	*
5	5	0.166	*	*	2310_g	2297_g	2374_g	2267_g	1362_g	*
5	5	0.166	*	*	2358_g	2345_g	2423_g	2315_g	1409_g	*
5	5	0.166	*	*	2368_g	2357_g	2444_g	2328_g	1421_g	*
5	5	0.166	*	*	2898_g	5032_g	2974_g	2866_g	2750_g	*
5	5	0.166	*	*	334_g	646_g	339_g	324_g	1781_g	*
5	5	0.166	*	*	4403_g	3724_g	4513_g	4410_g	2816_g	*
5	5	0.166	*	*	4690_g	2844_g	4800_g	4689_g	3783_g	*
5	5	0.166	*	*	645_g	3529_g	662_g	619_g	777_g	*
5	5	0.166	*	*	74_g	4668_g	82_g	69_g	865_g	*
5	5	0.166	*	*	953_g	320_g	985_g	938_g	330_g	*
5	5	0.166	*	*	98_g	4644_g	108_g	93_g	838_g	*
5	5	0.166	*	*	9_g	4733_g	11_g	5_g	927_g	*
5	5	0.166	*	1040_g	1561_g	1610_g	1614_g	1540_g	*	*
5	5	0.166	*	1280_g	2824_g	1256_g	*	2797_g	1886_g	*
5	5	0.166	*	1281_g	2823_g	1255_g	2896_g	2796_g	*	*
5	5	0.166	*	1287_g	4270_g	3861_g	*	4280_g	2946_g	*
5	5	0.166	*	1295_g	4829_g	2972_g	*	4821_g	3660_g	*
5	5	0.166	*	1402_g	365_g	617_g	372_g	*	1751_g	*
5	5	0.166	*	1429_g	2987_g	1167_g	3056_g	*	3425_g	*
5	5	0.166	*	1477_g	4218_g	3911_g	*	4229_g	653_g	*
5	5	0.166	*	1501_g	4265_g	3866_g	*	4274_g	2305_g	*
5	5	0.166	*	1503_g	*	1425_g	1793_g	1721_g	*	3046_g
5	5	0.166	*	1521_g	4447_g	2602_g	*	4451_g	4018_g	*
5	5	0.166	*	1755_g	*	1848_g	1229_g	1166_g	555_g	*
5	5	0.166	*	2015_g	2661_g	712_g	*	2637_g	750_g	*
5	5	0.166	*	2023_g	3379_g	824_g	*	3363_g	4549_g	*
5	5	0.166	*	2042_g	3701_g	3353_g	*	3595_g	3047_g	*
5	5	0.166	*	2150_g	4825_g	2967_g	*	4817_g	3663_g	*
5	5	0.166	*	2353_g	4217_g	3912_g	*	4228_g	652_g	*
5	5	0.166	*	2402_g	3144_g	4839_g	*	3116_g	4180_g	*
5	5	0.166	*	2489_g	3098_g	*	3163_g	3070_g	4225_g	*
5	5	0.166	*	2537_g	549_g	3623_g	565_g	*	1582_g	*
5	5	0.166	*	2538_g	550_g	3622_g	566_g	527_g	*	*
5	5	0.166	*	2653_g	*	2262_g	2339_g	2235_g	1328_g	*
5	5	0.166	*	265_g	2630_g	743_g	2703_g	2607_g	*	*
5	5	0.166	*	2678_g	2679_g	696_g	*	2652_g	767_g	*
5	5	0.166	*	3021_g	2367_g	*	2443_g	2327_g	1420_g	*
5	5	0.166	*	3034_g	1243_g	1795_g	*	1222_g	611_g	*
5	5	0.166	*	304_g	4510_g	2669_g	*	4517_g	3955_g	*
5	5	0.166	*	3078_g	474_g	516_g	486_g	455_g	*	*
5	5	0.166	*	3088_g	2207_g	*	2266_g	2163_g	1259_g	*
5	5	0.166	*	3188_g	1680_g	*	1738_g	1653_g	2599_g	*
5	5	0.166	*	3197_g	1525_g	2124_g	1571_g	1502_g	*	*
5	5	0.166	*	3424_g	4176_g	3133_g	*	4188_g	3630_g	*
5	5	0.166	*	350_g	3155_g	4828_g	*	3129_g	4171_g	*
5	5	0.166	*	3932_g	*	4572_g	185_g	168_g	4367_g	*
5	5	0.166	*	3987_g	*	3498_g	699_g	651_g	122_g	*
5	5	0.166	*	4068_g	3959_g	4198_g	*	3956_g	2113_g	*
5	5	0.166	*	4110_g	*	2068_g	1510_g	1442_g	4111_g	*
5	5	0.166	*	4208_g	3197_g	4793_g	3269_g	*	4139_g	*
5	5	0.166	*	4274_g	1566_g	*	1619_g	1545_g	2709_g	*
5	5	0.166	*	4477_g	4328_g	3803_g	*	4337_g	2891_g	*
5	5	0.166	*	457_g	2088_g	*	2131_g	2044_g	1139_g	*
5	5	0.166	*	5081_g	1669_g	*	1727_g	1642_g	2611_g	*
5	5	0.166	*	545_g	1275_g	*	1319_g	1253_g	4711_g	*
5	5	0.166	*	5464_g	2354_g	2341_g	2419_g	2311_g	*	*
5	5	0.166	*	5757_g	3875_g	4115_g	*	3868_g	2196_g	*
5	5	0.166	*	6396_g	2942_g	1132_g	*	2908_g	3389_g	*
5	5	0.166	*	6402_g	2937_g	*	3013_g	2903_g	3384_g	*
5	5	0.166	*	6687_g	*	4532_g	229_g	205_g	4405_g	*
5	5	0.166	*	6733_g	*	4200_g	4050_g	3958_g	2112_g	*
5	5	0.166	*	6735_g	3963_g	4202_g	*	3960_g	2110_g	*
5	5	0.166	*	6766_g	3447_g	*	3525_g	3441_g	4609_g	*
5	5	0.166	*	6772_g	4504_g	*	4616_g	4511_g	3960_g	*
5	5	0.166	*	6782_g	3209_g	*	3282_g	3183_g	4129_g	*
5	5	0.166	*	6869_g	1601_g	1576_g	*	1573_g	2677_g	*
5	5	0.166	*	7002_g	134_g	4610_g	147_g	*	808_g	*
5	5	0.166	*	72_g	382_g	*	390_g	372_g	1735_g	*
5	5	0.166	*	918_g	4451_g	2608_g	*	4456_g	4013_g	*
5	5	0.166	*	940_g	3013_g	1193_g	*	2966_g	3452_g	*
5	5	0.166	1005_g	1004_g	3923_g	4164_g	*	3919_g	*	*
5	5	0.166	1015_g	2995_g	3295_g	905_g	*	3274_g	*	*
5	5	0.166	1093_g	2350_g	*	246_g	*	1012_g	402_g	*
5	5	0.166	1210_g	*	2958_g	1146_g	*	2923_g	3403_g	*
5	5	0.166	1324_g	*	3000_g	1180_g	*	2953_g	3438_g	*
5	5	0.166	1370_g	*	3132_g	4849_g	*	3104_g	4191_g	*
5	5	0.166	36_g	1461_g	720_g	3450_g	746_g	*	*	*
5	5	0.166	395_g	*	2642_g	732_g	2714_g	2619_g	*	*
5	5	0.166	488_g	3291_g	4268_g	3863_g	*	*	2948_g	*
5	5	0.166	578_g	1593_g	4790_g	*	*	4786_g	3695_g	*
5	5	0.166	74_g	*	1912_g	39_g	1947_g	*	976_g	*
5	5	0.166	786_g	*	678_g	3496_g	701_g	*	120_g	*
5	5	0.166	986_g	*	1404_g	1639_g	1447_g	1380_g	*	*
5	5	0.139	*	*	1162_g	1868_g	1205_g	1145_g	532_g	*
5	5	0.139	*	*	1976_g	101_g	2013_g	1935_g	1037_g	*
5	5	0.139	*	*	1995_g	120_g	2035_g	1954_g	1055_g	*
5	5	0.139	*	*	2451_g	2444_g	2522_g	2409_g	1497_g	*
5	5	0.139	*	*	2560_g	1044_g	2630_g	2535_g	2352_g	*
5	5	0.139	*	*	3582_g	3235_g	3665_g	3706_g	3156_g	*
5	5	0.139	*	*	3641_g	3291_g	3724_g	3652_g	3102_g	*
5	5	0.139	*	*	498_g	3672_g	510_g	478_g	1629_g	*
5	5	0.139	*	*	664_g	3510_g	683_g	637_g	135_g	*
5	5	0.139	*	*	674_g	3501_g	693_g	648_g	125_g	*
5	5	0.139	*	1071_g	748_g	*	784_g	724_g	51_g	*
5	5	0.139	*	1094_g	2894_g	5027_g	2970_g	2862_g	*	*
5	5	0.139	*	1373_g	758_g	*	794_g	734_g	41_g	*
5	5	0.139	*	1867_g	4353_g	3778_g	4461_g	4363_g	*	*
5	5	0.139	*	1868_g	3902_g	4141_g	*	3896_g	2171_g	*
5	5	0.139	*	2039_g	252_g	4495_g	270_g	241_g	*	*
5	5	0.139	*	223_g	4310_g	3823_g	*	4317_g	2909_g	*
5	5	0.139	*	2432_g	3777_g	4017_g	*	3773_g	2295_g	*
5	5	0.139	*	251_g	4312_g	3821_g	*	4319_g	2907_g	*
5	5	0.139	*	2600_g	64_g	4677_g	72_g	*	874_g	*
5	5	0.139	*	2699_g	1748_g	1427_g	1791_g	1719_g	*	*
5	5	0.139	*	2714_g	1943_g	69_g	1980_g	*	1007_g	*
5	5	0.139	*	2784_g	2923_g	5058_g	*	2892_g	2724_g	*
5	5	0.139	*	2803_g	4365_g	3765_g	4473_g	4375_g	*	*
5	5	0.139	*	2813_g	3792_g	4031_g	*	3788_g	2283_g	*
5	5	0.139	*	2984_g	1131_g	1900_g	1171_g	*	501_g	*
5	5	0.139	*	3097_g	4227_g	3902_g	*	4236_g	661_g	*
5	5	0.139	*	3120_g	*	294_g	1011_g	964_g	353_g	*
5	5	0.139	*	3171_g	3421_g	5112_g	*	3418_g	4584_g	*
5	5	0.139	*	3457_g	1149_g	*	1192_g	1133_g	519_g	*
5	5	0.139	*	3540_g	2683_g	693_g	2756_g	2656_g	*	*
5	5	0.139	*	3698_g	1735_g	1441_g	1777_g	1706_g	*	*
5	5	0.139	*	36_g	*	256_g	1052_g	1000_g	390_g	*
5	5	0.139	*	3728_g	3099_g	4882_g	*	3071_g	4224_g	*
5	5	0.139	*	3789_g	2820_g	1251_g	2893_g	*	1890_g	*
5	5	0.139	*	3939_g	122_g	4623_g	131_g	*	820_g	*
5	5	0.139	*	4012_g	2478_g	2470_g	2549_g	2437_g	*	*
5	5	0.139	*	4101_g	429_g	*	439_g	414_g	1694_g	*
5	5	0.139	*	4371_g	4486_g	2644_g	*	4493_g	3978_g	*
5	5	0.139	*	4872_g	4631_g	2786_g	*	4634_g	3845_g	*
5	5	0.139	*	5252_g	2441_g	2434_g	*	2399_g	1487_g	*
5	5	0.139	*	5_g	4628_g	2783_g	4739_g	4631_g	*	*
5	5	0.139	*	6338_g	3562_g	3215_g	3642_g	3570_g	*	*
5	5	0.139	*	6467_g	2954_g	1142_g	*	2919_g	3399_g	*
5	5	0.139	*	650_g	3736_g	3977_g	*	3733_g	2981_g	*
5	5	0.139	*	6651_g	2040_g	162_g	2078_g	1997_g	*	*
5	5	0.139	*	6709_g	2908_g	5043_g	*	2878_g	2738_g	*
5	5	0.139	*	867_g	3212_g	4780_g	*	3186_g	4126_g	*
5	5	0.139	1092_g	4365_g	4584_g	*	*	4589_g	3889_g	*
5	5	0.139	1368_g	*	4469_g	2626_g	*	4474_g	3996_g	*
5	5	0.139	434_g	*	3367_g	835_g	*	3351_g	4539_g	*
5	5	0.139	690_g	*	2345_g	2333_g	2412_g	*	1398_g	*
5	5	0.139	873_g	*	4669_g	2822_g	*	4668_g	3803_g	*
5	5	0.139	877_g	7179_g	4523_g	*	*	4531_g	3943_g	*
5	5	0.104	*	*	1021_g	254_g	1054_g	1002_g	392_g	*
5	5	0.104	*	*	116_g	4629_g	125_g	108_g	826_g	*
5	5	0.104	*	*	1299_g	1742_g	1344_g	1279_g	4736_g	*
5	5	0.104	*	*	1543_g	1629_g	1594_g	1522_g	3362_g	*
5	5	0.104	*	*	1714_g	1463_g	1768_g	1684_g	2566_g	*
5	5	0.104	*	*	1812_g	1367_g	1855_g	1779_g	2476_g	*
5	5	0.104	*	*	2070_g	195_g	2113_g	2028_g	1123_g	*
5	5	0.104	*	*	2121_g	800_g	2168_g	2078_g	1174_g	*
5	5	0.104	*	*	2491_g	2486_g	2564_g	2454_g	1538_g	*
5	5	0.104	*	*	2513_g	2507_g	2589_g	2474_g	1557_g	*
5	5	0.104	*	*	2517_g	2511_g	2592_g	2478_g	1561_g	*
5	5	0.104	*	*	2796_g	1229_g	2870_g	2772_g	1912_g	*
5	5	0.104	*	*	2996_g	1177_g	3065_g	2950_g	3435_g	*
5	5	0.104	*	*	3282_g	919_g	3345_g	3260_g	3229_g	*
5	5	0.104	*	*	3293_g	908_g	3359_g	3272_g	3239_g	*
5	5	0.104	*	*	333_g	647_g	338_g	323_g	1782_g	*
5	5	0.104	*	*	3341_g	859_g	3410_g	3319_g	4516_g	*
5	5	0.104	*	*	3839_g	4078_g	3919_g	3830_g	2235_g	*
5	5	0.104	*	*	3896_g	4136_g	3977_g	3890_g	2176_g	*
5	5	0.104	*	*	4316_g	3817_g	4419_g	4323_g	2903_g	*
5	5	0.104	*	*	4797_g	2941_g	4904_g	4793_g	3688_g	*
5	5	0.104	*	*	489_g	501_g	500_g	469_g	1639_g	*
5	5	0.104	*	*	539_g	3632_g	552_g	517_g	1590_g	*
5	5	0.104	*	*	608_g	3565_g	625_g	582_g	4326_g	*
5	5	0.104	*	*	609_g	3564_g	626_g	583_g	4327_g	*
5	5	0.104	*	*	707_g	3464_g	732_g	685_g	90_g	*
5	5	0.104	*	*	711_g	3460_g	736_g	689_g	85_g	*
5	5	0.104	*	*	798_g	474_g	835_g	784_g	189_g	*
5	5	0.104	*	1021_g	2633_g	741_g	*	2610_g	722_g	*
5	5	0.104	*	1053_g	2906_g	5041_g	*	2876_g	2740_g	*
5	5	0.104	*	1211_g	4499_g	2658_g	*	4506_g	3965_g	*
5	5	0.104	*	1278_g	2776_g	4344_g	2849_g	*	1930_g	*
5	5	0.104	*	1332_g	2627_g	746_g	*	2604_g	717_g	*
5	5	0.104	*	1473_g	130_g	4614_g	143_g	123_g	*	*
5	5	0.104	*	1515_g	3862_g	4101_g	*	3854_g	2210_g	*
5	5	0.104	*	153_g	*	4874_g	3172_g	3079_g	4217_g	*
5	5	0.104	*	1563_g	1015_g	260_g	1049_g	996_g	*	*
5	5	0.104	*	1713_g	1609_g	1565_g	*	1583_g	2668_g	*
5	5	0.104	*	1773_g	*	2821_g	4778_g	4667_g	3804_g	*
5	5	0.104	*	1827_g	1159_g	*	1202_g	1142_g	529_g	*
5	5	0.104	*	183_g	2408_g	2395_g	*	2366_g	1459_g	*
5	5	0.104	*	1861_g	4191_g	3148_g	*	4203_g	628_g	*
5	5	0.104	*	191_g	4616_g	2772_g	*	4620_g	3860_g	*
5	5	0.104	*	2019_g	3303_g	896_g	*	3282_g	3251_g	*
5	5	0.104	*	2085_g	1336_g	1705_g	*	1316_g	4773_g	*
5	5	0.104	*	2274_g	3970_g	4214_g	118_g	3973_g	*	*
5	5	0.104	*	2304_g	1595_g	1583_g	*	1567_g	2683_g	*
5	5	0.104	*	230_g	4745_g	2895_g	*	4745_g	3734_g	*
5	5	0.104	*	2400_g	4724_g	*	4837_g	4725_g	3753_g	*
5	5	0.104	*	2583_g	1107_g	1924_g	1143_g	*	476_g	*
5	5	0.104	*	2667_g	*	2441_g	2519_g	2406_g	1494_g	*
5	5	0.104	*	2755_g	1441_g	*	1487_g	1418_g	4089_g	*
5	5	0.104	*	2773_g	2959_g	1148_g	*	2924_g	3405_g	*
5	5	0.104	*	2792_g	3975_g	4219_g	*	3978_g	2091_g	*
5	5	0.104	*	2814_g	2095_g	1122_g	2140_g	*	1147_g	*
5	5	0.104	*	3019_g	1933_g	60_g	1970_g	1896_g	*	*
5	5	0.104	*	3041_g	2537_g	*	2602_g	2511_g	2375_g	*
5	5	0.104	*	3133_g	958_g	315_g	990_g	943_g	*	*
5	5	0.104	*	3223_g	2664_g	709_g	*	2640_g	753_g	*
5	5	0.104	*	323_g	2736_g	*	2801_g	2707_g	1974_g	*
5	5	0.104	*	3267_g	*	1783_g	1304_g	1237_g	4696_g	*
5	5	0.104	*	3287_g	3787_g	4026_g	*	3783_g	2287_g	*
5	5	0.104	*	3292_g	2052_g	175_g	2094_g	*	1105_g	*
5	5	0.104	*	3302_g	*	2487_g	2565_g	2455_g	1539_g	*
5	5	0.104	*	3312_g	3330_g	868_g	*	3309_g	4507_g	*
5	5	0.104	*	3315_g	408_g	*	418_g	395_g	1711_g	*
5	5	0.104	*	3415_g	1981_g	*	2018_g	1940_g	1041_g	*
5	5	0.104	*	3462_g	3027_g	*	3097_g	2981_g	3467_g	*
5	5	0.104	*	3564_g	4465_g	*	4571_g	4470_g	4000_g	*
5	5	0.104	*	3606_g	*	2261_g	2338_g	2234_g	1327_g	*
5	5	0.104	*	3685_g	*	4685_g	63_g	52_g	883_g	*
5	5	0.104	*	3807_g	797_g	475_g	834_g	783_g	*	*
5	5	0.104	*	3905_g	1596_g	1582_g	1644_g	1568_g	*	*
5	5	0.104	*	4122_g	4421_g	2576_g	*	4424_g	4044_g	*
5	5	0.104	*	4144_g	*	3578_g	611_g	569_g	4312_g	*
5	5	0.104	*	4158_g	823_g	451_g	857_g	807_g	*	*
5	5	0.104	*	4201_g	*	3758_g	4480_g	4382_g	2847_g	*
5	5	0.104	*	441_g	1070_g	*	1103_g	1050_g	438_g	*
5	5	0.104	*	461_g	867_g	409_g	903_g	*	252_g	*
5	5	0.104	*	481_g	*	4521_g	239_g	214_g	4416_g	*
5	5	0.104	*	4827_g	2719_g	4406_g	2781_g	*	1990_g	*
5	5	0.104	*	4848_g	4231_g	3898_g	*	4240_g	665_g	*
5	5	0.104	*	496_g	633_g	3538_g	*	608_g	788_g	*
5	5	0.104	*	5114_g	4613_g	2769_g	*	4617_g	3863_g	*
5	5	0.104	*	5393_g	2629_g	744_g	*	2606_g	719_g	*
5	5	0.104	*	540_g	4348_g	3783_g	*	4358_g	2870_g	*
5	5	0.104	*	54_g	165_g	4579_g	176_g	*	4360_g	*
5	5	0.104	*	558_g	4695_g	2849_g	*	4695_g	3778_g	*
5	5	0.104	*	5630_g	1352_g	1691_g	*	1330_g	4785_g	*
5	5	0.104	*	567_g	*	1716_g	1371_g	1305_g	4762_g	*
5	5	0.104	*	6071_g	2584_g	1069_g	*	2559_g	676_g	*
5	5	0.104	*	6236_g	*	4454_g	316_g	297_g	4486_g	*
5	5	0.104	*	6367_g	3595_g	3247_g	*	3694_g	3143_g	*
5	5	0.104	*	638_g	3364_g	839_g	3442_g	3347_g	*	*
5	5	0.104	*	6418_g	4770_g	2917_g	*	4768_g	3713_g	*
5	5	0.104	*	6424_g	2775_g	4345_g	*	2750_g	1931_g	*
5	5	0.104	*	6522_g	1776_g	1397_g	1823_g	1747_g	*	*
5	5	0.104	*	6563_g	4092_g	3062_g	*	4110_g	3553_g	*
5	5	0.104	*	6568_g	*	1314_g	1905_g	1828_g	2432_g	*
5	5	0.104	*	6569_g	1861_g	1316_g	*	1826_g	2434_g	*
5	5	0.104	*	6575_g	4154_g	3115_g	*	4169_g	3611_g	*
5	5	0.104	*	6629_g	3600_g	3252_g	*	3689_g	3138_g	*
5	5	0.104	*	6650_g	2041_g	163_g	2079_g	*	1093_g	*
5	5	0.104	*	6654_g	4220_g	3909_g	*	4231_g	655_g	*
5	5	0.104	*	6727_g	2127_g	*	2177_g	2084_g	1180_g	*
5	5	0.104	*	6854_g	*	4378_g	2812_g	2718_g	1963_g	*
5	5	0.104	*	6858_g	846_g	430_g	881_g	828_g	*	*
5	5	0.104	*	7111_g	3642_g	*	3725_g	3651_g	3101_g	*
5	5	0.104	*	7175_g	4517_g	2677_g	*	4525_g	3947_g	*
5	5	0.104	*	75_g	3022_g	1203_g	*	2975_g	3461_g	*
5	5	0.104	1026_g	*	3779_g	4019_g	*	3775_g	2293_g	*
5	5	0.104	1029_g	*	4588_g	2746_g	4698_g	*	3885_g	*
5	5	0.104	1041_g	*	4758_g	2906_g	*	4757_g	3724_g	*
5	5	0.104	1085_g	*	110_g	4634_g	120_g	103_g	*	*
5	5	0.104	134_g	*	2556_g	1041_g	*	2531_g	2355_g	*
5	5	0.104	1366_g	2710_g	2742_g	4382_g	*	2714_g	*	*
5	5	0.104	1433_g	7110_g	3645_g	*	*	3650_g	3100_g	*
5	5	0.104	180_g	3377_g	3113_g	4867_g	*	*	4211_g	*
5	5	0.104	196_g	1576_g	*	1153_g	*	2927_g	3409_g	*
5	5	0.104	258_g	*	4673_g	2827_g	*	4673_g	3798_g	*
5	5	0.104	260_g	4389_g	*	2830_g	*	4676_g	3796_g	*
5	5	0.104	292_g	1300_g	1756_g	1419_g	*	*	2525_g	*
5	5	0.104	470_g	*	3308_g	890_g	*	3288_g	3256_g	*
5	5	0.104	481_g	5834_g	1695_g	1481_g	1751_g	*	*	*
5	5	0.104	91_g	4_g	2120_g	*	2167_g	*	1173_g	*
5	5	0.104	974_g	*	4658_g	2810_g	*	4657_g	3816_g	*
5	5	0.0764	*	*	1449_g	2053_g	1495_g	1426_g	4096_g	*
5	5	0.0764	*	*	1545_g	1627_g	1596_g	1524_g	3364_g	*
5	5	0.0764	*	*	1591_g	1586_g	1640_g	1564_g	2686_g	*
5	5	0.0764	*	*	1679_g	1497_g	1737_g	1652_g	2600_g	*
5	5	0.0764	*	*	1848_g	1330_g	1889_g	1814_g	2446_g	*
5	5	0.0764	*	*	1850_g	1328_g	1891_g	1816_g	2444_g	*
5	5	0.0764	*	*	2196_g	2179_g	2253_g	2152_g	1247_g	*
5	5	0.0764	*	*	2317_g	2304_g	2383_g	2276_g	1370_g	*
5	5	0.0764	*	*	2489_g	2484_g	2562_g	2452_g	1536_g	*
5	5	0.0764	*	*	2504_g	2498_g	2580_g	2466_g	1549_g	*
5	5	0.0764	*	*	32_g	4707_g	39_g	29_g	904_g	*
5	5	0.0764	*	*	375_g	606_g	383_g	365_g	1741_g	*
5	5	0.0764	*	*	3791_g	4030_g	3871_g	3787_g	2284_g	*
5	5	0.0764	*	*	4334_g	3797_g	4441_g	4343_g	2885_g	*
5	5	0.0764	*	*	4683_g	2836_g	4793_g	4682_g	3790_g	*
5	5	0.0764	*	*	55_g	4686_g	62_g	51_g	884_g	*
5	5	0.0764	*	*	600_g	3573_g	616_g	574_g	4318_g	*
5	5	0.0764	*	*	657_g	3516_g	676_g	631_g	141_g	*
5	5	0.0764	*	1027_g	1467_g	2072_g	1514_g	*	4113_g	*
5	5	0.0764	*	1145_g	4759_g	2907_g	*	4758_g	3723_g	*
5	5	0.0764	*	1153_g	3384_g	819_g	3464_g	*	4554_g	*
5	5	0.0764	*	1375_g	1210_g	1824_g	*	1192_g	580_g	*
5	5	0.0764	*	1394_g	1200_g	*	1245_g	1183_g	571_g	*
5	5	0.0764	*	1412_g	3594_g	3246_g	3677_g	3695_g	*	*
5	5	0.0764	*	145_g	*	171_g	2090_g	2006_g	1101_g	*
5	5	0.0764	*	1489_g	3549_g	3202_g	*	3557_g	3189_g	*
5	5	0.0764	*	1833_g	4540_g	2701_g	*	4549_g	3927_g	*
5	5	0.0764	*	1869_g	1170_g	1862_g	*	1152_g	544_g	*
5	5	0.0764	*	1981_g	2335_g	*	2402_g	2294_g	1388_g	*
5	5	0.0764	*	2071_g	*	4602_g	156_g	136_g	800_g	*
5	5	0.0764	*	2134_g	601_g	3572_g	617_g	575_g	*	*
5	5	0.0764	*	2399_g	*	2877_g	4838_g	4726_g	3752_g	*
5	5	0.0764	*	244_g	2078_g	203_g	2121_g	2035_g	*	*
5	5	0.0764	*	2544_g	4103_g	*	4195_g	4120_g	3563_g	*
5	5	0.0764	*	2611_g	4723_g	2875_g	*	4724_g	3754_g	*
5	5	0.0764	*	2630_g	*	1758_g	1328_g	1263_g	4720_g	*
5	5	0.0764	*	2672_g	1569_g	1602_g	1623_g	*	2706_g	*
5	5	0.0764	*	276_g	1772_g	*	1819_g	1743_g	2508_g	*
5	5	0.0764	*	296_g	*	3744_g	4498_g	4395_g	2833_g	*
5	5	0.0764	*	2985_g	1133_g	*	1173_g	1115_g	502_g	*
5	5	0.0764	*	3333_g	2985_g	1165_g	*	2939_g	3423_g	*
5	5	0.0764	*	3381_g	3030_g	1211_g	*	2983_g	3470_g	*
5	5	0.0764	*	3461_g	*	1208_g	3096_g	2980_g	3466_g	*
5	5	0.0764	*	3979_g	1013_g	*	1047_g	994_g	384_g	*
5	5	0.0764	*	432_g	2486_g	*	2559_g	2448_g	1532_g	*
5	5	0.0764	*	448_g	3268_g	931_g	*	3248_g	3219_g	*
5	5	0.0764	*	506_g	3151_g	4832_g	*	3125_g	4174_g	*
5	5	0.0764	*	51_g	3916_g	4157_g	*	3912_g	2154_g	*
5	5	0.0764	*	6630_g	3599_g	*	3683_g	3690_g	3139_g	*
5	5	0.0764	*	684_g	2232_g	2217_g	2291_g	*	1286_g	*
5	5	0.0764	*	787_g	2865_g	5000_g	*	2834_g	2779_g	*
5	5	0.0764	*	810_g	*	251_g	1056_g	1004_g	395_g	*
5	5	0.0764	*	85_g	*	3836_g	4398_g	4304_g	2922_g	*
5	5	0.0764	*	861_g	*	1720_g	1367_g	1301_g	4758_g	*
5	5	0.0764	1033_g	*	4468_g	2625_g	*	4473_g	3997_g	*
5	5	0.0764	1061_g	*	2152_g	766_g	2204_g	2109_g	*	*
5	5	0.0764	1344_g	*	4389_g	3743_g	*	4396_g	2832_g	*
5	5	0.0764	1372_g	*	2640_g	734_g	*	2617_g	729_g	*
5	5	0.0764	1412_g	3084_g	2211_g	2193_g	*	2167_g	*	*
5	5	0.0764	18_g	3156_g	3316_g	*	3385_g	*	3265_g	*
5	5	0.0764	273_g	1938_g	613_g	*	630_g	*	4331_g	*
5	5	0.0764	344_g	*	24_g	4717_g	*	21_g	912_g	*
5	5	0.0764	477_g	1200_g	1919_g	46_g	1954_g	*	*	*
5	5	0.0764	599_g	2462_g	*	4710_g	*	26_g	907_g	*
5	5	0.0764	944_g	2188_g	420_g	*	*	405_g	1702_g	*
4	10	0.5	*	*	*	2516_g,1298_g	4137_g	5529_g,5531_g,5500_g,5570_g,5530_g	*	3042_g,3723_g
4	7	0.143	*	6787_g	943_g,937_g,941_g,938_g	*	974_g	*	321_g	*
4	6	0.167	*	3616_g	3167_g	*	3240_g	3141_g,3145_g,3146_g	*	*
4	6	0.152	658_g	7206_g,5261_g	*	3750_g	*	*	*	10918_g,11715_g
4	5	0.6	*	*	*	2136_g	1582_g	1513_g	*	10598_g,11395_g
4	5	0.6	*	*	3493_g	*	3573_g	3488_g	*	3120_g,3801_g
4	5	0.6	*	973_g	*	2203_g	*	*	1273_g	2916_g,3597_g
4	5	0.6	672_g	*	3609_g	3260_g	*	*	*	7200_g,7717_g
4	5	0.4	*	*	*	634_g	353_g	*	1768_g	5665_g,6582_g
4	5	0.4	*	*	2485_g	2479_g	*	2446_g	*	9859_g,12665_g
4	5	0.4	*	*	3403_g	5102_g	*	3386_g	*	4625_g,5097_g
4	5	0.4	*	*	3940_g	4180_g	*	*	2133_g	9703_g,12958_g
4	5	0.4	*	*	4230_g	3899_g	*	*	664_g	542_g,632_g
4	5	0.4	*	*	901_g	*	939_g	*	285_g	4446_g,8461_g
4	5	0.4	*	2009_g	*	*	*	2748_g	1933_g	4346_g,8262_g
4	5	0.4	*	2774_g	*	1147_g	*	*	3404_g	11163_g,11960_g
4	5	0.4	*	2818_g	2259_g	*	*	2218_g,5677_g	1312_g	*
4	5	0.4	*	3428_g	1873_g	*	*	1837_g	*	10802_g,11599_g
4	5	0.4	*	6808_g	*	4824_g	*	*	4167_g	5562_g,6686_g
4	5	0.4	733_g	*	4571_g	2729_g	*	*	*	9374_g,13295_g
4	5	0.2	*	*	*	5072_g,2566_g	3016_g	2906_g	3387_g	*
4	5	0.2	*	*	2519_g	339_g,340_g	2594_g	2480_g	*	*
4	5	0.2	*	*	3193_g	4797_g	*	3170_g	*	4344_g,8264_g
4	5	0.2	*	4386_g	*	4715_g	*	*	911_g	9959_g,12562_g
4	5	0.2	*	5090_g	566_g	3606_g	*	*	4499_g,4496_g	*
4	5	0.2	*	6397_g	*	*	*	2907_g	3388_g	9812_g,12711_g
4	5	0.2	*	6543_g	4657_g	*	*	*	3817_g	2761_g,3442_g
4	5	0.2	1343_g	6145_g,3283_g	*	*	928_g	873_g	*	*
4	5	0.166	*	*	2119_g	802_g	*	2076_g	*	6048_g,6204_g
4	5	0.166	*	*	3807_g	*	*	3800_g	2269_g	5083_g,4611_g
4	5	0.166	*	*	804_g	468_g	*	790_g	*	8868_g,4088_g
4	5	0.166	*	785_g	*	1113_g	2130_g	*	*	4128_g,8908_g
4	5	0.139	*	5819_g	*	4620_g	4951_g,4337_g	117_g	*	*
4	5	0.104	*	*	*	1091_g	2679_g	2583_g	*	1088_g,1550_g
4	5	0.104	*	*	1661_g	1515_g	1719_g	*	*	2538_g,3219_g
4	5	0.104	*	5358_g,556_g	*	1787_g	1299_g	*	4691_g	*
4	5	0.104	*	751_g,5006_g	*	4360_g	*	2734_g	1947_g	*
4	4	1	*	*	*	4546_g	215_g	192_g	4391_g	*
4	4	1	*	*	1168_g	*	1210_g	1150_g	542_g	*
4	4	1	*	*	1647_g	1530_g	*	1619_g	2633_g	*
4	4	1	*	*	1698_g	1478_g	1754_g	1670_g	*	*
4	4	1	*	*	1749_g	*	1792_g	1720_g	2532_g	*
4	4	1	*	*	2548_g	1032_g	*	2522_g	2364_g	*
4	4	1	*	*	2549_g	1033_g	*	2523_g	2363_g	*
4	4	1	*	*	2554_g	1039_g	*	2529_g	2357_g	*
4	4	1	*	*	2567_g	1051_g	*	2542_g	2345_g	*
4	4	1	*	*	2599_g	1082_g	*	2575_g	690_g	*
4	4	1	*	*	2652_g	720_g	*	2629_g	743_g	*
4	4	1	*	*	3092_g	4889_g	*	3064_g	4230_g	*
4	4	1	*	*	3272_g	927_g	*	3252_g	3222_g	*
4	4	1	*	*	3391_g	5089_g	*	3374_g	4561_g	*
4	4	1	*	*	3437_g	5127_g	*	3433_g	4600_g	*
4	4	1	*	*	3456_g	5143_g	*	3450_g	4620_g	*
4	4	1	*	*	3526_g	3176_g	*	3531_g	1842_g	*
4	4	1	*	*	3550_g	3203_g	*	3558_g	3188_g	*
4	4	1	*	*	3556_g	3209_g	*	3564_g	3183_g	*
4	4	1	*	*	3592_g	3245_g	*	3696_g	3145_g	*
4	4	1	*	*	3734_g	3975_g	*	3731_g	2983_g	*
4	4	1	*	*	3751_g	3992_g	*	3747_g	2967_g	*
4	4	1	*	*	3861_g	4100_g	*	3853_g	2211_g	*
4	4	1	*	*	3874_g	4114_g	*	3867_g	2197_g	*
4	4	1	*	*	4035_g	4276_g	*	4038_g	2035_g	*
4	4	1	*	*	4073_g	3043_g	*	4091_g	3533_g	*
4	4	1	*	*	4136_g	3098_g	*	4151_g	3594_g	*
4	4	1	*	*	4250_g	3879_g	*	4259_g	2318_g	*
4	4	1	*	*	4258_g	3872_g	*	4268_g	2311_g	*
4	4	1	*	*	4375_g	*	4483_g	4384_g	2845_g	*
4	4	1	*	*	4494_g	2654_g	*	4502_g	3969_g	*
4	4	1	*	*	4498_g	2657_g	*	4505_g	3966_g	*
4	4	1	*	*	4583_g	2742_g	*	4588_g	3890_g	*
4	4	1	*	*	4643_g	2797_g	*	4645_g	3835_g	*
4	4	1	*	*	4699_g	*	4811_g	4699_g	3775_g	*
4	4	1	*	*	4767_g	2914_g	*	4765_g	3716_g	*
4	4	1	*	1643_g	*	446_g	*	812_g	218_g	*
4	4	1	*	1651_g	3174_g	4815_g	*	3152_g	*	*
4	4	1	*	6436_g	3389_g	5087_g	*	*	4559_g	*
4	4	1	*	6475_g	4178_g	3135_g	*	4190_g	*	*
4	4	1	128_g	*	3785_g	4025_g	*	3781_g	*	*
4	4	1	236_g	*	3699_g	3351_g	*	3597_g	*	*
4	4	0.5	*	*	*	1731_g	1357_g	1291_g	4747_g	*
4	4	0.5	*	*	*	1857_g	1220_g	1158_g	548_g	*
4	4	0.5	*	*	*	2057_g	1500_g	1431_g	4101_g	*
4	4	0.5	*	*	*	2249_g	2324_g	2222_g	1316_g	*
4	4	0.5	*	*	*	86_g	1998_g	1920_g	1023_g	*
4	4	0.5	*	*	1064_g	213_g	1097_g	1044_g	*	*
4	4	0.5	*	*	107_g	4637_g	115_g	100_g	*	*
4	4	0.5	*	*	112_g	4632_g	122_g	*	829_g	*
4	4	0.5	*	*	1231_g	1805_g	1277_g	1212_g	*	*
4	4	0.5	*	*	128_g	4616_g	*	121_g	814_g	*
4	4	0.5	*	*	1487_g	2090_g	1535_g	*	3313_g	*
4	4	0.5	*	*	1723_g	1454_g	1770_g	1693_g	*	*
4	4	0.5	*	*	183_g	*	195_g	178_g	4378_g	*
4	4	0.5	*	*	191_g	4553_g	*	185_g	4385_g	*
4	4	0.5	*	*	2151_g	767_g	2203_g	2108_g	*	*
4	4	0.5	*	*	2299_g	*	2364_g	2259_g	1352_g	*
4	4	0.5	*	*	2362_g	2351_g	2427_g	2322_g	*	*
4	4	0.5	*	*	2379_g	*	2452_g	2336_g	1429_g	*
4	4	0.5	*	*	2541_g	1024_g	*	2515_g	2371_g	*
4	4	0.5	*	*	2610_g	*	2682_g	2587_g	702_g	*
4	4	0.5	*	*	2744_g	4380_g	2810_g	2716_g	*	*
4	4	0.5	*	*	2794_g	1227_g	*	2770_g	1914_g	*
4	4	0.5	*	*	2897_g	5031_g	*	2865_g	2751_g	*
4	4	0.5	*	*	2931_g	5065_g	*	2898_g	3379_g	*
4	4	0.5	*	*	2962_g	1150_g	*	2925_g	3407_g	*
4	4	0.5	*	*	300_g	4462_g	308_g	289_g	*	*
4	4	0.5	*	*	3103_g	4878_g	*	3075_g	4221_g	*
4	4	0.5	*	*	3160_g	4823_g	3235_g	3135_g	*	*
4	4	0.5	*	*	3170_g	4818_g	3242_g	3148_g	*	*
4	4	0.5	*	*	3189_g	4801_g	*	3166_g	4145_g	*
4	4	0.5	*	*	3265_g	934_g	*	3245_g	3217_g	*
4	4	0.5	*	*	3278_g	923_g	3341_g	3256_g	*	*
4	4	0.5	*	*	3407_g	5106_g	3487_g	3390_g	*	*
4	4	0.5	*	*	3426_g	5116_g	*	3422_g	4588_g	*
4	4	0.5	*	*	3431_g	5121_g	3508_g	3427_g	*	*
4	4	0.5	*	*	3525_g	3175_g	*	3530_g	1843_g	*
4	4	0.5	*	*	3632_g	3282_g	*	3661_g	3112_g	*
4	4	0.5	*	*	3757_g	3998_g	*	3753_g	2961_g	*
4	4	0.5	*	*	389_g	594_g	397_g	*	1728_g	*
4	4	0.5	*	*	4184_g	3141_g	*	4196_g	621_g	*
4	4	0.5	*	*	4200_g	3929_g	*	4212_g	637_g	*
4	4	0.5	*	*	4205_g	3924_g	*	4217_g	642_g	*
4	4	0.5	*	*	4264_g	3867_g	*	4273_g	2306_g	*
4	4	0.5	*	*	4295_g	3837_g	*	4302_g	2924_g	*
4	4	0.5	*	*	4317_g	3814_g	*	4325_g	2901_g	*
4	4	0.5	*	*	4326_g	3804_g	4434_g	4335_g	*	*
4	4	0.5	*	*	4400_g	3731_g	*	4407_g	2819_g	*
4	4	0.5	*	*	4496_g	2656_g	*	4504_g	3967_g	*
4	4	0.5	*	*	4539_g	2700_g	4651_g	4548_g	*	*
4	4	0.5	*	*	4580_g	2739_g	*	4585_g	3893_g	*
4	4	0.5	*	*	4644_g	*	4753_g	4646_g	3834_g	*
4	4	0.5	*	*	4738_g	2889_g	4850_g	4739_g	*	*
4	4	0.5	*	*	4987_g	858_g	*	3320_g	4517_g	*
4	4	0.5	*	*	635_g	*	651_g	610_g	786_g	*
4	4	0.5	*	*	640_g	*	656_g	614_g	782_g	*
4	4	0.5	*	*	732_g	3436_g	762_g	711_g	*	*
4	4	0.5	*	*	8_g	*	10_g	4_g	928_g	*
4	4	0.5	*	1025_g	1469_g	2074_g	1516_g	*	*	*
4	4	0.5	*	1236_g	1482_g	*	1531_g	*	3309_g	*
4	4	0.5	*	1261_g	2585_g	1070_g	*	2560_g	*	*
4	4	0.5	*	143_g	3654_g	*	*	3640_g	3091_g	*
4	4	0.5	*	1471_g	4731_g	*	*	4733_g	3746_g	*
4	4	0.5	*	1559_g	533_g	3637_g	*	*	1595_g	*
4	4	0.5	*	1631_g	*	*	2640_g	2545_g	2342_g	*
4	4	0.5	*	1735_g	*	2224_g	2298_g	*	1292_g	*
4	4	0.5	*	1856_g	3790_g	4029_g	*	3786_g	*	*
4	4	0.5	*	2021_g	3377_g	826_g	*	*	4547_g	*
4	4	0.5	*	2110_g	2325_g	*	2391_g	*	1378_g	*
4	4	0.5	*	2257_g	1329_g	*	1375_g	*	4766_g	*
4	4	0.5	*	225_g	4589_g	2747_g	*	4594_g	*	*
4	4	0.5	*	2837_g	3745_g	*	3822_g	*	2973_g	*
4	4	0.5	*	2856_g	*	*	1356_g	1290_g	4746_g	*
4	4	0.5	*	3211_g	3678_g	*	3766_g	3617_g	*	*
4	4	0.5	*	3316_g	*	*	416_g	393_g	1712_g	*
4	4	0.5	*	3484_g	2885_g	*	*	2854_g	2761_g	*
4	4	0.5	*	3753_g	2619_g	*	*	2597_g	711_g	*
4	4	0.5	*	382_g	4638_g	*	*	4641_g	3839_g	*
4	4	0.5	*	3990_g	4272_g	*	*	4282_g	2944_g	*
4	4	0.5	*	4209_g	3196_g	4794_g	*	*	4140_g	*
4	4	0.5	*	5379_g	2003_g	*	*	1963_g	1063_g	*
4	4	0.5	*	574_g	*	1736_g	*	1284_g	4742_g	*
4	4	0.5	*	6520_g	1778_g	*	*	1749_g	2503_g	*
4	4	0.5	*	6530_g	4598_g	*	4710_g	4603_g	*	*
4	4	0.5	*	6554_g	4212_g	3917_g	*	*	648_g	*
4	4	0.5	*	6802_g	4552_g	2713_g	*	4561_g	*	*
4	4	0.5	*	6875_g	1663_g	1513_g	1720_g	*	*	*
4	4	0.5	*	6916_g	*	*	593_g	554_g	4296_g	*
4	4	0.5	*	868_g	3210_g	*	*	3184_g	4128_g	*
4	4	0.5	*	873_g	*	1260_g	*	2801_g	1882_g	*
4	4	0.5	*	914_g	3780_g	4020_g	*	3776_g	*	*
4	4	0.5	1038_g	3984_g	*	253_g	*	*	393_g	*
4	4	0.5	1135_g	1514_g	4739_g	2890_g	*	*	*	*
4	4	0.5	241_g	*	4327_g	*	*	4336_g	2892_g	*
4	4	0.5	522_g	*	2076_g	201_g	2119_g	*	*	*
4	4	0.5	768_g	*	*	3661_g	525_g	488_g	*	*
4	4	0.25	*	*	*	1382_g	1837_g	1763_g	2491_g	*
4	4	0.25	*	*	*	2075_g	1517_g	1449_g	3298_g	*
4	4	0.25	*	*	*	221_g	1089_g	1036_g	426_g	*
4	4	0.25	*	*	*	2495_g	2577_g	2463_g	1547_g	*
4	4	0.25	*	*	*	2948_g	4912_g	4799_g	3681_g	*
4	4	0.25	*	*	*	439_g	869_g	819_g	223_g	*
4	4	0.25	*	*	*	5013_g	2955_g	2848_g	2767_g	*
4	4	0.25	*	*	*	5020_g	2963_g	2855_g	2760_g	*
4	4	0.25	*	*	1009_g	266_g	1043_g	990_g	*	*
4	4	0.25	*	*	1088_g	*	1121_g	1068_g	456_g	*
4	4	0.25	*	*	1169_g	1863_g	*	1151_g	543_g	*
4	4	0.25	*	*	1203_g	1831_g	1249_g	1186_g	*	*
4	4	0.25	*	*	1276_g	*	1320_g	1254_g	4712_g	*
4	4	0.25	*	*	1302_g	*	1348_g	1282_g	4739_g	*
4	4	0.25	*	*	1338_g	1703_g	1385_g	1318_g	*	*
4	4	0.25	*	*	1392_g	1650_g	1437_g	1366_g	*	*
4	4	0.25	*	*	1518_g	2119_g	1565_g	*	3337_g	*
4	4	0.25	*	*	1555_g	1616_g	1608_g	1534_g	*	*
4	4	0.25	*	*	1578_g	1594_g	1631_g	*	2698_g	*
4	4	0.25	*	*	1674_g	1503_g	1731_g	1646_g	*	*
4	4	0.25	*	*	1691_g	*	1747_g	*	2588_g	8079_g
4	4	0.25	*	*	1712_g	1464_g	1767_g	1683_g	*	*
4	4	0.25	*	*	188_g	*	199_g	182_g	4382_g	*
4	4	0.25	*	*	211_g	4537_g	223_g	*	4400_g	*
4	4	0.25	*	*	2243_g	2228_g	2302_g	2200_g	*	*
4	4	0.25	*	*	2454_g	*	2525_g	2412_g	1500_g	*
4	4	0.25	*	*	2550_g	*	2615_g	2524_g	2362_g	*
4	4	0.25	*	*	2617_g	754_g	*	2595_g	709_g	*
4	4	0.25	*	*	2734_g	4391_g	*	2705_g	1976_g	*
4	4	0.25	*	*	2763_g	4358_g	2831_g	2736_g	*	*
4	4	0.25	*	*	2807_g	1240_g	*	2782_g	1902_g	*
4	4	0.25	*	*	2856_g	*	2930_g	2825_g	2787_g	*
4	4	0.25	*	*	2949_g	1137_g	3022_g	2914_g	*	*
4	4	0.25	*	*	298_g	4464_g	306_g	287_g	*	*
4	4	0.25	*	*	2992_g	1172_g	3061_g	2946_g	*	*
4	4	0.25	*	*	3217_g	4775_g	3290_g	3191_g	*	*
4	4	0.25	*	*	3284_g	917_g	*	3262_g	3231_g	*
4	4	0.25	*	*	3309_g	889_g	3378_g	3289_g	*	*
4	4	0.25	*	*	3340_g	*	3409_g	3318_g	4515_g	*
4	4	0.25	*	*	3381_g	822_g	*	3365_g	4551_g	*
4	4	0.25	*	*	3409_g	5108_g	*	3392_g	4579_g	*
4	4	0.25	*	*	3438_g	5128_g	*	3434_g	4601_g	*
4	4	0.25	*	*	3468_g	*	3545_g	3462_g	3024_g	*
4	4	0.25	*	*	3475_g	5166_g	*	3469_g	3016_g	*
4	4	0.25	*	*	3483_g	5174_g	*	3477_g	3009_g	*
4	4	0.25	*	*	3528_g	3179_g	*	3533_g	1840_g	*
4	4	0.25	*	*	3543_g	3195_g	*	3550_g	1824_g	*
4	4	0.25	*	*	3572_g	3225_g	3656_g	3716_g	*	*
4	4	0.25	*	*	3647_g	3296_g	3729_g	3647_g	*	*
4	4	0.25	*	*	368_g	614_g	375_g	*	1748_g	*
4	4	0.25	*	*	3754_g	3995_g	*	3750_g	2964_g	*
4	4	0.25	*	*	379_g	602_g	387_g	369_g	*	*
4	4	0.25	*	*	3809_g	4047_g	*	3803_g	2266_g	*
4	4	0.25	*	*	3812_g	4050_g	*	3806_g	2263_g	*
4	4	0.25	*	*	3831_g	4069_g	3911_g	3822_g	*	*
4	4	0.25	*	*	3889_g	4129_g	3971_g	3883_g	*	*
4	4	0.25	*	*	3938_g	4178_g	4021_g	3934_g	*	*
4	4	0.25	*	*	3992_g	4233_g	*	3994_g	2077_g	*
4	4	0.25	*	*	4008_g	4247_g	*	4010_g	2061_g	*
4	4	0.25	*	*	4055_g	3026_g	*	4074_g	3516_g	*
4	4	0.25	*	*	4066_g	3035_g	*	4084_g	3526_g	*
4	4	0.25	*	*	4077_g	3047_g	4167_g	4094_g	*	*
4	4	0.25	*	*	4087_g	3056_g	*	4104_g	3547_g	*
4	4	0.25	*	*	411_g	572_g	422_g	398_g	*	*
4	4	0.25	*	*	4130_g	3094_g	*	4146_g	3589_g	*
4	4	0.25	*	*	4150_g	3111_g	*	4165_g	3607_g	*
4	4	0.25	*	*	4156_g	*	4253_g	4171_g	3613_g	*
4	4	0.25	*	*	4196_g	3153_g	4295_g	4207_g	*	*
4	4	0.25	*	*	4290_g	*	4392_g	4297_g	2929_g	*
4	4	0.25	*	*	4332_g	3799_g	*	4341_g	2887_g	*
4	4	0.25	*	*	4535_g	2696_g	*	4544_g	3932_g	*
4	4	0.25	*	*	4575_g	2734_g	4687_g	4581_g	*	*
4	4	0.25	*	*	4578_g	2737_g	*	4583_g	3895_g	*
4	4	0.25	*	*	467_g	522_g	476_g	449_g	*	*
4	4	0.25	*	*	4691_g	2845_g	*	4690_g	3782_g	*
4	4	0.25	*	*	4766_g	2913_g	4875_g	4764_g	*	*
4	4	0.25	*	*	4802_g	2946_g	4910_g	4797_g	*	*
4	4	0.25	*	*	634_g	*	650_g	609_g	787_g	*
4	4	0.25	*	*	669_g	3505_g	689_g	643_g	*	*
4	4	0.25	*	*	690_g	3481_g	716_g	*	107_g	*
4	4	0.25	*	*	708_g	3463_g	733_g	686_g	*	*
4	4	0.25	*	*	737_g	3432_g	767_g	714_g	*	*
4	4	0.25	*	*	838_g	438_g	*	820_g	224_g	*
4	4	0.25	*	*	951_g	322_g	983_g	*	328_g	*
4	4	0.25	*	1049_g	2626_g	747_g	*	2603_g	*	*
4	4	0.25	*	1072_g	747_g	3423_g	783_g	*	*	*
4	4	0.25	*	1075_g	2927_g	5062_g	*	*	3376_g	*
4	4	0.25	*	1084_g	*	301_g	1004_g	*	346_g	*
4	4	0.25	*	1164_g	*	4036_g	*	3793_g	2277_g	*
4	4	0.25	*	1194_g	*	1439_g	1779_g	*	2545_g	*
4	4	0.25	*	1227_g	*	857_g	*	3321_g	4518_g	*
4	4	0.25	*	1247_g	791_g	*	828_g	*	182_g	*
4	4	0.25	*	1303_g	2242_g	*	2301_g	*	1295_g	*
4	4	0.25	*	135_g	*	645_g	340_g	*	1780_g	*
4	4	0.25	*	1389_g	1121_g	*	*	1103_g	491_g	*
4	4	0.25	*	1803_g	2498_g	2493_g	*	*	1545_g	*
4	4	0.25	*	1934_g	2869_g	5004_g	*	2839_g	*	*
4	4	0.25	*	1984_g	2641_g	733_g	*	*	730_g	*
4	4	0.25	*	2029_g	2280_g	2268_g	*	2241_g	*	*
4	4	0.25	*	2095_g	*	*	1239_g	1176_g	564_g	*
4	4	0.25	*	2161_g	*	234_g	1075_g	*	413_g	*
4	4	0.25	*	2233_g	*	4656_g	96_g	82_g	*	*
4	4	0.25	*	2409_g	394_g	*	403_g	*	1723_g	*
4	4	0.25	*	2442_g	*	1725_g	1364_g	1297_g	*	*
4	4	0.25	*	2511_g	3846_g	4085_g	*	*	2228_g	*
4	4	0.25	*	2514_g	3844_g	4083_g	*	3835_g	*	*
4	4	0.25	*	2724_g	*	2309_g	2388_g	2281_g	*	*
4	4	0.25	*	2889_g	1990_g	115_g	2026_g	*	*	*
4	4	0.25	*	2922_g	*	*	1989_g	1913_g	1015_g	*
4	4	0.25	*	3018_g	1932_g	*	1969_g	1895_g	*	*
4	4	0.25	*	3076_g	477_g	*	*	457_g	1653_g	*
4	4	0.25	*	3087_g	*	2190_g	2267_g	*	1260_g	*
4	4	0.25	*	3235_g	2179_g	*	2235_g	2136_g	*	*
4	4	0.25	*	3254_g	238_g	4508_g	*	226_g	*	*
4	4	0.25	*	3350_g	1268_g	*	*	1247_g	4706_g	*
4	4	0.25	*	3413_g	572_g	*	587_g	549_g	*	*
4	4	0.25	*	3437_g	3188_g	4802_g	*	*	4146_g	*
4	4	0.25	*	3483_g	2884_g	5018_g	*	2853_g	*	*
4	4	0.25	*	3571_g	3952_g	*	*	3946_g	2122_g	*
4	4	0.25	*	3602_g	*	2798_g	*	4647_g	3833_g	*
4	4	0.25	*	3617_g	3166_g	4819_g	*	*	4162_g	*
4	4	0.25	*	361_g	3603_g	3255_g	3687_g	*	*	*
4	4	0.25	*	383_g	*	5137_g	*	3444_g	4614_g	*
4	4	0.25	*	3885_g	*	29_g	1938_g	*	966_g	*
4	4	0.25	*	3896_g	*	1699_g	*	1322_g	4778_g	*
4	4	0.25	*	3897_g	*	1698_g	1390_g	*	4779_g	*
4	4	0.25	*	38_g	*	4501_g	262_g	*	4437_g	*
4	4	0.25	*	3941_g	*	4625_g	*	*	822_g	6380_g
4	4	0.25	*	4011_g	2479_g	2472_g	*	*	1523_g	*
4	4	0.25	*	4123_g	4534_g	2695_g	*	*	3933_g	*
4	4	0.25	*	4178_g	3640_g	3290_g	*	*	3103_g	*
4	4	0.25	*	41_g	*	2710_g	*	4558_g	3919_g	*
4	4	0.25	*	424_g	*	*	2112_g	2027_g	1122_g	*
4	4	0.25	*	4288_g	*	584_g	409_g	*	1718_g	*
4	4	0.25	*	4302_g	1804_g	1375_g	1846_g	*	*	*
4	4	0.25	*	4319_g	*	2588_g	*	4436_g	4032_g	*
4	4	0.25	*	4345_g	31_g	4708_g	38_g	*	*	*
4	4	0.25	*	4354_g	*	*	3262_g	3167_g	4144_g	*
4	4	0.25	*	4473_g	4819_g	*	*	4811_g	3668_g	*
4	4	0.25	*	5062_g	813_g	*	*	798_g	204_g	*
4	4	0.25	*	5882_g	1502_g	*	1549_g	1478_g	*	*
4	4	0.25	*	611_g	*	3925_g	*	4216_g	641_g	*
4	4	0.25	*	6139_g	89_g	*	99_g	85_g	*	*
4	4	0.25	*	6233_g	*	2176_g	2249_g	*	1244_g	*
4	4	0.25	*	6375_g	*	1951_g	1115_g	1062_g	*	*
4	4	0.25	*	657_g	*	3608_g	579_g	541_g	*	*
4	4	0.25	*	6589_g	2197_g	2180_g	2254_g	*	*	*
4	4	0.25	*	6643_g	4478_g	2635_g	*	4485_g	*	*
4	4	0.25	*	6721_g	2300_g	2287_g	2365_g	*	*	*
4	4	0.25	*	6732_g	1192_g	*	1237_g	1174_g	*	*
4	4	0.25	*	6756_g	*	2199_g	2276_g	*	1269_g	*
4	4	0.25	*	6770_g	*	763_g	2207_g	2112_g	*	*
4	4	0.25	*	6867_g	*	1068_g	*	2558_g	675_g	*
4	4	0.25	*	714_g	2375_g	*	2450_g	2334_g	*	*
4	4	0.25	*	7174_g	*	2676_g	*	4524_g	3948_g	*
4	4	0.25	*	768_g	3370_g	833_g	*	*	4541_g	*
4	4	0.25	*	964_g	*	653_g	332_g	*	1789_g	*
4	4	0.25	1027_g	*	3778_g	*	3855_g	*	2294_g	*
4	4	0.25	1028_g	*	2067_g	192_g	*	2025_g	*	*
4	4	0.25	1030_g	*	1623_g	1551_g	*	*	2653_g	*
4	4	0.25	1096_g	*	*	2256_g	2331_g	2229_g	*	*
4	4	0.25	1131_g	*	*	2605_g	*	4453_g	4016_g	*
4	4	0.25	116_g	*	457_g	*	467_g	*	1668_g	*
4	4	0.25	1229_g	*	*	3524_g	668_g	624_g	*	*
4	4	0.25	1251_g	*	*	1468_g	*	1679_g	2571_g	*
4	4	0.25	1271_g	3308_g	3383_g	820_g	*	*	*	*
4	4	0.25	1312_g	*	2580_g	*	*	2554_g	2331_g	*
4	4	0.25	1326_g	*	3118_g	*	*	3091_g	4205_g	*
4	4	0.25	1331_g	*	72_g	4670_g	*	*	867_g	*
4	4	0.25	1402_g	3560_g	1583_g	*	*	*	2693_g	*
4	4	0.25	1436_g	*	299_g	*	307_g	288_g	*	*
4	4	0.25	190_g	*	2230_g	2215_g	*	2186_g	*	*
4	4	0.25	202_g	*	1453_g	*	1499_g	*	4100_g	*
4	4	0.25	213_g	*	3805_g	4042_g	*	3798_g	*	*
4	4	0.25	239_g	4409_g	4324_g	3806_g	*	*	*	*
4	4	0.25	247_g	*	3518_g	3168_g	*	*	1850_g	*
4	4	0.25	298_g	1249_g	*	2276_g	*	2249_g	*	*
4	4	0.25	353_g	3225_g	*	*	1540_g	1469_g	*	*
4	4	0.25	369_g	*	*	*	3046_g	2931_g	3414_g	*
4	4	0.25	437_g	*	2934_g	*	*	2901_g	3382_g	*
4	4	0.25	507_g	*	1553_g	1618_g	*	*	2722_g	*
4	4	0.25	543_g	*	3789_g	*	*	3785_g	2285_g	*
4	4	0.25	551_g	*	2559_g	*	2629_g	2534_g	*	*
4	4	0.25	655_g	*	2594_g	*	2664_g	2568_g	*	*
4	4	0.25	910_g	*	4483_g	2640_g	*	4490_g	*	*
4	4	0.25	913_g	1904_g	*	3882_g	*	*	2320_g	*
4	4	0.25	948_g	*	1683_g	1493_g	*	*	2596_g	*
4	4	0.146	*	*	*	1133_g	3019_g	2909_g	3390_g	*
4	4	0.146	*	*	*	1411_g	1810_g	1735_g	2518_g	*
4	4	0.146	*	*	*	395_g	916_g	861_g	265_g	*
4	4	0.146	*	*	*	4266_g	4123_g	4028_g	2042_g	*
4	4	0.146	*	*	*	4648_g	104_g	90_g	842_g	*
4	4	0.146	*	*	*	613_g	376_g	358_g	1747_g	*
4	4	0.146	*	*	*	789_g	2181_g	2088_g	1184_g	*
4	4	0.146	*	*	1067_g	210_g	1100_g	*	435_g	*
4	4	0.146	*	*	1110_g	1921_g	1146_g	1092_g	*	*
4	4	0.146	*	*	1179_g	*	1224_g	1161_g	550_g	*
4	4	0.146	*	*	1197_g	1837_g	*	1179_g	567_g	*
4	4	0.146	*	*	1259_g	*	1305_g	1238_g	4697_g	*
4	4	0.146	*	*	1300_g	1741_g	1345_g	*	4737_g	*
4	4	0.146	*	*	1640_g	1536_g	*	1613_g	2639_g	*
4	4	0.146	*	*	2122_g	799_g	2169_g	*	1175_g	*
4	4	0.146	*	*	2247_g	2232_g	2306_g	*	1298_g	*
4	4	0.146	*	*	2293_g	*	2359_g	2253_g	1345_g	*
4	4	0.146	*	*	2390_g	2376_g	*	2347_g	1440_g	*
4	4	0.146	*	*	2488_g	2483_g	*	2451_g	1535_g	*
4	4	0.146	*	*	2545_g	1028_g	*	2519_g	2367_g	*
4	4	0.146	*	*	2618_g	753_g	*	2596_g	710_g	*
4	4	0.146	*	*	2779_g	*	2852_g	2754_g	1927_g	*
4	4	0.146	*	*	3120_g	4861_g	*	3092_g	4204_g	*
4	4	0.146	*	*	3138_g	4844_g	*	3111_g	4185_g	*
4	4	0.146	*	*	3182_g	4808_g	*	3159_g	4152_g	*
4	4	0.146	*	*	3254_g	*	3319_g	3234_g	3206_g	*
4	4	0.146	*	*	3287_g	*	3352_g	3265_g	3234_g	*
4	4	0.146	*	*	3331_g	867_g	*	3310_g	4508_g	*
4	4	0.146	*	*	3392_g	5090_g	*	3375_g	4562_g	*
4	4	0.146	*	*	3463_g	5149_g	*	3457_g	3029_g	*
4	4	0.146	*	*	352_g	630_g	357_g	341_g	*	*
4	4	0.146	*	*	3696_g	3348_g	*	3600_g	3051_g	*
4	4	0.146	*	*	3706_g	3358_g	*	3589_g	*	14518_g
4	4	0.146	*	*	3827_g	4064_g	*	3818_g	2249_g	*
4	4	0.146	*	*	3858_g	4097_g	*	3849_g	2215_g	*
4	4	0.146	*	*	3899_g	4139_g	*	3893_g	2173_g	*
4	4	0.146	*	*	3905_g	4144_g	3985_g	3899_g	*	*
4	4	0.146	*	*	4057_g	3028_g	*	4076_g	3518_g	*
4	4	0.146	*	*	4079_g	*	4169_g	4096_g	3539_g	*
4	4	0.146	*	*	4128_g	*	4226_g	4144_g	3587_g	*
4	4	0.146	*	*	4210_g	3919_g	*	4221_g	646_g	*
4	4	0.146	*	*	4284_g	3849_g	*	4292_g	2934_g	*
4	4	0.146	*	*	4289_g	3844_g	*	4296_g	2930_g	*
4	4	0.146	*	*	4300_g	3833_g	*	4307_g	2919_g	*
4	4	0.146	*	*	4546_g	2707_g	*	4555_g	3922_g	*
4	4	0.146	*	*	496_g	3675_g	*	476_g	1631_g	*
4	4	0.146	*	*	61_g	4680_g	69_g	56_g	*	*
4	4	0.146	*	*	777_g	493_g	814_g	763_g	*	*
4	4	0.146	*	*	965_g	308_g	*	950_g	340_g	*
4	4	0.146	*	1002_g	3921_g	*	4005_g	3917_g	*	*
4	4	0.146	*	1140_g	*	*	490_g	459_g	1651_g	*
4	4	0.146	*	1253_g	4553_g	2714_g	*	*	3915_g	*
4	4	0.146	*	1258_g	4567_g	*	*	4574_g	3904_g	*
4	4	0.146	*	1395_g	4422_g	2577_g	*	*	4043_g	*
4	4	0.146	*	1517_g	460_g	527_g	*	444_g	*	*
4	4	0.146	*	1589_g	3927_g	*	*	3923_g	2144_g	*
4	4	0.146	*	1729_g	3252_g	*	*	3232_g	3204_g	*
4	4	0.146	*	1794_g	4776_g	2923_g	*	*	3707_g	*
4	4	0.146	*	1872_g	*	4583_g	4948_g	*	4356_g	*
4	4	0.146	*	1874_g	*	1350_g	*	1793_g	2464_g	*
4	4	0.146	*	1920_g	4815_g	*	*	4807_g	3672_g	*
4	4	0.146	*	2164_g	2646_g	726_g	*	2624_g	*	*
4	4	0.146	*	2209_g	*	1717_g	1370_g	*	4761_g	*
4	4	0.146	*	2211_g	*	3532_g	658_g	*	780_g	*
4	4	0.146	*	2487_g	3096_g	*	3161_g	3068_g	*	*
4	4	0.146	*	2582_g	*	1925_g	1142_g	1088_g	*	*
4	4	0.146	*	2832_g	3750_g	3991_g	*	3746_g	*	*
4	4	0.146	*	2886_g	1079_g	1954_g	1112_g	*	*	*
4	4	0.146	*	2900_g	*	4395_g	*	4853_g	1980_g	*
4	4	0.146	*	2909_g	*	3443_g	756_g	705_g	*	*
4	4	0.146	*	290_g	869_g	407_g	*	*	254_g	*
4	4	0.146	*	2993_g	*	903_g	3364_g	*	3243_g	*
4	4	0.146	*	3071_g	2995_g	*	*	2949_g	3434_g	*
4	4	0.146	*	3096_g	4716_g	*	4829_g	*	3761_g	*
4	4	0.146	*	3226_g	*	*	1541_g	1470_g	3318_g	*
4	4	0.146	*	3255_g	*	*	256_g	229_g	4431_g	*
4	4	0.146	*	3289_g	*	3576_g	613_g	*	4314_g	*
4	4	0.146	*	3335_g	*	2143_g	2214_g	2117_g	*	*
4	4	0.146	*	3382_g	3031_g	1212_g	*	2984_g	*	*
4	4	0.146	*	3467_g	3660_g	*	*	3634_g	3085_g	*
4	4	0.146	*	3512_g	1642_g	*	1702_g	*	2637_g	*
4	4	0.146	*	3568_g	908_g	365_g	946_g	*	*	*
4	4	0.146	*	3656_g	3793_g	*	*	*	2282_g	766_g
4	4	0.146	*	3744_g	4240_g	3889_g	*	*	*	6642_g
4	4	0.146	*	3798_g	*	2062_g	1504_g	1436_g	*	*
4	4	0.146	*	3814_g	3624_g	3273_g	*	*	3119_g	*
4	4	0.146	*	3822_g	*	3040_g	4162_g	*	3531_g	*
4	4	0.146	*	3944_g	*	1832_g	1248_g	*	573_g	*
4	4	0.146	*	3978_g	1012_g	263_g	1046_g	*	*	*
4	4	0.146	*	4116_g	*	4627_g	127_g	110_g	*	*
4	4	0.146	*	4147_g	3773_g	4013_g	*	*	2298_g	*
4	4	0.146	*	4211_g	*	*	1665_g	1579_g	2671_g	*
4	4	0.146	*	4237_g	2721_g	*	*	2693_g	1988_g	*
4	4	0.146	*	4258_g	*	1686_g	1403_g	*	4790_g	*
4	4	0.146	*	4271_g	3573_g	3226_g	*	3715_g	*	*
4	4	0.146	*	4295_g	*	25_g	1935_g	*	964_g	*
4	4	0.146	*	436_g	*	*	336_g	321_g	1784_g	*
4	4	0.146	*	4373_g	*	2646_g	4600_g	*	3976_g	*
4	4	0.146	*	4976_g	*	5066_g	*	2899_g	3380_g	*
4	4	0.146	*	5189_g	1187_g	1845_g	*	1169_g	*	*
4	4	0.146	*	527_g	3648_g	*	*	3646_g	3096_g	*
4	4	0.146	*	5352_g	3355_g	*	*	3337_g	4526_g	*
4	4	0.146	*	5431_g	3960_g	4199_g	*	3957_g	*	*
4	4	0.146	*	552_g	*	1791_g	1295_g	*	4687_g	*
4	4	0.146	*	5908_g	*	174_g	2093_g	*	1104_g	*
4	4	0.146	*	606_g	4747_g	*	*	4746_g	3733_g	*
4	4	0.146	*	639_g	*	840_g	*	3346_g	4534_g	*
4	4	0.146	*	6447_g	3313_g	885_g	*	*	3261_g	*
4	4	0.146	*	6798_g	3589_g	*	*	3699_g	3147_g	*
4	4	0.146	*	681_g	2036_g	*	2074_g	*	1089_g	*
4	4	0.146	*	6880_g	1657_g	1519_g	1716_g	*	*	*
4	4	0.146	*	6930_g	4076_g	3046_g	*	*	3536_g	*
4	4	0.146	*	7054_g	4141_g	*	*	4155_g	3599_g	*
4	4	0.146	*	728_g	2385_g	*	2457_g	*	1435_g	*
4	4	0.146	*	765_g	3244_g	*	3308_g	3225_g	*	*
4	4	0.146	*	766_g	3368_g	*	*	3352_g	4649_g	*
4	4	0.146	*	949_g	2330_g	*	2396_g	*	1383_g	*
4	4	0.146	*	98_g	3957_g	4195_g	*	*	2116_g	*
4	4	0.146	1120_g	2264_g	3991_g	*	*	3993_g	*	*
4	4	0.146	1181_g	396_g	*	*	1693_g	*	2644_g	*
4	4	0.146	38_g	*	718_g	*	744_g	696_g	*	*
4	4	0.146	469_g	*	*	291_g	*	967_g	356_g	*
4	4	0.146	634_g	*	1039_g	*	1073_g	*	411_g	*
4	4	0.146	685_g	*	*	538_g	*	433_g	1676_g	*
4	4	0.146	701_g	*	170_g	4575_g	*	*	4364_g	*
4	4	0.146	756_g	*	250_g	*	268_g	239_g	*	*
4	4	0.146	762_g	*	4711_g	2864_g	*	4712_g	*	*
4	4	0.146	87_g	*	2474_g	2466_g	2545_g	*	*	*
4	4	0.146	909_g	5507_g	4386_g	3746_g	*	*	*	*
4	4	0.146	987_g	*	4732_g	2884_g	*	4734_g	*	*
3	6	0.333	*	*	*	3219_g	*	3722_g,5479_g,5544_g,5545_g	3173_g	*
3	6	0.167	*	*	3168_g,3165_g,3171_g	3969_g	*	3139_g,3144_g	*	*
3	6	0.167	*	*	4067_g	*	4159_g	5495_g,5494_g,5496_g,4086_g	*	*
3	5	0.4	*	*	*	4635_g	119_g	102_g,5569_g,5508_g	*	*
3	5	0.2	*	*	*	5056_g	*	5505_g,5518_g,2890_g	2726_g	*
3	5	0.104	*	*	*	*	*	1644_g	2609_g	1182_g,9501_g,13164_g
3	5	0.104	*	5210_g	5007_g,5632_g	*	*	5063_g,5625_g	*	*
3	4	0.5	*	*	*	*	*	4277_g	2949_g	9430_g,13237_g
3	4	0.5	*	*	*	*	1057_g	1005_g	*	10667_g,11464_g
3	4	0.5	*	*	*	*	254_g	*	4429_g	9511_g,13154_g
3	4	0.5	*	*	*	*	3794_g	*	3042_g	4609_g,5081_g
3	4	0.5	*	*	*	*	3995_g	*	2159_g	2022_g,2237_g
3	4	0.5	*	*	*	1874_g	*	*	525_g	9168_g,13498_g
3	4	0.5	*	*	*	2771_g	*	*	3861_g	11122_g,11919_g
3	4	0.5	*	*	*	2943_g	*	4795_g	*	5963_g,6289_g
3	4	0.5	*	*	*	3061_g	*	*	3552_g	10670_g,11467_g
3	4	0.5	*	*	*	33_g	*	*	970_g	9203_g,13462_g
3	4	0.5	*	*	1051_g	*	*	1031_g	*	4190_g,8417_g
3	4	0.5	*	*	3467_g	4156_g	*	*	*	7168_g,7749_g
3	4	0.5	*	*	4309_g	*	*	4316_g	*	10969_g,11766_g
3	4	0.5	*	*	465_g	*	474_g	*	*	10259_g,12263_g
3	4	0.5	*	*	516_g	*	*	495_g	*	5737_g,6511_g
3	4	0.5	*	2465_g	*	2502_g	*	5535_g,5574_g	*	*
3	4	0.5	*	2646_g	*	*	*	*	1088_g	438_g,737_g
3	4	0.5	*	2683_g	*	*	*	940_g,5669_g	332_g	*
3	4	0.5	*	2966_g,5727_g	*	*	2470_g	2354_g	*	*
3	4	0.5	*	4393_g	*	*	*	*	485_g	9435_g,13232_g
3	4	0.5	*	535_g	*	*	*	*	4007_g	9069_g,13594_g
3	4	0.5	*	5430_g	*	*	*	4278_g	*	6050_g,6202_g
3	4	0.5	*	6281_g,7079_g	1791_g	*	*	*	2493_g	*
3	4	0.5	343_g	*	*	4716_g	*	*	*	9180_g,13485_g
3	4	0.25	*	*	*	*	*	1771_g	2484_g	12161_g,10363_g
3	4	0.25	*	*	*	*	*	2936_g	3420_g	6892_g,8020_g
3	4	0.25	*	*	*	1042_g	*	*	2354_g	10220_g,12303_g
3	4	0.25	*	*	*	1534_g	*	1615_g	*	6829_g,8084_g
3	4	0.25	*	*	*	3409_g,3681_g	*	470_g	1638_g	*
3	4	0.25	*	*	1528_g	*	1575_g	*	*	5902_g,6350_g
3	4	0.25	*	*	1550_g	*	*	*	3369_g	9219_g,13446_g
3	4	0.25	*	*	3015_g	*	*	*	3454_g	2587_g,3268_g
3	4	0.25	*	*	4754_g	2902_g	*	5528_g,5568_g	*	*
3	4	0.25	*	1039_g	*	*	*	2204_g	*	4886_g,5358_g
3	4	0.25	*	2093_g	*	1838_g	*	*	566_g,3135_g	*
3	4	0.25	*	2250_g	*	*	*	*	1764_g	4744_g,5216_g
3	4	0.25	*	2361_g	*	*	2557_g	*	*	4871_g,5343_g
3	4	0.25	*	2441_g	*	*	1365_g	1298_g,5543_g	*	*
3	4	0.25	*	5987_g	*	2139_g	1584_g,1363_g	*	*	*
3	4	0.25	*	609_g	*	*	561_g,1151_g	1095_g	*	*
3	4	0.25	*	6820_g	*	*	*	*	3725_g	956_g,1773_g
3	4	0.25	*	972_g	*	*	*	*	3253_g	4481_g,8496_g
3	4	0.146	*	*	*	*	*	1180_g	568_g	6167_g,6086_g
3	4	0.146	*	5472_g,3416_g	1982_g	107_g	*	*	*	*
3	3	1	*	*	*	*	2843_g	2745_g	1936_g	*
3	3	1	*	*	*	1244_g	*	2786_g	1898_g	*
3	3	1	*	*	*	3204_g	*	3559_g	3187_g	*
3	3	1	*	*	*	4207_g	4057_g	*	2104_g	*
3	3	1	*	*	*	4631_g	*	106_g	828_g	*
3	3	1	*	*	*	4643_g	*	94_g	837_g	*
3	3	1	*	*	1030_g	*	1064_g	1013_g	*	*
3	3	1	*	*	1040_g	*	1074_g	1022_g	*	*
3	3	1	*	*	1083_g	*	1116_g	1063_g	*	*
3	3	1	*	*	1117_g	*	1156_g	1099_g	*	*
3	3	1	*	*	1175_g	*	1217_g	1157_g	*	*
3	3	1	*	*	120_g	*	129_g	112_g	*	*
3	3	1	*	*	1366_g	*	1413_g	1342_g	*	*
3	3	1	*	*	1369_g	*	1416_g	1345_g	*	*
3	3	1	*	*	1379_g	*	1425_g	1354_g	*	*
3	3	1	*	*	1472_g	*	1519_g	1451_g	*	*
3	3	1	*	*	1574_g	*	*	1553_g	2701_g	*
3	3	1	*	*	1675_g	*	1733_g	1648_g	*	*
3	3	1	*	*	1702_g	*	1757_g	1673_g	*	*
3	3	1	*	*	1732_g	*	1774_g	1703_g	*	*
3	3	1	*	*	1736_g	*	1778_g	1707_g	*	*
3	3	1	*	*	1741_g	*	1784_g	1712_g	*	*
3	3	1	*	*	1759_g	*	1805_g	1730_g	*	*
3	3	1	*	*	1822_g	*	1864_g	1788_g	*	*
3	3	1	*	*	214_g	*	227_g	203_g	*	*
3	3	1	*	*	2206_g	2188_g	*	2162_g	*	*
3	3	1	*	*	2246_g	*	2305_g	2203_g	*	*
3	3	1	*	*	224_g	*	238_g	213_g	*	*
3	3	1	*	*	2308_g	*	2373_g	2265_g	*	*
3	3	1	*	*	2392_g	*	2464_g	2349_g	*	*
3	3	1	*	*	2407_g	*	2437_g	2365_g	*	*
3	3	1	*	*	2421_g	*	2486_g	2377_g	*	*
3	3	1	*	*	2509_g	*	2584_g	2470_g	*	*
3	3	1	*	*	266_g	*	284_g	254_g	*	*
3	3	1	*	*	2673_g	*	2748_g	2648_g	*	*
3	3	1	*	*	2786_g	4334_g	*	2762_g	*	*
3	3	1	*	*	2787_g	*	2859_g	2763_g	*	*
3	3	1	*	*	2896_g	*	2972_g	2864_g	*	*
3	3	1	*	*	2925_g	5060_g	*	*	3373_g	*
3	3	1	*	*	2960_g	1149_g	*	*	3406_g	*
3	3	1	*	*	3006_g	*	3075_g	2960_g	*	*
3	3	1	*	*	3172_g	*	3244_g	3150_g	*	*
3	3	1	*	*	3176_g	4813_g	*	3154_g	*	*
3	3	1	*	*	3213_g	*	3286_g	3187_g	*	*
3	3	1	*	*	3214_g	*	3287_g	3188_g	*	*
3	3	1	*	*	3215_g	*	3288_g	3189_g	*	*
3	3	1	*	*	3219_g	*	3292_g	3193_g	*	*
3	3	1	*	*	3246_g	*	3310_g	3227_g	*	*
3	3	1	*	*	3248_g	*	3313_g	3229_g	*	*
3	3	1	*	*	3306_g	893_g	*	3285_g	*	*
3	3	1	*	*	3315_g	883_g	*	*	3263_g	*
3	3	1	*	*	3380_g	*	3459_g	3364_g	*	*
3	3	1	*	*	3452_g	5139_g	*	3446_g	*	*
3	3	1	*	*	3530_g	3181_g	3607_g	*	*	*
3	3	1	*	*	3561_g	3214_g	*	*	3178_g	*
3	3	1	*	*	3656_g	*	3740_g	3638_g	*	*
3	3	1	*	*	3664_g	*	*	3631_g	3080_g	*
3	3	1	*	*	3760_g	*	3837_g	3756_g	*	*
3	3	1	*	*	3761_g	4001_g	*	3757_g	*	*
3	3	1	*	*	378_g	*	386_g	368_g	*	*
3	3	1	*	*	3803_g	*	3882_g	3797_g	*	*
3	3	1	*	*	3933_g	*	4017_g	3928_g	*	*
3	3	1	*	*	3958_g	*	4047_g	3954_g	*	*
3	3	1	*	*	3982_g	*	4078_g	3985_g	*	*
3	3	1	*	*	4031_g	*	4129_g	4034_g	*	*
3	3	1	*	*	4131_g	*	*	4147_g	3590_g	*
3	3	1	*	*	4199_g	3930_g	*	4211_g	*	*
3	3	1	*	*	4314_g	3819_g	*	4321_g	*	*
3	3	1	*	*	4329_g	*	*	4338_g	2890_g	*
3	3	1	*	*	4364_g	*	4472_g	4374_g	*	*
3	3	1	*	*	4429_g	*	4533_g	4432_g	*	*
3	3	1	*	*	4467_g	*	*	4472_g	3998_g	*
3	3	1	*	*	4544_g	*	4656_g	4553_g	*	*
3	3	1	*	*	454_g	*	464_g	438_g	*	*
3	3	1	*	*	4609_g	*	4720_g	4613_g	*	*
3	3	1	*	*	4612_g	*	*	4616_g	3864_g	*
3	3	1	*	*	4676_g	*	4785_g	4675_g	*	*
3	3	1	*	*	4684_g	2837_g	*	*	3789_g	*
3	3	1	*	*	4702_g	*	4814_g	4702_g	*	*
3	3	1	*	*	4718_g	*	4831_g	4719_g	*	*
3	3	1	*	*	4768_g	*	4877_g	4766_g	*	*
3	3	1	*	*	542_g	*	555_g	520_g	*	*
3	3	1	*	*	570_g	*	585_g	547_g	*	*
3	3	1	*	*	589_g	3583_g	*	564_g	*	*
3	3	1	*	*	598_g	*	615_g	573_g	*	*
3	3	1	*	*	647_g	3527_g	665_g	*	*	*
3	3	1	*	*	655_g	*	674_g	629_g	*	*
3	3	1	*	*	705_g	*	730_g	683_g	*	*
3	3	1	*	*	733_g	*	763_g	712_g	*	*
3	3	1	*	*	738_g	*	771_g	*	61_g	*
3	3	1	*	*	916_g	*	955_g	898_g	*	*
3	3	1	*	1198_g	1921_g	*	1956_g	*	*	*
3	3	1	*	1374_g	1211_g	*	1257_g	*	*	*
3	3	1	*	1566_g	*	2840_g	*	*	3787_g	*
3	3	1	*	1807_g	*	*	*	4691_g	3781_g	*
3	3	1	*	2178_g	*	*	*	3461_g	3025_g	*
3	3	1	*	2213_g	*	3530_g	661_g	*	*	*
3	3	1	*	2369_g	*	5167_g	*	3470_g	*	*
3	3	1	*	2513_g	3845_g	4084_g	*	*	*	*
3	3	1	*	2515_g	3428_g	5118_g	*	*	*	*
3	3	1	*	2795_g	*	426_g	885_g	*	*	*
3	3	1	*	2976_g	2569_g	*	*	*	2343_g	*
3	3	1	*	3044_g	2876_g	5010_g	*	*	*	*
3	3	1	*	3279_g	*	*	1897_g	*	2439_g	*
3	3	1	*	3433_g	3184_g	4806_g	*	*	*	*
3	3	1	*	4310_g	*	1597_g	1628_g	*	*	*
3	3	1	*	4459_g	*	*	*	633_g	139_g	*
3	3	1	*	6592_g	*	1501_g	*	*	2604_g	*
3	3	1	*	678_g	*	4647_g	105_g	*	*	*
3	3	1	*	7121_g	3519_g	*	3594_g	*	*	*
3	3	1	*	87_g	*	3673_g	509_g	*	*	*
3	3	1	17_g	3155_g	*	*	*	*	3264_g	*
3	3	1	185_g	*	*	1484_g	*	*	2587_g	*
3	3	1	364_g	6846_g	*	*	*	*	4594_g	*
3	3	1	432_g	*	*	2259_g	2336_g	*	*	*
3	3	1	731_g	*	3625_g	*	*	3668_g	*	*
3	3	0.33	*	*	*	*	*	1890_g	992_g	3554_g
3	3	0.33	*	*	*	*	1412_g	1341_g	4799_g	*
3	3	0.33	*	*	*	*	1545_g	1474_g	3321_g	*
3	3	0.33	*	*	*	*	1563_g	*	3335_g	3926_g
3	3	0.33	*	*	*	*	2425_g	2319_g	1413_g	*
3	3	0.33	*	*	*	*	2773_g	2681_g	3481_g	*
3	3	0.33	*	*	*	*	3444_g	3350_g	4538_g	*
3	3	0.33	*	*	*	*	4180_g	4105_g	3548_g	*
3	3	0.33	*	*	*	*	647_g	605_g	4348_g	*
3	3	0.33	*	*	*	*	8_g	2_g	930_g	*
3	3	0.33	*	*	*	1059_g	2643_g	2548_g	*	*
3	3	0.33	*	*	*	168_g	*	2003_g	1098_g	*
3	3	0.33	*	*	*	169_g	*	2004_g	1099_g	*
3	3	0.33	*	*	*	1733_g	1354_g	*	4745_g	*
3	3	0.33	*	*	*	1735_g	*	1285_g	4743_g	*
3	3	0.33	*	*	*	1762_g	*	1259_g	4717_g	*
3	3	0.33	*	*	*	1872_g	*	1140_g	527_g	*
3	3	0.33	*	*	*	1910_g	1159_g	*	490_g	*
3	3	0.33	*	*	*	1915_g	1154_g	1098_g	*	*
3	3	0.33	*	*	*	198_g	*	2031_g	1126_g	*
3	3	0.33	*	*	*	2082_g	1524_g	*	3305_g	*
3	3	0.33	*	*	*	2163_g	*	2137_g	1232_g	*
3	3	0.33	*	*	*	2168_g	*	2142_g	1236_g	*
3	3	0.33	*	*	*	2223_g	2297_g	*	1291_g	*
3	3	0.33	*	*	*	2291_g	2369_g	*	1357_g	*
3	3	0.33	*	*	*	232_g	1078_g	*	415_g	*
3	3	0.33	*	*	*	2445_g	2523_g	2410_g	*	*
3	3	0.33	*	*	*	2464_g	2543_g	2431_g	*	*
3	3	0.33	*	*	*	2582_g	*	4430_g	4037_g	*
3	3	0.33	*	*	*	2949_g	*	4800_g	3680_g	*
3	3	0.33	*	*	*	3063_g	4186_g	4111_g	*	*
3	3	0.33	*	*	*	3101_g	*	4153_g	3597_g	*
3	3	0.33	*	*	*	3243_g	*	3698_g	3146_g	*
3	3	0.33	*	*	*	3558_g	632_g	*	4333_g	*
3	3	0.33	*	*	*	3562_g	628_g	*	4329_g	*
3	3	0.33	*	*	*	3567_g	*	580_g	4324_g	*
3	3	0.33	*	*	*	3651_g	*	498_g	1608_g	*
3	3	0.33	*	*	*	3733_g	*	4405_g	2821_g	*
3	3	0.33	*	*	*	4003_g	*	3759_g	2954_g	*
3	3	0.33	*	*	*	4057_g	*	3812_g	2256_g	*
3	3	0.33	*	*	*	4088_g	3930_g	3840_g	*	*
3	3	0.33	*	*	*	4121_g	*	3875_g	2190_g	*
3	3	0.33	*	*	*	4147_g	3989_g	3903_g	*	*
3	3	0.33	*	*	*	4271_g	4128_g	4033_g	*	*
3	3	0.33	*	*	*	4328_g	2865_g	2768_g	*	*
3	3	0.33	*	*	*	4332_g	*	2765_g	1920_g	*
3	3	0.33	*	*	*	4405_g	2782_g	2691_g	*	*
3	3	0.33	*	*	*	4414_g	330_g	316_g	*	*
3	3	0.33	*	*	*	4496_g	*	240_g	4444_g	*
3	3	0.33	*	*	*	4515_g	246_g	219_g	*	*
3	3	0.33	*	*	*	4573_g	184_g	167_g	*	*
3	3	0.33	*	*	*	465_g	844_g	793_g	*	*
3	3	0.33	*	*	*	4731_g	13_g	*	925_g	*
3	3	0.33	*	*	*	4817_g	*	3140_g	4161_g	*
3	3	0.33	*	*	*	4842_g	3214_g	3113_g	*	*
3	3	0.33	*	*	*	4891_g	3156_g	3062_g	*	*
3	3	0.33	*	*	*	4895_g	*	3059_g	4235_g	*
3	3	0.33	*	*	*	4903_g	3145_g	*	4243_g	*
3	3	0.33	*	*	*	5063_g	*	2896_g	3377_g	*
3	3	0.33	*	*	*	5142_g	*	3449_g	4619_g	*
3	3	0.33	*	*	*	856_g	*	3322_g	4519_g	*
3	3	0.33	*	*	*	85_g	1997_g	*	1022_g	*
3	3	0.33	*	*	*	870_g	3397_g	3307_g	*	*
3	3	0.33	*	*	1025_g	250_g	1058_g	*	*	*
3	3	0.33	*	*	1028_g	*	1062_g	1009_g	*	*
3	3	0.33	*	*	1029_g	*	1063_g	1010_g	*	*
3	3	0.33	*	*	1037_g	*	1071_g	1019_g	*	*
3	3	0.33	*	*	1059_g	*	1093_g	*	429_g	*
3	3	0.33	*	*	1069_g	*	1102_g	1049_g	*	*
3	3	0.33	*	*	1090_g	*	1123_g	1070_g	*	*
3	3	0.33	*	*	1130_g	*	*	1112_g	500_g	*
3	3	0.33	*	*	1174_g	*	1216_g	1156_g	*	*
3	3	0.33	*	*	117_g	*	126_g	109_g	*	*
3	3	0.33	*	*	1191_g	*	1236_g	1173_g	*	*
3	3	0.33	*	*	1213_g	1822_g	*	*	583_g	*
3	3	0.33	*	*	1224_g	*	1270_g	1205_g	*	*
3	3	0.33	*	*	1232_g	*	1278_g	1213_g	*	*
3	3	0.33	*	*	1255_g	*	1301_g	1234_g	*	*
3	3	0.33	*	*	1284_g	*	1329_g	1264_g	*	*
3	3	0.33	*	*	1308_g	*	1355_g	1289_g	*	*
3	3	0.33	*	*	1330_g	*	1376_g	1310_g	*	*
3	3	0.33	*	*	1367_g	*	1414_g	1343_g	*	*
3	3	0.33	*	*	1396_g	*	1441_g	1371_g	*	*
3	3	0.33	*	*	1461_g	*	1506_g	1438_g	*	*
3	3	0.33	*	*	1509_g	*	1556_g	1485_g	*	*
3	3	0.33	*	*	1556_g	*	1609_g	1535_g	*	*
3	3	0.33	*	*	1567_g	*	1621_g	*	2708_g	*
3	3	0.33	*	*	1608_g	1566_g	*	1582_g	*	*
3	3	0.33	*	*	1627_g	*	1688_g	1602_g	*	*
3	3	0.33	*	*	1649_g	*	1708_g	1621_g	*	*
3	3	0.33	*	*	1653_g	*	1712_g	1625_g	*	*
3	3	0.33	*	*	1659_g	*	1717_g	1632_g	*	*
3	3	0.33	*	*	1660_g	*	1718_g	1633_g	*	*
3	3	0.33	*	*	1692_g	*	1748_g	1664_g	*	*
3	3	0.33	*	*	1696_g	1480_g	1752_g	*	*	*
3	3	0.33	*	*	1743_g	*	1786_g	1714_g	*	*
3	3	0.33	*	*	1750_g	*	*	*	2531_g	3727_g
3	3	0.33	*	*	1842_g	*	1883_g	1809_g	*	*
3	3	0.33	*	*	1871_g	*	1912_g	1835_g	*	*
3	3	0.33	*	*	1930_g	57_g	*	1893_g	*	*
3	3	0.33	*	*	1935_g	*	1972_g	1898_g	*	*
3	3	0.33	*	*	2044_g	*	2084_g	2002_g	*	*
3	3	0.33	*	*	2087_g	*	*	2043_g	1138_g	*
3	3	0.33	*	*	209_g	*	221_g	198_g	*	*
3	3	0.33	*	*	2113_g	807_g	2161_g	*	*	*
3	3	0.33	*	*	2139_g	*	2190_g	2096_g	*	*
3	3	0.33	*	*	2189_g	*	2245_g	2145_g	*	*
3	3	0.33	*	*	2248_g	*	2307_g	2205_g	*	*
3	3	0.33	*	*	2271_g	*	*	2232_g	1325_g	*
3	3	0.33	*	*	2281_g	*	2347_g	2242_g	*	*
3	3	0.33	*	*	2287_g	2275_g	*	*	1340_g	*
3	3	0.33	*	*	2309_g	2296_g	*	2266_g	*	*
3	3	0.33	*	*	2328_g	*	2394_g	2287_g	*	*
3	3	0.33	*	*	2347_g	*	2414_g	*	1400_g	*
3	3	0.33	*	*	2349_g	*	2415_g	2307_g	*	*
3	3	0.33	*	*	235_g	*	251_g	223_g	*	*
3	3	0.33	*	*	237_g	*	253_g	225_g	*	*
3	3	0.33	*	*	2382_g	*	*	2339_g	1432_g	*
3	3	0.33	*	*	2395_g	*	2468_g	2352_g	*	*
3	3	0.33	*	*	2396_g	2383_g	*	*	1446_g	*
3	3	0.33	*	*	2464_g	*	2535_g	2423_g	*	*
3	3	0.33	*	*	247_g	*	265_g	236_g	*	*
3	3	0.33	*	*	2490_g	2485_g	2563_g	*	*	*
3	3	0.33	*	*	2565_g	1049_g	*	2540_g	*	*
3	3	0.33	*	*	2575_g	*	2644_g	*	2337_g	*
3	3	0.33	*	*	2577_g	*	2647_g	2550_g	*	*
3	3	0.33	*	*	2601_g	*	2671_g	2577_g	*	*
3	3	0.33	*	*	2623_g	750_g	2695_g	*	*	*
3	3	0.33	*	*	2653_g	*	*	2630_g	744_g	*
3	3	0.33	*	*	2682_g	*	2755_g	2655_g	*	*
3	3	0.33	*	*	2714_g	4410_g	*	2686_g	*	*
3	3	0.33	*	*	272_g	*	290_g	260_g	*	*
3	3	0.33	*	*	2747_g	*	*	2719_g	1962_g	*
3	3	0.33	*	*	2757_g	*	*	2730_g	1952_g	*
3	3	0.33	*	*	2877_g	5011_g	*	*	2769_g	*
3	3	0.33	*	*	2902_g	5036_g	2978_g	*	*	*
3	3	0.33	*	*	2999_g	1179_g	*	2952_g	*	*
3	3	0.33	*	*	3014_g	1194_g	*	*	3453_g	*
3	3	0.33	*	*	301_g	*	309_g	290_g	*	*
3	3	0.33	*	*	303_g	*	311_g	292_g	*	*
3	3	0.33	*	*	3050_g	*	1925_g	3577_g	*	*
3	3	0.33	*	*	3169_g	*	3241_g	3147_g	*	*
3	3	0.33	*	*	3181_g	*	3253_g	3158_g	*	*
3	3	0.33	*	*	3194_g	*	3266_g	3171_g	*	*
3	3	0.33	*	*	3260_g	*	3325_g	3240_g	*	*
3	3	0.33	*	*	3262_g	*	3327_g	3242_g	*	*
3	3	0.33	*	*	3275_g	925_g	*	3254_g	*	*
3	3	0.33	*	*	3281_g	*	*	3259_g	3228_g	*
3	3	0.33	*	*	3288_g	913_g	*	*	3235_g	*
3	3	0.33	*	*	3325_g	873_g	*	3304_g	*	*
3	3	0.33	*	*	3375_g	*	3454_g	3359_g	*	*
3	3	0.33	*	*	3427_g	*	3504_g	3423_g	*	*
3	3	0.33	*	*	3434_g	*	3511_g	3430_g	*	*
3	3	0.33	*	*	3446_g	*	3524_g	*	4608_g	*
3	3	0.33	*	*	3486_g	5176_g	*	3481_g	*	*
3	3	0.33	*	*	3488_g	*	*	3483_g	3006_g	*
3	3	0.33	*	*	3489_g	*	3120_g	3484_g	*	*
3	3	0.33	*	*	3506_g	*	3578_g	3509_g	*	*
3	3	0.33	*	*	350_g	632_g	*	*	1766_g	*
3	3	0.33	*	*	3547_g	*	3626_g	3554_g	*	*
3	3	0.33	*	*	3579_g	3232_g	*	*	3159_g	*
3	3	0.33	*	*	3586_g	*	*	3702_g	3152_g	*
3	3	0.33	*	*	3587_g	3240_g	*	3701_g	*	*
3	3	0.33	*	*	3591_g	3244_g	*	3697_g	*	*
3	3	0.33	*	*	3644_g	3294_g	*	*	3099_g	*
3	3	0.33	*	*	3692_g	*	3779_g	3604_g	*	*
3	3	0.33	*	*	3694_g	*	3781_g	3602_g	*	*
3	3	0.33	*	*	3709_g	3361_g	3797_g	*	*	*
3	3	0.33	*	*	3758_g	3999_g	*	3754_g	*	*
3	3	0.33	*	*	3769_g	4009_g	3846_g	*	*	*
3	3	0.33	*	*	3770_g	4010_g	3847_g	*	*	*
3	3	0.33	*	*	3772_g	*	3849_g	3768_g	*	*
3	3	0.33	*	*	3854_g	4093_g	*	3845_g	*	*
3	3	0.33	*	*	3860_g	4099_g	3942_g	*	*	*
3	3	0.33	*	*	3864_g	*	3947_g	3857_g	*	*
3	3	0.33	*	*	3876_g	*	3959_g	3869_g	*	*
3	3	0.33	*	*	3898_g	4138_g	*	3892_g	*	*
3	3	0.33	*	*	3930_g	*	4015_g	3926_g	*	*
3	3	0.33	*	*	3932_g	*	*	3927_g	2140_g	*
3	3	0.33	*	*	3973_g	*	4068_g	3976_g	*	*
3	3	0.33	*	*	3978_g	*	4073_g	3981_g	*	*
3	3	0.33	*	*	3988_g	4230_g	4083_g	*	*	*
3	3	0.33	*	*	3993_g	*	4089_g	3995_g	*	*
3	3	0.33	*	*	3994_g	*	4090_g	3996_g	*	*
3	3	0.33	*	*	4012_g	4251_g	*	4014_g	*	*
3	3	0.33	*	*	4033_g	*	4131_g	4036_g	*	*
3	3	0.33	*	*	4062_g	3032_g	*	4081_g	*	*
3	3	0.33	*	*	4086_g	*	*	4102_g	3546_g	*
3	3	0.33	*	*	4115_g	*	4210_g	4132_g	*	*
3	3	0.33	*	*	4123_g	*	*	4139_g	3582_g	*
3	3	0.33	*	*	4145_g	*	*	4159_g	3603_g	*
3	3	0.33	*	*	417_g	*	427_g	402_g	*	*
3	3	0.33	*	*	4182_g	3139_g	*	4194_g	*	*
3	3	0.33	*	*	4185_g	3142_g	*	4197_g	*	*
3	3	0.33	*	*	4193_g	3150_g	*	*	630_g	*
3	3	0.33	*	*	4211_g	3918_g	4314_g	*	*	*
3	3	0.33	*	*	425_g	*	435_g	410_g	*	*
3	3	0.33	*	*	4275_g	*	*	4285_g	2941_g	*
3	3	0.33	*	*	4298_g	3835_g	*	4305_g	*	*
3	3	0.33	*	*	4323_g	*	*	4331_g	2895_g	*
3	3	0.33	*	*	4333_g	3798_g	*	*	2886_g	*
3	3	0.33	*	*	4338_g	*	4445_g	4348_g	*	*
3	3	0.33	*	*	4361_g	3768_g	*	4372_g	*	*
3	3	0.33	*	*	4383_g	*	*	4390_g	2838_g	*
3	3	0.33	*	*	440_g	*	*	425_g	1684_g	*
3	3	0.33	*	*	4432_g	2587_g	*	4435_g	*	*
3	3	0.33	*	*	4457_g	*	4563_g	4462_g	*	*
3	3	0.33	*	*	4458_g	*	4564_g	4463_g	*	*
3	3	0.33	*	*	4508_g	*	4620_g	4515_g	*	*
3	3	0.33	*	*	4511_g	2670_g	*	*	3954_g	*
3	3	0.33	*	*	462_g	*	472_g	446_g	*	*
3	3	0.33	*	*	4636_g	2791_g	4747_g	*	*	*
3	3	0.33	*	*	4670_g	*	*	4670_g	3801_g	*
3	3	0.33	*	*	4671_g	*	*	4671_g	3800_g	*
3	3	0.33	*	*	4692_g	2846_g	4802_g	*	*	*
3	3	0.33	*	*	4779_g	2926_g	*	4777_g	*	*
3	3	0.33	*	*	4795_g	2939_g	*	*	3690_g	*
3	3	0.33	*	*	4824_g	*	4931_g	4816_g	*	*
3	3	0.33	*	*	4968_g	*	3029_g	5138_g	*	*
3	3	0.33	*	*	5066_g	*	4_g	5630_g	*	*
3	3	0.33	*	*	513_g	*	529_g	*	1614_g	*
3	3	0.33	*	*	544_g	*	557_g	522_g	*	*
3	3	0.33	*	*	659_g	3514_g	678_g	*	*	*
3	3	0.33	*	*	662_g	3512_g	680_g	*	*	*
3	3	0.33	*	*	671_g	3503_g	691_g	*	*	*
3	3	0.33	*	*	673_g	*	692_g	647_g	*	*
3	3	0.33	*	*	811_g	462_g	*	796_g	*	*
3	3	0.33	*	*	816_g	*	852_g	*	207_g	*
3	3	0.33	*	*	854_g	*	890_g	836_g	*	*
3	3	0.33	*	*	861_g	*	896_g	841_g	*	*
3	3	0.33	*	*	86_g	*	95_g	81_g	*	*
3	3	0.33	*	*	874_g	402_g	909_g	*	*	*
3	3	0.33	*	*	875_g	*	910_g	855_g	*	*
3	3	0.33	*	*	891_g	384_g	*	*	276_g	*
3	3	0.33	*	*	898_g	*	936_g	880_g	*	*
3	3	0.33	*	*	917_g	*	*	899_g	301_g	*
3	3	0.33	*	*	955_g	318_g	987_g	*	*	*
3	3	0.33	*	*	971_g	302_g	*	956_g	*	*
3	3	0.33	*	*	984_g	289_g	*	969_g	*	*
3	3	0.33	*	*	987_g	*	1018_g	971_g	*	*
3	3	0.33	*	1006_g	*	4166_g	*	3921_g	*	*
3	3	0.33	*	1032_g	*	*	*	4393_g	2835_g	*
3	3	0.33	*	1051_g	636_g	3536_g	*	*	*	*
3	3	0.33	*	1095_g	*	5029_g	*	*	2753_g	*
3	3	0.33	*	1106_g	*	*	1599_g	1527_g	*	*
3	3	0.33	*	113_g	1128_g	*	*	1110_g	*	*
3	3	0.33	*	1172_g	*	*	*	1378_g	4836_g	*
3	3	0.33	*	123_g	*	*	868_g	*	222_g	*
3	3	0.33	*	1316_g	*	*	2769_g	*	3483_g	*
3	3	0.33	*	1470_g	*	*	298_g	*	4469_g	*
3	3	0.33	*	1490_g	*	4723_g	20_g	*	*	*
3	3	0.33	*	1526_g	*	3597_g	*	*	4293_g	*
3	3	0.33	*	1533_g	*	*	*	2861_g	2755_g	*
3	3	0.33	*	1541_g	*	4890_g	*	*	4231_g	*
3	3	0.33	*	1547_g	*	283_g	*	*	364_g	*
3	3	0.33	*	1602_g	*	452_g	*	806_g	*	*
3	3	0.33	*	1617_g	*	*	637_g	*	4338_g	*
3	3	0.33	*	1640_g	*	*	371_g	353_g	*	*
3	3	0.33	*	1669_g	*	*	2371_g	*	1359_g	*
3	3	0.33	*	1700_g	*	*	*	2050_g	1146_g	*
3	3	0.33	*	1737_g	2185_g	2169_g	*	*	*	*
3	3	0.33	*	1871_g	1388_g	*	*	*	4822_g	*
3	3	0.33	*	1900_g	4242_g	*	*	*	2325_g	*
3	3	0.33	*	1924_g	2186_g	*	*	2143_g	*	*
3	3	0.33	*	1971_g	4214_g	*	*	4225_g	*	*
3	3	0.33	*	19_g	*	4704_g	*	32_g	*	*
3	3	0.33	*	2020_g	3376_g	827_g	*	*	*	*
3	3	0.33	*	2049_g	3560_g	3213_g	*	*	*	*
3	3	0.33	*	2197_g	356_g	*	*	*	1760_g	*
3	3	0.33	*	2224_g	*	1833_g	*	*	572_g	*
3	3	0.33	*	224_g	4590_g	*	*	*	3884_g	*
3	3	0.33	*	2253_g	*	2129_g	*	1506_g	*	*
3	3	0.33	*	2340_g	2401_g	*	*	*	1452_g	*
3	3	0.33	*	2359_g	2090_g	*	*	2046_g	*	*
3	3	0.33	*	2360_g	*	*	2556_g	*	1529_g	*
3	3	0.33	*	2411_g	*	2688_g	*	*	3940_g	*
3	3	0.33	*	2419_g	3762_g	4002_g	*	*	*	*
3	3	0.33	*	2483_g	*	1766_g	*	1255_g	*	*
3	3	0.33	*	2509_g	1339_g	*	*	*	4774_g	*
3	3	0.33	*	2546_g	1677_g	1499_g	*	*	*	*
3	3	0.33	*	2581_g	*	*	*	1087_g	474_g	*
3	3	0.33	*	2639_g	*	*	2104_g	*	1114_g	*
3	3	0.33	*	2722_g	3285_g	*	*	*	3232_g	*
3	3	0.33	*	2735_g	*	2639_g	*	4489_g	*	*
3	3	0.33	*	2741_g	*	910_g	*	3270_g	*	*
3	3	0.33	*	2766_g	*	4506_g	257_g	*	*	*
3	3	0.33	*	2779_g	4526_g	*	*	4534_g	*	*
3	3	0.33	*	2789_g	*	*	2259_g	*	1252_g	*
3	3	0.33	*	2794_g	3977_g	*	*	3980_g	*	*
3	3	0.33	*	2799_g	*	422_g	*	*	241_g	*
3	3	0.33	*	2805_g	*	*	406_g	*	1720_g	*
3	3	0.33	*	286_g	4001_g	*	*	*	2069_g	*
3	3	0.33	*	2897_g	2733_g	*	*	2704_g	*	*
3	3	0.33	*	2969_g	*	2386_g	*	*	1449_g	*
3	3	0.33	*	2987_g	*	3831_g	*	4309_g	*	*
3	3	0.33	*	2997_g	*	*	*	516_g	1591_g	*
3	3	0.33	*	3040_g	*	3285_g	*	*	3109_g	*
3	3	0.33	*	3049_g	1770_g	*	1817_g	*	*	*
3	3	0.33	*	306_g	2029_g	*	2067_g	*	*	*
3	3	0.33	*	3147_g	3681_g	*	*	3614_g	*	*
3	3	0.33	*	3201_g	*	*	1051_g	*	389_g	*
3	3	0.33	*	3212_g	*	3325_g	*	3618_g	*	*
3	3	0.33	*	3222_g	2665_g	*	*	*	754_g	*
3	3	0.33	*	3232_g	*	551_g	*	*	1689_g	*
3	3	0.33	*	3234_g	2180_g	*	2236_g	*	*	*
3	3	0.33	*	3236_g	*	*	2234_g	*	1230_g	*
3	3	0.33	*	3239_g	*	*	2229_g	*	1225_g	*
3	3	0.33	*	3260_g	*	*	2132_g	*	1140_g	*
3	3	0.33	*	3262_g	*	*	*	2250_g	1342_g	*
3	3	0.33	*	3264_g	*	*	1307_g	1240_g	*	*
3	3	0.33	*	331_g	*	*	1797_g	1725_g	*	*
3	3	0.33	*	332_g	*	*	*	*	436_g	10085_g
3	3	0.33	*	3367_g	*	4060_g	*	*	2253_g	*
3	3	0.33	*	3392_g	789_g	*	*	*	180_g	*
3	3	0.33	*	3407_g	*	1066_g	*	2556_g	*	*
3	3	0.33	*	3436_g	*	4803_g	*	*	4147_g	*
3	3	0.33	*	3445_g	*	*	*	1492_g	*	8706_g
3	3	0.33	*	3449_g	*	844_g	*	*	4531_g	*
3	3	0.33	*	3525_g	*	*	798_g	741_g	*	*
3	3	0.33	*	3565_g	4404_g	3723_g	*	*	*	*
3	3	0.33	*	3605_g	*	*	2337_g	2233_g	*	*
3	3	0.33	*	3671_g	*	*	2003_g	1925_g	*	*
3	3	0.33	*	3723_g	1235_g	*	*	*	604_g	*
3	3	0.33	*	3726_g	*	*	919_g	864_g	*	*
3	3	0.33	*	3833_g	*	2300_g	2378_g	*	*	*
3	3	0.33	*	3859_g	419_g	*	429_g	*	*	*
3	3	0.33	*	386_g	*	*	3979_g	*	2174_g	*
3	3	0.33	*	3920_g	455_g	532_g	*	*	*	*
3	3	0.33	*	3927_g	*	3800_g	*	4340_g	*	*
3	3	0.33	*	3966_g	*	*	1496_g	1427_g	*	*
3	3	0.33	*	3975_g	*	2432_g	2508_g	*	*	*
3	3	0.33	*	397_g	*	1543_g	1692_g	*	*	*
3	3	0.33	*	399_g	*	*	1690_g	*	2647_g	*
3	3	0.33	*	4022_g	*	*	*	4100_g	3543_g	*
3	3	0.33	*	4063_g	*	381_g	931_g	*	*	*
3	3	0.33	*	4109_g	*	*	*	1443_g	4112_g	*
3	3	0.33	*	4231_g	3157_g	4827_g	*	*	*	*
3	3	0.33	*	4235_g	4633_g	2788_g	*	*	*	*
3	3	0.33	*	427_g	4169_g	*	*	*	3625_g	*
3	3	0.33	*	4335_g	*	*	*	4813_g	3667_g	*
3	3	0.33	*	4342_g	*	3650_g	*	499_g	*	*
3	3	0.33	*	4415_g	*	4252_g	*	*	2056_g	*
3	3	0.33	*	4454_g	*	1018_g	*	*	687_g	*
3	3	0.33	*	4456_g	*	*	604_g	*	4307_g	*
3	3	0.33	*	4766_g	2399_g	*	*	2357_g	*	*
3	3	0.33	*	4843_g	*	*	*	2998_g	1994_g	*
3	3	0.33	*	487_g	*	373_g	*	883_g	*	*
3	3	0.33	*	4894_g	4807_g	*	*	*	3678_g	*
3	3	0.33	*	5048_g	*	728_g	*	*	735_g	*
3	3	0.33	*	5105_g	3767_g	*	*	3763_g	*	*
3	3	0.33	*	5191_g	*	*	*	4444_g	4025_g	*
3	3	0.33	*	522_g	*	1770_g	*	1251_g	*	*
3	3	0.33	*	5364_g	*	*	*	333_g	1772_g	*
3	3	0.33	*	5370_g	*	3279_g	*	3664_g	*	*
3	3	0.33	*	5452_g	*	*	1679_g	*	2658_g	*
3	3	0.33	*	5691_g	*	756_g	*	*	706_g	*
3	3	0.33	*	5787_g	4294_g	3838_g	*	*	*	*
3	3	0.33	*	589_g	*	2744_g	*	*	3887_g	*
3	3	0.33	*	610_g	2607_g	*	*	*	699_g	*
3	3	0.33	*	6292_g	4608_g	*	*	*	3868_g	*
3	3	0.33	*	6311_g	490_g	*	501_g	*	*	*
3	3	0.33	*	637_g	*	838_g	*	*	4536_g	*
3	3	0.33	*	643_g	557_g	*	573_g	*	*	*
3	3	0.33	*	6450_g	*	1622_g	*	1529_g	*	*
3	3	0.33	*	6502_g	4344_g	3787_g	*	*	*	*
3	3	0.33	*	6509_g	*	4877_g	*	*	4220_g	*
3	3	0.33	*	6512_g	1216_g	*	*	*	586_g	*
3	3	0.33	*	653_g	1383_g	*	1429_g	*	*	*
3	3	0.33	*	6550_g	4957_g	*	*	5639_g	*	*
3	3	0.33	*	6591_g	*	1502_g	*	*	2605_g	*
3	3	0.33	*	659_g	*	1195_g	*	2968_g	*	*
3	3	0.33	*	6617_g	*	2823_g	*	4669_g	*	*
3	3	0.33	*	6639_g	2921_g	*	*	5576_g	*	*
3	3	0.33	*	6648_g	3514_g	*	*	3520_g	*	*
3	3	0.33	*	6657_g	*	348_g	965_g	*	*	*
3	3	0.33	*	669_g	1960_g	*	*	1921_g	*	*
3	3	0.33	*	6738_g	*	4205_g	*	3963_g	*	*
3	3	0.33	*	679_g	*	360_g	952_g	*	*	*
3	3	0.33	*	6876_g	*	*	*	1634_g	2618_g	*
3	3	0.33	*	6878_g	*	1517_g	*	*	2620_g	*
3	3	0.33	*	69_g	3813_g	4051_g	*	*	*	*
3	3	0.33	*	703_g	*	*	*	1667_g	2584_g	*
3	3	0.33	*	7040_g	*	5110_g	*	*	4582_g	*
3	3	0.33	*	704_g	*	*	*	1668_g	2583_g	*
3	3	0.33	*	706_g	*	2429_g	*	*	1483_g	*
3	3	0.33	*	7089_g	*	*	*	3886_g	2179_g	*
3	3	0.33	*	732_g	*	1112_g	2129_g	*	*	*
3	3	0.33	*	748_g	*	2733_g	4686_g	*	*	*
3	3	0.33	*	776_g	*	3906_g	*	*	658_g	*
3	3	0.33	*	800_g	124_g	4621_g	*	*	*	*
3	3	0.33	*	816_g	1579_g	*	*	*	2697_g	*
3	3	0.33	*	825_g	1423_g	*	1467_g	*	*	*
3	3	0.33	*	882_g	*	42_g	*	1878_g	*	*
3	3	0.33	*	890_g	*	*	1290_g	*	612_g	*
3	3	0.33	1018_g	*	3670_g	*	*	3626_g	*	*
3	3	0.33	1104_g	*	*	1487_g	*	*	2590_g	*
3	3	0.33	1237_g	*	*	*	1088_g	1035_g	*	*
3	3	0.33	1246_g	*	*	*	1314_g	*	4707_g	*
3	3	0.33	1399_g	*	245_g	*	*	234_g	*	*
3	3	0.33	1408_g	*	*	2785_g	*	4633_g	*	*
3	3	0.33	221_g	*	*	*	255_g	*	4430_g	*
3	3	0.33	285_g	*	4382_g	*	*	*	2839_g	*
3	3	0.33	43_g	*	4235_g	3894_g	*	*	*	*
3	3	0.33	468_g	6667_g	*	*	*	*	357_g	*
3	3	0.33	515_g	6458_g	*	3856_g	*	*	*	*
3	3	0.33	52_g	*	*	*	473_g	*	1662_g	*
3	3	0.33	540_g	2296_g	*	4592_g	*	*	*	*
3	3	0.33	546_g	*	*	*	*	1843_g	2418_g	*
3	3	0.33	594_g	*	*	*	*	3887_g	2178_g	*
3	3	0.33	748_g	*	*	3110_g	*	*	3606_g	*
3	3	0.33	903_g	1243_g	*	*	*	*	775_g	*
3	3	0.33	984_g	6051_g	*	706_g	*	*	*	*
2	6	0.167	*	*	*	*	*	2433_g,5547_g,5546_g,5548_g,5573_g	1517_g	*
2	6	0.167	*	*	*	1734_g	*	1286_g,5491_g,5492_g,5493_g,5666_g	*	*
2	5	0.2	*	*	5090_g,5097_g,5624_g,5747_g	*	*	5177_g	*	*
2	5	0.2	*	2408_g	*	*	*	*	1809_g,4904_g,4063_g,4639_g	*
2	5	0.2	*	3788_g	*	*	*	*	4872_g,30_g,3651_g,4638_g	*
2	5	0.2	*	5587_g	*	*	*	*	4863_g,946_g,4119_g,4626_g	*
2	4	0.25	*	*	4899_g,5202_g,5782_g	*	*	2669_g	*	*
2	4	0.25	*	1603_g	*	*	*	*	4682_g,4058_g,2000_g	*
2	4	0.25	*	5615_g	*	*	*	*	4917_g,4669_g,3292_g	*
2	4	0.146	*	2655_g,6594_g	*	*	*	*	1797_g,3504_g	*
2	4	0.146	*	549_g,5460_g	*	*	*	*	4667_g,175_g	*
2	4	0.146	*	6551_g,6369_g	*	*	*	*	168_g,4908_g	*
2	3	0.33	*	*	*	*	*	1047_g	*	1995_g,2264_g
2	3	0.33	*	*	*	*	*	1309_g	*	7144_g,7773_g
2	3	0.33	*	*	*	*	*	1350_g	*	6044_g,6208_g
2	3	0.33	*	*	*	*	*	149_g	*	6768_g,8144_g
2	3	0.33	*	*	*	*	*	2592_g	*	4558_g,8573_g
2	3	0.33	*	*	*	*	*	3106_g	*	988_g,1805_g
2	3	0.33	*	*	*	*	*	357_g	*	6881_g,8032_g
2	3	0.33	*	*	*	*	*	3884_g	*	2767_g,3448_g
2	3	0.33	*	*	*	*	*	4425_g	*	7056_g,7860_g
2	3	0.33	*	*	*	*	*	584_g	*	483_g,689_g
2	3	0.33	*	*	*	*	*	653_g	*	2494_g,3175_g
2	3	0.33	*	*	*	*	1129_g	*	*	6922_g,7990_g
2	3	0.33	*	*	*	*	2239_g	*	*	6789_g,8124_g
2	3	0.33	*	*	*	*	2904_g	*	*	11239_g,12036_g
2	3	0.33	*	*	*	*	862_g	*	*	797_g,1614_g
2	3	0.33	*	*	*	1457_g	*	*	*	4096_g,8876_g
2	3	0.33	*	*	*	1652_g	*	*	*	1178_g,1459_g
2	3	0.33	*	*	*	1865_g	*	*	*	7401_g,7517_g
2	3	0.33	*	*	*	1867_g	*	*	530_g,2022_g	*
2	3	0.33	*	*	*	1888_g	*	*	*	6916_g,7996_g
2	3	0.33	*	*	*	2768_g	*	*	*	3141_g,3822_g
2	3	0.33	*	*	*	2955_g	*	*	*	11105_g,11902_g
2	3	0.33	*	*	*	4346_g	*	*	*	11054_g,11851_g
2	3	0.33	*	*	*	912_g	*	*	*	10909_g,11706_g
2	3	0.33	*	*	*	949_g	*	*	*	7119_g,7798_g
2	3	0.33	*	*	2072_g	*	*	*	*	7378_g,7540_g
2	3	0.33	*	*	4063_g	*	*	*	*	7443_g,7476_g
2	3	0.33	*	*	4898_g,5088_g	*	*	5341_g	*	*
2	3	0.33	*	*	5051_g,5060_g	*	*	3015_g	*	*
2	3	0.33	*	*	5101_g,5102_g	*	*	3503_g	*	*
2	3	0.33	*	*	5115_g	*	*	4997_g,5626_g	*	*
2	3	0.33	*	*	5122_g,5186_g	*	*	3506_g	*	*
2	3	0.33	*	*	5273_g,5299_g	*	*	4986_g	*	*
2	3	0.33	*	*	5631_g	*	*	5582_g,5025_g	*	*
2	3	0.33	*	*	564_g	*	*	*	*	10362_g,12162_g
2	3	0.33	*	*	5730_g,5773_g	*	*	5164_g	*	*
2	3	0.33	*	*	830_g	*	*	*	*	798_g,1615_g
2	3	0.33	*	1197_g	*	*	*	*	*	5769_g,6479_g
2	3	0.33	*	1391_g,5528_g	*	*	139_g	*	*	*
2	3	0.33	*	1565_g	*	*	*	*	4282_g,4635_g	*
2	3	0.33	*	1888_g,6421_g	*	*	*	*	29_g	*
2	3	0.33	*	2292_g	*	*	*	*	*	558_g,615_g
2	3	0.33	*	2385_g	*	*	*	*	4869_g,2995_g	*
2	3	0.33	*	2571_g	*	*	*	*	4876_g,4680_g	*
2	3	0.33	*	2739_g	*	*	*	*	*	10651_g,11448_g
2	3	0.33	*	2802_g,5373_g	*	*	*	*	2853_g	*
2	3	0.33	*	2896_g	*	*	*	*	*	10345_g,12179_g
2	3	0.33	*	3261_g	*	*	*	*	*	1248_g,1390_g
2	3	0.33	*	3855_g	*	*	*	*	*	9647_g,13016_g
2	3	0.33	*	3947_g	*	*	*	*	*	1990_g,2270_g
2	3	0.33	*	4134_g,6222_g	*	*	*	*	4883_g	*
2	3	0.33	*	5233_g	*	*	*	*	4061_g,3278_g	*
2	3	0.33	*	5588_g,5598_g	*	*	*	*	941_g	*
2	3	0.33	*	5642_g	*	*	*	*	*	419_g,756_g
2	3	0.33	*	6407_g,6984_g	*	*	*	*	4630_g	*
2	3	0.33	*	6410_g	*	*	*	*	933_g,3634_g	*
2	3	0.33	*	6428_g	*	*	*	*	*	10666_g,11463_g
2	3	0.33	*	6477_g	*	*	*	*	170_g,4073_g	*
2	3	0.33	*	6836_g	*	*	*	*	*	9884_g,12639_g
2	3	0.33	*	901_g,5299_g	1538_g	*	*	*	*	*
2	3	0.33	*	977_g	*	2559_g,4940_g	*	*	*	*
2	3	0.33	1000_g	5094_g,71_g	*	*	*	*	*	*
2	3	0.33	417_g	*	*	*	*	*	*	7116_g,7801_g
2	3	0.33	800_g	355_g,6043_g	*	*	*	*	*	*
2	3	0.33	932_g	*	*	*	*	*	*	12144_g,10381_g
2	2	1	*	*	*	*	*	*	1514_g	2721_g
2	2	1	*	*	*	*	*	1225_g	4685_g	*
2	2	1	*	*	*	*	*	1227_g	4686_g	*
2	2	1	*	*	*	*	*	1299_g	4756_g	*
2	2	1	*	*	*	*	*	1398_g	4855_g	*
2	2	1	*	*	*	*	*	13_g	918_g	*
2	2	1	*	*	*	*	*	1517_g	3357_g	*
2	2	1	*	*	*	*	*	1580_g	2670_g	*
2	2	1	*	*	*	*	*	1741_g	2512_g	*
2	2	1	*	*	*	*	*	176_g	4376_g	*
2	2	1	*	*	*	*	*	1792_g	2465_g	*
2	2	1	*	*	*	*	*	1805_g	2454_g	*
2	2	1	*	*	*	*	*	1833_g	2427_g	*
2	2	1	*	*	*	*	*	2380_g	1471_g	*
2	2	1	*	*	*	*	*	2397_g	1485_g	*
2	2	1	*	*	*	*	*	2593_g	707_g	*
2	2	1	*	*	*	*	*	2857_g	2758_g	*
2	2	1	*	*	*	*	*	28_g	905_g	*
2	2	1	*	*	*	*	*	325_g	*	2675_g
2	2	1	*	*	*	*	*	3367_g	4553_g	*
2	2	1	*	*	*	*	*	3453_g	3033_g	*
2	2	1	*	*	*	*	*	3458_g	3028_g	*
2	2	1	*	*	*	*	*	3486_g	3005_g	*
2	2	1	*	*	*	*	*	3817_g	2250_g	*
2	2	1	*	*	*	*	*	3836_g	2229_g	*
2	2	1	*	*	*	*	*	4080_g	3522_g	*
2	2	1	*	*	*	*	*	4117_g	3560_g	*
2	2	1	*	*	*	*	*	423_g	1686_g	*
2	2	1	*	*	*	*	*	430_g	1679_g	*
2	2	1	*	*	*	*	*	4383_g	2846_g	*
2	2	1	*	*	*	*	*	439_g	1670_g	*
2	2	1	*	*	*	*	*	4457_g	4012_g	*
2	2	1	*	*	*	*	*	4491_g	3981_g	*
2	2	1	*	*	*	*	*	4597_g	3882_g	*
2	2	1	*	*	*	*	*	4636_g	3843_g	*
2	2	1	*	*	*	*	*	4754_g	3726_g	*
2	2	1	*	*	*	*	*	698_g	77_g	*
2	2	1	*	*	*	*	*	824_g	228_g	*
2	2	1	*	*	*	*	*	825_g	229_g	*
2	2	1	*	*	*	*	*	832_g	236_g	*
2	2	1	*	*	*	*	*	890_g	292_g	*
2	2	1	*	*	*	*	1166_g	1108_g	*	*
2	2	1	*	*	*	*	1172_g	1114_g	*	*
2	2	1	*	*	*	*	1182_g	1122_g	*	*
2	2	1	*	*	*	*	1228_g	1165_g	*	*
2	2	1	*	*	*	*	1232_g	*	558_g	*
2	2	1	*	*	*	*	1247_g	1184_g	*	*
2	2	1	*	*	*	*	1342_g	*	4734_g	*
2	2	1	*	*	*	*	1353_g	*	4744_g	*
2	2	1	*	*	*	*	1368_g	*	4759_g	*
2	2	1	*	*	*	*	1475_g	1407_g	*	*
2	2	1	*	*	*	*	1573_g	1504_g	*	*
2	2	1	*	*	*	*	1595_g	*	3363_g	*
2	2	1	*	*	*	*	1672_g	1586_g	*	*
2	2	1	*	*	*	*	1699_g	1612_g	*	*
2	2	1	*	*	*	*	1762_g	*	2572_g	*
2	2	1	*	*	*	*	1821_g	5667_g	*	*
2	2	1	*	*	*	*	1892_g	1817_g	*	*
2	2	1	*	*	*	*	1960_g	*	989_g	*
2	2	1	*	*	*	*	2058_g	*	1075_g	*
2	2	1	*	*	*	*	2073_g	1992_g	*	*
2	2	1	*	*	*	*	2166_g	*	1172_g	*
2	2	1	*	*	*	*	2178_g	2085_g	*	*
2	2	1	*	*	*	*	2242_g	*	1237_g	*
2	2	1	*	*	*	*	2293_g	*	1288_g	*
2	2	1	*	*	*	*	231_g	207_g	*	*
2	2	1	*	*	*	*	2327_g	*	1318_g	*
2	2	1	*	*	*	*	2407_g	*	1393_g	*
2	2	1	*	*	*	*	2506_g	2395_g	*	*
2	2	1	*	*	*	*	2520_g	2407_g	*	*
2	2	1	*	*	*	*	2558_g	*	1531_g	*
2	2	1	*	*	*	*	2591_g	*	1560_g	*
2	2	1	*	*	*	*	2771_g	2675_g	*	*
2	2	1	*	*	*	*	2776_g	2684_g	*	*
2	2	1	*	*	*	*	2805_g	*	1970_g	*
2	2	1	*	*	*	*	2842_g	2744_g	*	*
2	2	1	*	*	*	*	3069_g	2954_g	*	*
2	2	1	*	*	*	*	3088_g	*	3459_g	*
2	2	1	*	*	*	*	3111_g	2991_g	*	*
2	2	1	*	*	*	*	3125_g	3031_g	*	*
2	2	1	*	*	*	*	3129_g	3035_g	*	*
2	2	1	*	*	*	*	317_g	299_g	*	*
2	2	1	*	*	*	*	3224_g	3124_g	*	*
2	2	1	*	*	*	*	3259_g	3164_g	*	*
2	2	1	*	*	*	*	3273_g	*	4135_g	*
2	2	1	*	*	*	*	3436_g	3344_g	*	*
2	2	1	*	*	*	*	3531_g	3448_g	*	*
2	2	1	*	*	*	*	3599_g	3529_g	*	*
2	2	1	*	*	*	*	3681_g	3692_g	*	*
2	2	1	*	*	*	*	3705_g	3670_g	*	*
2	2	1	*	*	*	*	3775_g	3608_g	*	*
2	2	1	*	*	*	*	3864_g	3780_g	*	*
2	2	1	*	*	*	*	3891_g	3804_g	*	*
2	2	1	*	*	*	*	3895_g	3807_g	*	*
2	2	1	*	*	*	*	3967_g	3878_g	*	*
2	2	1	*	*	*	*	4107_g	*	2058_g	*
2	2	1	*	*	*	*	4135_g	4042_g	*	*
2	2	1	*	*	*	*	4196_g	4121_g	*	*
2	2	1	*	*	*	*	4212_g	5379_g	*	*
2	2	1	*	*	*	*	4428_g	4329_g	*	*
2	2	1	*	*	*	*	4543_g	4442_g	*	*
2	2	1	*	*	*	*	4553_g	*	4017_g	*
2	2	1	*	*	*	*	4566_g	4465_g	*	*
2	2	1	*	*	*	*	4726_g	4619_g	*	*
2	2	1	*	*	*	*	485_g	*	1656_g	*
2	2	1	*	*	*	*	4864_g	4751_g	*	*
2	2	1	*	*	*	*	4945_g	4061_g	*	*
2	2	1	*	*	*	*	496_g	*	1643_g	*
2	2	1	*	*	*	*	517_g	*	1621_g	*
2	2	1	*	*	*	*	580_g	542_g	*	*
2	2	1	*	*	*	*	652_g	*	785_g	*
2	2	1	*	*	*	*	745_g	*	78_g	*
2	2	1	*	*	*	*	74_g	61_g	*	*
2	2	1	*	*	*	*	755_g	704_g	*	*
2	2	1	*	*	*	*	772_g	*	60_g	*
2	2	1	*	*	*	*	821_g	770_g	*	*
2	2	1	*	*	*	104_g	2016_g	*	*	*
2	2	1	*	*	*	1078_g	*	*	685_g	*
2	2	1	*	*	*	1135_g	*	2911_g	*	*
2	2	1	*	*	*	1181_g	*	*	3439_g	*
2	2	1	*	*	*	1248_g	*	*	1894_g	*
2	2	1	*	*	*	1318_g	1901_g	*	*	*
2	2	1	*	*	*	1390_g	*	1755_g	*	*
2	2	1	*	*	*	141_g	2055_g	*	*	*
2	2	1	*	*	*	1433_g	*	*	2539_g	*
2	2	1	*	*	*	1460_g	*	*	2563_g	*
2	2	1	*	*	*	1473_g	1758_g	*	*	*
2	2	1	*	*	*	1524_g	*	*	2627_g	*
2	2	1	*	*	*	1555_g	*	1593_g	*	*
2	2	1	*	*	*	1607_g	1617_g	*	*	*
2	2	1	*	*	*	1608_g	*	1542_g	*	*
2	2	1	*	*	*	1621_g	*	*	3370_g	*
2	2	1	*	*	*	1624_g	*	*	3367_g	*
2	2	1	*	*	*	1724_g	*	*	4754_g	*
2	2	1	*	*	*	1755_g	*	*	4723_g	*
2	2	1	*	*	*	1800_g	1282_g	*	*	*
2	2	1	*	*	*	1850_g	1227_g	*	*	*
2	2	1	*	*	*	1901_g	1170_g	*	*	*
2	2	1	*	*	*	1912_g	1157_g	*	*	*
2	2	1	*	*	*	1927_g	1140_g	*	*	*
2	2	1	*	*	*	2063_g	*	1437_g	*	*
2	2	1	*	*	*	2126_g	*	*	3345_g	*
2	2	1	*	*	*	2127_g	*	*	3346_g	*
2	2	1	*	*	*	2150_g	*	*	1219_g	*
2	2	1	*	*	*	2213_g	2287_g	*	*	*
2	2	1	*	*	*	2227_g	*	2199_g	*	*
2	2	1	*	*	*	2237_g	2312_g	*	*	*
2	2	1	*	*	*	2245_g	2320_g	*	*	*
2	2	1	*	*	*	231_g	1079_g	*	*	*
2	2	1	*	*	*	236_g	*	1021_g	*	*
2	2	1	*	*	*	2380_g	*	*	1444_g	*
2	2	1	*	*	*	2398_g	*	2369_g	*	*
2	2	1	*	*	*	2415_g	2488_g	*	*	*
2	2	1	*	*	*	2448_g	*	2413_g	*	*
2	2	1	*	*	*	2450_g	2528_g	*	*	*
2	2	1	*	*	*	2452_g	*	2418_g	*	*
2	2	1	*	*	*	2471_g	2550_g	*	*	*
2	2	1	*	*	*	2473_g	2552_g	*	*	*
2	2	1	*	*	*	2480_g	*	2447_g	*	*
2	2	1	*	*	*	2496_g	*	2464_g	*	*
2	2	1	*	*	*	2503_g	*	2471_g	*	*
2	2	1	*	*	*	2510_g	*	2477_g	*	*
2	2	1	*	*	*	2748_g	4702_g	*	*	*
2	2	1	*	*	*	2756_g	*	*	3876_g	*
2	2	1	*	*	*	2764_g	*	4612_g	*	*
2	2	1	*	*	*	2804_g	*	*	3827_g	*
2	2	1	*	*	*	2812_g	*	*	3813_g	*
2	2	1	*	*	*	290_g	*	968_g	*	*
2	2	1	*	*	*	298_g	*	960_g	*	*
2	2	1	*	*	*	3020_g	*	3407_g	*	*
2	2	1	*	*	*	3144_g	*	*	624_g	*
2	2	1	*	*	*	3164_g	*	*	1854_g	*
2	2	1	*	*	*	3205_g	*	3560_g	*	*
2	2	1	*	*	*	3222_g	*	3720_g	*	*
2	2	1	*	*	*	3263_g	*	3678_g	*	*
2	2	1	*	*	*	3324_g	*	3619_g	*	*
2	2	1	*	*	*	336_g	973_g	*	*	*
2	2	1	*	*	*	3446_g	752_g	*	*	*
2	2	1	*	*	*	3461_g	*	688_g	*	*
2	2	1	*	*	*	3471_g	*	678_g	*	*
2	2	1	*	*	*	3506_g	*	*	130_g	*
2	2	1	*	*	*	3520_g	672_g	*	*	*
2	2	1	*	*	*	3550_g	*	594_g	*	*
2	2	1	*	*	*	3563_g	*	*	4328_g	*
2	2	1	*	*	*	356_g	956_g	*	*	*
2	2	1	*	*	*	3619_g	*	530_g	*	*
2	2	1	*	*	*	3654_g	532_g	*	*	*
2	2	1	*	*	*	3809_g	*	4330_g	*	*
2	2	1	*	*	*	3834_g	*	*	2920_g	*
2	2	1	*	*	*	3840_g	*	4299_g	*	*
2	2	1	*	*	*	3850_g	*	4291_g	*	*
2	2	1	*	*	*	3926_g	*	*	640_g	*
2	2	1	*	*	*	398_g	*	*	262_g	*
2	2	1	*	*	*	4015_g	*	3771_g	*	*
2	2	1	*	*	*	4023_g	*	3779_g	*	*
2	2	1	*	*	*	4046_g	*	3802_g	*	*
2	2	1	*	*	*	4155_g	*	*	2156_g	*
2	2	1	*	*	*	417_g	894_g	*	*	*
2	2	1	*	*	*	4211_g	*	*	2100_g	*
2	2	1	*	*	*	4239_g	*	*	2072_g	*
2	2	1	*	*	*	4242_g	4098_g	*	*	*
2	2	1	*	*	*	4249_g	*	4012_g	*	*
2	2	1	*	*	*	4253_g	4110_g	*	*	*
2	2	1	*	*	*	4265_g	*	*	2043_g	*
2	2	1	*	*	*	445_g	863_g	*	*	*
2	2	1	*	*	*	4460_g	310_g	*	*	*
2	2	1	*	*	*	4493_g	*	*	4447_g	*
2	2	1	*	*	*	4494_g	*	*	4446_g	*
2	2	1	*	*	*	4504_g	*	*	4434_g	*
2	2	1	*	*	*	4526_g	235_g	*	*	*
2	2	1	*	*	*	4540_g	220_g	*	*	*
2	2	1	*	*	*	4552_g	209_g	*	*	*
2	2	1	*	*	*	4561_g	194_g	*	*	*
2	2	1	*	*	*	457_g	*	801_g	*	*
2	2	1	*	*	*	4585_g	171_g	*	*	*
2	2	1	*	*	*	4626_g	*	*	823_g	*
2	2	1	*	*	*	4649_g	*	*	843_g	*
2	2	1	*	*	*	4695_g	51_g	*	*	*
2	2	1	*	*	*	4713_g	*	23_g	*	*
2	2	1	*	*	*	471_g	*	*	192_g	*
2	2	1	*	*	*	480_g	*	*	183_g	*
2	2	1	*	*	*	4888_g	*	3065_g	*	*
2	2	1	*	*	*	4897_g	*	*	4237_g	*
2	2	1	*	*	*	4913_g	*	*	4253_g	*
2	2	1	*	*	*	496_g	811_g	*	*	*
2	2	1	*	*	*	4987_g	*	2822_g	*	*
2	2	1	*	*	*	4990_g	*	2826_g	*	*
2	2	1	*	*	*	4999_g	*	2833_g	*	*
2	2	1	*	*	*	5028_g	*	2863_g	*	*
2	2	1	*	*	*	5053_g	*	*	2729_g	*
2	2	1	*	*	*	5135_g	*	*	4612_g	*
2	2	1	*	*	*	640_g	*	330_g	*	*
2	2	1	*	*	*	714_g	*	*	748_g	*
2	2	1	*	*	*	796_g	2172_g	*	*	*
2	2	1	*	*	*	815_g	*	*	1159_g	*
2	2	1	*	*	*	863_g	*	*	4512_g	*
2	2	1	*	*	*	880_g	*	*	3267_g	*
2	2	1	*	*	*	882_g	*	3296_g	*	*
2	2	1	*	*	*	891_g	*	*	3255_g	*
2	2	1	*	*	*	90_g	*	1924_g	*	*
2	2	1	*	*	101_g	*	109_g	*	*	*
2	2	1	*	*	1045_g	*	*	1025_g	*	*
2	2	1	*	*	1068_g	*	1101_g	*	*	*
2	2	1	*	*	1072_g	*	*	1052_g	*	*
2	2	1	*	*	1141_g	*	1184_g	*	*	*
2	2	1	*	*	119_g	*	*	111_g	*	*
2	2	1	*	*	1244_g	1794_g	*	*	*	*
2	2	1	*	*	1246_g	*	*	*	614_g	*
2	2	1	*	*	1247_g	*	*	1226_g	*	*
2	2	1	*	*	1273_g	*	*	*	4709_g	*
2	2	1	*	*	1282_g	1760_g	*	*	*	*
2	2	1	*	*	1286_g	*	*	1266_g	*	*
2	2	1	*	*	1315_g	*	*	1296_g	*	*
2	2	1	*	*	1316_g	*	*	*	4753_g	*
2	2	1	*	*	1332_g	*	1378_g	*	*	*
2	2	1	*	*	1343_g	*	1389_g	*	*	*
2	2	1	*	*	136_g	*	*	129_g	*	*
2	2	1	*	*	1446_g	*	1492_g	*	*	*
2	2	1	*	*	1450_g	*	*	*	4097_g	*
2	2	1	*	*	1483_g	*	1532_g	*	*	*
2	2	1	*	*	1492_g	*	*	1468_g	*	*
2	2	1	*	*	1493_g	2096_g	*	*	*	*
2	2	1	*	*	1497_g	*	*	1473_g	*	*
2	2	1	*	*	1511_g	*	1558_g	*	*	*
2	2	1	*	*	1519_g	*	*	1495_g	*	*
2	2	1	*	*	1563_g	*	*	*	2712_g	*
2	2	1	*	*	1564_g	*	*	*	2711_g	*
2	2	1	*	*	1648_g	*	*	*	2632_g	*
2	2	1	*	*	1662_g	*	*	1635_g	*	*
2	2	1	*	*	1673_g	*	1730_g	*	*	*
2	2	1	*	*	1686_g	1490_g	*	*	*	*
2	2	1	*	*	1687_g	1489_g	*	*	*	*
2	2	1	*	*	1693_g	1483_g	*	*	*	*
2	2	1	*	*	172_g	*	*	*	4366_g	*
2	2	1	*	*	1742_g	*	1785_g	*	*	*
2	2	1	*	*	1837_g	*	1879_g	*	*	*
2	2	1	*	*	1838_g	*	*	1806_g	*	*
2	2	1	*	*	1859_g	*	*	1824_g	*	*
2	2	1	*	*	1866_g	*	1908_g	*	*	*
2	2	1	*	*	1888_g	4327_g	*	*	*	*
2	2	1	*	*	1894_g	2568_g	*	*	*	*
2	2	1	*	*	1896_g	*	1932_g	*	*	*
2	2	1	*	*	1910_g	*	1945_g	*	*	*
2	2	1	*	*	1924_g	*	*	1886_g	*	*
2	2	1	*	*	1963_g	*	*	*	1027_g	*
2	2	1	*	*	1980_g	*	*	*	1040_g	*
2	2	1	*	*	2001_g	*	*	1960_g	*	*
2	2	1	*	*	202_g	*	216_g	*	*	*
2	2	1	*	*	2082_g	206_g	*	*	*	*
2	2	1	*	*	2124_g	*	*	2081_g	*	*
2	2	1	*	*	2125_g	*	*	*	1178_g	*
2	2	1	*	*	2217_g	*	*	2173_g	*	*
2	2	1	*	*	2305_g	*	*	2262_g	*	*
2	2	1	*	*	2312_g	*	2377_g	*	*	*
2	2	1	*	*	2369_g	*	*	2329_g	*	*
2	2	1	*	*	2378_g	2364_g	*	*	*	*
2	2	1	*	*	2402_g	*	*	*	1453_g	*
2	2	1	*	*	240_g	*	*	230_g	*	*
2	2	1	*	*	2447_g	*	2516_g	*	*	*
2	2	1	*	*	2477_g	*	*	2436_g	*	*
2	2	1	*	*	2520_g	*	*	2482_g	*	*
2	2	1	*	*	2530_g	2527_g	*	*	*	*
2	2	1	*	*	2546_g	1029_g	*	*	*	*
2	2	1	*	*	2552_g	*	*	2526_g	*	*
2	2	1	*	*	2651_g	721_g	*	*	*	*
2	2	1	*	*	2658_g	*	*	2635_g	*	*
2	2	1	*	*	2659_g	*	*	2636_g	*	*
2	2	1	*	*	2675_g	*	*	2650_g	*	*
2	2	1	*	*	2684_g	*	*	2657_g	*	*
2	2	1	*	*	2686_g	*	2761_g	*	*	*
2	2	1	*	*	2687_g	*	*	2660_g	*	*
2	2	1	*	*	2690_g	*	*	2664_g	*	*
2	2	1	*	*	2691_g	*	*	2665_g	*	*
2	2	1	*	*	2704_g	*	*	2676_g	*	*
2	2	1	*	*	2709_g	*	2774_g	*	*	*
2	2	1	*	*	2718_g	*	*	2689_g	*	*
2	2	1	*	*	2729_g	*	*	2700_g	*	*
2	2	1	*	*	2730_g	*	2795_g	*	*	*
2	2	1	*	*	2743_g	*	*	2715_g	*	*
2	2	1	*	*	2751_g	*	*	2725_g	*	*
2	2	1	*	*	2760_g	*	*	2733_g	*	*
2	2	1	*	*	2768_g	*	*	2741_g	*	*
2	2	1	*	*	2774_g	*	*	2749_g	*	*
2	2	1	*	*	2778_g	*	*	2752_g	*	*
2	2	1	*	*	2790_g	4330_g	*	*	*	*
2	2	1	*	*	2816_g	*	2889_g	*	*	*
2	2	1	*	*	2817_g	*	*	2790_g	*	*
2	2	1	*	*	2819_g	*	*	2792_g	*	*
2	2	1	*	*	2834_g	*	*	2806_g	*	*
2	2	1	*	*	2836_g	1267_g	*	*	*	*
2	2	1	*	*	2859_g	*	*	2828_g	*	*
2	2	1	*	*	2862_g	4997_g	*	*	*	*
2	2	1	*	*	2888_g	5022_g	*	*	*	*
2	2	1	*	*	2890_g	*	*	2858_g	*	*
2	2	1	*	*	2926_g	*	3004_g	*	*	*
2	2	1	*	*	2933_g	*	*	2900_g	*	*
2	2	1	*	*	2941_g	*	3017_g	*	*	*
2	2	1	*	*	2964_g	*	*	2928_g	*	*
2	2	1	*	*	2981_g	*	*	2935_g	*	*
2	2	1	*	*	2990_g	*	*	2944_g	*	*
2	2	1	*	*	3007_g	*	*	2961_g	*	*
2	2	1	*	*	3009_g	1190_g	*	*	*	*
2	2	1	*	*	3017_g	*	*	2970_g	*	*
2	2	1	*	*	3018_g	*	*	2971_g	*	*
2	2	1	*	*	3024_g	*	*	2977_g	*	*
2	2	1	*	*	3028_g	*	*	2982_g	*	*
2	2	1	*	*	302_g	*	*	291_g	*	*
2	2	1	*	*	3039_g	*	*	2992_g	*	*
2	2	1	*	*	3042_g	*	3114_g	*	*	*
2	2	1	*	*	3067_g	*	*	*	4255_g	*
2	2	1	*	*	3068_g	*	*	3042_g	*	*
2	2	1	*	*	3081_g	*	*	3055_g	*	*
2	2	1	*	*	3088_g	*	*	3061_g	*	*
2	2	1	*	*	3090_g	*	*	3063_g	*	*
2	2	1	*	*	3105_g	*	*	3077_g	*	*
2	2	1	*	*	3121_g	*	*	3093_g	*	*
2	2	1	*	*	3128_g	*	*	3100_g	*	*
2	2	1	*	*	3156_g	*	*	3130_g	*	*
2	2	1	*	*	316_g	*	*	306_g	*	*
2	2	1	*	*	3180_g	*	3252_g	*	*	*
2	2	1	*	*	3190_g	4800_g	*	*	*	*
2	2	1	*	*	3201_g	4789_g	*	*	*	*
2	2	1	*	*	3216_g	*	*	3190_g	*	*
2	2	1	*	*	321_g	*	*	312_g	*	*
2	2	1	*	*	3221_g	*	*	3195_g	*	*
2	2	1	*	*	3269_g	*	*	3249_g	*	*
2	2	1	*	*	3270_g	*	*	3250_g	*	*
2	2	1	*	*	3280_g	*	*	*	3227_g	*
2	2	1	*	*	3286_g	*	*	*	3233_g	*
2	2	1	*	*	3290_g	*	*	*	3237_g	*
2	2	1	*	*	3292_g	*	*	3271_g	*	*
2	2	1	*	*	3305_g	894_g	*	*	*	*
2	2	1	*	*	3344_g	*	*	3324_g	*	*
2	2	1	*	*	3358_g	*	*	3340_g	*	*
2	2	1	*	*	3360_g	*	*	3342_g	*	*
2	2	1	*	*	3365_g	*	*	3348_g	*	*
2	2	1	*	*	3366_g	*	*	3349_g	*	*
2	2	1	*	*	3393_g	*	3473_g	*	*	*
2	2	1	*	*	3410_g	*	*	3393_g	*	*
2	2	1	*	*	3416_g	*	*	3413_g	*	*
2	2	1	*	*	3422_g	5113_g	*	*	*	*
2	2	1	*	*	3448_g	*	*	3442_g	*	*
2	2	1	*	*	3457_g	*	*	3451_g	*	*
2	2	1	*	*	3466_g	*	3543_g	*	*	*
2	2	1	*	*	3469_g	*	*	3463_g	*	*
2	2	1	*	*	346_g	*	350_g	*	*	*
2	2	1	*	*	3481_g	*	3560_g	*	*	*
2	2	1	*	*	3500_g	*	*	3494_g	*	*
2	2	1	*	*	3501_g	*	*	3496_g	*	*
2	2	1	*	*	3502_g	*	*	3497_g	*	*
2	2	1	*	*	3512_g	*	*	3518_g	*	*
2	2	1	*	*	351_g	*	*	340_g	*	*
2	2	1	*	*	3520_g	*	3595_g	*	*	*
2	2	1	*	*	3535_g	*	*	3540_g	*	*
2	2	1	*	*	354_g	*	*	343_g	*	*
2	2	1	*	*	3557_g	*	*	3565_g	*	*
2	2	1	*	*	355_g	*	362_g	*	*	*
2	2	1	*	*	3563_g	*	*	3725_g	*	*
2	2	1	*	*	3568_g	*	*	*	3170_g	*
2	2	1	*	*	3575_g	*	*	3713_g	*	*
2	2	1	*	*	3583_g	3236_g	*	*	*	*
2	2	1	*	*	3597_g	3249_g	*	*	*	*
2	2	1	*	*	3601_g	*	*	3688_g	*	*
2	2	1	*	*	3605_g	*	*	3684_g	*	*
2	2	1	*	*	361_g	*	*	*	*	270_g
2	2	1	*	*	362_g	*	*	*	1754_g	*
2	2	1	*	*	3637_g	*	*	3656_g	*	*
2	2	1	*	*	3638_g	*	*	*	3105_g	*
2	2	1	*	*	3650_g	*	*	3644_g	*	*
2	2	1	*	*	3669_g	*	*	*	3076_g	*
2	2	1	*	*	3677_g	*	*	*	3069_g	*
2	2	1	*	*	3691_g	*	3778_g	*	*	*
2	2	1	*	*	3711_g	*	*	*	3038_g	*
2	2	1	*	*	3718_g	*	*	3579_g	*	*
2	2	1	*	*	3728_g	*	*	5600_g	*	*
2	2	1	*	*	3729_g	*	*	3727_g	*	*
2	2	1	*	*	37_g	*	44_g	*	*	*
2	2	1	*	*	3810_g	4048_g	*	*	*	*
2	2	1	*	*	3823_g	*	*	3814_g	*	*
2	2	1	*	*	3826_g	4063_g	*	*	*	*
2	2	1	*	*	3835_g	*	*	3826_g	*	*
2	2	1	*	*	3842_g	*	3923_g	*	*	*
2	2	1	*	*	3856_g	4095_g	*	*	*	*
2	2	1	*	*	3857_g	*	*	3848_g	*	*
2	2	1	*	*	3888_g	*	*	3882_g	*	*
2	2	1	*	*	3915_g	*	*	3911_g	*	*
2	2	1	*	*	3920_g	*	*	3916_g	*	*
2	2	1	*	*	393_g	*	*	382_g	*	*
2	2	1	*	*	3948_g	*	*	3943_g	*	*
2	2	1	*	*	3965_g	*	*	3964_g	*	*
2	2	1	*	*	3995_g	*	4091_g	*	*	*
2	2	1	*	*	3998_g	*	4094_g	*	*	*
2	2	1	*	*	4007_g	*	*	4009_g	*	*
2	2	1	*	*	4010_g	*	4106_g	*	*	*
2	2	1	*	*	4032_g	*	4130_g	*	*	*
2	2	1	*	*	4037_g	*	*	4041_g	*	*
2	2	1	*	*	403_g	*	*	*	1713_g	*
2	2	1	*	*	4044_g	*	*	4046_g	*	*
2	2	1	*	*	4047_g	*	*	4064_g	*	*
2	2	1	*	*	4052_g	*	4144_g	*	*	*
2	2	1	*	*	4053_g	*	*	4072_g	*	*
2	2	1	*	*	406_g	*	*	394_g	*	*
2	2	1	*	*	4074_g	*	*	*	3534_g	*
2	2	1	*	*	4075_g	*	*	4093_g	*	*
2	2	1	*	*	4078_g	3048_g	*	*	*	*
2	2	1	*	*	4088_g	3057_g	*	*	*	*
2	2	1	*	*	4098_g	*	4191_g	*	*	*
2	2	1	*	*	4099_g	3068_g	*	*	*	*
2	2	1	*	*	4112_g	*	4207_g	*	*	*
2	2	1	*	*	4121_g	*	*	4137_g	*	*
2	2	1	*	*	4140_g	3102_g	*	*	*	*
2	2	1	*	*	416_g	568_g	*	*	*	*
2	2	1	*	*	4173_g	*	4268_g	*	*	*
2	2	1	*	*	418_g	*	*	403_g	*	*
2	2	1	*	*	4190_g	*	4286_g	*	*	*
2	2	1	*	*	4207_g	*	*	*	644_g	*
2	2	1	*	*	4219_g	*	*	4230_g	*	*
2	2	1	*	*	4247_g	*	*	4257_g	*	*
2	2	1	*	*	4277_g	*	*	4287_g	*	*
2	2	1	*	*	4291_g	*	*	*	2928_g	*
2	2	1	*	*	4299_g	*	*	4306_g	*	*
2	2	1	*	*	4318_g	*	*	4326_g	*	*
2	2	1	*	*	4352_g	*	*	4362_g	*	*
2	2	1	*	*	435_g	*	*	420_g	*	*
2	2	1	*	*	4376_g	*	*	*	2844_g	*
2	2	1	*	*	437_g	*	*	*	1687_g	*
2	2	1	*	*	4380_g	*	4490_g	*	*	*
2	2	1	*	*	4406_g	*	*	4413_g	*	*
2	2	1	*	*	4450_g	*	*	4455_g	*	*
2	2	1	*	*	4452_g	2609_g	*	*	*	*
2	2	1	*	*	4470_g	*	4576_g	*	*	*
2	2	1	*	*	4471_g	*	4577_g	*	*	*
2	2	1	*	*	4545_g	2706_g	*	*	*	*
2	2	1	*	*	4554_g	*	*	4563_g	*	*
2	2	1	*	*	4573_g	*	*	4579_g	*	*
2	2	1	*	*	4618_g	*	*	*	3858_g	*
2	2	1	*	*	4627_g	*	*	4630_g	*	*
2	2	1	*	*	4639_g	*	*	4642_g	*	*
2	2	1	*	*	464_g	*	*	447_g	*	*
2	2	1	*	*	4650_g	*	*	4651_g	*	*
2	2	1	*	*	4672_g	*	*	4672_g	*	*
2	2	1	*	*	4680_g	*	4790_g	*	*	*
2	2	1	*	*	4705_g	*	*	4705_g	*	*
2	2	1	*	*	4717_g	*	*	*	3760_g	*
2	2	1	*	*	4729_g	*	*	4731_g	*	*
2	2	1	*	*	4750_g	2898_g	*	*	*	*
2	2	1	*	*	4765_g	*	*	4763_g	*	*
2	2	1	*	*	4769_g	*	*	4767_g	*	*
2	2	1	*	*	4772_g	*	*	4770_g	*	*
2	2	1	*	*	4791_g	*	*	4787_g	*	*
2	2	1	*	*	4800_g	*	*	4796_g	*	*
2	2	1	*	*	4811_g	*	*	4804_g	*	*
2	2	1	*	*	4826_g	*	*	4818_g	*	*
2	2	1	*	*	4828_g	*	*	4820_g	*	*
2	2	1	*	*	4848_g	*	*	2813_g	*	*
2	2	1	*	*	4851_g	*	*	2815_g	*	*
2	2	1	*	*	4852_g	*	*	5591_g	*	*
2	2	1	*	*	4853_g	*	*	5590_g	*	*
2	2	1	*	*	4855_g	*	*	5661_g	*	*
2	2	1	*	*	4863_g	*	1658_g	*	*	*
2	2	1	*	*	4867_g	*	*	5049_g	*	*
2	2	1	*	*	4874_g	*	*	5349_g	*	*
2	2	1	*	*	4879_g	*	*	5017_g	*	*
2	2	1	*	*	4887_g	*	*	4945_g	*	*
2	2	1	*	*	4888_g	*	*	4972_g	*	*
2	2	1	*	*	4890_g	*	*	5038_g	*	*
2	2	1	*	*	4891_g	*	*	5629_g	*	*
2	2	1	*	*	4897_g	*	*	5648_g	*	*
2	2	1	*	*	4904_g	*	*	5611_g	*	*
2	2	1	*	*	4909_g	*	*	5338_g	*	*
2	2	1	*	*	4910_g	*	*	5380_g	*	*
2	2	1	*	*	4911_g	*	*	4050_g	*	*
2	2	1	*	*	4917_g	*	*	309_g	*	*
2	2	1	*	*	4922_g	*	*	5650_g	*	*
2	2	1	*	*	4924_g	*	*	5118_g	*	*
2	2	1	*	*	4925_g	*	*	5448_g	*	*
2	2	1	*	*	4930_g	*	*	310_g	*	*
2	2	1	*	*	4934_g	*	*	3504_g	*	*
2	2	1	*	*	4935_g	*	*	5444_g	*	*
2	2	1	*	*	4941_g	*	*	5619_g	*	*
2	2	1	*	*	4942_g	*	*	3490_g	*	*
2	2	1	*	*	4956_g	*	*	5640_g	*	*
2	2	1	*	*	4958_g	*	*	5408_g	*	*
2	2	1	*	*	4959_g	*	*	5361_g	*	*
2	2	1	*	*	4963_g	*	*	5586_g	*	*
2	2	1	*	*	4992_g	*	*	5593_g	*	*
2	2	1	*	*	5005_g	*	*	5437_g	*	*
2	2	1	*	*	5011_g	*	*	5383_g	*	*
2	2	1	*	*	5021_g	*	*	5343_g	*	*
2	2	1	*	*	5028_g	*	*	5459_g	*	*
2	2	1	*	*	5035_g	*	*	4916_g	*	*
2	2	1	*	*	5036_g	*	*	5234_g	*	*
2	2	1	*	*	503_g	*	515_g	*	*	*
2	2	1	*	*	5050_g	*	*	4970_g	*	*
2	2	1	*	*	505_g	*	*	484_g	*	*
2	2	1	*	*	5067_g	*	*	5638_g	*	*
2	2	1	*	*	5073_g	*	*	4915_g	*	*
2	2	1	*	*	5080_g	*	*	5646_g	*	*
2	2	1	*	*	5086_g	*	*	5198_g	*	*
2	2	1	*	*	5091_g	*	*	5002_g	*	*
2	2	1	*	*	5095_g	*	*	4939_g	*	*
2	2	1	*	*	5135_g	*	*	4873_g	*	*
2	2	1	*	*	5139_g	*	*	3571_g	*	*
2	2	1	*	*	5140_g	*	*	5156_g	*	*
2	2	1	*	*	5153_g	*	*	4882_g	*	*
2	2	1	*	*	5165_g	*	*	5342_g	*	*
2	2	1	*	*	5187_g	*	*	5237_g	*	*
2	2	1	*	*	5198_g	*	*	5454_g	*	*
2	2	1	*	*	5200_g	*	*	5585_g	*	*
2	2	1	*	*	5207_g	*	*	5094_g	*	*
2	2	1	*	*	5226_g	*	*	5078_g	*	*
2	2	1	*	*	5228_g	*	*	5158_g	*	*
2	2	1	*	*	5264_g	*	*	5451_g	*	*
2	2	1	*	*	5270_g	*	*	5403_g	*	*
2	2	1	*	*	5271_g	*	*	5583_g	*	*
2	2	1	*	*	5296_g	*	*	4921_g	*	*
2	2	1	*	*	5298_g	*	*	5145_g	*	*
2	2	1	*	*	5304_g	*	*	5340_g	*	*
2	2	1	*	*	5308_g	*	*	5107_g	*	*
2	2	1	*	*	5317_g	*	*	2507_g	*	*
2	2	1	*	*	5335_g	*	*	5422_g	*	*
2	2	1	*	*	5337_g	*	*	5628_g	*	*
2	2	1	*	*	5339_g	*	*	5407_g	*	*
2	2	1	*	*	5346_g	*	*	5514_g	*	*
2	2	1	*	*	5419_g	*	*	5134_g	*	*
2	2	1	*	*	5442_g	*	*	5445_g	*	*
2	2	1	*	*	5449_g	*	*	5224_g	*	*
2	2	1	*	*	545_g	*	558_g	*	*	*
2	2	1	*	*	5466_g	*	*	5144_g	*	*
2	2	1	*	*	5467_g	*	*	*	2106_g	*
2	2	1	*	*	5472_g	*	*	5359_g	*	*
2	2	1	*	*	5524_g	*	*	4881_g	*	*
2	2	1	*	*	5537_g	*	*	5351_g	*	*
2	2	1	*	*	5540_g	*	*	3505_g	*	*
2	2	1	*	*	5584_g	*	*	5163_g	*	*
2	2	1	*	*	5649_g	*	*	5071_g	*	*
2	2	1	*	*	5656_g	*	*	5410_g	*	*
2	2	1	*	*	5668_g	*	*	5595_g	*	*
2	2	1	*	*	5684_g	*	*	5682_g	*	*
2	2	1	*	*	5705_g	*	*	5018_g	*	*
2	2	1	*	*	5726_g	*	*	5653_g	*	*
2	2	1	*	*	5743_g	*	*	5336_g	*	*
2	2	1	*	*	5763_g	*	*	4908_g	*	*
2	2	1	*	*	5765_g	*	*	5152_g	*	*
2	2	1	*	*	5768_g	*	*	5136_g	*	*
2	2	1	*	*	617_g	*	*	591_g	*	*
2	2	1	*	*	641_g	*	*	615_g	*	*
2	2	1	*	*	710_g	*	735_g	*	*	*
2	2	1	*	*	726_g	3444_g	*	*	*	*
2	2	1	*	*	735_g	3434_g	*	*	*	*
2	2	1	*	*	759_g	*	*	735_g	*	*
2	2	1	*	*	770_g	*	807_g	*	*	*
2	2	1	*	*	774_g	*	*	760_g	*	*
2	2	1	*	*	792_g	*	829_g	*	*	*
2	2	1	*	*	799_g	*	836_g	*	*	*
2	2	1	*	*	802_g	*	839_g	*	*	*
2	2	1	*	*	842_g	434_g	*	*	*	*
2	2	1	*	*	878_g	*	913_g	*	*	*
2	2	1	*	*	957_g	*	*	942_g	*	*
2	2	1	*	*	976_g	*	1007_g	*	*	*
2	2	1	*	*	983_g	*	1014_g	*	*	*
2	2	1	*	*	991_g	*	*	975_g	*	*
2	2	1	*	1037_g	*	*	*	*	593_g	*
2	2	1	*	1044_g	*	1554_g	*	*	*	*
2	2	1	*	1047_g	*	*	*	*	713_g	*
2	2	1	*	106_g	*	*	*	*	2558_g	*
2	2	1	*	1074_g	*	*	*	*	3375_g	*
2	2	1	*	10_g	*	*	*	*	825_g	*
2	2	1	*	1108_g	*	*	*	144_g	*	*
2	2	1	*	1125_g	*	*	*	*	1415_g	*
2	2	1	*	1150_g	2501_g	*	*	*	*	*
2	2	1	*	1159_g	*	*	*	*	2396_g	*
2	2	1	*	1174_g	*	*	*	*	4834_g	*
2	2	1	*	1181_g	*	*	*	*	2405_g	*
2	2	1	*	1222_g	*	3037_g	*	*	*	*
2	2	1	*	1239_g	*	*	*	*	3468_g	*
2	2	1	*	1252_g	*	*	2060_g	*	*	*
2	2	1	*	1262_g	*	*	*	*	3728_g	*
2	2	1	*	1268_g	*	179_g	*	*	*	*
2	2	1	*	129_g	*	4467_g	*	*	*	*
2	2	1	*	1348_g	*	*	*	*	3276_g	*
2	2	1	*	1357_g	*	*	*	*	3757_g	*
2	2	1	*	1365_g	*	*	*	*	3083_g	*
2	2	1	*	1366_g	3663_g	*	*	*	*	*
2	2	1	*	1377_g	*	*	*	*	3274_g	*
2	2	1	*	1390_g	*	*	*	*	815_g	*
2	2	1	*	1430_g	*	*	*	2942_g	*	*
2	2	1	*	1433_g	*	*	*	*	2245_g	*
2	2	1	*	1434_g	*	*	*	*	2244_g	*
2	2	1	*	1439_g	*	*	*	*	1505_g	*
2	2	1	*	1472_g	*	*	*	*	3744_g	*
2	2	1	*	1498_g	*	*	*	*	1368_g	*
2	2	1	*	1516_g	4581_g	*	*	*	*	*
2	2	1	*	1520_g	4446_g	*	*	*	*	*
2	2	1	*	1534_g	*	*	*	2860_g	*	*
2	2	1	*	1574_g	*	*	*	*	2195_g	*
2	2	1	*	157_g	*	*	*	*	440_g	*
2	2	1	*	1592_g	*	*	*	*	3694_g	*
2	2	1	*	1598_g	*	*	*	*	3661_g	*
2	2	1	*	165_g	*	*	*	*	4457_g	*
2	2	1	*	1675_g	650_g	*	*	*	*	*
2	2	1	*	1692_g	*	*	*	*	3793_g	*
2	2	1	*	1738_g	*	*	2241_g	*	*	*
2	2	1	*	1741_g	*	*	*	*	11_g	*
2	2	1	*	1749_g	2903_g	*	*	*	*	*
2	2	1	*	1765_g	*	*	*	*	3480_g	*
2	2	1	*	1795_g	43_g	*	*	*	*	*
2	2	1	*	1796_g	49_g	*	*	*	*	*
2	2	1	*	181_g	*	*	*	*	1458_g	*
2	2	1	*	1826_g	*	*	*	*	536_g	*
2	2	1	*	1832_g	*	*	*	*	3928_g	*
2	2	1	*	1836_g	*	*	*	4092_g	*	*
2	2	1	*	1840_g	1400_g	*	*	*	*	*
2	2	1	*	1854_g	*	*	*	*	468_g	*
2	2	1	*	1875_g	*	*	*	*	1724_g	*
2	2	1	*	1890_g	205_g	*	*	*	*	*
2	2	1	*	1892_g	207_g	*	*	*	*	*
2	2	1	*	189_g	4689_g	*	*	*	*	*
2	2	1	*	1914_g	*	*	3883_g	*	*	*
2	2	1	*	1942_g	*	*	*	*	4265_g	*
2	2	1	*	1945_g	*	*	1044_g	*	*	*
2	2	1	*	1962_g	*	*	*	*	3458_g	*
2	2	1	*	1976_g	*	*	*	3043_g	*	*
2	2	1	*	197_g	*	*	*	*	697_g	*
2	2	1	*	1995_g	*	*	*	*	4492_g	*
2	2	1	*	2004_g	*	*	*	*	3867_g	*
2	2	1	*	200_g	*	*	*	2578_g	*	*
2	2	1	*	2012_g	*	4349_g	*	*	*	*
2	2	1	*	2024_g	*	142_g	*	*	*	*
2	2	1	*	2038_g	*	*	*	*	*	7132_g
2	2	1	*	2040_g	*	*	*	242_g	*	*
2	2	1	*	2047_g	*	*	*	*	3598_g	*
2	2	1	*	2058_g	*	*	2370_g	*	*	*
2	2	1	*	2063_g	2961_g	*	*	*	*	*
2	2	1	*	2084_g	*	*	1381_g	*	*	*
2	2	1	*	2144_g	*	*	*	*	4439_g	*
2	2	1	*	2148_g	3912_g	*	*	*	*	*
2	2	1	*	214_g	*	1455_g	*	*	*	*
2	2	1	*	2182_g	*	*	*	*	762_g	*
2	2	1	*	2189_g	*	*	*	4205_g	*	*
2	2	1	*	2190_g	*	*	*	*	3704_g	*
2	2	1	*	2192_g	*	*	*	*	4219_g	*
2	2	1	*	2193_g	3566_g	*	*	*	*	*
2	2	1	*	2198_g	*	*	*	*	3836_g	*
2	2	1	*	2228_g	*	4206_g	*	*	*	*
2	2	1	*	2232_g	*	4655_g	*	*	*	*
2	2	1	*	2267_g	*	*	*	*	2289_g	*
2	2	1	*	2280_g	*	*	*	*	742_g	*
2	2	1	*	231_g	*	*	*	*	4159_g	*
2	2	1	*	2342_g	*	3757_g	*	*	*	*
2	2	1	*	2378_g	*	*	*	*	2467_g	*
2	2	1	*	240_g	*	*	*	*	781_g	*
2	2	1	*	2413_g	*	*	*	*	1177_g	*
2	2	1	*	2425_g	*	*	*	*	3160_g	*
2	2	1	*	2430_g	3819_g	*	*	*	*	*
2	2	1	*	2450_g	*	*	*	*	1512_g	*
2	2	1	*	2471_g	*	*	*	*	300_g	*
2	2	1	*	2474_g	*	*	*	*	1738_g	*
2	2	1	*	2481_g	*	*	*	*	4006_g	*
2	2	1	*	2498_g	*	*	*	*	1646_g	*
2	2	1	*	2518_g	*	3843_g	*	*	*	*
2	2	1	*	2526_g	*	*	*	*	2576_g	*
2	2	1	*	2540_g	*	*	*	*	4463_g	*
2	2	1	*	2553_g	*	*	*	*	3035_g	*
2	2	1	*	2588_g	*	*	*	*	2261_g	*
2	2	1	*	2591_g	3817_g	*	*	*	*	*
2	2	1	*	2596_g	*	*	*	*	1671_g	*
2	2	1	*	2612_g	*	*	*	*	2040_g	*
2	2	1	*	2621_g	*	*	*	*	3469_g	*
2	2	1	*	262_g	*	*	*	*	3012_g	*
2	2	1	*	2634_g	*	*	*	*	2690_g	*
2	2	1	*	263_g	*	*	*	*	3331_g	*
2	2	1	*	2668_g	*	*	*	*	1493_g	*
2	2	1	*	2698_g	2006_g	*	*	*	*	*
2	2	1	*	277_g	*	*	*	*	600_g	*
2	2	1	*	2787_g	*	*	*	*	2720_g	*
2	2	1	*	278_g	*	*	*	*	601_g	*
2	2	1	*	2800_g	*	*	*	*	242_g	*
2	2	1	*	2811_g	*	*	*	*	765_g	*
2	2	1	*	2823_g	*	*	*	*	4830_g	*
2	2	1	*	2824_g	*	1646_g	*	*	*	*
2	2	1	*	2835_g	3747_g	*	*	*	*	*
2	2	1	*	2869_g	*	*	773_g	*	*	*
2	2	1	*	2873_g	*	*	*	*	4345_g	*
2	2	1	*	2884_g	*	*	*	*	445_g	*
2	2	1	*	2912_g	*	*	1498_g	*	*	*
2	2	1	*	2920_g	*	719_g	*	*	*	*
2	2	1	*	2942_g	*	*	859_g	*	*	*
2	2	1	*	2959_g	*	695_g	*	*	*	*
2	2	1	*	2989_g	*	*	*	*	1004_g	*
2	2	1	*	3002_g	*	2328_g	*	*	*	*
2	2	1	*	3011_g	*	*	*	2588_g	*	*
2	2	1	*	3027_g	2857_g	*	*	*	*	*
2	2	1	*	3059_g	*	3221_g	*	*	*	*
2	2	1	*	3080_g	*	*	*	3549_g	*	*
2	2	1	*	3110_g	*	*	*	*	1922_g	*
2	2	1	*	3131_g	*	*	*	*	1347_g	*
2	2	1	*	3135_g	*	*	*	1782_g	*	*
2	2	1	*	3143_g	*	876_g	*	*	*	*
2	2	1	*	3159_g	*	1151_g	*	*	*	*
2	2	1	*	3181_g	*	2178_g	*	*	*	*
2	2	1	*	3208_g	*	*	*	*	3214_g	*
2	2	1	*	3219_g	4391_g	*	*	*	*	*
2	2	1	*	3227_g	*	*	*	*	3319_g	*
2	2	1	*	3248_g	*	3607_g	*	*	*	*
2	2	1	*	3258_g	*	*	*	118_g	*	*
2	2	1	*	325_g	3665_g	*	*	*	*	*
2	2	1	*	3286_g	*	*	*	*	1876_g	*
2	2	1	*	328_g	1425_g	*	*	*	*	*
2	2	1	*	3300_g	*	*	1743_g	*	*	*
2	2	1	*	3317_g	*	*	2085_g	*	*	*
2	2	1	*	333_g	*	*	*	*	437_g	*
2	2	1	*	3344_g	*	*	*	3627_g	*	*
2	2	1	*	3351_g	700_g	*	*	*	*	*
2	2	1	*	3369_g	*	*	*	*	1874_g	*
2	2	1	*	3401_g	*	*	*	*	2335_g	*
2	2	1	*	3414_g	*	*	*	*	1039_g	*
2	2	1	*	3479_g	*	*	*	*	4428_g	*
2	2	1	*	3492_g	*	*	*	*	1000_g	*
2	2	1	*	3498_g	*	*	*	4342_g	*	*
2	2	1	*	3511_g	4500_g	*	*	*	*	*
2	2	1	*	3517_g	4017_g	*	*	*	*	*
2	2	1	*	3526_g	*	*	*	*	1469_g	*
2	2	1	*	3528_g	*	*	*	*	1604_g	*
2	2	1	*	3558_g	2423_g	*	*	*	*	*
2	2	1	*	359_g	*	*	*	*	2183_g	*
2	2	1	*	3611_g	*	*	*	*	3182_g	*
2	2	1	*	3614_g	*	*	*	*	1940_g	*
2	2	1	*	3620_g	*	*	*	*	4124_g	*
2	2	1	*	3629_g	2557_g	*	*	*	*	*
2	2	1	*	3643_g	*	*	*	*	401_g	*
2	2	1	*	3645_g	*	*	*	2124_g	*	*
2	2	1	*	369_g	*	1265_g	*	*	*	*
2	2	1	*	3708_g	*	*	*	*	4165_g	*
2	2	1	*	3715_g	*	*	*	*	3257_g	*
2	2	1	*	3721_g	*	*	*	*	1284_g	*
2	2	1	*	3733_g	*	1704_g	*	*	*	*
2	2	1	*	3757_g	*	*	*	5558_g	*	*
2	2	1	*	3761_g	*	*	*	*	3906_g	*
2	2	1	*	3764_g	*	*	*	*	2273_g	*
2	2	1	*	3809_g	*	*	*	*	2326_g	*
2	2	1	*	3819_g	*	*	*	*	*	3802_g
2	2	1	*	3820_g	4072_g	*	*	*	*	*
2	2	1	*	3843_g	*	*	*	*	3149_g	*
2	2	1	*	3846_g	*	*	*	*	4801_g	*
2	2	1	*	3848_g	*	*	*	*	2254_g	*
2	2	1	*	3872_g	*	*	*	*	3150_g	*
2	2	1	*	3873_g	*	3239_g	*	*	*	*
2	2	1	*	3878_g	*	*	*	2709_g	*	*
2	2	1	*	3883_g	*	*	*	*	4769_g	*
2	2	1	*	3893_g	*	*	*	*	367_g	*
2	2	1	*	390_g	*	*	*	4810_g	*	*
2	2	1	*	3911_g	*	*	*	4709_g	*	*
2	2	1	*	391_g	*	*	*	*	1240_g	*
2	2	1	*	3952_g	*	*	*	*	3212_g	*
2	2	1	*	4009_g	*	*	*	2256_g	*	*
2	2	1	*	4013_g	*	*	*	*	1520_g	*
2	2	1	*	4033_g	*	*	*	*	2550_g	*
2	2	1	*	4045_g	*	*	*	1484_g	*	*
2	2	1	*	4066_g	*	*	*	*	281_g	*
2	2	1	*	4097_g	*	*	*	*	458_g	*
2	2	1	*	4113_g	*	*	*	465_g	*	*
2	2	1	*	413_g	*	5096_g	*	*	*	*
2	2	1	*	4210_g	*	*	*	*	4141_g	*
2	2	1	*	4213_g	*	*	452_g	*	*	*
2	2	1	*	4218_g	3741_g	*	*	*	*	*
2	2	1	*	4242_g	*	*	1315_g	*	*	*
2	2	1	*	4252_g	*	*	*	*	3718_g	*
2	2	1	*	4290_g	*	*	*	*	4426_g	*
2	2	1	*	4291_g	*	*	*	*	764_g	*
2	2	1	*	4317_g	*	*	*	*	1916_g	*
2	2	1	*	4328_g	*	*	*	*	1442_g	*
2	2	1	*	4339_g	*	*	*	*	1365_g	*
2	2	1	*	4343_g	*	*	535_g	*	*	*
2	2	1	*	4356_g	*	*	*	*	2625_g	*
2	2	1	*	4372_g	*	*	*	4494_g	*	*
2	2	1	*	4379_g	*	*	*	*	3677_g	*
2	2	1	*	4405_g	*	*	*	*	4726_g	*
2	2	1	*	442_g	1071_g	*	*	*	*	*
2	2	1	*	4434_g	*	*	*	*	862_g	*
2	2	1	*	4445_g	*	*	*	*	409_g	*
2	2	1	*	4471_g	553_g	*	*	*	*	*
2	2	1	*	46_g	859_g	*	*	*	*	*
2	2	1	*	4966_g	1570_g	*	*	*	*	*
2	2	1	*	4981_g	*	3193_g	*	*	*	*
2	2	1	*	503_g	*	*	*	*	4800_g	*
2	2	1	*	5043_g	*	*	*	4869_g	*	*
2	2	1	*	504_g	*	2116_g	*	*	*	*
2	2	1	*	5066_g	*	*	*	*	1892_g	*
2	2	1	*	5068_g	*	*	*	*	3410_g	*
2	2	1	*	507_g	*	*	*	3126_g	*	*
2	2	1	*	514_g	*	*	*	4577_g	*	*
2	2	1	*	515_g	1814_g	*	*	*	*	*
2	2	1	*	5174_g	*	*	*	*	2960_g	*
2	2	1	*	5177_g	1610_g	*	*	*	*	*
2	2	1	*	5196_g	*	*	*	*	40_g	*
2	2	1	*	5227_g	3139_g	*	*	*	*	*
2	2	1	*	5260_g	*	*	*	4298_g	*	*
2	2	1	*	5309_g	*	*	*	*	3742_g	*
2	2	1	*	5314_g	*	*	*	5040_g	*	*
2	2	1	*	5354_g	*	*	*	*	3576_g	*
2	2	1	*	5356_g	*	*	*	*	1381_g	*
2	2	1	*	5397_g	*	*	*	*	1006_g	*
2	2	1	*	5467_g	*	1090_g	*	*	*	*
2	2	1	*	5537_g	*	*	*	*	1816_g	*
2	2	1	*	553_g	*	*	1296_g	*	*	*
2	2	1	*	5582_g	*	*	*	*	2649_g	*
2	2	1	*	5592_g	*	*	*	*	3509_g	*
2	2	1	*	5606_g	*	*	*	*	2999_g	*
2	2	1	*	5643_g	*	*	1769_g	*	*	*
2	2	1	*	5647_g	*	*	*	589_g	*	*
2	2	1	*	565_g	*	*	*	4790_g	*	*
2	2	1	*	5663_g	*	*	1091_g	*	*	*
2	2	1	*	5668_g	*	*	*	*	4090_g	*
2	2	1	*	5689_g	*	3718_g	*	*	*	*
2	2	1	*	572_g	*	4248_g	*	*	*	*
2	2	1	*	5786_g	*	*	*	5167_g	*	*
2	2	1	*	5913_g	*	2171_g	*	*	*	*
2	2	1	*	5939_g	*	*	*	*	4866_g	*
2	2	1	*	5975_g	*	1404_g	*	*	*	*
2	2	1	*	6070_g	*	*	*	*	934_g	*
2	2	1	*	6143_g	3353_g	*	*	*	*	*
2	2	1	*	6191_g	*	*	*	*	4080_g	*
2	2	1	*	6198_g	*	*	*	*	1522_g	*
2	2	1	*	6223_g	*	*	*	*	3679_g	*
2	2	1	*	6238_g	*	*	*	*	2521_g	*
2	2	1	*	625_g	1716_g	*	*	*	*	*
2	2	1	*	631_g	*	*	*	1598_g	*	*
2	2	1	*	6329_g	*	*	*	*	1648_g	*
2	2	1	*	6384_g	*	*	*	*	667_g	*
2	2	1	*	6385_g	*	*	*	*	4121_g	*
2	2	1	*	6398_g	2940_g	*	*	*	*	*
2	2	1	*	6405_g	*	*	*	*	158_g	*
2	2	1	*	6417_g	*	*	*	*	3714_g	*
2	2	1	*	6420_g	*	*	*	*	4268_g	*
2	2	1	*	6423_g	*	*	*	*	1932_g	*
2	2	1	*	6429_g	*	*	*	*	3221_g	*
2	2	1	*	6433_g	*	*	*	*	4545_g	*
2	2	1	*	6442_g	*	*	*	*	1806_g	*
2	2	1	*	6464_g	*	*	*	*	4186_g	*
2	2	1	*	6480_g	*	*	*	3682_g	*	*
2	2	1	*	6492_g	*	*	*	*	4637_g	*
2	2	1	*	6496_g	*	*	*	*	2379_g	*
2	2	1	*	6501_g	*	*	*	4355_g	*	*
2	2	1	*	6504_g	*	*	*	*	2876_g	*
2	2	1	*	6524_g	*	*	*	*	1996_g	*
2	2	1	*	6537_g	*	*	*	*	3499_g	*
2	2	1	*	6542_g	*	*	*	*	430_g	*
2	2	1	*	6566_g	*	*	*	*	3645_g	*
2	2	1	*	6571_g	*	*	*	*	4664_g	*
2	2	1	*	6580_g	*	*	*	*	2232_g	*
2	2	1	*	6587_g	*	*	*	*	4693_g	*
2	2	1	*	6615_g	*	4387_g	*	*	*	*
2	2	1	*	6619_g	*	*	*	*	3675_g	*
2	2	1	*	6634_g	*	*	*	*	3198_g	*
2	2	1	*	6636_g	*	*	*	*	37_g	*
2	2	1	*	664_g	58_g	*	*	*	*	*
2	2	1	*	6661_g	*	*	*	*	162_g	*
2	2	1	*	6669_g	*	*	*	*	3059_g	*
2	2	1	*	6672_g	*	*	*	*	3055_g	*
2	2	1	*	6675_g	*	*	*	*	2718_g	*
2	2	1	*	6680_g	*	*	*	*	1465_g	*
2	2	1	*	6684_g	*	*	*	*	4813_g	*
2	2	1	*	6693_g	4285_g	*	*	*	*	*
2	2	1	*	6696_g	*	*	*	*	4663_g	*
2	2	1	*	6699_g	*	4324_g	*	*	*	*
2	2	1	*	6700_g	4858_g	*	*	*	*	*
2	2	1	*	6716_g	*	*	*	*	562_g	*
2	2	1	*	6717_g	*	*	*	*	2880_g	*
2	2	1	*	6718_g	*	*	*	*	2881_g	*
2	2	1	*	6726_g	*	*	*	*	1179_g	*
2	2	1	*	6737_g	*	*	*	3962_g	*	*
2	2	1	*	6743_g	*	*	*	*	1762_g	*
2	2	1	*	6748_g	*	*	*	*	4415_g	*
2	2	1	*	6757_g	*	*	*	*	1361_g	*
2	2	1	*	6786_g	*	*	*	*	322_g	*
2	2	1	*	6789_g	*	*	*	*	2139_g	*
2	2	1	*	6827_g	5707_g	*	*	*	*	*
2	2	1	*	6837_g	*	*	*	*	3568_g	*
2	2	1	*	6838_g	*	*	426_g	*	*	*
2	2	1	*	6852_g	*	3815_g	*	*	*	*
2	2	1	*	6853_g	*	*	*	*	4403_g	*
2	2	1	*	6873_g	*	*	*	*	2388_g	*
2	2	1	*	687_g	*	*	1292_g	*	*	*
2	2	1	*	6949_g	*	*	*	*	4803_g	*
2	2	1	*	6983_g	*	*	*	*	4596_g	*
2	2	1	*	7006_g	*	*	*	227_g	*	*
2	2	1	*	7038_g	*	*	*	*	3020_g	*
2	2	1	*	7065_g	*	*	*	2481_g	*	*
2	2	1	*	7069_g	*	*	*	*	2815_g	*
2	2	1	*	7081_g	1793_g	*	*	*	*	*
2	2	1	*	7084_g	*	*	*	*	403_g	*
2	2	1	*	710_g	*	*	*	*	3523_g	*
2	2	1	*	7120_g	*	*	*	*	1848_g	*
2	2	1	*	7146_g	3608_g	*	*	*	*	*
2	2	1	*	7153_g	*	*	*	4013_g	*	*
2	2	1	*	7187_g	*	*	*	*	1097_g	*
2	2	1	*	7189_g	*	*	*	*	4409_g	*
2	2	1	*	7197_g	*	*	*	*	3473_g	*
2	2	1	*	7207_g	*	*	*	*	2840_g	*
2	2	1	*	720_g	*	*	*	*	4240_g	*
2	2	1	*	7217_g	*	*	*	*	2119_g	*
2	2	1	*	7234_g	*	*	*	*	2125_g	*
2	2	1	*	727_g	*	4134_g	*	*	*	*
2	2	1	*	76_g	*	*	*	*	1928_g	*
2	2	1	*	778_g	*	*	*	*	4585_g	*
2	2	1	*	79_g	*	*	*	*	1793_g	*
2	2	1	*	834_g	*	1128_g	*	*	*	*
2	2	1	*	844_g	*	*	*	*	3181_g	*
2	2	1	*	848_g	*	4517_g	*	*	*	*
2	2	1	*	852_g	*	*	*	*	627_g	*
2	2	1	*	866_g	*	*	*	*	3994_g	*
2	2	1	*	877_g	*	*	*	*	3686_g	*
2	2	1	*	887_g	*	323_g	*	*	*	*
2	2	1	*	893_g	1372_g	*	*	*	*	*
2	2	1	*	897_g	*	*	*	*	3089_g	*
2	2	1	*	912_g	*	3755_g	*	*	*	*
2	2	1	*	927_g	4497_g	*	*	*	*	*
2	2	1	*	943_g	2977_g	*	*	*	*	*
2	2	1	*	947_g	*	636_g	*	*	*	*
2	2	1	*	968_g	*	*	*	*	373_g	*
2	2	1	*	978_g	*	*	*	*	725_g	*
2	2	1	*	987_g	*	*	*	*	4200_g	*
2	2	1	1036_g	*	*	3482_g	*	*	*	*
2	2	1	1040_g	*	4757_g	*	*	*	*	*
2	2	1	1065_g	4329_g	*	*	*	*	*	*
2	2	1	1074_g	*	*	*	2012_g	*	*	*
2	2	1	1081_g	791_g	*	*	*	*	*	*
2	2	1	1084_g	*	111_g	*	*	*	*	*
2	2	1	1090_g	*	*	795_g	*	*	*	*
2	2	1	1111_g	182_g	*	*	*	*	*	*
2	2	1	111_g	5407_g	*	*	*	*	*	*
2	2	1	1122_g	3837_g	*	*	*	*	*	*
2	2	1	1137_g	*	1272_g	*	*	*	*	*
2	2	1	1214_g	3423_g	*	*	*	*	*	*
2	2	1	1243_g	*	4379_g	*	*	*	*	*
2	2	1	1245_g	2372_g	*	*	*	*	*	*
2	2	1	1259_g	2654_g	*	*	*	*	*	*
2	2	1	1260_g	*	3931_g	*	*	*	*	*
2	2	1	1320_g	3247_g	*	*	*	*	*	*
2	2	1	1323_g	2170_g	*	*	*	*	*	*
2	2	1	1363_g	5404_g	*	*	*	*	*	*
2	2	1	1364_g	7219_g	*	*	*	*	*	*
2	2	1	13_g	*	1972_g	*	*	*	*	*
2	2	1	1421_g	*	*	2161_g	*	*	*	*
2	2	1	1429_g	*	*	*	*	*	3923_g	*
2	2	1	145_g	4256_g	*	*	*	*	*	*
2	2	1	193_g	*	2227_g	*	*	*	*	*
2	2	1	197_g	6161_g	*	*	*	*	*	*
2	2	1	203_g	*	*	*	*	*	4099_g	*
2	2	1	208_g	1625_g	*	*	*	*	*	*
2	2	1	261_g	1013_g	*	*	*	*	*	*
2	2	1	281_g	3012_g	*	*	*	*	*	*
2	2	1	318_g	*	*	4336_g	*	*	*	*
2	2	1	335_g	*	*	*	1119_g	*	*	*
2	2	1	345_g	1060_g	*	*	*	*	*	*
2	2	1	349_g	*	826_g	*	*	*	*	*
2	2	1	366_g	*	*	*	*	1887_g	*	*
2	2	1	368_g	*	2978_g	*	*	*	*	*
2	2	1	397_g	6666_g	*	*	*	*	*	*
2	2	1	399_g	*	*	*	*	*	360_g	*
2	2	1	39_g	*	717_g	*	*	*	*	*
2	2	1	412_g	*	*	1666_g	*	*	*	*
2	2	1	595_g	*	*	3508_g	*	*	*	*
2	2	1	596_g	2220_g	*	*	*	*	*	*
2	2	1	657_g	1552_g	*	*	*	*	*	*
2	2	1	729_g	2972_g	*	*	*	*	*	*
2	2	1	735_g	*	*	1115_g	*	*	*	*
2	2	1	785_g	371_g	*	*	*	*	*	*
2	2	1	814_g	*	*	*	*	*	4576_g	*
2	2	1	823_g	6611_g	*	*	*	*	*	*
2	2	1	886_g	1609_g	*	*	*	*	*	*
2	2	1	900_g	2780_g	*	*	*	*	*	*
2	2	1	929_g	*	652_g	*	*	*	*	*
2	2	1	938_g	2470_g	*	*	*	*	*	*
2	2	1	950_g	*	*	*	*	780_g	*	*
2	2	1	971_g	*	913_g	*	*	*	*	*
