INFO: Program was run as gffParse.pl -c -p -g Data/PutGenomeHere/P_berghei.gtf -i Data/Plasmodium_berghei.genome -b Results/6_nobird_annotation/P_berghei

INFO: The gff or gtf file Data/PutGenomeHere/P_berghei.gtf has successfully been parsed.
      There were 5264 scaffolds containing genes.
      The scaffolds contained 7235 genes.
      The genes contained the feature CDS 17041 times.

INFO: The scaffold/genome file Data/Plasmodium_berghei.genome was successfully parsed.
      There were 7479 scaffolds. This number may be higher than the one above.

INFO: Following files were output in the directory
      /home/inf-20-2025/Malaria:
      Results/6_nobird_annotation/P_berghei.fna (fasta file containing the genes)
      Results/6_nobird_annotation/P_berghei.log (log file)
      Results/6_nobird_annotation/P_berghei.faa (fasta file containing translated genes)

WARNINGS:

Gene 3_g (- strand) contains internal stop codons. Phase 2 of sequence is used instead.
Gene 6_g (- strand) contains internal stop codons. Phase 2 of sequence is used instead.
Gene 9_g (+ strand) contains internal stop codons. Phase 2 of sequence is used instead.
Gene 15_g (- strand) contains internal stop codons. Phase 3 of sequence is used instead.
Gene 16_g (- strand) contains internal stop codons. Phase 2 of sequence is used instead.
Gene 22_g (- strand) contains internal stop codons. Phase 3 of sequence is used instead.
Gene 23_g (- strand) contains internal stop codons. Phase 2 of sequence is used instead.
Gene 25_g (+ strand) contains internal stop codons. Phase 3 of sequence is used instead.
Gene 28_g (- strand) contains internal stop codons. Phase 2 of sequence is used instead.
Gene 29_g (+ strand) contains internal stop codons. Phase 3 of sequence is used instead.
Gene 31_g (- strand) contains internal stop codons. Phase 2 of sequence is used instead.
Gene 33_g (- strand) contains internal stop codons. Phase 2 of sequence is used instead.
Gene 38_g (+ strand) contains internal stop codons. Phase 3 of sequence is used instead.
Gene 41_g (- strand) contains internal stop codons. Phase 3 of sequence is used instead.
Gene 44_g (+ strand) contains internal stop codons. Phase 2 of sequence is used instead.
Gene 47_g (- strand) contains internal stop codons. Phase 3 of sequence is used instead.
Gene 48_g (+ strand) contains internal stop codons. Phase 2 of sequence is used instead.
Gene 49_g (+ strand) contains internal stop codons. Phase 2 of sequence is used instead.
Gene 50_g (- strand) contains internal stop codons. Phase 2 of sequence is used instead.
Gene 51_g (+ strand) contains internal stop codons. Phase 2 of sequence is used instead.
Gene 53_g (+ strand) contains internal stop codons. Phase 2 of sequence is used instead.
Gene 54_g (+ strand) contains internal stop codons. Phase 2 of sequence is used instead.
Gene 55_g (- strand) contains internal stop codons. Phase 2 of sequence is used instead.
Gene 57_g (+ strand) contains internal stop codons. Phase 2 of sequence is used instead.
Gene 59_g (- strand) contains internal stop codons. Phase 2 of sequence is used instead.
Gene 60_g (+ strand) contains internal stop codons. Phase 2 of sequence is used instead.
Gene 62_g (- strand) contains internal stop codons. Phase 2 of sequence is used instead.
Gene 64_g (- strand) contains internal stop codons. Phase 2 of sequence is used instead.
Gene 68_g (- strand) contains internal stop codons. Phase 3 of sequence is used instead.
Gene 69_g (+ strand) contains internal stop codons. Phase 2 of sequence is used instead.
Gene 70_g (- strand) contains internal stop codons. Phase 2 of sequence is used instead.
Gene 71_g (+ strand) contains internal stop codons. Phase 2 of sequence is used instead.
Gene 74_g (+ strand) contains internal stop codons. Phase 2 of sequence is used instead.
Gene 76_g (+ strand) contains internal stop codons. Phase 2 of sequence is used instead.
Gene 77_g (- strand) contains internal stop codons. Phase 2 of sequence is used instead.
Gene 80_g (+ strand) contains internal stop codons. Phase 3 of sequence is used instead.
Gene 81_g (- strand) contains internal stop codons. Phase 2 of sequence is used instead.
Gene 82_g (- strand) contains internal stop codons. Phase 2 of sequence is used instead.
Gene 83_g (- strand) contains internal stop codons. Phase 3 of sequence is used instead.
Gene 86_g (+ strand) contains internal stop codons. Phase 2 of sequence is used instead.
Gene 90_g (- strand) contains internal stop codons. Phase 2 of sequence is used instead.
Gene 91_g (- strand) contains internal stop codons. Phase 2 of sequence is used instead.
Gene 92_g (+ strand) contains internal stop codons. Phase 2 of sequence is used instead.
Gene 93_g (+ strand) contains internal stop codons. Phase 2 of sequence is used instead.
Gene 94_g (- strand) contains internal stop codons. Phase 2 of sequence is used instead.
Gene 95_g (+ strand) contains internal stop codons. Phase 3 of sequence is used instead.
Gene 96_g (- strand) contains internal stop codons. Phase 2 of sequence is used instead.
Gene 97_g (+ strand) contains internal stop codons. Phase 2 of sequence is used instead.
Gene 99_g (- strand) contains internal stop codons. Phase 2 of sequence is used instead.
Gene 103_g (+ strand) contains internal stop codons. Phase 3 of sequence is used instead.
Gene 104_g (+ strand) contains internal stop codons. Phase 2 of sequence is used instead.
Gene 107_g (+ strand) contains internal stop codons. Phase 2 of sequence is used instead.
Gene 109_g (+ strand) contains internal stop codons. Phase 2 of sequence is used instead.
Gene 110_g (- strand) contains internal stop codons. Phase 2 of sequence is used instead.
Gene 111_g (- strand) contains internal stop codons. Phase 2 of sequence is used instead.
Gene 112_g (+ strand) contains internal stop codons. Phase 2 of sequence is used instead.
Gene 115_g (- strand) contains internal stop codons. Phase 2 of sequence is used instead.
Gene 117_g (- strand) contains internal stop codons. Phase 2 of sequence is used instead.
Gene 118_g (- strand) contains internal stop codons. Phase 3 of sequence is used instead.
Gene 119_g (+ strand) contains internal stop codons. Phase 2 of sequence is used instead.
Gene 120_g (+ strand) contains internal stop codons. Phase 2 of sequence is used instead.
Gene 121_g (+ strand) contains internal stop codons. Phase 2 of sequence is used instead.
Gene 130_g (- strand) contains internal stop codons. Phase 3 of sequence is used instead.
Gene 131_g (- strand) contains internal stop codons. Phase 2 of sequence is used instead.
Gene 135_g (+ strand) contains internal stop codons. Phase 2 of sequence is used instead.
Gene 139_g (- strand) contains internal stop codons. Phase 2 of sequence is used instead.
Gene 141_g (+ strand) contains internal stop codons. Phase 2 of sequence is used instead.
Gene 159_g (- strand) contains internal stop codons. Phase 2 of sequence is used instead.
Gene 160_g (+ strand) contains internal stop codons. Phase 2 of sequence is used instead.
Gene 161_g (- strand) contains internal stop codons. Phase 2 of sequence is used instead.
Gene 162_g (- strand) contains internal stop codons. Phase 2 of sequence is used instead.
Gene 163_g (- strand) contains internal stop codons. Phase 3 of sequence is used instead.
Gene 166_g (+ strand) contains internal stop codons. Phase 2 of sequence is used instead.
Gene 167_g (- strand) contains internal stop codons. Phase 3 of sequence is used instead.
Gene 168_g (+ strand) contains internal stop codons. Phase 3 of sequence is used instead.
Gene 169_g (- strand) contains internal stop codons. Phase 3 of sequence is used instead.
Gene 173_g (+ strand) contains internal stop codons. Phase 3 of sequence is used instead.
Gene 174_g (- strand) contains internal stop codons. Phase 2 of sequence is used instead.
Gene 178_g (+ strand) contains internal stop codons. Phase 3 of sequence is used instead.
Gene 180_g (- strand) contains internal stop codons. Phase 2 of sequence is used instead.
Gene 181_g (+ strand) contains internal stop codons. Phase 2 of sequence is used instead.
Gene 186_g (+ strand) contains internal stop codons. Phase 2 of sequence is used instead.
Gene 189_g (- strand) contains internal stop codons. Phase 2 of sequence is used instead.
Gene 191_g (+ strand) contains internal stop codons. Phase 2 of sequence is used instead.
Gene 192_g (- strand) contains internal stop codons. Phase 2 of sequence is used instead.
Gene 195_g (+ strand) contains internal stop codons. Phase 2 of sequence is used instead.
Gene 196_g (+ strand) contains internal stop codons. Phase 3 of sequence is used instead.
Gene 202_g (+ strand) contains internal stop codons. Phase 3 of sequence is used instead.
Gene 204_g (- strand) contains internal stop codons. Phase 2 of sequence is used instead.
Gene 208_g (+ strand) contains internal stop codons. Phase 3 of sequence is used instead.
Gene 217_g (+ strand) contains internal stop codons. Phase 3 of sequence is used instead.
Gene 223_g (- strand) contains internal stop codons. Phase 3 of sequence is used instead.
Gene 226_g (+ strand) contains internal stop codons. Phase 3 of sequence is used instead.
Gene 227_g (- strand) contains internal stop codons. Phase 3 of sequence is used instead.
Gene 228_g (- strand) contains internal stop codons. Phase 2 of sequence is used instead.
Gene 230_g (+ strand) contains internal stop codons. Phase 2 of sequence is used instead.
Gene 231_g (- strand) contains internal stop codons. Phase 3 of sequence is used instead.
Gene 234_g (- strand) contains internal stop codons. Phase 3 of sequence is used instead.
Gene 235_g (+ strand) contains internal stop codons. Phase 3 of sequence is used instead.
Gene 238_g (+ strand) contains internal stop codons. Phase 2 of sequence is used instead.
Gene 239_g (- strand) contains internal stop codons. Phase 2 of sequence is used instead.
Gene 241_g (- strand) contains internal stop codons. Phase 3 of sequence is used instead.
Gene 242_g (- strand) contains internal stop codons. Phase 3 of sequence is used instead.
Gene 243_g (- strand) contains internal stop codons. Phase 2 of sequence is used instead.
Gene 244_g (- strand) contains internal stop codons. Phase 3 of sequence is used instead.
Gene 245_g (- strand) contains internal stop codons. Phase 2 of sequence is used instead.
Gene 246_g (- strand) contains internal stop codons. Phase 2 of sequence is used instead.
Gene 247_g (+ strand) contains internal stop codons. Phase 2 of sequence is used instead.
Gene 248_g (+ strand) contains internal stop codons. Phase 2 of sequence is used instead.
Gene 250_g (+ strand) contains internal stop codons. Phase 2 of sequence is used instead.
Gene 256_g (- strand) contains internal stop codons. Phase 2 of sequence is used instead.
Gene 258_g (+ strand) contains internal stop codons. Phase 2 of sequence is used instead.
Gene 263_g (- strand) contains internal stop codons. Phase 2 of sequence is used instead.
Gene 264_g (- strand) contains internal stop codons. Phase 2 of sequence is used instead.
Gene 266_g (- strand) contains internal stop codons. Phase 2 of sequence is used instead.
Gene 267_g (+ strand) contains internal stop codons. Phase 2 of sequence is used instead.
Gene 270_g (+ strand) contains internal stop codons. Phase 2 of sequence is used instead.
Gene 271_g (- strand) contains internal stop codons. Phase 2 of sequence is used instead.
Gene 274_g (- strand) contains internal stop codons. Phase 2 of sequence is used instead.
Gene 279_g (- strand) contains internal stop codons. Phase 2 of sequence is used instead.
Gene 281_g (- strand) contains internal stop codons. Phase 2 of sequence is used instead.
Gene 283_g (- strand) contains internal stop codons. Phase 2 of sequence is used instead.
Gene 288_g (+ strand) contains internal stop codons. Phase 3 of sequence is used instead.
Gene 293_g (- strand) contains internal stop codons. Phase 3 of sequence is used instead.
Gene 297_g (- strand) contains internal stop codons. Phase 3 of sequence is used instead.
Gene 298_g (- strand) contains internal stop codons. Phase 2 of sequence is used instead.
Gene 299_g (- strand) contains internal stop codons. Phase 3 of sequence is used instead.
Gene 300_g (+ strand) contains internal stop codons. Phase 2 of sequence is used instead.
Gene 301_g (+ strand) contains internal stop codons. Phase 2 of sequence is used instead.
Gene 302_g (- strand) contains internal stop codons. Phase 2 of sequence is used instead.
Gene 303_g (+ strand) contains internal stop codons. Phase 2 of sequence is used instead.
Gene 304_g (- strand) contains internal stop codons. Phase 2 of sequence is used instead.
Gene 307_g (+ strand) contains internal stop codons. Phase 2 of sequence is used instead.
Gene 308_g (- strand) contains internal stop codons. Phase 2 of sequence is used instead.
Gene 309_g (+ strand) contains internal stop codons. Phase 3 of sequence is used instead.
Gene 310_g (+ strand) contains internal stop codons. Phase 3 of sequence is used instead.
Gene 311_g (- strand) contains internal stop codons. Phase 2 of sequence is used instead.
Gene 313_g (- strand) contains internal stop codons. Phase 3 of sequence is used instead.
Gene 317_g (+ strand) contains internal stop codons. Phase 2 of sequence is used instead.
Gene 320_g (- strand) contains internal stop codons. Phase 3 of sequence is used instead.
Gene 327_g (- strand) contains internal stop codons. Phase 2 of sequence is used instead.
Gene 329_g (+ strand) contains internal stop codons. Phase 2 of sequence is used instead.
Gene 334_g (+ strand) contains internal stop codons. Phase 3 of sequence is used instead.
Gene 335_g (- strand) contains internal stop codons. Phase 3 of sequence is used instead.
Gene 336_g (- strand) contains internal stop codons. Phase 3 of sequence is used instead.
Gene 338_g (+ strand) contains internal stop codons. Phase 2 of sequence is used instead.
Gene 339_g (+ strand) contains internal stop codons. Phase 2 of sequence is used instead.
Gene 340_g (- strand) contains internal stop codons. Phase 2 of sequence is used instead.
Gene 342_g (- strand) contains internal stop codons. Phase 2 of sequence is used instead.
Gene 343_g (+ strand) contains internal stop codons. Phase 2 of sequence is used instead.
Gene 344_g (+ strand) contains internal stop codons. Phase 3 of sequence is used instead.
Gene 345_g (- strand) contains internal stop codons. Phase 2 of sequence is used instead.
Gene 348_g (- strand) contains internal stop codons. Phase 2 of sequence is used instead.
Gene 350_g (+ strand) contains internal stop codons. Phase 2 of sequence is used instead.
Gene 355_g (- strand) contains internal stop codons. Phase 2 of sequence is used instead.
Gene 357_g (- strand) contains internal stop codons. Phase 3 of sequence is used instead.
Gene 362_g (- strand) contains internal stop codons. Phase 2 of sequence is used instead.
Gene 365_g (+ strand) contains internal stop codons. Phase 2 of sequence is used instead.
Gene 368_g (- strand) contains internal stop codons. Phase 3 of sequence is used instead.
Gene 369_g (- strand) contains internal stop codons. Phase 2 of sequence is used instead.
Gene 371_g (- strand) contains internal stop codons. Phase 2 of sequence is used instead.
Gene 372_g (- strand) contains internal stop codons. Phase 2 of sequence is used instead.
Gene 373_g (+ strand) contains internal stop codons. Phase 2 of sequence is used instead.
Gene 375_g (+ strand) contains internal stop codons. Phase 2 of sequence is used instead.
Gene 376_g (+ strand) contains internal stop codons. Phase 2 of sequence is used instead.
Gene 377_g (- strand) contains internal stop codons. Phase 3 of sequence is used instead.
Gene 378_g (+ strand) contains internal stop codons. Phase 2 of sequence is used instead.
Gene 380_g (+ strand) contains internal stop codons. Phase 3 of sequence is used instead.
Gene 387_g (- strand) contains internal stop codons. Phase 2 of sequence is used instead.
Gene 388_g (+ strand) contains internal stop codons. Phase 2 of sequence is used instead.
Gene 392_g (- strand) contains internal stop codons. Phase 3 of sequence is used instead.
Gene 393_g (- strand) contains internal stop codons. Phase 3 of sequence is used instead.
Gene 394_g (+ strand) contains internal stop codons. Phase 2 of sequence is used instead.
Gene 395_g (+ strand) contains internal stop codons. Phase 2 of sequence is used instead.
Gene 401_g (- strand) contains internal stop codons. Phase 3 of sequence is used instead.
Gene 407_g (- strand) contains internal stop codons. Phase 3 of sequence is used instead.
Gene 408_g (+ strand) contains internal stop codons. Phase 2 of sequence is used instead.
Gene 409_g (- strand) contains internal stop codons. Phase 2 of sequence is used instead.
Gene 410_g (+ strand) contains internal stop codons. Phase 2 of sequence is used instead.
Gene 412_g (+ strand) contains internal stop codons. Phase 2 of sequence is used instead.
Gene 416_g (- strand) contains internal stop codons. Phase 3 of sequence is used instead.
Gene 417_g (+ strand) contains internal stop codons. Phase 3 of sequence is used instead.
Gene 418_g (+ strand) contains internal stop codons. Phase 2 of sequence is used instead.
Gene 419_g (- strand) contains internal stop codons. Phase 3 of sequence is used instead.
Gene 420_g (+ strand) contains internal stop codons. Phase 3 of sequence is used instead.
Gene 421_g (- strand) contains internal stop codons. Phase 2 of sequence is used instead.
Gene 422_g (+ strand) contains internal stop codons. Phase 3 of sequence is used instead.
Gene 426_g (+ strand) contains internal stop codons. Phase 3 of sequence is used instead.
Gene 429_g (- strand) contains internal stop codons. Phase 2 of sequence is used instead.
Gene 430_g (- strand) contains internal stop codons. Phase 3 of sequence is used instead.
Gene 432_g (+ strand) contains internal stop codons. Phase 3 of sequence is used instead.
Gene 437_g (- strand) contains internal stop codons. Phase 2 of sequence is used instead.
Gene 438_g (+ strand) contains internal stop codons. Phase 2 of sequence is used instead.
Gene 439_g (+ strand) contains internal stop codons. Phase 3 of sequence is used instead.
Gene 445_g (+ strand) contains internal stop codons. Phase 2 of sequence is used instead.
Gene 447_g (+ strand) contains internal stop codons. Phase 2 of sequence is used instead.
Gene 449_g (+ strand) contains internal stop codons. Phase 2 of sequence is used instead.
Gene 451_g (+ strand) contains internal stop codons. Phase 2 of sequence is used instead.
Gene 453_g (- strand) contains internal stop codons. Phase 2 of sequence is used instead.
Gene 454_g (+ strand) contains internal stop codons. Phase 2 of sequence is used instead.
Gene 456_g (- strand) contains internal stop codons. Phase 2 of sequence is used instead.
Gene 457_g (- strand) contains internal stop codons. Phase 2 of sequence is used instead.
Gene 458_g (- strand) contains internal stop codons. Phase 2 of sequence is used instead.
Gene 460_g (+ strand) contains internal stop codons. Phase 3 of sequence is used instead.
Gene 464_g (- strand) contains internal stop codons. Phase 2 of sequence is used instead.
Gene 465_g (+ strand) contains internal stop codons. Phase 2 of sequence is used instead.
Gene 469_g (- strand) contains internal stop codons. Phase 2 of sequence is used instead.
Gene 471_g (+ strand) contains internal stop codons. Phase 3 of sequence is used instead.
Gene 473_g (- strand) contains internal stop codons. Phase 3 of sequence is used instead.
Gene 482_g (- strand) contains internal stop codons. Phase 2 of sequence is used instead.
Gene 489_g (+ strand) contains internal stop codons. Phase 2 of sequence is used instead.
Gene 490_g (+ strand) contains internal stop codons. Phase 2 of sequence is used instead.
Gene 493_g (+ strand) contains internal stop codons. Phase 3 of sequence is used instead.
Gene 498_g (+ strand) contains internal stop codons. Phase 3 of sequence is used instead.
Gene 499_g (+ strand) contains internal stop codons. Phase 3 of sequence is used instead.
Gene 502_g (- strand) contains internal stop codons. Phase 2 of sequence is used instead.
Gene 503_g (+ strand) contains internal stop codons. Phase 2 of sequence is used instead.
Gene 504_g (+ strand) contains internal stop codons. Phase 2 of sequence is used instead.
Gene 505_g (+ strand) contains internal stop codons. Phase 3 of sequence is used instead.
Gene 507_g (- strand) contains internal stop codons. Phase 2 of sequence is used instead.
Gene 508_g (+ strand) contains internal stop codons. Phase 2 of sequence is used instead.
Gene 509_g (- strand) contains internal stop codons. Phase 2 of sequence is used instead.
Gene 510_g (- strand) contains internal stop codons. Phase 3 of sequence is used instead.
Gene 511_g (+ strand) contains internal stop codons. Phase 2 of sequence is used instead.
Gene 512_g (+ strand) contains internal stop codons. Phase 2 of sequence is used instead.
Gene 515_g (+ strand) contains internal stop codons. Phase 2 of sequence is used instead.
Gene 516_g (+ strand) contains internal stop codons. Phase 2 of sequence is used instead.
Gene 518_g (+ strand) contains internal stop codons. Phase 2 of sequence is used instead.
Gene 520_g (- strand) contains internal stop codons. Phase 2 of sequence is used instead.
Gene 521_g (+ strand) contains internal stop codons. Phase 2 of sequence is used instead.
Gene 522_g (- strand) contains internal stop codons. Phase 3 of sequence is used instead.
Gene 526_g (+ strand) contains internal stop codons. Phase 2 of sequence is used instead.
Gene 531_g (- strand) contains internal stop codons. Phase 2 of sequence is used instead.
Gene 533_g (- strand) contains internal stop codons. Phase 2 of sequence is used instead.
Gene 534_g (+ strand) contains internal stop codons. Phase 2 of sequence is used instead.
Gene 540_g (+ strand) contains internal stop codons. Phase 2 of sequence is used instead.
Gene 542_g (+ strand) contains internal stop codons. Phase 3 of sequence is used instead.
Gene 544_g (+ strand) contains internal stop codons. Phase 2 of sequence is used instead.
Gene 545_g (+ strand) contains internal stop codons. Phase 2 of sequence is used instead.
Gene 547_g (+ strand) contains internal stop codons. Phase 2 of sequence is used instead.
Gene 548_g (- strand) contains internal stop codons. Phase 3 of sequence is used instead.
Gene 549_g (+ strand) contains internal stop codons. Phase 2 of sequence is used instead.
Gene 551_g (+ strand) contains internal stop codons. Phase 2 of sequence is used instead.
Gene 557_g (- strand) contains internal stop codons. Phase 3 of sequence is used instead.
Gene 559_g (+ strand) contains internal stop codons. Phase 3 of sequence is used instead.
Gene 561_g (+ strand) contains internal stop codons. Phase 3 of sequence is used instead.
Gene 562_g (- strand) contains internal stop codons. Phase 2 of sequence is used instead.
Gene 563_g (+ strand) contains internal stop codons. Phase 2 of sequence is used instead.
Gene 566_g (- strand) contains internal stop codons. Phase 3 of sequence is used instead.
Gene 569_g (+ strand) contains internal stop codons. Phase 2 of sequence is used instead.
Gene 570_g (+ strand) contains internal stop codons. Phase 2 of sequence is used instead.
Gene 574_g (+ strand) contains internal stop codons. Phase 3 of sequence is used instead.
Gene 579_g (- strand) contains internal stop codons. Phase 2 of sequence is used instead.
Gene 583_g (+ strand) contains internal stop codons. Phase 3 of sequence is used instead.
Gene 588_g (- strand) contains internal stop codons. Phase 3 of sequence is used instead.
Gene 589_g (- strand) contains internal stop codons. Phase 2 of sequence is used instead.
Gene 590_g (+ strand) contains internal stop codons. Phase 2 of sequence is used instead.
Gene 591_g (+ strand) contains internal stop codons. Phase 2 of sequence is used instead.
Gene 595_g (- strand) contains internal stop codons. Phase 2 of sequence is used instead.
Gene 596_g (- strand) contains internal stop codons. Phase 3 of sequence is used instead.
Gene 597_g (+ strand) contains internal stop codons. Phase 3 of sequence is used instead.
Gene 603_g (- strand) contains internal stop codons. Phase 2 of sequence is used instead.
Gene 604_g (+ strand) contains internal stop codons. Phase 2 of sequence is used instead.
Gene 605_g (+ strand) contains internal stop codons. Phase 2 of sequence is used instead.
Gene 607_g (+ strand) contains internal stop codons. Phase 2 of sequence is used instead.
Gene 608_g (- strand) contains internal stop codons. Phase 2 of sequence is used instead.
Gene 610_g (- strand) contains internal stop codons. Phase 3 of sequence is used instead.
Gene 612_g (- strand) contains internal stop codons. Phase 3 of sequence is used instead.
Gene 613_g (+ strand) contains internal stop codons. Phase 2 of sequence is used instead.
Gene 615_g (- strand) contains internal stop codons. Phase 3 of sequence is used instead.
Gene 616_g (+ strand) contains internal stop codons. Phase 2 of sequence is used instead.
Gene 623_g (- strand) contains internal stop codons. Phase 2 of sequence is used instead.
Gene 624_g (+ strand) contains internal stop codons. Phase 2 of sequence is used instead.
Gene 629_g (+ strand) contains internal stop codons. Phase 2 of sequence is used instead.
Gene 635_g (- strand) contains internal stop codons. Phase 2 of sequence is used instead.
Gene 640_g (- strand) contains internal stop codons. Phase 2 of sequence is used instead.
Gene 641_g (- strand) contains internal stop codons. Phase 2 of sequence is used instead.
Gene 645_g (- strand) contains internal stop codons. Phase 2 of sequence is used instead.
Gene 646_g (- strand) contains internal stop codons. Phase 2 of sequence is used instead.
Gene 649_g (+ strand) contains internal stop codons. Phase 2 of sequence is used instead.
Gene 652_g (+ strand) contains internal stop codons. Phase 3 of sequence is used instead.
Gene 653_g (- strand) contains internal stop codons. Phase 2 of sequence is used instead.
Gene 654_g (+ strand) contains internal stop codons. Phase 2 of sequence is used instead.
Gene 661_g (- strand) contains internal stop codons. Phase 2 of sequence is used instead.
Gene 664_g (- strand) contains internal stop codons. Phase 2 of sequence is used instead.
Gene 668_g (+ strand) contains internal stop codons. Phase 2 of sequence is used instead.
Gene 671_g (+ strand) contains internal stop codons. Phase 3 of sequence is used instead.
Gene 672_g (+ strand) contains internal stop codons. Phase 2 of sequence is used instead.
Gene 673_g (- strand) contains internal stop codons. Phase 3 of sequence is used instead.
Gene 674_g (+ strand) contains internal stop codons. Phase 3 of sequence is used instead.
Gene 675_g (- strand) contains internal stop codons. Phase 2 of sequence is used instead.
Gene 676_g (+ strand) contains internal stop codons. Phase 2 of sequence is used instead.
Gene 677_g (+ strand) contains internal stop codons. Phase 3 of sequence is used instead.
Gene 680_g (+ strand) contains internal stop codons. Phase 2 of sequence is used instead.
Gene 683_g (- strand) contains internal stop codons. Phase 3 of sequence is used instead.
Gene 686_g (- strand) contains internal stop codons. Phase 2 of sequence is used instead.
Gene 688_g (- strand) contains internal stop codons. Phase 3 of sequence is used instead.
Gene 689_g (+ strand) contains internal stop codons. Phase 3 of sequence is used instead.
Gene 690_g (+ strand) contains internal stop codons. Phase 3 of sequence is used instead.
Gene 694_g (- strand) contains internal stop codons. Phase 2 of sequence is used instead.
Gene 695_g (+ strand) contains internal stop codons. Phase 2 of sequence is used instead.
Gene 696_g (- strand) contains internal stop codons. Phase 2 of sequence is used instead.
Gene 697_g (+ strand) contains internal stop codons. Phase 2 of sequence is used instead.
Gene 700_g (+ strand) contains internal stop codons. Phase 2 of sequence is used instead.
Gene 704_g (- strand) contains internal stop codons. Phase 3 of sequence is used instead.
Gene 709_g (+ strand) contains internal stop codons. Phase 2 of sequence is used instead.
Gene 711_g (- strand) contains internal stop codons. Phase 2 of sequence is used instead.
Gene 716_g (- strand) contains internal stop codons. Phase 2 of sequence is used instead.
Gene 719_g (+ strand) contains internal stop codons. Phase 3 of sequence is used instead.
Gene 722_g (- strand) contains internal stop codons. Phase 3 of sequence is used instead.
Gene 728_g (+ strand) contains internal stop codons. Phase 2 of sequence is used instead.
Gene 729_g (+ strand) contains internal stop codons. Phase 2 of sequence is used instead.
Gene 730_g (+ strand) contains internal stop codons. Phase 2 of sequence is used instead.
Gene 732_g (- strand) contains internal stop codons. Phase 3 of sequence is used instead.
Gene 734_g (- strand) contains internal stop codons. Phase 2 of sequence is used instead.
Gene 738_g (+ strand) contains internal stop codons. Phase 2 of sequence is used instead.
Gene 739_g (- strand) contains internal stop codons. Phase 3 of sequence is used instead.
Gene 740_g (+ strand) contains internal stop codons. Phase 2 of sequence is used instead.
Gene 749_g (- strand) contains internal stop codons. Phase 2 of sequence is used instead.
Gene 751_g (+ strand) contains internal stop codons. Phase 3 of sequence is used instead.
Gene 754_g (+ strand) contains internal stop codons. Phase 2 of sequence is used instead.
Gene 756_g (+ strand) contains internal stop codons. Phase 2 of sequence is used instead.
Gene 759_g (- strand) contains internal stop codons. Phase 3 of sequence is used instead.
Gene 762_g (- strand) contains internal stop codons. Phase 3 of sequence is used instead.
Gene 771_g (- strand) contains internal stop codons. Phase 2 of sequence is used instead.
Gene 772_g (+ strand) contains internal stop codons. Phase 3 of sequence is used instead.
Gene 775_g (+ strand) contains internal stop codons. Phase 2 of sequence is used instead.
Gene 776_g (- strand) contains internal stop codons. Phase 2 of sequence is used instead.
Gene 777_g (+ strand) contains internal stop codons. Phase 2 of sequence is used instead.
Gene 780_g (+ strand) contains internal stop codons. Phase 2 of sequence is used instead.
Gene 781_g (+ strand) contains internal stop codons. Phase 2 of sequence is used instead.
Gene 783_g (+ strand) contains internal stop codons. Phase 2 of sequence is used instead.
Gene 784_g (- strand) contains internal stop codons. Phase 2 of sequence is used instead.
Gene 787_g (- strand) contains internal stop codons. Phase 2 of sequence is used instead.
Gene 788_g (- strand) contains internal stop codons. Phase 2 of sequence is used instead.
Gene 795_g (+ strand) contains internal stop codons. Phase 2 of sequence is used instead.
Gene 800_g (+ strand) contains internal stop codons. Phase 3 of sequence is used instead.
Gene 801_g (- strand) contains internal stop codons. Phase 2 of sequence is used instead.
Gene 807_g (- strand) contains internal stop codons. Phase 2 of sequence is used instead.
Gene 808_g (+ strand) contains internal stop codons. Phase 2 of sequence is used instead.
Gene 809_g (+ strand) contains internal stop codons. Phase 2 of sequence is used instead.
Gene 813_g (- strand) contains internal stop codons. Phase 3 of sequence is used instead.
Gene 817_g (- strand) contains internal stop codons. Phase 2 of sequence is used instead.
Gene 819_g (- strand) contains internal stop codons. Phase 2 of sequence is used instead.
Gene 824_g (+ strand) contains internal stop codons. Phase 2 of sequence is used instead.
Gene 826_g (- strand) contains internal stop codons. Phase 2 of sequence is used instead.
Gene 827_g (+ strand) contains internal stop codons. Phase 3 of sequence is used instead.
Gene 829_g (+ strand) contains internal stop codons. Phase 3 of sequence is used instead.
Gene 835_g (- strand) contains internal stop codons. Phase 3 of sequence is used instead.
Gene 843_g (- strand) contains internal stop codons. Phase 2 of sequence is used instead.
Gene 844_g (- strand) contains internal stop codons. Phase 2 of sequence is used instead.
Gene 847_g (+ strand) contains internal stop codons. Phase 3 of sequence is used instead.
Gene 854_g (- strand) contains internal stop codons. Phase 3 of sequence is used instead.
Gene 856_g (+ strand) contains internal stop codons. Phase 2 of sequence is used instead.
Gene 859_g (- strand) contains internal stop codons. Phase 3 of sequence is used instead.
Gene 864_g (+ strand) contains internal stop codons. Phase 2 of sequence is used instead.
Gene 869_g (- strand) contains internal stop codons. Phase 2 of sequence is used instead.
Gene 876_g (- strand) contains internal stop codons. Phase 2 of sequence is used instead.
Gene 878_g (- strand) contains internal stop codons. Phase 3 of sequence is used instead.
Gene 879_g (+ strand) contains internal stop codons. Phase 3 of sequence is used instead.
Gene 880_g (- strand) contains internal stop codons. Phase 2 of sequence is used instead.
Gene 896_g (- strand) contains internal stop codons. Phase 2 of sequence is used instead.
Gene 898_g (- strand) contains internal stop codons. Phase 2 of sequence is used instead.
Gene 904_g (- strand) contains internal stop codons. Phase 2 of sequence is used instead.
Gene 905_g (+ strand) contains internal stop codons. Phase 2 of sequence is used instead.
Gene 906_g (- strand) contains internal stop codons. Phase 2 of sequence is used instead.
Gene 907_g (+ strand) contains internal stop codons. Phase 2 of sequence is used instead.
Gene 911_g (- strand) contains internal stop codons. Phase 2 of sequence is used instead.
Gene 913_g (- strand) contains internal stop codons. Phase 3 of sequence is used instead.
Gene 916_g (+ strand) contains internal stop codons. Phase 2 of sequence is used instead.
Gene 919_g (+ strand) contains internal stop codons. Phase 2 of sequence is used instead.
Gene 924_g (+ strand) contains internal stop codons. Phase 2 of sequence is used instead.
Gene 933_g (- strand) contains internal stop codons. Phase 2 of sequence is used instead.
Gene 934_g (+ strand) contains internal stop codons. Phase 3 of sequence is used instead.
Gene 937_g (- strand) contains internal stop codons. Phase 2 of sequence is used instead.
Gene 941_g (+ strand) contains internal stop codons. Phase 3 of sequence is used instead.
Gene 948_g (+ strand) contains internal stop codons. Phase 2 of sequence is used instead.
Gene 949_g (- strand) contains internal stop codons. Phase 3 of sequence is used instead.
Gene 956_g (- strand) contains internal stop codons. Phase 2 of sequence is used instead.
Gene 957_g (- strand) contains internal stop codons. Phase 3 of sequence is used instead.
Gene 960_g (- strand) contains internal stop codons. Phase 2 of sequence is used instead.
Gene 966_g (- strand) contains internal stop codons. Phase 2 of sequence is used instead.
Gene 967_g (- strand) contains internal stop codons. Phase 2 of sequence is used instead.
Gene 968_g (- strand) contains internal stop codons. Phase 2 of sequence is used instead.
Gene 972_g (- strand) contains internal stop codons. Phase 2 of sequence is used instead.
Gene 973_g (+ strand) contains internal stop codons. Phase 2 of sequence is used instead.
Gene 987_g (+ strand) contains internal stop codons. Phase 2 of sequence is used instead.
Gene 992_g (+ strand) contains internal stop codons. Phase 3 of sequence is used instead.
Gene 998_g (- strand) contains internal stop codons. Phase 3 of sequence is used instead.
Gene 1000_g (- strand) contains internal stop codons. Phase 2 of sequence is used instead.
Gene 1010_g (+ strand) contains internal stop codons. Phase 3 of sequence is used instead.
Gene 1012_g (+ strand) contains internal stop codons. Phase 2 of sequence is used instead.
Gene 1015_g (- strand) contains internal stop codons. Phase 3 of sequence is used instead.
Gene 1016_g (+ strand) contains internal stop codons. Phase 2 of sequence is used instead.
Gene 1023_g (+ strand) contains internal stop codons. Phase 2 of sequence is used instead.
Gene 1024_g (- strand) contains internal stop codons. Phase 2 of sequence is used instead.
Gene 1027_g (- strand) contains internal stop codons. Phase 2 of sequence is used instead.
Gene 1028_g (+ strand) contains internal stop codons. Phase 2 of sequence is used instead.
Gene 1031_g (+ strand) contains internal stop codons. Phase 2 of sequence is used instead.
Gene 1033_g (+ strand) contains internal stop codons. Phase 3 of sequence is used instead.
Gene 1036_g (- strand) contains internal stop codons. Phase 3 of sequence is used instead.
Gene 1039_g (+ strand) contains internal stop codons. Phase 2 of sequence is used instead.
Gene 1049_g (- strand) contains internal stop codons. Phase 2 of sequence is used instead.
Gene 1052_g (- strand) contains internal stop codons. Phase 2 of sequence is used instead.
Gene 1056_g (- strand) contains internal stop codons. Phase 2 of sequence is used instead.
Gene 1057_g (+ strand) contains internal stop codons. Phase 2 of sequence is used instead.
Gene 1063_g (+ strand) contains internal stop codons. Phase 2 of sequence is used instead.
Gene 1064_g (- strand) contains internal stop codons. Phase 2 of sequence is used instead.
Gene 1066_g (+ strand) contains internal stop codons. Phase 3 of sequence is used instead.
Gene 1069_g (- strand) contains internal stop codons. Phase 2 of sequence is used instead.
Gene 1070_g (- strand) contains internal stop codons. Phase 3 of sequence is used instead.
Gene 1074_g (+ strand) contains internal stop codons. Phase 2 of sequence is used instead.
Gene 1076_g (- strand) contains internal stop codons. Phase 3 of sequence is used instead.
Gene 1081_g (+ strand) contains internal stop codons. Phase 2 of sequence is used instead.
Gene 1082_g (+ strand) contains internal stop codons. Phase 2 of sequence is used instead.
Gene 1085_g (+ strand) contains internal stop codons. Phase 2 of sequence is used instead.
Gene 1086_g (+ strand) contains internal stop codons. Phase 2 of sequence is used instead.
Gene 1087_g (- strand) contains internal stop codons. Phase 2 of sequence is used instead.
Gene 1088_g (+ strand) contains internal stop codons. Phase 3 of sequence is used instead.
Gene 1095_g (+ strand) contains internal stop codons. Phase 2 of sequence is used instead.
Gene 1098_g (+ strand) contains internal stop codons. Phase 2 of sequence is used instead.
Gene 1105_g (+ strand) contains internal stop codons. Phase 2 of sequence is used instead.
Gene 1106_g (+ strand) contains internal stop codons. Phase 3 of sequence is used instead.
Gene 1109_g (- strand) contains internal stop codons. Phase 3 of sequence is used instead.
Gene 1113_g (- strand) contains internal stop codons. Phase 2 of sequence is used instead.
Gene 1116_g (+ strand) contains internal stop codons. Phase 3 of sequence is used instead.
Gene 1117_g (+ strand) contains internal stop codons. Phase 2 of sequence is used instead.
Gene 1118_g (+ strand) contains internal stop codons. Phase 2 of sequence is used instead.
Gene 1122_g (- strand) contains internal stop codons. Phase 2 of sequence is used instead.
Gene 1127_g (- strand) contains internal stop codons. Phase 3 of sequence is used instead.
Gene 1131_g (- strand) contains internal stop codons. Phase 3 of sequence is used instead.
Gene 1132_g (+ strand) contains internal stop codons. Phase 2 of sequence is used instead.
Gene 1133_g (+ strand) contains internal stop codons. Phase 3 of sequence is used instead.
Gene 1135_g (- strand) contains internal stop codons. Phase 3 of sequence is used instead.
Gene 1140_g (- strand) contains internal stop codons. Phase 3 of sequence is used instead.
Gene 1149_g (- strand) contains internal stop codons. Phase 2 of sequence is used instead.
Gene 1150_g (- strand) contains internal stop codons. Phase 3 of sequence is used instead.
Gene 1155_g (+ strand) contains internal stop codons. Phase 2 of sequence is used instead.
Gene 1156_g (- strand) contains internal stop codons. Phase 2 of sequence is used instead.
Gene 1157_g (+ strand) contains internal stop codons. Phase 2 of sequence is used instead.
Gene 1158_g (- strand) contains internal stop codons. Phase 3 of sequence is used instead.
Gene 1159_g (- strand) contains internal stop codons. Phase 3 of sequence is used instead.
Gene 1160_g (+ strand) contains internal stop codons. Phase 2 of sequence is used instead.
Gene 1161_g (+ strand) contains internal stop codons. Phase 2 of sequence is used instead.
Gene 1169_g (- strand) contains internal stop codons. Phase 2 of sequence is used instead.
Gene 1170_g (+ strand) contains internal stop codons. Phase 2 of sequence is used instead.
Gene 1172_g (+ strand) contains internal stop codons. Phase 2 of sequence is used instead.
Gene 1180_g (- strand) contains internal stop codons. Phase 3 of sequence is used instead.
Gene 1182_g (+ strand) contains internal stop codons. Phase 2 of sequence is used instead.
Gene 1186_g (- strand) contains internal stop codons. Phase 2 of sequence is used instead.
Gene 1187_g (- strand) contains internal stop codons. Phase 2 of sequence is used instead.
Gene 1188_g (- strand) contains internal stop codons. Phase 2 of sequence is used instead.
Gene 1189_g (- strand) contains internal stop codons. Phase 2 of sequence is used instead.
Gene 1190_g (+ strand) contains internal stop codons. Phase 3 of sequence is used instead.
Gene 1192_g (+ strand) contains internal stop codons. Phase 2 of sequence is used instead.
Gene 1195_g (+ strand) contains internal stop codons. Phase 2 of sequence is used instead.
Gene 1196_g (+ strand) contains internal stop codons. Phase 2 of sequence is used instead.
Gene 1201_g (+ strand) contains internal stop codons. Phase 2 of sequence is used instead.
Gene 1210_g (+ strand) contains internal stop codons. Phase 3 of sequence is used instead.
Gene 1212_g (- strand) contains internal stop codons. Phase 3 of sequence is used instead.
Gene 1214_g (- strand) contains internal stop codons. Phase 3 of sequence is used instead.
Gene 1215_g (+ strand) contains internal stop codons. Phase 3 of sequence is used instead.
Gene 1217_g (- strand) contains internal stop codons. Phase 2 of sequence is used instead.
Gene 1218_g (- strand) contains internal stop codons. Phase 2 of sequence is used instead.
Gene 1221_g (- strand) contains internal stop codons. Phase 2 of sequence is used instead.
Gene 1228_g (+ strand) contains internal stop codons. Phase 2 of sequence is used instead.
Gene 1229_g (+ strand) contains internal stop codons. Phase 3 of sequence is used instead.
Gene 1230_g (- strand) contains internal stop codons. Phase 2 of sequence is used instead.
Gene 1231_g (- strand) contains internal stop codons. Phase 2 of sequence is used instead.
Gene 1232_g (- strand) contains internal stop codons. Phase 2 of sequence is used instead.
Gene 1233_g (- strand) contains internal stop codons. Phase 2 of sequence is used instead.
Gene 1241_g (- strand) contains internal stop codons. Phase 2 of sequence is used instead.
Gene 1242_g (+ strand) contains internal stop codons. Phase 2 of sequence is used instead.
Gene 1244_g (+ strand) contains internal stop codons. Phase 2 of sequence is used instead.
Gene 1251_g (+ strand) contains internal stop codons. Phase 2 of sequence is used instead.
Gene 1252_g (+ strand) contains internal stop codons. Phase 2 of sequence is used instead.
Gene 1256_g (+ strand) contains internal stop codons. Phase 2 of sequence is used instead.
Gene 1257_g (+ strand) contains internal stop codons. Phase 2 of sequence is used instead.
Gene 1262_g (+ strand) contains internal stop codons. Phase 3 of sequence is used instead.
Gene 1263_g (- strand) contains internal stop codons. Phase 2 of sequence is used instead.
Gene 1274_g (- strand) contains internal stop codons. Phase 2 of sequence is used instead.
Gene 1275_g (- strand) contains internal stop codons. Phase 2 of sequence is used instead.
Gene 1278_g (+ strand) contains internal stop codons. Phase 2 of sequence is used instead.
Gene 1279_g (- strand) contains internal stop codons. Phase 2 of sequence is used instead.
Gene 1282_g (- strand) contains internal stop codons. Phase 3 of sequence is used instead.
Gene 1283_g (+ strand) contains internal stop codons. Phase 2 of sequence is used instead.
Gene 1289_g (- strand) contains internal stop codons. Phase 3 of sequence is used instead.
Gene 1290_g (+ strand) contains internal stop codons. Phase 2 of sequence is used instead.
Gene 1292_g (+ strand) contains internal stop codons. Phase 3 of sequence is used instead.
Gene 1293_g (- strand) contains internal stop codons. Phase 3 of sequence is used instead.
Gene 1294_g (+ strand) contains internal stop codons. Phase 3 of sequence is used instead.
Gene 1296_g (- strand) contains internal stop codons. Phase 3 of sequence is used instead.
Gene 1297_g (- strand) contains internal stop codons. Phase 3 of sequence is used instead.
Gene 1298_g (+ strand) contains internal stop codons. Phase 2 of sequence is used instead.
Gene 1300_g (+ strand) contains internal stop codons. Phase 2 of sequence is used instead.
Gene 1302_g (- strand) contains internal stop codons. Phase 3 of sequence is used instead.
Gene 1303_g (+ strand) contains internal stop codons. Phase 2 of sequence is used instead.
Gene 1304_g (- strand) contains internal stop codons. Phase 3 of sequence is used instead.
Gene 1305_g (+ strand) contains internal stop codons. Phase 2 of sequence is used instead.
Gene 1308_g (- strand) contains internal stop codons. Phase 2 of sequence is used instead.
Gene 1309_g (+ strand) contains internal stop codons. Phase 2 of sequence is used instead.
Gene 1312_g (+ strand) contains internal stop codons. Phase 3 of sequence is used instead.
Gene 1314_g (- strand) contains internal stop codons. Phase 2 of sequence is used instead.
Gene 1318_g (- strand) contains internal stop codons. Phase 3 of sequence is used instead.
Gene 1322_g (- strand) contains internal stop codons. Phase 2 of sequence is used instead.
Gene 1324_g (- strand) contains internal stop codons. Phase 2 of sequence is used instead.
Gene 1325_g (- strand) contains internal stop codons. Phase 3 of sequence is used instead.
Gene 1327_g (- strand) contains internal stop codons. Phase 2 of sequence is used instead.
Gene 1328_g (- strand) contains internal stop codons. Phase 2 of sequence is used instead.
Gene 1329_g (- strand) contains internal stop codons. Phase 2 of sequence is used instead.
Gene 1330_g (+ strand) contains internal stop codons. Phase 2 of sequence is used instead.
Gene 1333_g (+ strand) contains internal stop codons. Phase 2 of sequence is used instead.
Gene 1334_g (- strand) contains internal stop codons. Phase 2 of sequence is used instead.
Gene 1336_g (+ strand) contains internal stop codons. Phase 2 of sequence is used instead.
Gene 1339_g (+ strand) contains internal stop codons. Phase 2 of sequence is used instead.
Gene 1341_g (- strand) contains internal stop codons. Phase 3 of sequence is used instead.
Gene 1344_g (+ strand) contains internal stop codons. Phase 2 of sequence is used instead.
Gene 1346_g (+ strand) contains internal stop codons. Phase 2 of sequence is used instead.
Gene 1347_g (+ strand) contains internal stop codons. Phase 2 of sequence is used instead.
Gene 1349_g (+ strand) contains internal stop codons. Phase 3 of sequence is used instead.
Gene 1359_g (- strand) contains internal stop codons. Phase 3 of sequence is used instead.
Gene 1360_g (- strand) contains internal stop codons. Phase 2 of sequence is used instead.
Gene 1368_g (- strand) contains internal stop codons. Phase 2 of sequence is used instead.
Gene 1372_g (- strand) contains internal stop codons. Phase 2 of sequence is used instead.
Gene 1380_g (+ strand) contains internal stop codons. Phase 2 of sequence is used instead.
Gene 1381_g (+ strand) contains internal stop codons. Phase 2 of sequence is used instead.
Gene 1386_g (- strand) contains internal stop codons. Phase 3 of sequence is used instead.
Gene 1391_g (- strand) contains internal stop codons. Phase 2 of sequence is used instead.
Gene 1393_g (+ strand) contains internal stop codons. Phase 2 of sequence is used instead.
Gene 1394_g (+ strand) contains internal stop codons. Phase 2 of sequence is used instead.
Gene 1395_g (+ strand) contains internal stop codons. Phase 2 of sequence is used instead.
Gene 1396_g (+ strand) contains internal stop codons. Phase 3 of sequence is used instead.
Gene 1398_g (- strand) contains internal stop codons. Phase 2 of sequence is used instead.
Gene 1399_g (+ strand) contains internal stop codons. Phase 2 of sequence is used instead.
Gene 1400_g (+ strand) contains internal stop codons. Phase 2 of sequence is used instead.
Gene 1403_g (- strand) contains internal stop codons. Phase 2 of sequence is used instead.
Gene 1409_g (+ strand) contains internal stop codons. Phase 2 of sequence is used instead.
Gene 1411_g (- strand) contains internal stop codons. Phase 2 of sequence is used instead.
Gene 1417_g (- strand) contains internal stop codons. Phase 2 of sequence is used instead.
Gene 1420_g (- strand) contains internal stop codons. Phase 3 of sequence is used instead.
Gene 1422_g (+ strand) contains internal stop codons. Phase 2 of sequence is used instead.
Gene 1423_g (- strand) contains internal stop codons. Phase 2 of sequence is used instead.
Gene 1426_g (- strand) contains internal stop codons. Phase 2 of sequence is used instead.
Gene 1430_g (- strand) contains internal stop codons. Phase 2 of sequence is used instead.
Gene 1435_g (- strand) contains internal stop codons. Phase 2 of sequence is used instead.
Gene 1436_g (+ strand) contains internal stop codons. Phase 3 of sequence is used instead.
Gene 1437_g (- strand) contains internal stop codons. Phase 2 of sequence is used instead.
Gene 1440_g (- strand) contains internal stop codons. Phase 2 of sequence is used instead.
Gene 1441_g (+ strand) contains internal stop codons. Phase 3 of sequence is used instead.
Gene 1442_g (- strand) contains internal stop codons. Phase 3 of sequence is used instead.
Gene 1443_g (+ strand) contains internal stop codons. Phase 3 of sequence is used instead.
Gene 1444_g (- strand) contains internal stop codons. Phase 2 of sequence is used instead.
Gene 1446_g (+ strand) contains internal stop codons. Phase 3 of sequence is used instead.
Gene 1457_g (- strand) contains internal stop codons. Phase 2 of sequence is used instead.
Gene 1458_g (- strand) contains internal stop codons. Phase 2 of sequence is used instead.
Gene 1459_g (+ strand) contains internal stop codons. Phase 2 of sequence is used instead.
Gene 1460_g (- strand) contains internal stop codons. Phase 3 of sequence is used instead.
Gene 1461_g (- strand) contains internal stop codons. Phase 2 of sequence is used instead.
Gene 1462_g (+ strand) contains internal stop codons. Phase 3 of sequence is used instead.
Gene 1466_g (- strand) contains internal stop codons. Phase 2 of sequence is used instead.
Gene 1467_g (- strand) contains internal stop codons. Phase 2 of sequence is used instead.
Gene 1469_g (- strand) contains internal stop codons. Phase 2 of sequence is used instead.
Gene 1476_g (- strand) contains internal stop codons. Phase 2 of sequence is used instead.
Gene 1481_g (- strand) contains internal stop codons. Phase 2 of sequence is used instead.
Gene 1482_g (+ strand) contains internal stop codons. Phase 3 of sequence is used instead.
Gene 1487_g (+ strand) contains internal stop codons. Phase 3 of sequence is used instead.
Gene 1488_g (- strand) contains internal stop codons. Phase 2 of sequence is used instead.
Gene 1492_g (- strand) contains internal stop codons. Phase 3 of sequence is used instead.
Gene 1495_g (- strand) contains internal stop codons. Phase 3 of sequence is used instead.
Gene 1499_g (- strand) contains internal stop codons. Phase 3 of sequence is used instead.
Gene 1500_g (+ strand) contains internal stop codons. Phase 2 of sequence is used instead.
Gene 1501_g (- strand) contains internal stop codons. Phase 2 of sequence is used instead.
Gene 1502_g (- strand) contains internal stop codons. Phase 2 of sequence is used instead.
Gene 1504_g (- strand) contains internal stop codons. Phase 2 of sequence is used instead.
Gene 1505_g (- strand) contains internal stop codons. Phase 3 of sequence is used instead.
Gene 1506_g (- strand) contains internal stop codons. Phase 2 of sequence is used instead.
Gene 1509_g (+ strand) contains internal stop codons. Phase 2 of sequence is used instead.
Gene 1512_g (- strand) contains internal stop codons. Phase 2 of sequence is used instead.
Gene 1516_g (+ strand) contains internal stop codons. Phase 2 of sequence is used instead.
Gene 1524_g (- strand) contains internal stop codons. Phase 2 of sequence is used instead.
Gene 1528_g (+ strand) contains internal stop codons. Phase 2 of sequence is used instead.
Gene 1530_g (+ strand) contains internal stop codons. Phase 3 of sequence is used instead.
Gene 1531_g (+ strand) contains internal stop codons. Phase 2 of sequence is used instead.
Gene 1540_g (+ strand) contains internal stop codons. Phase 2 of sequence is used instead.
Gene 1541_g (- strand) contains internal stop codons. Phase 2 of sequence is used instead.
Gene 1550_g (+ strand) contains internal stop codons. Phase 3 of sequence is used instead.
Gene 1552_g (- strand) contains internal stop codons. Phase 2 of sequence is used instead.
Gene 1555_g (- strand) contains internal stop codons. Phase 2 of sequence is used instead.
Gene 1556_g (+ strand) contains internal stop codons. Phase 2 of sequence is used instead.
Gene 1558_g (- strand) contains internal stop codons. Phase 3 of sequence is used instead.
Gene 1560_g (- strand) contains internal stop codons. Phase 3 of sequence is used instead.
Gene 1561_g (+ strand) contains internal stop codons. Phase 2 of sequence is used instead.
Gene 1562_g (- strand) contains internal stop codons. Phase 2 of sequence is used instead.
Gene 1566_g (- strand) contains internal stop codons. Phase 3 of sequence is used instead.
Gene 1568_g (- strand) contains internal stop codons. Phase 3 of sequence is used instead.
Gene 1572_g (- strand) contains internal stop codons. Phase 3 of sequence is used instead.
Gene 1573_g (+ strand) contains internal stop codons. Phase 2 of sequence is used instead.
Gene 1575_g (- strand) contains internal stop codons. Phase 2 of sequence is used instead.
Gene 1577_g (+ strand) contains internal stop codons. Phase 2 of sequence is used instead.
Gene 1578_g (- strand) contains internal stop codons. Phase 2 of sequence is used instead.
Gene 1580_g (+ strand) contains internal stop codons. Phase 2 of sequence is used instead.
Gene 1587_g (- strand) contains internal stop codons. Phase 2 of sequence is used instead.
Gene 1590_g (+ strand) contains internal stop codons. Phase 2 of sequence is used instead.
Gene 1591_g (- strand) contains internal stop codons. Phase 2 of sequence is used instead.
Gene 1593_g (- strand) contains internal stop codons. Phase 3 of sequence is used instead.
Gene 1594_g (- strand) contains internal stop codons. Phase 2 of sequence is used instead.
Gene 1595_g (+ strand) contains internal stop codons. Phase 2 of sequence is used instead.
Gene 1596_g (+ strand) contains internal stop codons. Phase 2 of sequence is used instead.
Gene 1599_g (+ strand) contains internal stop codons. Phase 3 of sequence is used instead.
Gene 1602_g (+ strand) contains internal stop codons. Phase 2 of sequence is used instead.
Gene 1606_g (+ strand) contains internal stop codons. Phase 2 of sequence is used instead.
Gene 1608_g (- strand) contains internal stop codons. Phase 2 of sequence is used instead.
Gene 1609_g (+ strand) contains internal stop codons. Phase 2 of sequence is used instead.
Gene 1612_g (- strand) contains internal stop codons. Phase 2 of sequence is used instead.
Gene 1613_g (+ strand) contains internal stop codons. Phase 2 of sequence is used instead.
Gene 1615_g (- strand) contains internal stop codons. Phase 2 of sequence is used instead.
Gene 1617_g (+ strand) contains internal stop codons. Phase 3 of sequence is used instead.
Gene 1620_g (+ strand) contains internal stop codons. Phase 2 of sequence is used instead.
Gene 1621_g (+ strand) contains internal stop codons. Phase 2 of sequence is used instead.
Gene 1622_g (- strand) contains internal stop codons. Phase 2 of sequence is used instead.
Gene 1623_g (+ strand) contains internal stop codons. Phase 3 of sequence is used instead.
Gene 1624_g (- strand) contains internal stop codons. Phase 3 of sequence is used instead.
Gene 1625_g (- strand) contains internal stop codons. Phase 3 of sequence is used instead.
Gene 1626_g (+ strand) contains internal stop codons. Phase 2 of sequence is used instead.
Gene 1628_g (- strand) contains internal stop codons. Phase 2 of sequence is used instead.
Gene 1629_g (+ strand) contains internal stop codons. Phase 2 of sequence is used instead.
Gene 1633_g (- strand) contains internal stop codons. Phase 3 of sequence is used instead.
Gene 1635_g (- strand) contains internal stop codons. Phase 3 of sequence is used instead.
Gene 1639_g (- strand) contains internal stop codons. Phase 3 of sequence is used instead.
Gene 1644_g (- strand) contains internal stop codons. Phase 3 of sequence is used instead.
Gene 1645_g (- strand) contains internal stop codons. Phase 3 of sequence is used instead.
Gene 1646_g (+ strand) contains internal stop codons. Phase 2 of sequence is used instead.
Gene 1647_g (+ strand) contains internal stop codons. Phase 2 of sequence is used instead.
Gene 1648_g (+ strand) contains internal stop codons. Phase 2 of sequence is used instead.
Gene 1649_g (- strand) contains internal stop codons. Phase 2 of sequence is used instead.
Gene 1650_g (- strand) contains internal stop codons. Phase 3 of sequence is used instead.
Gene 1651_g (+ strand) contains internal stop codons. Phase 2 of sequence is used instead.
Gene 1653_g (- strand) contains internal stop codons. Phase 2 of sequence is used instead.
Gene 1654_g (- strand) contains internal stop codons. Phase 2 of sequence is used instead.
Gene 1655_g (+ strand) contains internal stop codons. Phase 3 of sequence is used instead.
Gene 1661_g (- strand) contains internal stop codons. Phase 3 of sequence is used instead.
Gene 1662_g (+ strand) contains internal stop codons. Phase 3 of sequence is used instead.
Gene 1663_g (+ strand) contains internal stop codons. Phase 2 of sequence is used instead.
Gene 1665_g (+ strand) contains internal stop codons. Phase 2 of sequence is used instead.
Gene 1670_g (+ strand) contains internal stop codons. Phase 2 of sequence is used instead.
Gene 1672_g (+ strand) contains internal stop codons. Phase 3 of sequence is used instead.
Gene 1673_g (+ strand) contains internal stop codons. Phase 2 of sequence is used instead.
Gene 1675_g (- strand) contains internal stop codons. Phase 3 of sequence is used instead.
Gene 1676_g (+ strand) contains internal stop codons. Phase 3 of sequence is used instead.
Gene 1677_g (- strand) contains internal stop codons. Phase 2 of sequence is used instead.
Gene 1678_g (+ strand) contains internal stop codons. Phase 2 of sequence is used instead.
Gene 1681_g (- strand) contains internal stop codons. Phase 2 of sequence is used instead.
Gene 1682_g (+ strand) contains internal stop codons. Phase 2 of sequence is used instead.
Gene 1686_g (+ strand) contains internal stop codons. Phase 3 of sequence is used instead.
Gene 1687_g (- strand) contains internal stop codons. Phase 2 of sequence is used instead.
Gene 1689_g (- strand) contains internal stop codons. Phase 2 of sequence is used instead.
Gene 1690_g (- strand) contains internal stop codons. Phase 2 of sequence is used instead.
Gene 1691_g (+ strand) contains internal stop codons. Phase 2 of sequence is used instead.
Gene 1692_g (+ strand) contains internal stop codons. Phase 3 of sequence is used instead.
Gene 1695_g (+ strand) contains internal stop codons. Phase 3 of sequence is used instead.
Gene 1696_g (+ strand) contains internal stop codons. Phase 3 of sequence is used instead.
Gene 1701_g (+ strand) contains internal stop codons. Phase 2 of sequence is used instead.
Gene 1702_g (+ strand) contains internal stop codons. Phase 2 of sequence is used instead.
Gene 1703_g (+ strand) contains internal stop codons. Phase 3 of sequence is used instead.
Gene 1706_g (- strand) contains internal stop codons. Phase 3 of sequence is used instead.
Gene 1708_g (- strand) contains internal stop codons. Phase 2 of sequence is used instead.
Gene 1710_g (- strand) contains internal stop codons. Phase 3 of sequence is used instead.
Gene 1711_g (+ strand) contains internal stop codons. Phase 3 of sequence is used instead.
Gene 1717_g (- strand) contains internal stop codons. Phase 2 of sequence is used instead.
Gene 1719_g (- strand) contains internal stop codons. Phase 2 of sequence is used instead.
Gene 1721_g (- strand) contains internal stop codons. Phase 2 of sequence is used instead.
Gene 1722_g (- strand) contains internal stop codons. Phase 3 of sequence is used instead.
Gene 1723_g (- strand) contains internal stop codons. Phase 2 of sequence is used instead.
Gene 1728_g (- strand) contains internal stop codons. Phase 2 of sequence is used instead.
Gene 1731_g (+ strand) contains internal stop codons. Phase 2 of sequence is used instead.
Gene 1736_g (- strand) contains internal stop codons. Phase 2 of sequence is used instead.
Gene 1738_g (- strand) contains internal stop codons. Phase 3 of sequence is used instead.
Gene 1739_g (+ strand) contains internal stop codons. Phase 2 of sequence is used instead.
Gene 1740_g (- strand) contains internal stop codons. Phase 2 of sequence is used instead.
Gene 1743_g (- strand) contains internal stop codons. Phase 2 of sequence is used instead.
Gene 1747_g (+ strand) contains internal stop codons. Phase 2 of sequence is used instead.
Gene 1748_g (- strand) contains internal stop codons. Phase 3 of sequence is used instead.
Gene 1752_g (- strand) contains internal stop codons. Phase 2 of sequence is used instead.
Gene 1753_g (- strand) contains internal stop codons. Phase 2 of sequence is used instead.
Gene 1754_g (+ strand) contains internal stop codons. Phase 2 of sequence is used instead.
Gene 1757_g (- strand) contains internal stop codons. Phase 2 of sequence is used instead.
Gene 1763_g (- strand) contains internal stop codons. Phase 2 of sequence is used instead.
Gene 1765_g (- strand) contains internal stop codons. Phase 2 of sequence is used instead.
Gene 1766_g (- strand) contains internal stop codons. Phase 3 of sequence is used instead.
Gene 1767_g (- strand) contains internal stop codons. Phase 2 of sequence is used instead.
Gene 1769_g (- strand) contains internal stop codons. Phase 2 of sequence is used instead.
Gene 1771_g (- strand) contains internal stop codons. Phase 3 of sequence is used instead.
Gene 1772_g (- strand) contains internal stop codons. Phase 2 of sequence is used instead.
Gene 1775_g (- strand) contains internal stop codons. Phase 2 of sequence is used instead.
Gene 1777_g (- strand) contains internal stop codons. Phase 2 of sequence is used instead.
Gene 1780_g (- strand) contains internal stop codons. Phase 2 of sequence is used instead.
Gene 1781_g (+ strand) contains internal stop codons. Phase 2 of sequence is used instead.
Gene 1782_g (+ strand) contains internal stop codons. Phase 2 of sequence is used instead.
Gene 1783_g (- strand) contains internal stop codons. Phase 2 of sequence is used instead.
Gene 1787_g (- strand) contains internal stop codons. Phase 2 of sequence is used instead.
Gene 1788_g (+ strand) contains internal stop codons. Phase 2 of sequence is used instead.
Gene 1789_g (+ strand) contains internal stop codons. Phase 3 of sequence is used instead.
Gene 1791_g (+ strand) contains internal stop codons. Phase 3 of sequence is used instead.
Gene 1792_g (- strand) contains internal stop codons. Phase 2 of sequence is used instead.
Gene 1793_g (- strand) contains internal stop codons. Phase 2 of sequence is used instead.
Gene 1794_g (+ strand) contains internal stop codons. Phase 3 of sequence is used instead.
Gene 1795_g (+ strand) contains internal stop codons. Phase 2 of sequence is used instead.
Gene 1799_g (+ strand) contains internal stop codons. Phase 3 of sequence is used instead.
Gene 1801_g (+ strand) contains internal stop codons. Phase 3 of sequence is used instead.
Gene 1803_g (- strand) contains internal stop codons. Phase 2 of sequence is used instead.
Gene 1805_g (- strand) contains internal stop codons. Phase 2 of sequence is used instead.
Gene 1806_g (- strand) contains internal stop codons. Phase 3 of sequence is used instead.
Gene 1811_g (- strand) contains internal stop codons. Phase 2 of sequence is used instead.
Gene 1812_g (- strand) contains internal stop codons. Phase 3 of sequence is used instead.
Gene 1816_g (- strand) contains internal stop codons. Phase 2 of sequence is used instead.
Gene 1831_g (+ strand) contains internal stop codons. Phase 2 of sequence is used instead.
Gene 1835_g (- strand) contains internal stop codons. Phase 2 of sequence is used instead.
Gene 1837_g (+ strand) contains internal stop codons. Phase 2 of sequence is used instead.
Gene 1842_g (- strand) contains internal stop codons. Phase 2 of sequence is used instead.
Gene 1844_g (- strand) contains internal stop codons. Phase 3 of sequence is used instead.
Gene 1845_g (+ strand) contains internal stop codons. Phase 3 of sequence is used instead.
Gene 1846_g (- strand) contains internal stop codons. Phase 2 of sequence is used instead.
Gene 1847_g (- strand) contains internal stop codons. Phase 2 of sequence is used instead.
Gene 1848_g (+ strand) contains internal stop codons. Phase 3 of sequence is used instead.
Gene 1851_g (+ strand) contains internal stop codons. Phase 2 of sequence is used instead.
Gene 1855_g (- strand) contains internal stop codons. Phase 3 of sequence is used instead.
Gene 1856_g (+ strand) contains internal stop codons. Phase 3 of sequence is used instead.
Gene 1857_g (- strand) contains internal stop codons. Phase 2 of sequence is used instead.
Gene 1858_g (+ strand) contains internal stop codons. Phase 3 of sequence is used instead.
Gene 1859_g (+ strand) contains internal stop codons. Phase 2 of sequence is used instead.
Gene 1863_g (+ strand) contains internal stop codons. Phase 2 of sequence is used instead.
Gene 1866_g (- strand) contains internal stop codons. Phase 3 of sequence is used instead.
Gene 1870_g (+ strand) contains internal stop codons. Phase 2 of sequence is used instead.
Gene 1871_g (- strand) contains internal stop codons. Phase 2 of sequence is used instead.
Gene 1872_g (- strand) contains internal stop codons. Phase 2 of sequence is used instead.
Gene 1873_g (+ strand) contains internal stop codons. Phase 2 of sequence is used instead.
Gene 1874_g (- strand) contains internal stop codons. Phase 3 of sequence is used instead.
Gene 1880_g (- strand) contains internal stop codons. Phase 2 of sequence is used instead.
Gene 1881_g (- strand) contains internal stop codons. Phase 2 of sequence is used instead.
Gene 1884_g (+ strand) contains internal stop codons. Phase 3 of sequence is used instead.
Gene 1887_g (- strand) contains internal stop codons. Phase 2 of sequence is used instead.
Gene 1892_g (- strand) contains internal stop codons. Phase 2 of sequence is used instead.
Gene 1893_g (+ strand) contains internal stop codons. Phase 2 of sequence is used instead.
Gene 1894_g (- strand) contains internal stop codons. Phase 2 of sequence is used instead.
Gene 1895_g (+ strand) contains internal stop codons. Phase 3 of sequence is used instead.
Gene 1896_g (- strand) contains internal stop codons. Phase 2 of sequence is used instead.
Gene 1897_g (+ strand) contains internal stop codons. Phase 3 of sequence is used instead.
Gene 1898_g (- strand) contains internal stop codons. Phase 3 of sequence is used instead.
Gene 1907_g (- strand) contains internal stop codons. Phase 2 of sequence is used instead.
Gene 1909_g (+ strand) contains internal stop codons. Phase 2 of sequence is used instead.
Gene 1910_g (- strand) contains internal stop codons. Phase 3 of sequence is used instead.
Gene 1914_g (+ strand) contains internal stop codons. Phase 3 of sequence is used instead.
Gene 1915_g (- strand) contains internal stop codons. Phase 2 of sequence is used instead.
Gene 1916_g (+ strand) contains internal stop codons. Phase 2 of sequence is used instead.
Gene 1918_g (- strand) contains internal stop codons. Phase 3 of sequence is used instead.
Gene 1919_g (+ strand) contains internal stop codons. Phase 3 of sequence is used instead.
Gene 1920_g (+ strand) contains internal stop codons. Phase 3 of sequence is used instead.
Gene 1921_g (+ strand) contains internal stop codons. Phase 3 of sequence is used instead.
Gene 1922_g (+ strand) contains internal stop codons. Phase 2 of sequence is used instead.
Gene 1925_g (- strand) contains internal stop codons. Phase 3 of sequence is used instead.
Gene 1927_g (+ strand) contains internal stop codons. Phase 3 of sequence is used instead.
Gene 1929_g (- strand) contains internal stop codons. Phase 3 of sequence is used instead.
Gene 1930_g (+ strand) contains internal stop codons. Phase 2 of sequence is used instead.
Gene 1936_g (+ strand) contains internal stop codons. Phase 2 of sequence is used instead.
Gene 1939_g (+ strand) contains internal stop codons. Phase 2 of sequence is used instead.
Gene 1942_g (+ strand) contains internal stop codons. Phase 2 of sequence is used instead.
Gene 1944_g (- strand) contains internal stop codons. Phase 3 of sequence is used instead.
Gene 1946_g (- strand) contains internal stop codons. Phase 2 of sequence is used instead.
Gene 1947_g (- strand) contains internal stop codons. Phase 2 of sequence is used instead.
Gene 1949_g (- strand) contains internal stop codons. Phase 3 of sequence is used instead.
Gene 1952_g (- strand) contains internal stop codons. Phase 3 of sequence is used instead.
Gene 1953_g (+ strand) contains internal stop codons. Phase 3 of sequence is used instead.
Gene 1958_g (- strand) contains internal stop codons. Phase 2 of sequence is used instead.
Gene 1960_g (+ strand) contains internal stop codons. Phase 2 of sequence is used instead.
Gene 1971_g (- strand) contains internal stop codons. Phase 3 of sequence is used instead.
Gene 1973_g (+ strand) contains internal stop codons. Phase 2 of sequence is used instead.
Gene 1974_g (+ strand) contains internal stop codons. Phase 2 of sequence is used instead.
Gene 1975_g (+ strand) contains internal stop codons. Phase 3 of sequence is used instead.
Gene 1978_g (+ strand) contains internal stop codons. Phase 2 of sequence is used instead.
Gene 1980_g (+ strand) contains internal stop codons. Phase 2 of sequence is used instead.
Gene 1983_g (+ strand) contains internal stop codons. Phase 2 of sequence is used instead.
Gene 1988_g (- strand) contains internal stop codons. Phase 2 of sequence is used instead.
Gene 1991_g (- strand) contains internal stop codons. Phase 3 of sequence is used instead.
Gene 1993_g (+ strand) contains internal stop codons. Phase 2 of sequence is used instead.
Gene 2001_g (+ strand) contains internal stop codons. Phase 3 of sequence is used instead.
Gene 2002_g (- strand) contains internal stop codons. Phase 2 of sequence is used instead.
Gene 2004_g (- strand) contains internal stop codons. Phase 2 of sequence is used instead.
Gene 2005_g (- strand) contains internal stop codons. Phase 3 of sequence is used instead.
Gene 2012_g (- strand) contains internal stop codons. Phase 2 of sequence is used instead.
Gene 2016_g (- strand) contains internal stop codons. Phase 2 of sequence is used instead.
Gene 2017_g (+ strand) contains internal stop codons. Phase 3 of sequence is used instead.
Gene 2024_g (+ strand) contains internal stop codons. Phase 3 of sequence is used instead.
Gene 2029_g (- strand) contains internal stop codons. Phase 3 of sequence is used instead.
Gene 2030_g (+ strand) contains internal stop codons. Phase 2 of sequence is used instead.
Gene 2031_g (+ strand) contains internal stop codons. Phase 2 of sequence is used instead.
Gene 2032_g (+ strand) contains internal stop codons. Phase 3 of sequence is used instead.
Gene 2033_g (- strand) contains internal stop codons. Phase 2 of sequence is used instead.
Gene 2034_g (+ strand) contains internal stop codons. Phase 2 of sequence is used instead.
Gene 2035_g (+ strand) contains internal stop codons. Phase 2 of sequence is used instead.
Gene 2042_g (- strand) contains internal stop codons. Phase 2 of sequence is used instead.
Gene 2054_g (- strand) contains internal stop codons. Phase 3 of sequence is used instead.
Gene 2056_g (+ strand) contains internal stop codons. Phase 2 of sequence is used instead.
Gene 2057_g (+ strand) contains internal stop codons. Phase 2 of sequence is used instead.
Gene 2058_g (- strand) contains internal stop codons. Phase 2 of sequence is used instead.
Gene 2059_g (+ strand) contains internal stop codons. Phase 3 of sequence is used instead.
Gene 2060_g (+ strand) contains internal stop codons. Phase 2 of sequence is used instead.
Gene 2061_g (+ strand) contains internal stop codons. Phase 2 of sequence is used instead.
Gene 2070_g (+ strand) contains internal stop codons. Phase 3 of sequence is used instead.
Gene 2079_g (- strand) contains internal stop codons. Phase 2 of sequence is used instead.
Gene 2080_g (+ strand) contains internal stop codons. Phase 3 of sequence is used instead.
Gene 2084_g (+ strand) contains internal stop codons. Phase 2 of sequence is used instead.
Gene 2085_g (- strand) contains internal stop codons. Phase 2 of sequence is used instead.
Gene 2087_g (+ strand) contains internal stop codons. Phase 2 of sequence is used instead.
Gene 2088_g (- strand) contains internal stop codons. Phase 2 of sequence is used instead.
Gene 2090_g (- strand) contains internal stop codons. Phase 2 of sequence is used instead.
Gene 2092_g (+ strand) contains internal stop codons. Phase 2 of sequence is used instead.
Gene 2097_g (+ strand) contains internal stop codons. Phase 3 of sequence is used instead.
Gene 2098_g (- strand) contains internal stop codons. Phase 2 of sequence is used instead.
Gene 2102_g (- strand) contains internal stop codons. Phase 3 of sequence is used instead.
Gene 2105_g (+ strand) contains internal stop codons. Phase 2 of sequence is used instead.
Gene 2107_g (+ strand) contains internal stop codons. Phase 2 of sequence is used instead.
Gene 2115_g (- strand) contains internal stop codons. Phase 2 of sequence is used instead.
Gene 2117_g (- strand) contains internal stop codons. Phase 2 of sequence is used instead.
Gene 2119_g (- strand) contains internal stop codons. Phase 2 of sequence is used instead.
Gene 2120_g (+ strand) contains internal stop codons. Phase 2 of sequence is used instead.
Gene 2121_g (- strand) contains internal stop codons. Phase 2 of sequence is used instead.
Gene 2122_g (+ strand) contains internal stop codons. Phase 2 of sequence is used instead.
Gene 2123_g (- strand) contains internal stop codons. Phase 2 of sequence is used instead.
Gene 2125_g (+ strand) contains internal stop codons. Phase 3 of sequence is used instead.
Gene 2126_g (+ strand) contains internal stop codons. Phase 2 of sequence is used instead.
Gene 2128_g (- strand) contains internal stop codons. Phase 2 of sequence is used instead.
Gene 2129_g (- strand) contains internal stop codons. Phase 2 of sequence is used instead.
Gene 2132_g (+ strand) contains internal stop codons. Phase 2 of sequence is used instead.
Gene 2140_g (+ strand) contains internal stop codons. Phase 2 of sequence is used instead.
Gene 2144_g (+ strand) contains internal stop codons. Phase 2 of sequence is used instead.
Gene 2146_g (- strand) contains internal stop codons. Phase 3 of sequence is used instead.
Gene 2148_g (- strand) contains internal stop codons. Phase 2 of sequence is used instead.
Gene 2155_g (- strand) contains internal stop codons. Phase 3 of sequence is used instead.
Gene 2156_g (+ strand) contains internal stop codons. Phase 2 of sequence is used instead.
Gene 2157_g (- strand) contains internal stop codons. Phase 2 of sequence is used instead.
Gene 2160_g (+ strand) contains internal stop codons. Phase 2 of sequence is used instead.
Gene 2165_g (+ strand) contains internal stop codons. Phase 2 of sequence is used instead.
Gene 2168_g (- strand) contains internal stop codons. Phase 2 of sequence is used instead.
Gene 2170_g (- strand) contains internal stop codons. Phase 3 of sequence is used instead.
Gene 2171_g (+ strand) contains internal stop codons. Phase 3 of sequence is used instead.
Gene 2174_g (- strand) contains internal stop codons. Phase 2 of sequence is used instead.
Gene 2175_g (+ strand) contains internal stop codons. Phase 2 of sequence is used instead.
Gene 2176_g (- strand) contains internal stop codons. Phase 2 of sequence is used instead.
Gene 2180_g (+ strand) contains internal stop codons. Phase 2 of sequence is used instead.
Gene 2182_g (+ strand) contains internal stop codons. Phase 2 of sequence is used instead.
Gene 2186_g (+ strand) contains internal stop codons. Phase 2 of sequence is used instead.
Gene 2189_g (+ strand) contains internal stop codons. Phase 2 of sequence is used instead.
Gene 2191_g (+ strand) contains internal stop codons. Phase 2 of sequence is used instead.
Gene 2192_g (+ strand) contains internal stop codons. Phase 2 of sequence is used instead.
Gene 2194_g (- strand) contains internal stop codons. Phase 2 of sequence is used instead.
Gene 2199_g (+ strand) contains internal stop codons. Phase 2 of sequence is used instead.
Gene 2200_g (- strand) contains internal stop codons. Phase 3 of sequence is used instead.
Gene 2201_g (+ strand) contains internal stop codons. Phase 3 of sequence is used instead.
Gene 2202_g (+ strand) contains internal stop codons. Phase 3 of sequence is used instead.
Gene 2204_g (- strand) contains internal stop codons. Phase 2 of sequence is used instead.
Gene 2206_g (- strand) contains internal stop codons. Phase 2 of sequence is used instead.
Gene 2207_g (+ strand) contains internal stop codons. Phase 2 of sequence is used instead.
Gene 2209_g (+ strand) contains internal stop codons. Phase 2 of sequence is used instead.
Gene 2210_g (- strand) contains internal stop codons. Phase 2 of sequence is used instead.
Gene 2214_g (- strand) contains internal stop codons. Phase 3 of sequence is used instead.
Gene 2216_g (+ strand) contains internal stop codons. Phase 2 of sequence is used instead.
Gene 2219_g (+ strand) contains internal stop codons. Phase 2 of sequence is used instead.
Gene 2223_g (- strand) contains internal stop codons. Phase 2 of sequence is used instead.
Gene 2225_g (- strand) contains internal stop codons. Phase 3 of sequence is used instead.
Gene 2227_g (+ strand) contains internal stop codons. Phase 3 of sequence is used instead.
Gene 2228_g (- strand) contains internal stop codons. Phase 3 of sequence is used instead.
Gene 2230_g (- strand) contains internal stop codons. Phase 3 of sequence is used instead.
Gene 2235_g (+ strand) contains internal stop codons. Phase 2 of sequence is used instead.
Gene 2239_g (- strand) contains internal stop codons. Phase 3 of sequence is used instead.
Gene 2241_g (+ strand) contains internal stop codons. Phase 2 of sequence is used instead.
Gene 2242_g (- strand) contains internal stop codons. Phase 3 of sequence is used instead.
Gene 2243_g (- strand) contains internal stop codons. Phase 2 of sequence is used instead.
Gene 2244_g (+ strand) contains internal stop codons. Phase 2 of sequence is used instead.
Gene 2246_g (+ strand) contains internal stop codons. Phase 3 of sequence is used instead.
Gene 2248_g (- strand) contains internal stop codons. Phase 2 of sequence is used instead.
Gene 2250_g (+ strand) contains internal stop codons. Phase 2 of sequence is used instead.
Gene 2251_g (+ strand) contains internal stop codons. Phase 2 of sequence is used instead.
Gene 2252_g (- strand) contains internal stop codons. Phase 3 of sequence is used instead.
Gene 2254_g (- strand) contains internal stop codons. Phase 2 of sequence is used instead.
Gene 2256_g (+ strand) contains internal stop codons. Phase 2 of sequence is used instead.
Gene 2261_g (+ strand) contains internal stop codons. Phase 2 of sequence is used instead.
Gene 2263_g (+ strand) contains internal stop codons. Phase 2 of sequence is used instead.
Gene 2265_g (+ strand) contains internal stop codons. Phase 2 of sequence is used instead.
Gene 2266_g (- strand) contains internal stop codons. Phase 2 of sequence is used instead.
Gene 2267_g (- strand) contains internal stop codons. Phase 2 of sequence is used instead.
Gene 2268_g (- strand) contains internal stop codons. Phase 3 of sequence is used instead.
Gene 2272_g (+ strand) contains internal stop codons. Phase 2 of sequence is used instead.
Gene 2275_g (+ strand) contains internal stop codons. Phase 2 of sequence is used instead.
Gene 2276_g (+ strand) contains internal stop codons. Phase 3 of sequence is used instead.
Gene 2279_g (- strand) contains internal stop codons. Phase 2 of sequence is used instead.
Gene 2280_g (+ strand) contains internal stop codons. Phase 2 of sequence is used instead.
Gene 2285_g (+ strand) contains internal stop codons. Phase 3 of sequence is used instead.
Gene 2286_g (+ strand) contains internal stop codons. Phase 2 of sequence is used instead.
Gene 2288_g (- strand) contains internal stop codons. Phase 2 of sequence is used instead.
Gene 2290_g (- strand) contains internal stop codons. Phase 3 of sequence is used instead.
Gene 2293_g (- strand) contains internal stop codons. Phase 2 of sequence is used instead.
Gene 2294_g (- strand) contains internal stop codons. Phase 3 of sequence is used instead.
Gene 2299_g (- strand) contains internal stop codons. Phase 3 of sequence is used instead.
Gene 2302_g (+ strand) contains internal stop codons. Phase 2 of sequence is used instead.
Gene 2309_g (+ strand) contains internal stop codons. Phase 2 of sequence is used instead.
Gene 2311_g (+ strand) contains internal stop codons. Phase 2 of sequence is used instead.
Gene 2313_g (+ strand) contains internal stop codons. Phase 3 of sequence is used instead.
Gene 2318_g (- strand) contains internal stop codons. Phase 2 of sequence is used instead.
Gene 2323_g (+ strand) contains internal stop codons. Phase 3 of sequence is used instead.
Gene 2324_g (- strand) contains internal stop codons. Phase 2 of sequence is used instead.
Gene 2325_g (- strand) contains internal stop codons. Phase 2 of sequence is used instead.
Gene 2327_g (- strand) contains internal stop codons. Phase 3 of sequence is used instead.
Gene 2329_g (+ strand) contains internal stop codons. Phase 2 of sequence is used instead.
Gene 2330_g (- strand) contains internal stop codons. Phase 2 of sequence is used instead.
Gene 2331_g (+ strand) contains internal stop codons. Phase 3 of sequence is used instead.
Gene 2332_g (+ strand) contains internal stop codons. Phase 3 of sequence is used instead.
Gene 2338_g (- strand) contains internal stop codons. Phase 3 of sequence is used instead.
Gene 2339_g (+ strand) contains internal stop codons. Phase 3 of sequence is used instead.
Gene 2341_g (- strand) contains internal stop codons. Phase 3 of sequence is used instead.
Gene 2343_g (- strand) contains internal stop codons. Phase 3 of sequence is used instead.
Gene 2344_g (- strand) contains internal stop codons. Phase 3 of sequence is used instead.
Gene 2345_g (+ strand) contains internal stop codons. Phase 3 of sequence is used instead.
Gene 2346_g (+ strand) contains internal stop codons. Phase 3 of sequence is used instead.
Gene 2348_g (- strand) contains internal stop codons. Phase 3 of sequence is used instead.
Gene 2351_g (- strand) contains internal stop codons. Phase 3 of sequence is used instead.
Gene 2353_g (- strand) contains internal stop codons. Phase 2 of sequence is used instead.
Gene 2354_g (- strand) contains internal stop codons. Phase 2 of sequence is used instead.
Gene 2355_g (+ strand) contains internal stop codons. Phase 2 of sequence is used instead.
Gene 2356_g (- strand) contains internal stop codons. Phase 2 of sequence is used instead.
Gene 2358_g (+ strand) contains internal stop codons. Phase 2 of sequence is used instead.
Gene 2360_g (+ strand) contains internal stop codons. Phase 2 of sequence is used instead.
Gene 2367_g (- strand) contains internal stop codons. Phase 3 of sequence is used instead.
Gene 2368_g (+ strand) contains internal stop codons. Phase 2 of sequence is used instead.
Gene 2369_g (+ strand) contains internal stop codons. Phase 2 of sequence is used instead.
Gene 2376_g (+ strand) contains internal stop codons. Phase 3 of sequence is used instead.
Gene 2377_g (+ strand) contains internal stop codons. Phase 2 of sequence is used instead.
Gene 2379_g (+ strand) contains internal stop codons. Phase 2 of sequence is used instead.
Gene 2383_g (+ strand) contains internal stop codons. Phase 2 of sequence is used instead.
Gene 2385_g (- strand) contains internal stop codons. Phase 3 of sequence is used instead.
Gene 2386_g (+ strand) contains internal stop codons. Phase 3 of sequence is used instead.
Gene 2391_g (- strand) contains internal stop codons. Phase 3 of sequence is used instead.
Gene 2392_g (+ strand) contains internal stop codons. Phase 3 of sequence is used instead.
Gene 2393_g (- strand) contains internal stop codons. Phase 2 of sequence is used instead.
Gene 2396_g (+ strand) contains internal stop codons. Phase 2 of sequence is used instead.
Gene 2398_g (- strand) contains internal stop codons. Phase 2 of sequence is used instead.
Gene 2402_g (+ strand) contains internal stop codons. Phase 2 of sequence is used instead.
Gene 2403_g (- strand) contains internal stop codons. Phase 3 of sequence is used instead.
Gene 2404_g (- strand) contains internal stop codons. Phase 2 of sequence is used instead.
Gene 2405_g (- strand) contains internal stop codons. Phase 3 of sequence is used instead.
Gene 2407_g (- strand) contains internal stop codons. Phase 2 of sequence is used instead.
Gene 2409_g (- strand) contains internal stop codons. Phase 3 of sequence is used instead.
Gene 2410_g (- strand) contains internal stop codons. Phase 2 of sequence is used instead.
Gene 2413_g (+ strand) contains internal stop codons. Phase 2 of sequence is used instead.
Gene 2414_g (+ strand) contains internal stop codons. Phase 3 of sequence is used instead.
Gene 2420_g (+ strand) contains internal stop codons. Phase 2 of sequence is used instead.
Gene 2427_g (- strand) contains internal stop codons. Phase 2 of sequence is used instead.
Gene 2429_g (+ strand) contains internal stop codons. Phase 3 of sequence is used instead.
Gene 2430_g (- strand) contains internal stop codons. Phase 3 of sequence is used instead.
Gene 2432_g (+ strand) contains internal stop codons. Phase 3 of sequence is used instead.
Gene 2433_g (- strand) contains internal stop codons. Phase 3 of sequence is used instead.
Gene 2441_g (+ strand) contains internal stop codons. Phase 2 of sequence is used instead.
Gene 2442_g (- strand) contains internal stop codons. Phase 2 of sequence is used instead.
Gene 2445_g (+ strand) contains internal stop codons. Phase 2 of sequence is used instead.
Gene 2446_g (- strand) contains internal stop codons. Phase 2 of sequence is used instead.
Gene 2449_g (+ strand) contains internal stop codons. Phase 2 of sequence is used instead.
Gene 2454_g (+ strand) contains internal stop codons. Phase 2 of sequence is used instead.
Gene 2455_g (- strand) contains internal stop codons. Phase 2 of sequence is used instead.
Gene 2456_g (- strand) contains internal stop codons. Phase 2 of sequence is used instead.
Gene 2457_g (+ strand) contains internal stop codons. Phase 3 of sequence is used instead.
Gene 2459_g (- strand) contains internal stop codons. Phase 2 of sequence is used instead.
Gene 2461_g (+ strand) contains internal stop codons. Phase 2 of sequence is used instead.
Gene 2463_g (- strand) contains internal stop codons. Phase 2 of sequence is used instead.
Gene 2464_g (+ strand) contains internal stop codons. Phase 2 of sequence is used instead.
Gene 2465_g (- strand) contains internal stop codons. Phase 2 of sequence is used instead.
Gene 2467_g (+ strand) contains internal stop codons. Phase 3 of sequence is used instead.
Gene 2470_g (+ strand) contains internal stop codons. Phase 2 of sequence is used instead.
Gene 2471_g (- strand) contains internal stop codons. Phase 3 of sequence is used instead.
Gene 2476_g (+ strand) contains internal stop codons. Phase 2 of sequence is used instead.
Gene 2478_g (+ strand) contains internal stop codons. Phase 2 of sequence is used instead.
Gene 2480_g (- strand) contains internal stop codons. Phase 2 of sequence is used instead.
Gene 2481_g (+ strand) contains internal stop codons. Phase 3 of sequence is used instead.
Gene 2484_g (- strand) contains internal stop codons. Phase 2 of sequence is used instead.
Gene 2490_g (+ strand) contains internal stop codons. Phase 2 of sequence is used instead.
Gene 2491_g (- strand) contains internal stop codons. Phase 2 of sequence is used instead.
Gene 2496_g (+ strand) contains internal stop codons. Phase 2 of sequence is used instead.
Gene 2498_g (- strand) contains internal stop codons. Phase 3 of sequence is used instead.
Gene 2499_g (+ strand) contains internal stop codons. Phase 3 of sequence is used instead.
Gene 2501_g (+ strand) contains internal stop codons. Phase 3 of sequence is used instead.
Gene 2502_g (- strand) contains internal stop codons. Phase 2 of sequence is used instead.
Gene 2504_g (- strand) contains internal stop codons. Phase 2 of sequence is used instead.
Gene 2505_g (+ strand) contains internal stop codons. Phase 2 of sequence is used instead.
Gene 2508_g (- strand) contains internal stop codons. Phase 3 of sequence is used instead.
Gene 2509_g (+ strand) contains internal stop codons. Phase 3 of sequence is used instead.
Gene 2510_g (- strand) contains internal stop codons. Phase 2 of sequence is used instead.
Gene 2517_g (- strand) contains internal stop codons. Phase 2 of sequence is used instead.
Gene 2522_g (+ strand) contains internal stop codons. Phase 3 of sequence is used instead.
Gene 2526_g (+ strand) contains internal stop codons. Phase 3 of sequence is used instead.
Gene 2532_g (- strand) contains internal stop codons. Phase 2 of sequence is used instead.
Gene 2533_g (+ strand) contains internal stop codons. Phase 3 of sequence is used instead.
Gene 2536_g (+ strand) contains internal stop codons. Phase 3 of sequence is used instead.
Gene 2539_g (+ strand) contains internal stop codons. Phase 3 of sequence is used instead.
Gene 2541_g (+ strand) contains internal stop codons. Phase 2 of sequence is used instead.
Gene 2543_g (- strand) contains internal stop codons. Phase 2 of sequence is used instead.
Gene 2545_g (- strand) contains internal stop codons. Phase 2 of sequence is used instead.
Gene 2548_g (- strand) contains internal stop codons. Phase 2 of sequence is used instead.
Gene 2550_g (- strand) contains internal stop codons. Phase 2 of sequence is used instead.
Gene 2557_g (- strand) contains internal stop codons. Phase 2 of sequence is used instead.
Gene 2559_g (+ strand) contains internal stop codons. Phase 2 of sequence is used instead.
Gene 2561_g (- strand) contains internal stop codons. Phase 2 of sequence is used instead.
Gene 2563_g (+ strand) contains internal stop codons. Phase 2 of sequence is used instead.
Gene 2565_g (+ strand) contains internal stop codons. Phase 2 of sequence is used instead.
Gene 2568_g (- strand) contains internal stop codons. Phase 2 of sequence is used instead.
Gene 2569_g (+ strand) contains internal stop codons. Phase 3 of sequence is used instead.
Gene 2573_g (- strand) contains internal stop codons. Phase 2 of sequence is used instead.
Gene 2574_g (+ strand) contains internal stop codons. Phase 2 of sequence is used instead.
Gene 2577_g (- strand) contains internal stop codons. Phase 3 of sequence is used instead.
Gene 2578_g (- strand) contains internal stop codons. Phase 3 of sequence is used instead.
Gene 2579_g (- strand) contains internal stop codons. Phase 2 of sequence is used instead.
Gene 2587_g (+ strand) contains internal stop codons. Phase 2 of sequence is used instead.
Gene 2588_g (+ strand) contains internal stop codons. Phase 2 of sequence is used instead.
Gene 2591_g (- strand) contains internal stop codons. Phase 2 of sequence is used instead.
Gene 2596_g (- strand) contains internal stop codons. Phase 3 of sequence is used instead.
Gene 2597_g (+ strand) contains internal stop codons. Phase 2 of sequence is used instead.
Gene 2599_g (- strand) contains internal stop codons. Phase 2 of sequence is used instead.
Gene 2606_g (- strand) contains internal stop codons. Phase 3 of sequence is used instead.
Gene 2607_g (+ strand) contains internal stop codons. Phase 2 of sequence is used instead.
Gene 2608_g (- strand) contains internal stop codons. Phase 2 of sequence is used instead.
Gene 2610_g (- strand) contains internal stop codons. Phase 3 of sequence is used instead.
Gene 2611_g (- strand) contains internal stop codons. Phase 2 of sequence is used instead.
Gene 2612_g (+ strand) contains internal stop codons. Phase 3 of sequence is used instead.
Gene 2614_g (+ strand) contains internal stop codons. Phase 2 of sequence is used instead.
Gene 2618_g (- strand) contains internal stop codons. Phase 2 of sequence is used instead.
Gene 2619_g (+ strand) contains internal stop codons. Phase 2 of sequence is used instead.
Gene 2620_g (- strand) contains internal stop codons. Phase 2 of sequence is used instead.
Gene 2621_g (- strand) contains internal stop codons. Phase 2 of sequence is used instead.
Gene 2624_g (- strand) contains internal stop codons. Phase 2 of sequence is used instead.
Gene 2626_g (+ strand) contains internal stop codons. Phase 3 of sequence is used instead.
Gene 2628_g (+ strand) contains internal stop codons. Phase 2 of sequence is used instead.
Gene 2630_g (+ strand) contains internal stop codons. Phase 2 of sequence is used instead.
Gene 2633_g (- strand) contains internal stop codons. Phase 2 of sequence is used instead.
Gene 2634_g (- strand) contains internal stop codons. Phase 3 of sequence is used instead.
Gene 2635_g (- strand) contains internal stop codons. Phase 3 of sequence is used instead.
Gene 2640_g (+ strand) contains internal stop codons. Phase 2 of sequence is used instead.
Gene 2641_g (- strand) contains internal stop codons. Phase 2 of sequence is used instead.
Gene 2644_g (- strand) contains internal stop codons. Phase 3 of sequence is used instead.
Gene 2645_g (+ strand) contains internal stop codons. Phase 2 of sequence is used instead.
Gene 2649_g (- strand) contains internal stop codons. Phase 3 of sequence is used instead.
Gene 2650_g (- strand) contains internal stop codons. Phase 2 of sequence is used instead.
Gene 2651_g (+ strand) contains internal stop codons. Phase 2 of sequence is used instead.
Gene 2652_g (- strand) contains internal stop codons. Phase 2 of sequence is used instead.
Gene 2654_g (+ strand) contains internal stop codons. Phase 2 of sequence is used instead.
Gene 2655_g (- strand) contains internal stop codons. Phase 2 of sequence is used instead.
Gene 2656_g (- strand) contains internal stop codons. Phase 2 of sequence is used instead.
Gene 2657_g (+ strand) contains internal stop codons. Phase 2 of sequence is used instead.
Gene 2658_g (+ strand) contains internal stop codons. Phase 3 of sequence is used instead.
Gene 2659_g (- strand) contains internal stop codons. Phase 3 of sequence is used instead.
Gene 2663_g (- strand) contains internal stop codons. Phase 2 of sequence is used instead.
Gene 2664_g (+ strand) contains internal stop codons. Phase 2 of sequence is used instead.
Gene 2676_g (- strand) contains internal stop codons. Phase 3 of sequence is used instead.
Gene 2678_g (+ strand) contains internal stop codons. Phase 3 of sequence is used instead.
Gene 2679_g (- strand) contains internal stop codons. Phase 3 of sequence is used instead.
Gene 2680_g (+ strand) contains internal stop codons. Phase 3 of sequence is used instead.
Gene 2682_g (- strand) contains internal stop codons. Phase 2 of sequence is used instead.
Gene 2686_g (+ strand) contains internal stop codons. Phase 2 of sequence is used instead.
Gene 2688_g (+ strand) contains internal stop codons. Phase 2 of sequence is used instead.
Gene 2689_g (- strand) contains internal stop codons. Phase 2 of sequence is used instead.
Gene 2690_g (+ strand) contains internal stop codons. Phase 3 of sequence is used instead.
Gene 2692_g (- strand) contains internal stop codons. Phase 3 of sequence is used instead.
Gene 2694_g (+ strand) contains internal stop codons. Phase 2 of sequence is used instead.
Gene 2695_g (+ strand) contains internal stop codons. Phase 2 of sequence is used instead.
Gene 2697_g (- strand) contains internal stop codons. Phase 2 of sequence is used instead.
Gene 2698_g (+ strand) contains internal stop codons. Phase 2 of sequence is used instead.
Gene 2699_g (- strand) contains internal stop codons. Phase 3 of sequence is used instead.
Gene 2700_g (+ strand) contains internal stop codons. Phase 2 of sequence is used instead.
Gene 2704_g (+ strand) contains internal stop codons. Phase 3 of sequence is used instead.
Gene 2706_g (+ strand) contains internal stop codons. Phase 3 of sequence is used instead.
Gene 2717_g (+ strand) contains internal stop codons. Phase 3 of sequence is used instead.
Gene 2719_g (+ strand) contains internal stop codons. Phase 3 of sequence is used instead.
Gene 2720_g (+ strand) contains internal stop codons. Phase 2 of sequence is used instead.
Gene 2729_g (+ strand) contains internal stop codons. Phase 2 of sequence is used instead.
Gene 2732_g (- strand) contains internal stop codons. Phase 3 of sequence is used instead.
Gene 2734_g (- strand) contains internal stop codons. Phase 3 of sequence is used instead.
Gene 2735_g (+ strand) contains internal stop codons. Phase 3 of sequence is used instead.
Gene 2742_g (- strand) contains internal stop codons. Phase 3 of sequence is used instead.
Gene 2749_g (+ strand) contains internal stop codons. Phase 3 of sequence is used instead.
Gene 2750_g (- strand) contains internal stop codons. Phase 3 of sequence is used instead.
Gene 2751_g (+ strand) contains internal stop codons. Phase 3 of sequence is used instead.
Gene 2754_g (+ strand) contains internal stop codons. Phase 2 of sequence is used instead.
Gene 2760_g (- strand) contains internal stop codons. Phase 3 of sequence is used instead.
Gene 2764_g (+ strand) contains internal stop codons. Phase 2 of sequence is used instead.
Gene 2765_g (- strand) contains internal stop codons. Phase 2 of sequence is used instead.
Gene 2768_g (- strand) contains internal stop codons. Phase 3 of sequence is used instead.
Gene 2769_g (+ strand) contains internal stop codons. Phase 2 of sequence is used instead.
Gene 2770_g (+ strand) contains internal stop codons. Phase 3 of sequence is used instead.
Gene 2771_g (- strand) contains internal stop codons. Phase 3 of sequence is used instead.
Gene 2775_g (- strand) contains internal stop codons. Phase 3 of sequence is used instead.
Gene 2778_g (- strand) contains internal stop codons. Phase 2 of sequence is used instead.
Gene 2779_g (- strand) contains internal stop codons. Phase 2 of sequence is used instead.
Gene 2780_g (+ strand) contains internal stop codons. Phase 2 of sequence is used instead.
Gene 2783_g (+ strand) contains internal stop codons. Phase 2 of sequence is used instead.
Gene 2800_g (- strand) contains internal stop codons. Phase 2 of sequence is used instead.
Gene 2804_g (- strand) contains internal stop codons. Phase 2 of sequence is used instead.
Gene 2808_g (- strand) contains internal stop codons. Phase 2 of sequence is used instead.
Gene 2822_g (- strand) contains internal stop codons. Phase 3 of sequence is used instead.
Gene 2825_g (- strand) contains internal stop codons. Phase 2 of sequence is used instead.
Gene 2826_g (+ strand) contains internal stop codons. Phase 2 of sequence is used instead.
Gene 2827_g (- strand) contains internal stop codons. Phase 2 of sequence is used instead.
Gene 2841_g (- strand) contains internal stop codons. Phase 3 of sequence is used instead.
Gene 2853_g (+ strand) contains internal stop codons. Phase 2 of sequence is used instead.
Gene 2856_g (- strand) contains internal stop codons. Phase 2 of sequence is used instead.
Gene 2858_g (- strand) contains internal stop codons. Phase 2 of sequence is used instead.
Gene 2859_g (- strand) contains internal stop codons. Phase 2 of sequence is used instead.
Gene 2862_g (+ strand) contains internal stop codons. Phase 3 of sequence is used instead.
Gene 2864_g (- strand) contains internal stop codons. Phase 3 of sequence is used instead.
Gene 2871_g (- strand) contains internal stop codons. Phase 2 of sequence is used instead.
Gene 2873_g (- strand) contains internal stop codons. Phase 2 of sequence is used instead.
Gene 2876_g (+ strand) contains internal stop codons. Phase 3 of sequence is used instead.
Gene 2910_g (- strand) contains internal stop codons. Phase 2 of sequence is used instead.
Gene 2915_g (- strand) contains internal stop codons. Phase 3 of sequence is used instead.
Gene 2927_g (- strand) contains internal stop codons. Phase 2 of sequence is used instead.
Gene 2928_g (+ strand) contains internal stop codons. Phase 2 of sequence is used instead.
Gene 2936_g (- strand) contains internal stop codons. Phase 3 of sequence is used instead.
Gene 2947_g (- strand) contains internal stop codons. Phase 2 of sequence is used instead.
Gene 2953_g (- strand) contains internal stop codons. Phase 2 of sequence is used instead.
Gene 2955_g (- strand) contains internal stop codons. Phase 2 of sequence is used instead.
Gene 2956_g (+ strand) contains internal stop codons. Phase 2 of sequence is used instead.
Gene 2959_g (- strand) contains internal stop codons. Phase 3 of sequence is used instead.
Gene 2962_g (- strand) contains internal stop codons. Phase 3 of sequence is used instead.
Gene 2963_g (- strand) contains internal stop codons. Phase 2 of sequence is used instead.
Gene 2964_g (+ strand) contains internal stop codons. Phase 2 of sequence is used instead.
Gene 2973_g (- strand) contains internal stop codons. Phase 2 of sequence is used instead.
Gene 2975_g (- strand) contains internal stop codons. Phase 2 of sequence is used instead.
Gene 2976_g (- strand) contains internal stop codons. Phase 3 of sequence is used instead.
Gene 2978_g (- strand) contains internal stop codons. Phase 3 of sequence is used instead.
Gene 2979_g (+ strand) contains internal stop codons. Phase 3 of sequence is used instead.
Gene 2982_g (+ strand) contains internal stop codons. Phase 2 of sequence is used instead.
Gene 2985_g (- strand) contains internal stop codons. Phase 2 of sequence is used instead.
Gene 2989_g (+ strand) contains internal stop codons. Phase 2 of sequence is used instead.
Gene 2990_g (- strand) contains internal stop codons. Phase 3 of sequence is used instead.
Gene 2997_g (+ strand) contains internal stop codons. Phase 2 of sequence is used instead.
Gene 3000_g (- strand) contains internal stop codons. Phase 2 of sequence is used instead.
Gene 3003_g (- strand) contains internal stop codons. Phase 3 of sequence is used instead.
Gene 3012_g (- strand) contains internal stop codons. Phase 2 of sequence is used instead.
Gene 3016_g (+ strand) contains internal stop codons. Phase 2 of sequence is used instead.
Gene 3023_g (+ strand) contains internal stop codons. Phase 2 of sequence is used instead.
Gene 3027_g (+ strand) contains internal stop codons. Phase 2 of sequence is used instead.
Gene 3031_g (+ strand) contains internal stop codons. Phase 3 of sequence is used instead.
Gene 3035_g (+ strand) contains internal stop codons. Phase 2 of sequence is used instead.
Gene 3037_g (+ strand) contains internal stop codons. Phase 2 of sequence is used instead.
Gene 3040_g (- strand) contains internal stop codons. Phase 2 of sequence is used instead.
Gene 3045_g (- strand) contains internal stop codons. Phase 2 of sequence is used instead.
Gene 3052_g (- strand) contains internal stop codons. Phase 2 of sequence is used instead.
Gene 3057_g (+ strand) contains internal stop codons. Phase 2 of sequence is used instead.
Gene 3060_g (- strand) contains internal stop codons. Phase 2 of sequence is used instead.
Gene 3061_g (+ strand) contains internal stop codons. Phase 2 of sequence is used instead.
Gene 3062_g (- strand) contains internal stop codons. Phase 3 of sequence is used instead.
Gene 3068_g (- strand) contains internal stop codons. Phase 3 of sequence is used instead.
Gene 3069_g (- strand) contains internal stop codons. Phase 3 of sequence is used instead.
Gene 3070_g (+ strand) contains internal stop codons. Phase 2 of sequence is used instead.
Gene 3073_g (- strand) contains internal stop codons. Phase 3 of sequence is used instead.
Gene 3074_g (+ strand) contains internal stop codons. Phase 2 of sequence is used instead.
Gene 3083_g (+ strand) contains internal stop codons. Phase 3 of sequence is used instead.
Gene 3092_g (+ strand) contains internal stop codons. Phase 2 of sequence is used instead.
Gene 3095_g (+ strand) contains internal stop codons. Phase 2 of sequence is used instead.
Gene 3097_g (+ strand) contains internal stop codons. Phase 2 of sequence is used instead.
Gene 3100_g (- strand) contains internal stop codons. Phase 3 of sequence is used instead.
Gene 3112_g (+ strand) contains internal stop codons. Phase 3 of sequence is used instead.
Gene 3113_g (- strand) contains internal stop codons. Phase 2 of sequence is used instead.
Gene 3115_g (- strand) contains internal stop codons. Phase 3 of sequence is used instead.
Gene 3116_g (+ strand) contains internal stop codons. Phase 2 of sequence is used instead.
Gene 3118_g (+ strand) contains internal stop codons. Phase 2 of sequence is used instead.
Gene 3125_g (- strand) contains internal stop codons. Phase 3 of sequence is used instead.
Gene 3126_g (+ strand) contains internal stop codons. Phase 2 of sequence is used instead.
Gene 3140_g (- strand) contains internal stop codons. Phase 3 of sequence is used instead.
Gene 3145_g (- strand) contains internal stop codons. Phase 3 of sequence is used instead.
Gene 3146_g (+ strand) contains internal stop codons. Phase 2 of sequence is used instead.
Gene 3151_g (- strand) contains internal stop codons. Phase 2 of sequence is used instead.
Gene 3154_g (- strand) contains internal stop codons. Phase 2 of sequence is used instead.
Gene 3159_g (- strand) contains internal stop codons. Phase 2 of sequence is used instead.
Gene 3162_g (- strand) contains internal stop codons. Phase 2 of sequence is used instead.
Gene 3168_g (+ strand) contains internal stop codons. Phase 3 of sequence is used instead.
Gene 3172_g (+ strand) contains internal stop codons. Phase 3 of sequence is used instead.
Gene 3180_g (+ strand) contains internal stop codons. Phase 3 of sequence is used instead.
Gene 3182_g (+ strand) contains internal stop codons. Phase 2 of sequence is used instead.
Gene 3183_g (+ strand) contains internal stop codons. Phase 2 of sequence is used instead.
Gene 3187_g (+ strand) contains internal stop codons. Phase 3 of sequence is used instead.
Gene 3193_g (- strand) contains internal stop codons. Phase 3 of sequence is used instead.
Gene 3196_g (+ strand) contains internal stop codons. Phase 3 of sequence is used instead.
Gene 3197_g (- strand) contains internal stop codons. Phase 3 of sequence is used instead.
Gene 3198_g (- strand) contains internal stop codons. Phase 3 of sequence is used instead.
Gene 3199_g (- strand) contains internal stop codons. Phase 2 of sequence is used instead.
Gene 3200_g (+ strand) contains internal stop codons. Phase 2 of sequence is used instead.
Gene 3202_g (- strand) contains internal stop codons. Phase 2 of sequence is used instead.
Gene 3205_g (- strand) contains internal stop codons. Phase 3 of sequence is used instead.
Gene 3206_g (+ strand) contains internal stop codons. Phase 2 of sequence is used instead.
Gene 3208_g (- strand) contains internal stop codons. Phase 3 of sequence is used instead.
Gene 3209_g (- strand) contains internal stop codons. Phase 2 of sequence is used instead.
Gene 3210_g (+ strand) contains internal stop codons. Phase 2 of sequence is used instead.
Gene 3215_g (- strand) contains internal stop codons. Phase 2 of sequence is used instead.
Gene 3216_g (- strand) contains internal stop codons. Phase 3 of sequence is used instead.
Gene 3217_g (+ strand) contains internal stop codons. Phase 2 of sequence is used instead.
Gene 3218_g (+ strand) contains internal stop codons. Phase 2 of sequence is used instead.
Gene 3225_g (+ strand) contains internal stop codons. Phase 2 of sequence is used instead.
Gene 3233_g (- strand) contains internal stop codons. Phase 3 of sequence is used instead.
Gene 3248_g (+ strand) contains internal stop codons. Phase 2 of sequence is used instead.
Gene 3250_g (- strand) contains internal stop codons. Phase 2 of sequence is used instead.
Gene 3252_g (- strand) contains internal stop codons. Phase 3 of sequence is used instead.
Gene 3254_g (+ strand) contains internal stop codons. Phase 2 of sequence is used instead.
Gene 3257_g (- strand) contains internal stop codons. Phase 2 of sequence is used instead.
Gene 3261_g (- strand) contains internal stop codons. Phase 2 of sequence is used instead.
Gene 3263_g (- strand) contains internal stop codons. Phase 2 of sequence is used instead.
Gene 3264_g (+ strand) contains internal stop codons. Phase 2 of sequence is used instead.
Gene 3270_g (- strand) contains internal stop codons. Phase 3 of sequence is used instead.
Gene 3271_g (+ strand) contains internal stop codons. Phase 2 of sequence is used instead.
Gene 3286_g (+ strand) contains internal stop codons. Phase 3 of sequence is used instead.
Gene 3287_g (+ strand) contains internal stop codons. Phase 2 of sequence is used instead.
Gene 3289_g (+ strand) contains internal stop codons. Phase 2 of sequence is used instead.
Gene 3300_g (- strand) contains internal stop codons. Phase 3 of sequence is used instead.
Gene 3301_g (+ strand) contains internal stop codons. Phase 3 of sequence is used instead.
Gene 3303_g (- strand) contains internal stop codons. Phase 2 of sequence is used instead.
Gene 3309_g (- strand) contains internal stop codons. Phase 2 of sequence is used instead.
Gene 3312_g (- strand) contains internal stop codons. Phase 3 of sequence is used instead.
Gene 3316_g (- strand) contains internal stop codons. Phase 2 of sequence is used instead.
Gene 3322_g (- strand) contains internal stop codons. Phase 2 of sequence is used instead.
Gene 3323_g (+ strand) contains internal stop codons. Phase 2 of sequence is used instead.
Gene 3326_g (+ strand) contains internal stop codons. Phase 2 of sequence is used instead.
Gene 3337_g (- strand) contains internal stop codons. Phase 2 of sequence is used instead.
Gene 3345_g (- strand) contains internal stop codons. Phase 3 of sequence is used instead.
Gene 3348_g (+ strand) contains internal stop codons. Phase 2 of sequence is used instead.
Gene 3349_g (+ strand) contains internal stop codons. Phase 2 of sequence is used instead.
Gene 3353_g (+ strand) contains internal stop codons. Phase 2 of sequence is used instead.
Gene 3355_g (+ strand) contains internal stop codons. Phase 3 of sequence is used instead.
Gene 3363_g (+ strand) contains internal stop codons. Phase 2 of sequence is used instead.
Gene 3367_g (- strand) contains internal stop codons. Phase 2 of sequence is used instead.
Gene 3368_g (+ strand) contains internal stop codons. Phase 3 of sequence is used instead.
Gene 3369_g (+ strand) contains internal stop codons. Phase 2 of sequence is used instead.
Gene 3374_g (- strand) contains internal stop codons. Phase 2 of sequence is used instead.
Gene 3375_g (+ strand) contains internal stop codons. Phase 2 of sequence is used instead.
Gene 3379_g (- strand) contains internal stop codons. Phase 2 of sequence is used instead.
Gene 3380_g (+ strand) contains internal stop codons. Phase 2 of sequence is used instead.
Gene 3382_g (- strand) contains internal stop codons. Phase 2 of sequence is used instead.
Gene 3387_g (+ strand) contains internal stop codons. Phase 2 of sequence is used instead.
Gene 3393_g (+ strand) contains internal stop codons. Phase 2 of sequence is used instead.
Gene 3396_g (+ strand) contains internal stop codons. Phase 2 of sequence is used instead.
Gene 3399_g (+ strand) contains internal stop codons. Phase 3 of sequence is used instead.
Gene 3412_g (- strand) contains internal stop codons. Phase 3 of sequence is used instead.
Gene 3413_g (+ strand) contains internal stop codons. Phase 3 of sequence is used instead.
Gene 3417_g (+ strand) contains internal stop codons. Phase 3 of sequence is used instead.
Gene 3422_g (- strand) contains internal stop codons. Phase 3 of sequence is used instead.
Gene 3423_g (+ strand) contains internal stop codons. Phase 3 of sequence is used instead.
Gene 3441_g (- strand) contains internal stop codons. Phase 2 of sequence is used instead.
Gene 3442_g (+ strand) contains internal stop codons. Phase 3 of sequence is used instead.
Gene 3446_g (- strand) contains internal stop codons. Phase 3 of sequence is used instead.
Gene 3452_g (+ strand) contains internal stop codons. Phase 3 of sequence is used instead.
Gene 3453_g (+ strand) contains internal stop codons. Phase 2 of sequence is used instead.
Gene 3454_g (+ strand) contains internal stop codons. Phase 3 of sequence is used instead.
Gene 3459_g (- strand) contains internal stop codons. Phase 2 of sequence is used instead.
Gene 3460_g (+ strand) contains internal stop codons. Phase 2 of sequence is used instead.
Gene 3463_g (- strand) contains internal stop codons. Phase 2 of sequence is used instead.
Gene 3464_g (+ strand) contains internal stop codons. Phase 3 of sequence is used instead.
Gene 3469_g (+ strand) contains internal stop codons. Phase 2 of sequence is used instead.
Gene 3476_g (+ strand) contains internal stop codons. Phase 3 of sequence is used instead.
Gene 3485_g (+ strand) contains internal stop codons. Phase 2 of sequence is used instead.
Gene 3487_g (+ strand) contains internal stop codons. Phase 2 of sequence is used instead.
Gene 3488_g (- strand) contains internal stop codons. Phase 2 of sequence is used instead.
Gene 3489_g (+ strand) contains internal stop codons. Phase 2 of sequence is used instead.
Gene 3496_g (- strand) contains internal stop codons. Phase 2 of sequence is used instead.
Gene 3500_g (+ strand) contains internal stop codons. Phase 2 of sequence is used instead.
Gene 3501_g (+ strand) contains internal stop codons. Phase 3 of sequence is used instead.
Gene 3503_g (- strand) contains internal stop codons. Phase 2 of sequence is used instead.
Gene 3504_g (+ strand) contains internal stop codons. Phase 2 of sequence is used instead.
Gene 3507_g (+ strand) contains internal stop codons. Phase 2 of sequence is used instead.
Gene 3508_g (- strand) contains internal stop codons. Phase 3 of sequence is used instead.
Gene 3509_g (- strand) contains internal stop codons. Phase 2 of sequence is used instead.
Gene 3520_g (- strand) contains internal stop codons. Phase 3 of sequence is used instead.
Gene 3521_g (- strand) contains internal stop codons. Phase 2 of sequence is used instead.
Gene 3527_g (+ strand) contains internal stop codons. Phase 2 of sequence is used instead.
Gene 3528_g (- strand) contains internal stop codons. Phase 3 of sequence is used instead.
Gene 3531_g (+ strand) contains internal stop codons. Phase 2 of sequence is used instead.
Gene 3532_g (- strand) contains internal stop codons. Phase 2 of sequence is used instead.
Gene 3535_g (- strand) contains internal stop codons. Phase 3 of sequence is used instead.
Gene 3539_g (+ strand) contains internal stop codons. Phase 3 of sequence is used instead.
Gene 3542_g (- strand) contains internal stop codons. Phase 2 of sequence is used instead.
Gene 3543_g (+ strand) contains internal stop codons. Phase 2 of sequence is used instead.
Gene 3545_g (+ strand) contains internal stop codons. Phase 2 of sequence is used instead.
Gene 3546_g (+ strand) contains internal stop codons. Phase 3 of sequence is used instead.
Gene 3548_g (- strand) contains internal stop codons. Phase 2 of sequence is used instead.
Gene 3549_g (+ strand) contains internal stop codons. Phase 2 of sequence is used instead.
Gene 3551_g (+ strand) contains internal stop codons. Phase 2 of sequence is used instead.
Gene 3562_g (- strand) contains internal stop codons. Phase 2 of sequence is used instead.
Gene 3568_g (- strand) contains internal stop codons. Phase 2 of sequence is used instead.
Gene 3572_g (- strand) contains internal stop codons. Phase 3 of sequence is used instead.
Gene 3574_g (+ strand) contains internal stop codons. Phase 3 of sequence is used instead.
Gene 3579_g (- strand) contains internal stop codons. Phase 2 of sequence is used instead.
Gene 3580_g (- strand) contains internal stop codons. Phase 3 of sequence is used instead.
Gene 3581_g (- strand) contains internal stop codons. Phase 2 of sequence is used instead.
Gene 3583_g (- strand) contains internal stop codons. Phase 2 of sequence is used instead.
Gene 3584_g (+ strand) contains internal stop codons. Phase 3 of sequence is used instead.
Gene 3585_g (+ strand) contains internal stop codons. Phase 3 of sequence is used instead.
Gene 3587_g (- strand) contains internal stop codons. Phase 2 of sequence is used instead.
Gene 3590_g (+ strand) contains internal stop codons. Phase 3 of sequence is used instead.
Gene 3592_g (- strand) contains internal stop codons. Phase 2 of sequence is used instead.
Gene 3593_g (+ strand) contains internal stop codons. Phase 2 of sequence is used instead.
Gene 3594_g (+ strand) contains internal stop codons. Phase 2 of sequence is used instead.
Gene 3598_g (- strand) contains internal stop codons. Phase 3 of sequence is used instead.
Gene 3599_g (+ strand) contains internal stop codons. Phase 3 of sequence is used instead.
Gene 3600_g (- strand) contains internal stop codons. Phase 3 of sequence is used instead.
Gene 3601_g (- strand) contains internal stop codons. Phase 2 of sequence is used instead.
Gene 3604_g (- strand) contains internal stop codons. Phase 2 of sequence is used instead.
Gene 3605_g (+ strand) contains internal stop codons. Phase 2 of sequence is used instead.
Gene 3607_g (+ strand) contains internal stop codons. Phase 3 of sequence is used instead.
Gene 3609_g (- strand) contains internal stop codons. Phase 2 of sequence is used instead.
Gene 3610_g (- strand) contains internal stop codons. Phase 2 of sequence is used instead.
Gene 3611_g (- strand) contains internal stop codons. Phase 2 of sequence is used instead.
Gene 3612_g (- strand) contains internal stop codons. Phase 2 of sequence is used instead.
Gene 3613_g (+ strand) contains internal stop codons. Phase 3 of sequence is used instead.
Gene 3614_g (- strand) contains internal stop codons. Phase 2 of sequence is used instead.
Gene 3624_g (- strand) contains internal stop codons. Phase 2 of sequence is used instead.
Gene 3625_g (+ strand) contains internal stop codons. Phase 3 of sequence is used instead.
Gene 3626_g (+ strand) contains internal stop codons. Phase 3 of sequence is used instead.
Gene 3627_g (- strand) contains internal stop codons. Phase 3 of sequence is used instead.
Gene 3628_g (+ strand) contains internal stop codons. Phase 2 of sequence is used instead.
Gene 3630_g (- strand) contains internal stop codons. Phase 2 of sequence is used instead.
Gene 3631_g (- strand) contains internal stop codons. Phase 2 of sequence is used instead.
Gene 3635_g (+ strand) contains internal stop codons. Phase 3 of sequence is used instead.
Gene 3636_g (- strand) contains internal stop codons. Phase 3 of sequence is used instead.
Gene 3637_g (+ strand) contains internal stop codons. Phase 2 of sequence is used instead.
Gene 3643_g (- strand) contains internal stop codons. Phase 3 of sequence is used instead.
Gene 3647_g (+ strand) contains internal stop codons. Phase 3 of sequence is used instead.
Gene 3649_g (- strand) contains internal stop codons. Phase 2 of sequence is used instead.
Gene 3650_g (- strand) contains internal stop codons. Phase 2 of sequence is used instead.
Gene 3651_g (+ strand) contains internal stop codons. Phase 2 of sequence is used instead.
Gene 3653_g (- strand) contains internal stop codons. Phase 2 of sequence is used instead.
Gene 3655_g (- strand) contains internal stop codons. Phase 3 of sequence is used instead.
Gene 3659_g (- strand) contains internal stop codons. Phase 3 of sequence is used instead.
Gene 3660_g (- strand) contains internal stop codons. Phase 2 of sequence is used instead.
Gene 3661_g (+ strand) contains internal stop codons. Phase 2 of sequence is used instead.
Gene 3664_g (- strand) contains internal stop codons. Phase 3 of sequence is used instead.
Gene 3666_g (+ strand) contains internal stop codons. Phase 3 of sequence is used instead.
Gene 3667_g (+ strand) contains internal stop codons. Phase 2 of sequence is used instead.
Gene 3668_g (+ strand) contains internal stop codons. Phase 2 of sequence is used instead.
Gene 3671_g (- strand) contains internal stop codons. Phase 3 of sequence is used instead.
Gene 3676_g (+ strand) contains internal stop codons. Phase 3 of sequence is used instead.
Gene 3677_g (- strand) contains internal stop codons. Phase 2 of sequence is used instead.
Gene 3679_g (- strand) contains internal stop codons. Phase 3 of sequence is used instead.
Gene 3681_g (+ strand) contains internal stop codons. Phase 2 of sequence is used instead.
Gene 3683_g (- strand) contains internal stop codons. Phase 3 of sequence is used instead.
Gene 3686_g (- strand) contains internal stop codons. Phase 3 of sequence is used instead.
Gene 3687_g (+ strand) contains internal stop codons. Phase 3 of sequence is used instead.
Gene 3694_g (- strand) contains internal stop codons. Phase 2 of sequence is used instead.
Gene 3695_g (- strand) contains internal stop codons. Phase 2 of sequence is used instead.
Gene 3696_g (+ strand) contains internal stop codons. Phase 2 of sequence is used instead.
Gene 3697_g (+ strand) contains internal stop codons. Phase 3 of sequence is used instead.
Gene 3698_g (- strand) contains internal stop codons. Phase 2 of sequence is used instead.
Gene 3704_g (+ strand) contains internal stop codons. Phase 3 of sequence is used instead.
Gene 3705_g (- strand) contains internal stop codons. Phase 2 of sequence is used instead.
Gene 3707_g (+ strand) contains internal stop codons. Phase 3 of sequence is used instead.
Gene 3708_g (- strand) contains internal stop codons. Phase 2 of sequence is used instead.
Gene 3710_g (- strand) contains internal stop codons. Phase 3 of sequence is used instead.
Gene 3711_g (- strand) contains internal stop codons. Phase 2 of sequence is used instead.
Gene 3712_g (+ strand) contains internal stop codons. Phase 3 of sequence is used instead.
Gene 3716_g (- strand) contains internal stop codons. Phase 2 of sequence is used instead.
Gene 3719_g (+ strand) contains internal stop codons. Phase 2 of sequence is used instead.
Gene 3722_g (- strand) contains internal stop codons. Phase 2 of sequence is used instead.
Gene 3723_g (+ strand) contains internal stop codons. Phase 2 of sequence is used instead.
Gene 3726_g (+ strand) contains internal stop codons. Phase 2 of sequence is used instead.
Gene 3729_g (- strand) contains internal stop codons. Phase 3 of sequence is used instead.
Gene 3731_g (+ strand) contains internal stop codons. Phase 2 of sequence is used instead.
Gene 3732_g (- strand) contains internal stop codons. Phase 2 of sequence is used instead.
Gene 3733_g (- strand) contains internal stop codons. Phase 3 of sequence is used instead.
Gene 3736_g (+ strand) contains internal stop codons. Phase 2 of sequence is used instead.
Gene 3737_g (- strand) contains internal stop codons. Phase 2 of sequence is used instead.
Gene 3738_g (+ strand) contains internal stop codons. Phase 2 of sequence is used instead.
Gene 3740_g (+ strand) contains internal stop codons. Phase 3 of sequence is used instead.
Gene 3741_g (- strand) contains internal stop codons. Phase 3 of sequence is used instead.
Gene 3743_g (- strand) contains internal stop codons. Phase 2 of sequence is used instead.
Gene 3746_g (+ strand) contains internal stop codons. Phase 2 of sequence is used instead.
Gene 3748_g (- strand) contains internal stop codons. Phase 3 of sequence is used instead.
Gene 3752_g (- strand) contains internal stop codons. Phase 2 of sequence is used instead.
Gene 3755_g (- strand) contains internal stop codons. Phase 2 of sequence is used instead.
Gene 3757_g (- strand) contains internal stop codons. Phase 2 of sequence is used instead.
Gene 3760_g (- strand) contains internal stop codons. Phase 3 of sequence is used instead.
Gene 3761_g (+ strand) contains internal stop codons. Phase 2 of sequence is used instead.
Gene 3764_g (- strand) contains internal stop codons. Phase 3 of sequence is used instead.
Gene 3768_g (- strand) contains internal stop codons. Phase 2 of sequence is used instead.
Gene 3769_g (+ strand) contains internal stop codons. Phase 2 of sequence is used instead.
Gene 3771_g (+ strand) contains internal stop codons. Phase 2 of sequence is used instead.
Gene 3775_g (- strand) contains internal stop codons. Phase 3 of sequence is used instead.
Gene 3776_g (- strand) contains internal stop codons. Phase 3 of sequence is used instead.
Gene 3778_g (+ strand) contains internal stop codons. Phase 2 of sequence is used instead.
Gene 3779_g (- strand) contains internal stop codons. Phase 2 of sequence is used instead.
Gene 3780_g (+ strand) contains internal stop codons. Phase 3 of sequence is used instead.
Gene 3781_g (- strand) contains internal stop codons. Phase 2 of sequence is used instead.
Gene 3789_g (+ strand) contains internal stop codons. Phase 2 of sequence is used instead.
Gene 3790_g (- strand) contains internal stop codons. Phase 2 of sequence is used instead.
Gene 3791_g (+ strand) contains internal stop codons. Phase 2 of sequence is used instead.
Gene 3794_g (+ strand) contains internal stop codons. Phase 3 of sequence is used instead.
Gene 3795_g (+ strand) contains internal stop codons. Phase 2 of sequence is used instead.
Gene 3796_g (+ strand) contains internal stop codons. Phase 2 of sequence is used instead.
Gene 3799_g (+ strand) contains internal stop codons. Phase 2 of sequence is used instead.
Gene 3800_g (- strand) contains internal stop codons. Phase 3 of sequence is used instead.
Gene 3804_g (+ strand) contains internal stop codons. Phase 2 of sequence is used instead.
Gene 3807_g (- strand) contains internal stop codons. Phase 2 of sequence is used instead.
Gene 3813_g (+ strand) contains internal stop codons. Phase 2 of sequence is used instead.
Gene 3816_g (- strand) contains internal stop codons. Phase 2 of sequence is used instead.
Gene 3819_g (- strand) contains internal stop codons. Phase 3 of sequence is used instead.
Gene 3822_g (- strand) contains internal stop codons. Phase 3 of sequence is used instead.
Gene 3823_g (- strand) contains internal stop codons. Phase 3 of sequence is used instead.
Gene 3826_g (+ strand) contains internal stop codons. Phase 2 of sequence is used instead.
Gene 3830_g (- strand) contains internal stop codons. Phase 3 of sequence is used instead.
Gene 3831_g (+ strand) contains internal stop codons. Phase 3 of sequence is used instead.
Gene 3832_g (+ strand) contains internal stop codons. Phase 2 of sequence is used instead.
Gene 3836_g (+ strand) contains internal stop codons. Phase 3 of sequence is used instead.
Gene 3844_g (+ strand) contains internal stop codons. Phase 2 of sequence is used instead.
Gene 3846_g (+ strand) contains internal stop codons. Phase 2 of sequence is used instead.
Gene 3850_g (+ strand) contains internal stop codons. Phase 2 of sequence is used instead.
Gene 3852_g (- strand) contains internal stop codons. Phase 2 of sequence is used instead.
Gene 3855_g (- strand) contains internal stop codons. Phase 2 of sequence is used instead.
Gene 3858_g (- strand) contains internal stop codons. Phase 3 of sequence is used instead.
Gene 3859_g (- strand) contains internal stop codons. Phase 3 of sequence is used instead.
Gene 3860_g (+ strand) contains internal stop codons. Phase 2 of sequence is used instead.
Gene 3861_g (- strand) contains internal stop codons. Phase 3 of sequence is used instead.
Gene 3862_g (- strand) contains internal stop codons. Phase 3 of sequence is used instead.
Gene 3863_g (+ strand) contains internal stop codons. Phase 2 of sequence is used instead.
Gene 3868_g (- strand) contains internal stop codons. Phase 3 of sequence is used instead.
Gene 3870_g (- strand) contains internal stop codons. Phase 2 of sequence is used instead.
Gene 3872_g (+ strand) contains internal stop codons. Phase 3 of sequence is used instead.
Gene 3874_g (+ strand) contains internal stop codons. Phase 3 of sequence is used instead.
Gene 3877_g (+ strand) contains internal stop codons. Phase 3 of sequence is used instead.
Gene 3878_g (- strand) contains internal stop codons. Phase 2 of sequence is used instead.
Gene 3888_g (+ strand) contains internal stop codons. Phase 3 of sequence is used instead.
Gene 3890_g (- strand) contains internal stop codons. Phase 3 of sequence is used instead.
Gene 3895_g (+ strand) contains internal stop codons. Phase 2 of sequence is used instead.
Gene 3898_g (+ strand) contains internal stop codons. Phase 2 of sequence is used instead.
Gene 3904_g (+ strand) contains internal stop codons. Phase 2 of sequence is used instead.
Gene 3905_g (- strand) contains internal stop codons. Phase 2 of sequence is used instead.
Gene 3906_g (- strand) contains internal stop codons. Phase 2 of sequence is used instead.
Gene 3909_g (+ strand) contains internal stop codons. Phase 2 of sequence is used instead.
Gene 3910_g (+ strand) contains internal stop codons. Phase 2 of sequence is used instead.
Gene 3912_g (+ strand) contains internal stop codons. Phase 3 of sequence is used instead.
Gene 3917_g (- strand) contains internal stop codons. Phase 3 of sequence is used instead.
Gene 3919_g (- strand) contains internal stop codons. Phase 2 of sequence is used instead.
Gene 3920_g (- strand) contains internal stop codons. Phase 2 of sequence is used instead.
Gene 3921_g (+ strand) contains internal stop codons. Phase 2 of sequence is used instead.
Gene 3929_g (- strand) contains internal stop codons. Phase 2 of sequence is used instead.
Gene 3930_g (- strand) contains internal stop codons. Phase 3 of sequence is used instead.
Gene 3931_g (- strand) contains internal stop codons. Phase 2 of sequence is used instead.
Gene 3932_g (+ strand) contains internal stop codons. Phase 2 of sequence is used instead.
Gene 3937_g (- strand) contains internal stop codons. Phase 2 of sequence is used instead.
Gene 3939_g (+ strand) contains internal stop codons. Phase 2 of sequence is used instead.
Gene 3942_g (- strand) contains internal stop codons. Phase 2 of sequence is used instead.
Gene 3943_g (- strand) contains internal stop codons. Phase 3 of sequence is used instead.
Gene 3944_g (+ strand) contains internal stop codons. Phase 3 of sequence is used instead.
Gene 3946_g (- strand) contains internal stop codons. Phase 3 of sequence is used instead.
Gene 3947_g (- strand) contains internal stop codons. Phase 2 of sequence is used instead.
Gene 3950_g (+ strand) contains internal stop codons. Phase 3 of sequence is used instead.
Gene 3951_g (- strand) contains internal stop codons. Phase 3 of sequence is used instead.
Gene 3952_g (+ strand) contains internal stop codons. Phase 2 of sequence is used instead.
Gene 3953_g (- strand) contains internal stop codons. Phase 3 of sequence is used instead.
Gene 3955_g (- strand) contains internal stop codons. Phase 2 of sequence is used instead.
Gene 3956_g (- strand) contains internal stop codons. Phase 3 of sequence is used instead.
Gene 3958_g (- strand) contains internal stop codons. Phase 2 of sequence is used instead.
Gene 3962_g (+ strand) contains internal stop codons. Phase 3 of sequence is used instead.
Gene 3967_g (+ strand) contains internal stop codons. Phase 2 of sequence is used instead.
Gene 3969_g (+ strand) contains internal stop codons. Phase 3 of sequence is used instead.
Gene 3970_g (+ strand) contains internal stop codons. Phase 2 of sequence is used instead.
Gene 3971_g (+ strand) contains internal stop codons. Phase 2 of sequence is used instead.
Gene 3977_g (- strand) contains internal stop codons. Phase 2 of sequence is used instead.
Gene 3982_g (- strand) contains internal stop codons. Phase 2 of sequence is used instead.
Gene 3984_g (- strand) contains internal stop codons. Phase 2 of sequence is used instead.
Gene 3985_g (- strand) contains internal stop codons. Phase 2 of sequence is used instead.
Gene 3989_g (+ strand) contains internal stop codons. Phase 2 of sequence is used instead.
Gene 3992_g (+ strand) contains internal stop codons. Phase 3 of sequence is used instead.
Gene 3994_g (+ strand) contains internal stop codons. Phase 2 of sequence is used instead.
Gene 3995_g (- strand) contains internal stop codons. Phase 3 of sequence is used instead.
Gene 3996_g (- strand) contains internal stop codons. Phase 3 of sequence is used instead.
Gene 4001_g (- strand) contains internal stop codons. Phase 2 of sequence is used instead.
Gene 4008_g (- strand) contains internal stop codons. Phase 3 of sequence is used instead.
Gene 4013_g (- strand) contains internal stop codons. Phase 2 of sequence is used instead.
Gene 4016_g (+ strand) contains internal stop codons. Phase 2 of sequence is used instead.
Gene 4017_g (- strand) contains internal stop codons. Phase 3 of sequence is used instead.
Gene 4018_g (+ strand) contains internal stop codons. Phase 2 of sequence is used instead.
Gene 4021_g (+ strand) contains internal stop codons. Phase 2 of sequence is used instead.
Gene 4023_g (+ strand) contains internal stop codons. Phase 2 of sequence is used instead.
Gene 4024_g (+ strand) contains internal stop codons. Phase 2 of sequence is used instead.
Gene 4027_g (- strand) contains internal stop codons. Phase 2 of sequence is used instead.
Gene 4029_g (+ strand) contains internal stop codons. Phase 3 of sequence is used instead.
Gene 4031_g (+ strand) contains internal stop codons. Phase 3 of sequence is used instead.
Gene 4032_g (- strand) contains internal stop codons. Phase 3 of sequence is used instead.
Gene 4033_g (+ strand) contains internal stop codons. Phase 2 of sequence is used instead.
Gene 4036_g (+ strand) contains internal stop codons. Phase 2 of sequence is used instead.
Gene 4040_g (+ strand) contains internal stop codons. Phase 3 of sequence is used instead.
Gene 4041_g (+ strand) contains internal stop codons. Phase 2 of sequence is used instead.
Gene 4042_g (+ strand) contains internal stop codons. Phase 2 of sequence is used instead.
Gene 4044_g (- strand) contains internal stop codons. Phase 2 of sequence is used instead.
Gene 4046_g (+ strand) contains internal stop codons. Phase 2 of sequence is used instead.
Gene 4049_g (- strand) contains internal stop codons. Phase 3 of sequence is used instead.
Gene 4050_g (+ strand) contains internal stop codons. Phase 2 of sequence is used instead.
Gene 4052_g (- strand) contains internal stop codons. Phase 2 of sequence is used instead.
Gene 4053_g (- strand) contains internal stop codons. Phase 2 of sequence is used instead.
Gene 4056_g (- strand) contains internal stop codons. Phase 3 of sequence is used instead.
Gene 4058_g (+ strand) contains internal stop codons. Phase 3 of sequence is used instead.
Gene 4060_g (- strand) contains internal stop codons. Phase 3 of sequence is used instead.
Gene 4061_g (+ strand) contains internal stop codons. Phase 2 of sequence is used instead.
Gene 4067_g (- strand) contains internal stop codons. Phase 2 of sequence is used instead.
Gene 4070_g (+ strand) contains internal stop codons. Phase 3 of sequence is used instead.
Gene 4078_g (+ strand) contains internal stop codons. Phase 2 of sequence is used instead.
Gene 4079_g (- strand) contains internal stop codons. Phase 3 of sequence is used instead.
Gene 4080_g (- strand) contains internal stop codons. Phase 2 of sequence is used instead.
Gene 4082_g (- strand) contains internal stop codons. Phase 3 of sequence is used instead.
Gene 4083_g (- strand) contains internal stop codons. Phase 2 of sequence is used instead.
Gene 4086_g (+ strand) contains internal stop codons. Phase 2 of sequence is used instead.
Gene 4087_g (- strand) contains internal stop codons. Phase 2 of sequence is used instead.
Gene 4088_g (+ strand) contains internal stop codons. Phase 2 of sequence is used instead.
Gene 4090_g (- strand) contains internal stop codons. Phase 2 of sequence is used instead.
Gene 4091_g (+ strand) contains internal stop codons. Phase 2 of sequence is used instead.
Gene 4095_g (+ strand) contains internal stop codons. Phase 2 of sequence is used instead.
Gene 4100_g (+ strand) contains internal stop codons. Phase 3 of sequence is used instead.
Gene 4104_g (- strand) contains internal stop codons. Phase 2 of sequence is used instead.
Gene 4105_g (+ strand) contains internal stop codons. Phase 2 of sequence is used instead.
Gene 4108_g (- strand) contains internal stop codons. Phase 3 of sequence is used instead.
Gene 4111_g (- strand) contains internal stop codons. Phase 2 of sequence is used instead.
Gene 4112_g (+ strand) contains internal stop codons. Phase 3 of sequence is used instead.
Gene 4117_g (+ strand) contains internal stop codons. Phase 2 of sequence is used instead.
Gene 4118_g (+ strand) contains internal stop codons. Phase 3 of sequence is used instead.
Gene 4121_g (- strand) contains internal stop codons. Phase 2 of sequence is used instead.
Gene 4122_g (+ strand) contains internal stop codons. Phase 3 of sequence is used instead.
Gene 4123_g (+ strand) contains internal stop codons. Phase 2 of sequence is used instead.
Gene 4124_g (+ strand) contains internal stop codons. Phase 2 of sequence is used instead.
Gene 4126_g (+ strand) contains internal stop codons. Phase 2 of sequence is used instead.
Gene 4128_g (- strand) contains internal stop codons. Phase 3 of sequence is used instead.
Gene 4129_g (- strand) contains internal stop codons. Phase 3 of sequence is used instead.
Gene 4130_g (+ strand) contains internal stop codons. Phase 2 of sequence is used instead.
Gene 4131_g (- strand) contains internal stop codons. Phase 2 of sequence is used instead.
Gene 4136_g (- strand) contains internal stop codons. Phase 3 of sequence is used instead.
Gene 4137_g (+ strand) contains internal stop codons. Phase 2 of sequence is used instead.
Gene 4138_g (+ strand) contains internal stop codons. Phase 2 of sequence is used instead.
Gene 4139_g (+ strand) contains internal stop codons. Phase 2 of sequence is used instead.
Gene 4140_g (- strand) contains internal stop codons. Phase 3 of sequence is used instead.
Gene 4145_g (- strand) contains internal stop codons. Phase 2 of sequence is used instead.
Gene 4146_g (+ strand) contains internal stop codons. Phase 2 of sequence is used instead.
Gene 4149_g (- strand) contains internal stop codons. Phase 2 of sequence is used instead.
Gene 4150_g (+ strand) contains internal stop codons. Phase 3 of sequence is used instead.
Gene 4153_g (- strand) contains internal stop codons. Phase 2 of sequence is used instead.
Gene 4155_g (- strand) contains internal stop codons. Phase 2 of sequence is used instead.
Gene 4156_g (+ strand) contains internal stop codons. Phase 3 of sequence is used instead.
Gene 4157_g (+ strand) contains internal stop codons. Phase 2 of sequence is used instead.
Gene 4161_g (- strand) contains internal stop codons. Phase 2 of sequence is used instead.
Gene 4162_g (- strand) contains internal stop codons. Phase 3 of sequence is used instead.
Gene 4163_g (- strand) contains internal stop codons. Phase 2 of sequence is used instead.
Gene 4166_g (+ strand) contains internal stop codons. Phase 3 of sequence is used instead.
Gene 4168_g (+ strand) contains internal stop codons. Phase 2 of sequence is used instead.
Gene 4174_g (- strand) contains internal stop codons. Phase 3 of sequence is used instead.
Gene 4177_g (+ strand) contains internal stop codons. Phase 3 of sequence is used instead.
Gene 4179_g (- strand) contains internal stop codons. Phase 2 of sequence is used instead.
Gene 4180_g (- strand) contains internal stop codons. Phase 2 of sequence is used instead.
Gene 4181_g (- strand) contains internal stop codons. Phase 2 of sequence is used instead.
Gene 4182_g (+ strand) contains internal stop codons. Phase 3 of sequence is used instead.
Gene 4186_g (+ strand) contains internal stop codons. Phase 3 of sequence is used instead.
Gene 4187_g (- strand) contains internal stop codons. Phase 3 of sequence is used instead.
Gene 4191_g (- strand) contains internal stop codons. Phase 3 of sequence is used instead.
Gene 4196_g (+ strand) contains internal stop codons. Phase 3 of sequence is used instead.
Gene 4197_g (+ strand) contains internal stop codons. Phase 2 of sequence is used instead.
Gene 4198_g (+ strand) contains internal stop codons. Phase 3 of sequence is used instead.
Gene 4200_g (- strand) contains internal stop codons. Phase 3 of sequence is used instead.
Gene 4201_g (- strand) contains internal stop codons. Phase 3 of sequence is used instead.
Gene 4202_g (- strand) contains internal stop codons. Phase 3 of sequence is used instead.
Gene 4204_g (+ strand) contains internal stop codons. Phase 2 of sequence is used instead.
Gene 4211_g (- strand) contains internal stop codons. Phase 3 of sequence is used instead.
Gene 4214_g (- strand) contains internal stop codons. Phase 2 of sequence is used instead.
Gene 4215_g (+ strand) contains internal stop codons. Phase 2 of sequence is used instead.
Gene 4216_g (+ strand) contains internal stop codons. Phase 2 of sequence is used instead.
Gene 4220_g (- strand) contains internal stop codons. Phase 2 of sequence is used instead.
Gene 4223_g (- strand) contains internal stop codons. Phase 2 of sequence is used instead.
Gene 4224_g (- strand) contains internal stop codons. Phase 2 of sequence is used instead.
Gene 4225_g (- strand) contains internal stop codons. Phase 3 of sequence is used instead.
Gene 4226_g (+ strand) contains internal stop codons. Phase 3 of sequence is used instead.
Gene 4228_g (+ strand) contains internal stop codons. Phase 2 of sequence is used instead.
Gene 4235_g (- strand) contains internal stop codons. Phase 2 of sequence is used instead.
Gene 4239_g (+ strand) contains internal stop codons. Phase 3 of sequence is used instead.
Gene 4241_g (- strand) contains internal stop codons. Phase 3 of sequence is used instead.
Gene 4242_g (+ strand) contains internal stop codons. Phase 2 of sequence is used instead.
Gene 4251_g (- strand) contains internal stop codons. Phase 2 of sequence is used instead.
Gene 4253_g (+ strand) contains internal stop codons. Phase 2 of sequence is used instead.
Gene 4254_g (- strand) contains internal stop codons. Phase 2 of sequence is used instead.
Gene 4255_g (+ strand) contains internal stop codons. Phase 2 of sequence is used instead.
Gene 4257_g (+ strand) contains internal stop codons. Phase 3 of sequence is used instead.
Gene 4258_g (+ strand) contains internal stop codons. Phase 2 of sequence is used instead.
Gene 4259_g (+ strand) contains internal stop codons. Phase 2 of sequence is used instead.
Gene 4260_g (- strand) contains internal stop codons. Phase 2 of sequence is used instead.
Gene 4261_g (+ strand) contains internal stop codons. Phase 2 of sequence is used instead.
Gene 4266_g (- strand) contains internal stop codons. Phase 2 of sequence is used instead.
Gene 4267_g (+ strand) contains internal stop codons. Phase 2 of sequence is used instead.
Gene 4269_g (+ strand) contains internal stop codons. Phase 2 of sequence is used instead.
Gene 4271_g (+ strand) contains internal stop codons. Phase 2 of sequence is used instead.
Gene 4273_g (+ strand) contains internal stop codons. Phase 3 of sequence is used instead.
Gene 4274_g (- strand) contains internal stop codons. Phase 3 of sequence is used instead.
Gene 4275_g (+ strand) contains internal stop codons. Phase 2 of sequence is used instead.
Gene 4276_g (+ strand) contains internal stop codons. Phase 2 of sequence is used instead.
Gene 4277_g (- strand) contains internal stop codons. Phase 2 of sequence is used instead.
Gene 4278_g (+ strand) contains internal stop codons. Phase 3 of sequence is used instead.
Gene 4293_g (- strand) contains internal stop codons. Phase 2 of sequence is used instead.
Gene 4296_g (+ strand) contains internal stop codons. Phase 2 of sequence is used instead.
Gene 4299_g (+ strand) contains internal stop codons. Phase 2 of sequence is used instead.
Gene 4302_g (+ strand) contains internal stop codons. Phase 3 of sequence is used instead.
Gene 4303_g (- strand) contains internal stop codons. Phase 2 of sequence is used instead.
Gene 4305_g (- strand) contains internal stop codons. Phase 2 of sequence is used instead.
Gene 4306_g (+ strand) contains internal stop codons. Phase 3 of sequence is used instead.
Gene 4307_g (+ strand) contains internal stop codons. Phase 2 of sequence is used instead.
Gene 4310_g (+ strand) contains internal stop codons. Phase 2 of sequence is used instead.
Gene 4313_g (+ strand) contains internal stop codons. Phase 2 of sequence is used instead.
Gene 4314_g (- strand) contains internal stop codons. Phase 3 of sequence is used instead.
Gene 4318_g (- strand) contains internal stop codons. Phase 2 of sequence is used instead.
Gene 4321_g (+ strand) contains internal stop codons. Phase 2 of sequence is used instead.
Gene 4324_g (- strand) contains internal stop codons. Phase 2 of sequence is used instead.
Gene 4326_g (+ strand) contains internal stop codons. Phase 2 of sequence is used instead.
Gene 4328_g (- strand) contains internal stop codons. Phase 2 of sequence is used instead.
Gene 4329_g (+ strand) contains internal stop codons. Phase 3 of sequence is used instead.
Gene 4331_g (- strand) contains internal stop codons. Phase 2 of sequence is used instead.
Gene 4332_g (+ strand) contains internal stop codons. Phase 3 of sequence is used instead.
Gene 4333_g (+ strand) contains internal stop codons. Phase 3 of sequence is used instead.
Gene 4334_g (- strand) contains internal stop codons. Phase 2 of sequence is used instead.
Gene 4338_g (- strand) contains internal stop codons. Phase 3 of sequence is used instead.
Gene 4339_g (+ strand) contains internal stop codons. Phase 3 of sequence is used instead.
Gene 4340_g (+ strand) contains internal stop codons. Phase 2 of sequence is used instead.
Gene 4342_g (+ strand) contains internal stop codons. Phase 2 of sequence is used instead.
Gene 4344_g (- strand) contains internal stop codons. Phase 2 of sequence is used instead.
Gene 4350_g (+ strand) contains internal stop codons. Phase 2 of sequence is used instead.
Gene 4354_g (- strand) contains internal stop codons. Phase 3 of sequence is used instead.
Gene 4355_g (+ strand) contains internal stop codons. Phase 2 of sequence is used instead.
Gene 4357_g (+ strand) contains internal stop codons. Phase 2 of sequence is used instead.
Gene 4358_g (- strand) contains internal stop codons. Phase 2 of sequence is used instead.
Gene 4361_g (- strand) contains internal stop codons. Phase 2 of sequence is used instead.
Gene 4363_g (+ strand) contains internal stop codons. Phase 2 of sequence is used instead.
Gene 4366_g (- strand) contains internal stop codons. Phase 2 of sequence is used instead.
Gene 4367_g (- strand) contains internal stop codons. Phase 2 of sequence is used instead.
Gene 4369_g (- strand) contains internal stop codons. Phase 3 of sequence is used instead.
Gene 4370_g (+ strand) contains internal stop codons. Phase 3 of sequence is used instead.
Gene 4375_g (- strand) contains internal stop codons. Phase 3 of sequence is used instead.
Gene 4377_g (- strand) contains internal stop codons. Phase 2 of sequence is used instead.
Gene 4378_g (+ strand) contains internal stop codons. Phase 2 of sequence is used instead.
Gene 4380_g (- strand) contains internal stop codons. Phase 2 of sequence is used instead.
Gene 4381_g (+ strand) contains internal stop codons. Phase 3 of sequence is used instead.
Gene 4382_g (+ strand) contains internal stop codons. Phase 2 of sequence is used instead.
Gene 4383_g (- strand) contains internal stop codons. Phase 2 of sequence is used instead.
Gene 4384_g (+ strand) contains internal stop codons. Phase 3 of sequence is used instead.
Gene 4388_g (+ strand) contains internal stop codons. Phase 3 of sequence is used instead.
Gene 4391_g (- strand) contains internal stop codons. Phase 2 of sequence is used instead.
Gene 4392_g (+ strand) contains internal stop codons. Phase 2 of sequence is used instead.
Gene 4393_g (+ strand) contains internal stop codons. Phase 2 of sequence is used instead.
Gene 4397_g (+ strand) contains internal stop codons. Phase 2 of sequence is used instead.
Gene 4398_g (+ strand) contains internal stop codons. Phase 2 of sequence is used instead.
Gene 4399_g (- strand) contains internal stop codons. Phase 2 of sequence is used instead.
Gene 4400_g (+ strand) contains internal stop codons. Phase 3 of sequence is used instead.
Gene 4401_g (+ strand) contains internal stop codons. Phase 3 of sequence is used instead.
Gene 4403_g (- strand) contains internal stop codons. Phase 2 of sequence is used instead.
Gene 4408_g (- strand) contains internal stop codons. Phase 2 of sequence is used instead.
Gene 4409_g (- strand) contains internal stop codons. Phase 3 of sequence is used instead.
Gene 4412_g (- strand) contains internal stop codons. Phase 3 of sequence is used instead.
Gene 4414_g (- strand) contains internal stop codons. Phase 2 of sequence is used instead.
Gene 4416_g (- strand) contains internal stop codons. Phase 2 of sequence is used instead.
Gene 4417_g (- strand) contains internal stop codons. Phase 3 of sequence is used instead.
Gene 4419_g (- strand) contains internal stop codons. Phase 3 of sequence is used instead.
Gene 4420_g (+ strand) contains internal stop codons. Phase 2 of sequence is used instead.
Gene 4423_g (- strand) contains internal stop codons. Phase 3 of sequence is used instead.
Gene 4426_g (+ strand) contains internal stop codons. Phase 2 of sequence is used instead.
Gene 4430_g (- strand) contains internal stop codons. Phase 2 of sequence is used instead.
Gene 4432_g (- strand) contains internal stop codons. Phase 2 of sequence is used instead.
Gene 4434_g (+ strand) contains internal stop codons. Phase 3 of sequence is used instead.
Gene 4436_g (- strand) contains internal stop codons. Phase 2 of sequence is used instead.
Gene 4440_g (+ strand) contains internal stop codons. Phase 2 of sequence is used instead.
Gene 4442_g (+ strand) contains internal stop codons. Phase 2 of sequence is used instead.
Gene 4443_g (+ strand) contains internal stop codons. Phase 2 of sequence is used instead.
Gene 4447_g (+ strand) contains internal stop codons. Phase 3 of sequence is used instead.
Gene 4448_g (+ strand) contains internal stop codons. Phase 2 of sequence is used instead.
Gene 4450_g (+ strand) contains internal stop codons. Phase 2 of sequence is used instead.
Gene 4452_g (+ strand) contains internal stop codons. Phase 3 of sequence is used instead.
Gene 4460_g (+ strand) contains internal stop codons. Phase 2 of sequence is used instead.
Gene 4461_g (- strand) contains internal stop codons. Phase 3 of sequence is used instead.
Gene 4463_g (+ strand) contains internal stop codons. Phase 3 of sequence is used instead.
Gene 4464_g (- strand) contains internal stop codons. Phase 2 of sequence is used instead.
Gene 4465_g (+ strand) contains internal stop codons. Phase 2 of sequence is used instead.
Gene 4466_g (- strand) contains internal stop codons. Phase 3 of sequence is used instead.
Gene 4467_g (+ strand) contains internal stop codons. Phase 2 of sequence is used instead.
Gene 4468_g (+ strand) contains internal stop codons. Phase 2 of sequence is used instead.
Gene 4469_g (- strand) contains internal stop codons. Phase 2 of sequence is used instead.
Gene 4470_g (- strand) contains internal stop codons. Phase 2 of sequence is used instead.
Gene 4471_g (+ strand) contains internal stop codons. Phase 3 of sequence is used instead.
Gene 4474_g (+ strand) contains internal stop codons. Phase 2 of sequence is used instead.
Gene 4478_g (- strand) contains internal stop codons. Phase 3 of sequence is used instead.
Gene 4479_g (- strand) contains internal stop codons. Phase 2 of sequence is used instead.
Gene 4480_g (+ strand) contains internal stop codons. Phase 2 of sequence is used instead.
Gene 4483_g (- strand) contains internal stop codons. Phase 2 of sequence is used instead.
Gene 4485_g (- strand) contains internal stop codons. Phase 2 of sequence is used instead.
Gene 4492_g (+ strand) contains internal stop codons. Phase 3 of sequence is used instead.
Gene 4493_g (- strand) contains internal stop codons. Phase 2 of sequence is used instead.
Gene 4494_g (- strand) contains internal stop codons. Phase 3 of sequence is used instead.
Gene 4496_g (- strand) contains internal stop codons. Phase 2 of sequence is used instead.
Gene 4498_g (+ strand) contains internal stop codons. Phase 2 of sequence is used instead.
Gene 4499_g (- strand) contains internal stop codons. Phase 3 of sequence is used instead.
Gene 4503_g (- strand) contains internal stop codons. Phase 2 of sequence is used instead.
Gene 4504_g (+ strand) contains internal stop codons. Phase 3 of sequence is used instead.
Gene 4505_g (- strand) contains internal stop codons. Phase 2 of sequence is used instead.
Gene 4506_g (+ strand) contains internal stop codons. Phase 3 of sequence is used instead.
Gene 4507_g (+ strand) contains internal stop codons. Phase 2 of sequence is used instead.
Gene 4508_g (- strand) contains internal stop codons. Phase 2 of sequence is used instead.
Gene 4509_g (- strand) contains internal stop codons. Phase 2 of sequence is used instead.
Gene 4511_g (- strand) contains internal stop codons. Phase 2 of sequence is used instead.
Gene 4512_g (+ strand) contains internal stop codons. Phase 3 of sequence is used instead.
Gene 4513_g (- strand) contains internal stop codons. Phase 3 of sequence is used instead.
Gene 4514_g (+ strand) contains internal stop codons. Phase 2 of sequence is used instead.
Gene 4515_g (+ strand) contains internal stop codons. Phase 2 of sequence is used instead.
Gene 4516_g (- strand) contains internal stop codons. Phase 2 of sequence is used instead.
Gene 4517_g (+ strand) contains internal stop codons. Phase 2 of sequence is used instead.
Gene 4518_g (+ strand) contains internal stop codons. Phase 2 of sequence is used instead.
Gene 4519_g (+ strand) contains internal stop codons. Phase 3 of sequence is used instead.
Gene 4520_g (- strand) contains internal stop codons. Phase 3 of sequence is used instead.
Gene 4524_g (- strand) contains internal stop codons. Phase 2 of sequence is used instead.
Gene 4525_g (- strand) contains internal stop codons. Phase 2 of sequence is used instead.
Gene 4526_g (- strand) contains internal stop codons. Phase 3 of sequence is used instead.
Gene 4529_g (+ strand) contains internal stop codons. Phase 2 of sequence is used instead.
Gene 4530_g (+ strand) contains internal stop codons. Phase 3 of sequence is used instead.
Gene 4532_g (+ strand) contains internal stop codons. Phase 3 of sequence is used instead.
Gene 4533_g (- strand) contains internal stop codons. Phase 3 of sequence is used instead.
Gene 4535_g (+ strand) contains internal stop codons. Phase 2 of sequence is used instead.
Gene 4537_g (- strand) contains internal stop codons. Phase 3 of sequence is used instead.
Gene 4539_g (+ strand) contains internal stop codons. Phase 2 of sequence is used instead.
Gene 4540_g (+ strand) contains internal stop codons. Phase 3 of sequence is used instead.
Gene 4542_g (+ strand) contains internal stop codons. Phase 3 of sequence is used instead.
Gene 4543_g (+ strand) contains internal stop codons. Phase 2 of sequence is used instead.
Gene 4547_g (+ strand) contains internal stop codons. Phase 3 of sequence is used instead.
Gene 4549_g (- strand) contains internal stop codons. Phase 2 of sequence is used instead.
Gene 4551_g (- strand) contains internal stop codons. Phase 2 of sequence is used instead.
Gene 4552_g (+ strand) contains internal stop codons. Phase 2 of sequence is used instead.
Gene 4554_g (+ strand) contains internal stop codons. Phase 2 of sequence is used instead.
Gene 4555_g (+ strand) contains internal stop codons. Phase 2 of sequence is used instead.
Gene 4556_g (- strand) contains internal stop codons. Phase 3 of sequence is used instead.
Gene 4557_g (+ strand) contains internal stop codons. Phase 3 of sequence is used instead.
Gene 4558_g (+ strand) contains internal stop codons. Phase 3 of sequence is used instead.
Gene 4559_g (- strand) contains internal stop codons. Phase 2 of sequence is used instead.
Gene 4560_g (+ strand) contains internal stop codons. Phase 3 of sequence is used instead.
Gene 4561_g (- strand) contains internal stop codons. Phase 2 of sequence is used instead.
Gene 4562_g (- strand) contains internal stop codons. Phase 3 of sequence is used instead.
Gene 4563_g (+ strand) contains internal stop codons. Phase 3 of sequence is used instead.
Gene 4565_g (- strand) contains internal stop codons. Phase 2 of sequence is used instead.
Gene 4567_g (- strand) contains internal stop codons. Phase 3 of sequence is used instead.
Gene 4569_g (- strand) contains internal stop codons. Phase 2 of sequence is used instead.
Gene 4570_g (+ strand) contains internal stop codons. Phase 2 of sequence is used instead.
Gene 4571_g (+ strand) contains internal stop codons. Phase 2 of sequence is used instead.
Gene 4572_g (- strand) contains internal stop codons. Phase 3 of sequence is used instead.
Gene 4573_g (- strand) contains internal stop codons. Phase 2 of sequence is used instead.
Gene 4574_g (+ strand) contains internal stop codons. Phase 3 of sequence is used instead.
Gene 4575_g (- strand) contains internal stop codons. Phase 3 of sequence is used instead.
Gene 4576_g (- strand) contains internal stop codons. Phase 3 of sequence is used instead.
Gene 4578_g (- strand) contains internal stop codons. Phase 3 of sequence is used instead.
Gene 4580_g (+ strand) contains internal stop codons. Phase 3 of sequence is used instead.
Gene 4582_g (- strand) contains internal stop codons. Phase 3 of sequence is used instead.
Gene 4583_g (+ strand) contains internal stop codons. Phase 2 of sequence is used instead.
Gene 4584_g (- strand) contains internal stop codons. Phase 3 of sequence is used instead.
Gene 4585_g (- strand) contains internal stop codons. Phase 3 of sequence is used instead.
Gene 4586_g (+ strand) contains internal stop codons. Phase 2 of sequence is used instead.
Gene 4587_g (+ strand) contains internal stop codons. Phase 2 of sequence is used instead.
Gene 4589_g (+ strand) contains internal stop codons. Phase 3 of sequence is used instead.
Gene 4590_g (- strand) contains internal stop codons. Phase 3 of sequence is used instead.
Gene 4592_g (+ strand) contains internal stop codons. Phase 2 of sequence is used instead.
Gene 4593_g (- strand) contains internal stop codons. Phase 3 of sequence is used instead.
Gene 4594_g (- strand) contains internal stop codons. Phase 3 of sequence is used instead.
Gene 4596_g (+ strand) contains internal stop codons. Phase 2 of sequence is used instead.
Gene 4597_g (- strand) contains internal stop codons. Phase 2 of sequence is used instead.
Gene 4598_g (+ strand) contains internal stop codons. Phase 2 of sequence is used instead.
Gene 4599_g (- strand) contains internal stop codons. Phase 2 of sequence is used instead.
Gene 4600_g (- strand) contains internal stop codons. Phase 2 of sequence is used instead.
Gene 4602_g (- strand) contains internal stop codons. Phase 3 of sequence is used instead.
Gene 4603_g (- strand) contains internal stop codons. Phase 2 of sequence is used instead.
Gene 4604_g (- strand) contains internal stop codons. Phase 2 of sequence is used instead.
Gene 4605_g (- strand) contains internal stop codons. Phase 2 of sequence is used instead.
Gene 4606_g (- strand) contains internal stop codons. Phase 2 of sequence is used instead.
Gene 4609_g (- strand) contains internal stop codons. Phase 2 of sequence is used instead.
Gene 4610_g (+ strand) contains internal stop codons. Phase 3 of sequence is used instead.
Gene 4611_g (+ strand) contains internal stop codons. Phase 3 of sequence is used instead.
Gene 4612_g (+ strand) contains internal stop codons. Phase 2 of sequence is used instead.
Gene 4613_g (- strand) contains internal stop codons. Phase 3 of sequence is used instead.
Gene 4614_g (+ strand) contains internal stop codons. Phase 3 of sequence is used instead.
Gene 4615_g (+ strand) contains internal stop codons. Phase 2 of sequence is used instead.
Gene 4616_g (+ strand) contains internal stop codons. Phase 2 of sequence is used instead.
Gene 4617_g (+ strand) contains internal stop codons. Phase 3 of sequence is used instead.
Gene 4618_g (- strand) contains internal stop codons. Phase 3 of sequence is used instead.
Gene 4619_g (- strand) contains internal stop codons. Phase 3 of sequence is used instead.
Gene 4621_g (- strand) contains internal stop codons. Phase 2 of sequence is used instead.
Gene 4624_g (- strand) contains internal stop codons. Phase 3 of sequence is used instead.
Gene 4626_g (- strand) contains internal stop codons. Phase 2 of sequence is used instead.
Gene 4628_g (+ strand) contains internal stop codons. Phase 3 of sequence is used instead.
Gene 4629_g (+ strand) contains internal stop codons. Phase 2 of sequence is used instead.
Gene 4630_g (- strand) contains internal stop codons. Phase 2 of sequence is used instead.
Gene 4638_g (- strand) contains internal stop codons. Phase 3 of sequence is used instead.
Gene 4640_g (+ strand) contains internal stop codons. Phase 3 of sequence is used instead.
Gene 4641_g (- strand) contains internal stop codons. Phase 2 of sequence is used instead.
Gene 4642_g (+ strand) contains internal stop codons. Phase 2 of sequence is used instead.
Gene 4643_g (+ strand) contains internal stop codons. Phase 3 of sequence is used instead.
Gene 4644_g (+ strand) contains internal stop codons. Phase 2 of sequence is used instead.
Gene 4645_g (+ strand) contains internal stop codons. Phase 2 of sequence is used instead.
Gene 4647_g (- strand) contains internal stop codons. Phase 2 of sequence is used instead.
Gene 4648_g (+ strand) contains internal stop codons. Phase 2 of sequence is used instead.
Gene 4651_g (+ strand) contains internal stop codons. Phase 3 of sequence is used instead.
Gene 4654_g (+ strand) contains internal stop codons. Phase 3 of sequence is used instead.
Gene 4655_g (- strand) contains internal stop codons. Phase 2 of sequence is used instead.
Gene 4656_g (+ strand) contains internal stop codons. Phase 3 of sequence is used instead.
Gene 4657_g (- strand) contains internal stop codons. Phase 2 of sequence is used instead.
Gene 4658_g (+ strand) contains internal stop codons. Phase 2 of sequence is used instead.
Gene 4659_g (+ strand) contains internal stop codons. Phase 3 of sequence is used instead.
Gene 4660_g (- strand) contains internal stop codons. Phase 2 of sequence is used instead.
Gene 4661_g (- strand) contains internal stop codons. Phase 2 of sequence is used instead.
Gene 4664_g (- strand) contains internal stop codons. Phase 2 of sequence is used instead.
Gene 4665_g (- strand) contains internal stop codons. Phase 3 of sequence is used instead.
Gene 4666_g (+ strand) contains internal stop codons. Phase 2 of sequence is used instead.
Gene 4668_g (+ strand) contains internal stop codons. Phase 3 of sequence is used instead.
Gene 4669_g (+ strand) contains internal stop codons. Phase 3 of sequence is used instead.
Gene 4671_g (- strand) contains internal stop codons. Phase 2 of sequence is used instead.
Gene 4673_g (- strand) contains internal stop codons. Phase 3 of sequence is used instead.
Gene 4674_g (+ strand) contains internal stop codons. Phase 2 of sequence is used instead.
Gene 4675_g (+ strand) contains internal stop codons. Phase 2 of sequence is used instead.
Gene 4677_g (+ strand) contains internal stop codons. Phase 3 of sequence is used instead.
Gene 4681_g (+ strand) contains internal stop codons. Phase 3 of sequence is used instead.
Gene 4683_g (- strand) contains internal stop codons. Phase 3 of sequence is used instead.
Gene 4685_g (- strand) contains internal stop codons. Phase 3 of sequence is used instead.
Gene 4686_g (- strand) contains internal stop codons. Phase 2 of sequence is used instead.
Gene 4687_g (- strand) contains internal stop codons. Phase 3 of sequence is used instead.
Gene 4689_g (- strand) contains internal stop codons. Phase 2 of sequence is used instead.
Gene 4692_g (+ strand) contains internal stop codons. Phase 3 of sequence is used instead.
Gene 4693_g (+ strand) contains internal stop codons. Phase 2 of sequence is used instead.
Gene 4694_g (- strand) contains internal stop codons. Phase 2 of sequence is used instead.
Gene 4697_g (+ strand) contains internal stop codons. Phase 3 of sequence is used instead.
Gene 4698_g (- strand) contains internal stop codons. Phase 2 of sequence is used instead.
Gene 4699_g (+ strand) contains internal stop codons. Phase 2 of sequence is used instead.
Gene 4704_g (+ strand) contains internal stop codons. Phase 2 of sequence is used instead.
Gene 4705_g (+ strand) contains internal stop codons. Phase 2 of sequence is used instead.
Gene 4708_g (+ strand) contains internal stop codons. Phase 3 of sequence is used instead.
Gene 4709_g (+ strand) contains internal stop codons. Phase 2 of sequence is used instead.
Gene 4710_g (- strand) contains internal stop codons. Phase 2 of sequence is used instead.
Gene 4711_g (+ strand) contains internal stop codons. Phase 2 of sequence is used instead.
Gene 4713_g (- strand) contains internal stop codons. Phase 2 of sequence is used instead.
Gene 4716_g (- strand) contains internal stop codons. Phase 3 of sequence is used instead.
Gene 4717_g (- strand) contains internal stop codons. Phase 3 of sequence is used instead.
Gene 4718_g (- strand) contains internal stop codons. Phase 2 of sequence is used instead.
Gene 4719_g (- strand) contains internal stop codons. Phase 3 of sequence is used instead.
Gene 4720_g (- strand) contains internal stop codons. Phase 2 of sequence is used instead.
Gene 4721_g (+ strand) contains internal stop codons. Phase 3 of sequence is used instead.
Gene 4722_g (+ strand) contains internal stop codons. Phase 2 of sequence is used instead.
Gene 4723_g (+ strand) contains internal stop codons. Phase 2 of sequence is used instead.
Gene 4725_g (+ strand) contains internal stop codons. Phase 2 of sequence is used instead.
Gene 4726_g (- strand) contains internal stop codons. Phase 3 of sequence is used instead.
Gene 4727_g (+ strand) contains internal stop codons. Phase 2 of sequence is used instead.
Gene 4729_g (+ strand) contains internal stop codons. Phase 3 of sequence is used instead.
Gene 4730_g (+ strand) contains internal stop codons. Phase 3 of sequence is used instead.
Gene 4732_g (- strand) contains internal stop codons. Phase 2 of sequence is used instead.
Gene 4733_g (+ strand) contains internal stop codons. Phase 3 of sequence is used instead.
Gene 4734_g (+ strand) contains internal stop codons. Phase 2 of sequence is used instead.
Gene 4735_g (+ strand) contains internal stop codons. Phase 2 of sequence is used instead.
Gene 4736_g (- strand) contains internal stop codons. Phase 3 of sequence is used instead.
Gene 4737_g (- strand) contains internal stop codons. Phase 2 of sequence is used instead.
Gene 4738_g (- strand) contains internal stop codons. Phase 2 of sequence is used instead.
Gene 4739_g (+ strand) contains internal stop codons. Phase 3 of sequence is used instead.
Gene 4741_g (- strand) contains internal stop codons. Phase 2 of sequence is used instead.
Gene 4743_g (- strand) contains internal stop codons. Phase 3 of sequence is used instead.
Gene 4744_g (- strand) contains internal stop codons. Phase 2 of sequence is used instead.
Gene 4745_g (+ strand) contains internal stop codons. Phase 2 of sequence is used instead.
Gene 4748_g (- strand) contains internal stop codons. Phase 2 of sequence is used instead.
Gene 4749_g (+ strand) contains internal stop codons. Phase 3 of sequence is used instead.
Gene 4750_g (+ strand) contains internal stop codons. Phase 2 of sequence is used instead.
Gene 4751_g (+ strand) contains internal stop codons. Phase 2 of sequence is used instead.
Gene 4752_g (- strand) contains internal stop codons. Phase 3 of sequence is used instead.
Gene 4753_g (- strand) contains internal stop codons. Phase 2 of sequence is used instead.
Gene 4754_g (+ strand) contains internal stop codons. Phase 2 of sequence is used instead.
Gene 4756_g (- strand) contains internal stop codons. Phase 2 of sequence is used instead.
Gene 4757_g (- strand) contains internal stop codons. Phase 2 of sequence is used instead.
Gene 4759_g (- strand) contains internal stop codons. Phase 2 of sequence is used instead.
Gene 4760_g (- strand) contains internal stop codons. Phase 2 of sequence is used instead.
Gene 4761_g (+ strand) contains internal stop codons. Phase 2 of sequence is used instead.
Gene 4763_g (+ strand) contains internal stop codons. Phase 3 of sequence is used instead.
Gene 4765_g (+ strand) contains internal stop codons. Phase 2 of sequence is used instead.
Gene 4768_g (- strand) contains internal stop codons. Phase 2 of sequence is used instead.
Gene 4769_g (- strand) contains internal stop codons. Phase 2 of sequence is used instead.
Gene 4770_g (+ strand) contains internal stop codons. Phase 2 of sequence is used instead.
Gene 4772_g (- strand) contains internal stop codons. Phase 3 of sequence is used instead.
Gene 4775_g (+ strand) contains internal stop codons. Phase 2 of sequence is used instead.
Gene 4776_g (+ strand) contains internal stop codons. Phase 3 of sequence is used instead.
Gene 4777_g (- strand) contains internal stop codons. Phase 2 of sequence is used instead.
Gene 4778_g (- strand) contains internal stop codons. Phase 2 of sequence is used instead.
Gene 4782_g (+ strand) contains internal stop codons. Phase 2 of sequence is used instead.
Gene 4784_g (+ strand) contains internal stop codons. Phase 2 of sequence is used instead.
Gene 4785_g (+ strand) contains internal stop codons. Phase 2 of sequence is used instead.
Gene 4787_g (+ strand) contains internal stop codons. Phase 3 of sequence is used instead.
Gene 4788_g (- strand) contains internal stop codons. Phase 3 of sequence is used instead.
Gene 4789_g (+ strand) contains internal stop codons. Phase 2 of sequence is used instead.
Gene 4790_g (+ strand) contains internal stop codons. Phase 2 of sequence is used instead.
Gene 4793_g (- strand) contains internal stop codons. Phase 2 of sequence is used instead.
Gene 4794_g (- strand) contains internal stop codons. Phase 2 of sequence is used instead.
Gene 4795_g (+ strand) contains internal stop codons. Phase 2 of sequence is used instead.
Gene 4797_g (- strand) contains internal stop codons. Phase 2 of sequence is used instead.
Gene 4798_g (- strand) contains internal stop codons. Phase 2 of sequence is used instead.
Gene 4799_g (+ strand) contains internal stop codons. Phase 3 of sequence is used instead.
Gene 4800_g (+ strand) contains internal stop codons. Phase 2 of sequence is used instead.
Gene 4802_g (- strand) contains internal stop codons. Phase 3 of sequence is used instead.
Gene 4803_g (- strand) contains internal stop codons. Phase 2 of sequence is used instead.
Gene 4804_g (+ strand) contains internal stop codons. Phase 2 of sequence is used instead.
Gene 4805_g (- strand) contains internal stop codons. Phase 2 of sequence is used instead.
Gene 4806_g (- strand) contains internal stop codons. Phase 2 of sequence is used instead.
Gene 4807_g (+ strand) contains internal stop codons. Phase 2 of sequence is used instead.
Gene 4809_g (+ strand) contains internal stop codons. Phase 3 of sequence is used instead.
Gene 4810_g (- strand) contains internal stop codons. Phase 2 of sequence is used instead.
Gene 4811_g (- strand) contains internal stop codons. Phase 2 of sequence is used instead.
Gene 4812_g (+ strand) contains internal stop codons. Phase 2 of sequence is used instead.
Gene 4815_g (- strand) contains internal stop codons. Phase 2 of sequence is used instead.
Gene 4817_g (+ strand) contains internal stop codons. Phase 3 of sequence is used instead.
Gene 4819_g (+ strand) contains internal stop codons. Phase 3 of sequence is used instead.
Gene 4820_g (- strand) contains internal stop codons. Phase 2 of sequence is used instead.
Gene 4822_g (+ strand) contains internal stop codons. Phase 2 of sequence is used instead.
Gene 4823_g (+ strand) contains internal stop codons. Phase 2 of sequence is used instead.
Gene 4824_g (+ strand) contains internal stop codons. Phase 3 of sequence is used instead.
Gene 4825_g (+ strand) contains internal stop codons. Phase 3 of sequence is used instead.
Gene 4826_g (- strand) contains internal stop codons. Phase 2 of sequence is used instead.
Gene 4828_g (+ strand) contains internal stop codons. Phase 2 of sequence is used instead.
Gene 4830_g (+ strand) contains internal stop codons. Phase 3 of sequence is used instead.
Gene 4831_g (- strand) contains internal stop codons. Phase 2 of sequence is used instead.
Gene 4832_g (- strand) contains internal stop codons. Phase 2 of sequence is used instead.
Gene 4833_g (+ strand) contains internal stop codons. Phase 2 of sequence is used instead.
Gene 4834_g (- strand) contains internal stop codons. Phase 2 of sequence is used instead.
Gene 4837_g (+ strand) contains internal stop codons. Phase 2 of sequence is used instead.
Gene 4838_g (- strand) contains internal stop codons. Phase 3 of sequence is used instead.
Gene 4841_g (- strand) contains internal stop codons. Phase 2 of sequence is used instead.
Gene 4843_g (+ strand) contains internal stop codons. Phase 3 of sequence is used instead.
Gene 4844_g (+ strand) contains internal stop codons. Phase 2 of sequence is used instead.
Gene 4846_g (+ strand) contains internal stop codons. Phase 2 of sequence is used instead.
Gene 4847_g (+ strand) contains internal stop codons. Phase 2 of sequence is used instead.
Gene 4849_g (+ strand) contains internal stop codons. Phase 3 of sequence is used instead.
Gene 4850_g (+ strand) contains internal stop codons. Phase 3 of sequence is used instead.
Gene 4851_g (- strand) contains internal stop codons. Phase 3 of sequence is used instead.
Gene 4852_g (- strand) contains internal stop codons. Phase 2 of sequence is used instead.
Gene 4853_g (- strand) contains internal stop codons. Phase 2 of sequence is used instead.
Gene 4854_g (- strand) contains internal stop codons. Phase 3 of sequence is used instead.
Gene 4857_g (+ strand) contains internal stop codons. Phase 2 of sequence is used instead.
Gene 4858_g (+ strand) contains internal stop codons. Phase 2 of sequence is used instead.
Gene 4859_g (- strand) contains internal stop codons. Phase 2 of sequence is used instead.
Gene 4860_g (+ strand) contains internal stop codons. Phase 2 of sequence is used instead.
Gene 4861_g (- strand) contains internal stop codons. Phase 2 of sequence is used instead.
Gene 4863_g (- strand) contains internal stop codons. Phase 3 of sequence is used instead.
Gene 4864_g (+ strand) contains internal stop codons. Phase 2 of sequence is used instead.
Gene 4865_g (- strand) contains internal stop codons. Phase 2 of sequence is used instead.
Gene 4867_g (- strand) contains internal stop codons. Phase 2 of sequence is used instead.
Gene 4868_g (- strand) contains internal stop codons. Phase 2 of sequence is used instead.
Gene 4869_g (- strand) contains internal stop codons. Phase 2 of sequence is used instead.
Gene 4870_g (- strand) contains internal stop codons. Phase 3 of sequence is used instead.
Gene 4871_g (- strand) contains internal stop codons. Phase 2 of sequence is used instead.
Gene 4873_g (+ strand) contains internal stop codons. Phase 2 of sequence is used instead.
Gene 4875_g (- strand) contains internal stop codons. Phase 3 of sequence is used instead.
Gene 4876_g (+ strand) contains internal stop codons. Phase 2 of sequence is used instead.
Gene 4877_g (+ strand) contains internal stop codons. Phase 2 of sequence is used instead.
Gene 4879_g (- strand) contains internal stop codons. Phase 2 of sequence is used instead.
Gene 4880_g (- strand) contains internal stop codons. Phase 2 of sequence is used instead.
Gene 4881_g (+ strand) contains internal stop codons. Phase 2 of sequence is used instead.
Gene 4882_g (- strand) contains internal stop codons. Phase 2 of sequence is used instead.
Gene 4883_g (+ strand) contains internal stop codons. Phase 3 of sequence is used instead.
Gene 4884_g (- strand) contains internal stop codons. Phase 2 of sequence is used instead.
Gene 4885_g (- strand) contains internal stop codons. Phase 2 of sequence is used instead.
Gene 4886_g (+ strand) contains internal stop codons. Phase 3 of sequence is used instead.
Gene 4887_g (+ strand) contains internal stop codons. Phase 2 of sequence is used instead.
Gene 4888_g (- strand) contains internal stop codons. Phase 3 of sequence is used instead.
Gene 4889_g (+ strand) contains internal stop codons. Phase 2 of sequence is used instead.
Gene 4892_g (- strand) contains internal stop codons. Phase 3 of sequence is used instead.
Gene 4894_g (+ strand) contains internal stop codons. Phase 2 of sequence is used instead.
Gene 4895_g (+ strand) contains internal stop codons. Phase 2 of sequence is used instead.
Gene 4896_g (- strand) contains internal stop codons. Phase 3 of sequence is used instead.
Gene 4897_g (- strand) contains internal stop codons. Phase 3 of sequence is used instead.
Gene 4900_g (- strand) contains internal stop codons. Phase 2 of sequence is used instead.
Gene 4901_g (- strand) contains internal stop codons. Phase 2 of sequence is used instead.
Gene 4902_g (- strand) contains internal stop codons. Phase 2 of sequence is used instead.
Gene 4903_g (+ strand) contains internal stop codons. Phase 2 of sequence is used instead.
Gene 4904_g (+ strand) contains internal stop codons. Phase 3 of sequence is used instead.
Gene 4907_g (- strand) contains internal stop codons. Phase 3 of sequence is used instead.
Gene 4908_g (- strand) contains internal stop codons. Phase 2 of sequence is used instead.
Gene 4909_g (+ strand) contains internal stop codons. Phase 2 of sequence is used instead.
Gene 4914_g (+ strand) contains internal stop codons. Phase 2 of sequence is used instead.
Gene 4915_g (- strand) contains internal stop codons. Phase 2 of sequence is used instead.
Gene 4917_g (+ strand) contains internal stop codons. Phase 2 of sequence is used instead.
Gene 4918_g (- strand) contains internal stop codons. Phase 3 of sequence is used instead.
Gene 4919_g (- strand) contains internal stop codons. Phase 2 of sequence is used instead.
Gene 4920_g (- strand) contains internal stop codons. Phase 3 of sequence is used instead.
Gene 4921_g (- strand) contains internal stop codons. Phase 3 of sequence is used instead.
Gene 4923_g (- strand) contains internal stop codons. Phase 2 of sequence is used instead.
Gene 4924_g (- strand) contains internal stop codons. Phase 2 of sequence is used instead.
Gene 4925_g (- strand) contains internal stop codons. Phase 2 of sequence is used instead.
Gene 4926_g (+ strand) contains internal stop codons. Phase 2 of sequence is used instead.
Gene 4927_g (- strand) contains internal stop codons. Phase 2 of sequence is used instead.
Gene 4928_g (+ strand) contains internal stop codons. Phase 2 of sequence is used instead.
Gene 4929_g (- strand) contains internal stop codons. Phase 2 of sequence is used instead.
Gene 4930_g (+ strand) contains internal stop codons. Phase 3 of sequence is used instead.
Gene 4931_g (- strand) contains internal stop codons. Phase 3 of sequence is used instead.
Gene 4932_g (+ strand) contains internal stop codons. Phase 2 of sequence is used instead.
Gene 4933_g (+ strand) contains internal stop codons. Phase 2 of sequence is used instead.
Gene 4935_g (- strand) contains internal stop codons. Phase 2 of sequence is used instead.
Gene 4936_g (+ strand) contains internal stop codons. Phase 3 of sequence is used instead.
Gene 4937_g (+ strand) contains internal stop codons. Phase 2 of sequence is used instead.
Gene 4939_g (+ strand) contains internal stop codons. Phase 2 of sequence is used instead.
Gene 4940_g (+ strand) contains internal stop codons. Phase 2 of sequence is used instead.
Gene 4941_g (- strand) contains internal stop codons. Phase 2 of sequence is used instead.
Gene 4942_g (- strand) contains internal stop codons. Phase 3 of sequence is used instead.
Gene 4944_g (+ strand) contains internal stop codons. Phase 3 of sequence is used instead.
Gene 4945_g (- strand) contains internal stop codons. Phase 3 of sequence is used instead.
Gene 4946_g (+ strand) contains internal stop codons. Phase 2 of sequence is used instead.
Gene 4949_g (+ strand) contains internal stop codons. Phase 2 of sequence is used instead.
Gene 4950_g (- strand) contains internal stop codons. Phase 3 of sequence is used instead.
Gene 4951_g (- strand) contains internal stop codons. Phase 2 of sequence is used instead.
Gene 4952_g (+ strand) contains internal stop codons. Phase 3 of sequence is used instead.
Gene 4956_g (+ strand) contains internal stop codons. Phase 2 of sequence is used instead.
Gene 4959_g (- strand) contains internal stop codons. Phase 2 of sequence is used instead.
Gene 4960_g (+ strand) contains internal stop codons. Phase 2 of sequence is used instead.
Gene 4962_g (+ strand) contains internal stop codons. Phase 2 of sequence is used instead.
Gene 4964_g (+ strand) contains internal stop codons. Phase 3 of sequence is used instead.
Gene 4965_g (- strand) contains internal stop codons. Phase 2 of sequence is used instead.
Gene 4966_g (- strand) contains internal stop codons. Phase 3 of sequence is used instead.
Gene 4968_g (- strand) contains internal stop codons. Phase 3 of sequence is used instead.
Gene 4970_g (- strand) contains internal stop codons. Phase 3 of sequence is used instead.
Gene 4971_g (+ strand) contains internal stop codons. Phase 2 of sequence is used instead.
Gene 4973_g (- strand) contains internal stop codons. Phase 3 of sequence is used instead.
Gene 4975_g (- strand) contains internal stop codons. Phase 2 of sequence is used instead.
Gene 4976_g (- strand) contains internal stop codons. Phase 3 of sequence is used instead.
Gene 4980_g (+ strand) contains internal stop codons. Phase 3 of sequence is used instead.
Gene 4981_g (- strand) contains internal stop codons. Phase 2 of sequence is used instead.
Gene 4984_g (- strand) contains internal stop codons. Phase 2 of sequence is used instead.
Gene 4985_g (+ strand) contains internal stop codons. Phase 2 of sequence is used instead.
Gene 4986_g (- strand) contains internal stop codons. Phase 2 of sequence is used instead.
Gene 4987_g (- strand) contains internal stop codons. Phase 3 of sequence is used instead.
Gene 4988_g (+ strand) contains internal stop codons. Phase 2 of sequence is used instead.
Gene 4990_g (+ strand) contains internal stop codons. Phase 2 of sequence is used instead.
Gene 4992_g (- strand) contains internal stop codons. Phase 3 of sequence is used instead.
Gene 4993_g (+ strand) contains internal stop codons. Phase 3 of sequence is used instead.
Gene 4994_g (+ strand) contains internal stop codons. Phase 3 of sequence is used instead.
Gene 4995_g (- strand) contains internal stop codons. Phase 3 of sequence is used instead.
Gene 4996_g (- strand) contains internal stop codons. Phase 2 of sequence is used instead.
Gene 4999_g (+ strand) contains internal stop codons. Phase 3 of sequence is used instead.
Gene 5000_g (- strand) contains internal stop codons. Phase 2 of sequence is used instead.
Gene 5001_g (- strand) contains internal stop codons. Phase 3 of sequence is used instead.
Gene 5005_g (+ strand) contains internal stop codons. Phase 3 of sequence is used instead.
Gene 5006_g (+ strand) contains internal stop codons. Phase 3 of sequence is used instead.
Gene 5008_g (- strand) contains internal stop codons. Phase 2 of sequence is used instead.
Gene 5009_g (- strand) contains internal stop codons. Phase 3 of sequence is used instead.
Gene 5011_g (+ strand) contains internal stop codons. Phase 2 of sequence is used instead.
Gene 5012_g (- strand) contains internal stop codons. Phase 2 of sequence is used instead.
Gene 5013_g (+ strand) contains internal stop codons. Phase 2 of sequence is used instead.
Gene 5019_g (- strand) contains internal stop codons. Phase 3 of sequence is used instead.
Gene 5020_g (- strand) contains internal stop codons. Phase 3 of sequence is used instead.
Gene 5022_g (+ strand) contains internal stop codons. Phase 3 of sequence is used instead.
Gene 5023_g (- strand) contains internal stop codons. Phase 2 of sequence is used instead.
Gene 5024_g (+ strand) contains internal stop codons. Phase 2 of sequence is used instead.
Gene 5026_g (- strand) contains internal stop codons. Phase 3 of sequence is used instead.
Gene 5027_g (- strand) contains internal stop codons. Phase 2 of sequence is used instead.
Gene 5030_g (- strand) contains internal stop codons. Phase 3 of sequence is used instead.
Gene 5031_g (+ strand) contains internal stop codons. Phase 3 of sequence is used instead.
Gene 5034_g (+ strand) contains internal stop codons. Phase 2 of sequence is used instead.
Gene 5036_g (+ strand) contains internal stop codons. Phase 2 of sequence is used instead.
Gene 5037_g (- strand) contains internal stop codons. Phase 3 of sequence is used instead.
Gene 5040_g (- strand) contains internal stop codons. Phase 3 of sequence is used instead.
Gene 5041_g (+ strand) contains internal stop codons. Phase 3 of sequence is used instead.
Gene 5042_g (+ strand) contains internal stop codons. Phase 3 of sequence is used instead.
Gene 5043_g (- strand) contains internal stop codons. Phase 2 of sequence is used instead.
Gene 5045_g (- strand) contains internal stop codons. Phase 2 of sequence is used instead.
Gene 5046_g (+ strand) contains internal stop codons. Phase 2 of sequence is used instead.
Gene 5050_g (- strand) contains internal stop codons. Phase 2 of sequence is used instead.
Gene 5051_g (+ strand) contains internal stop codons. Phase 2 of sequence is used instead.
Gene 5052_g (- strand) contains internal stop codons. Phase 2 of sequence is used instead.
Gene 5053_g (+ strand) contains internal stop codons. Phase 2 of sequence is used instead.
Gene 5055_g (- strand) contains internal stop codons. Phase 2 of sequence is used instead.
Gene 5057_g (- strand) contains internal stop codons. Phase 2 of sequence is used instead.
Gene 5058_g (- strand) contains internal stop codons. Phase 2 of sequence is used instead.
Gene 5059_g (+ strand) contains internal stop codons. Phase 2 of sequence is used instead.
Gene 5060_g (- strand) contains internal stop codons. Phase 2 of sequence is used instead.
Gene 5061_g (+ strand) contains internal stop codons. Phase 2 of sequence is used instead.
Gene 5065_g (- strand) contains internal stop codons. Phase 2 of sequence is used instead.
Gene 5066_g (+ strand) contains internal stop codons. Phase 3 of sequence is used instead.
Gene 5069_g (+ strand) contains internal stop codons. Phase 3 of sequence is used instead.
Gene 5073_g (+ strand) contains internal stop codons. Phase 2 of sequence is used instead.
Gene 5074_g (- strand) contains internal stop codons. Phase 2 of sequence is used instead.
Gene 5075_g (+ strand) contains internal stop codons. Phase 2 of sequence is used instead.
Gene 5076_g (+ strand) contains internal stop codons. Phase 3 of sequence is used instead.
Gene 5077_g (+ strand) contains internal stop codons. Phase 3 of sequence is used instead.
Gene 5078_g (+ strand) contains internal stop codons. Phase 3 of sequence is used instead.
Gene 5080_g (+ strand) contains internal stop codons. Phase 3 of sequence is used instead.
Gene 5082_g (- strand) contains internal stop codons. Phase 2 of sequence is used instead.
Gene 5083_g (- strand) contains internal stop codons. Phase 2 of sequence is used instead.
Gene 5084_g (- strand) contains internal stop codons. Phase 3 of sequence is used instead.
Gene 5085_g (- strand) contains internal stop codons. Phase 2 of sequence is used instead.
Gene 5086_g (- strand) contains internal stop codons. Phase 3 of sequence is used instead.
Gene 5087_g (+ strand) contains internal stop codons. Phase 2 of sequence is used instead.
Gene 5091_g (- strand) contains internal stop codons. Phase 3 of sequence is used instead.
Gene 5094_g (+ strand) contains internal stop codons. Phase 3 of sequence is used instead.
Gene 5095_g (+ strand) contains internal stop codons. Phase 2 of sequence is used instead.
Gene 5100_g (- strand) contains internal stop codons. Phase 2 of sequence is used instead.
Gene 5101_g (- strand) contains internal stop codons. Phase 2 of sequence is used instead.
Gene 5102_g (- strand) contains internal stop codons. Phase 2 of sequence is used instead.
Gene 5103_g (- strand) contains internal stop codons. Phase 2 of sequence is used instead.
Gene 5104_g (- strand) contains internal stop codons. Phase 2 of sequence is used instead.
Gene 5106_g (+ strand) contains internal stop codons. Phase 3 of sequence is used instead.
Gene 5108_g (- strand) contains internal stop codons. Phase 3 of sequence is used instead.
Gene 5109_g (- strand) contains internal stop codons. Phase 2 of sequence is used instead.
Gene 5110_g (- strand) contains internal stop codons. Phase 3 of sequence is used instead.
Gene 5112_g (- strand) contains internal stop codons. Phase 2 of sequence is used instead.
Gene 5113_g (+ strand) contains internal stop codons. Phase 2 of sequence is used instead.
Gene 5114_g (+ strand) contains internal stop codons. Phase 3 of sequence is used instead.
Gene 5115_g (+ strand) contains internal stop codons. Phase 2 of sequence is used instead.
Gene 5118_g (- strand) contains internal stop codons. Phase 3 of sequence is used instead.
Gene 5119_g (- strand) contains internal stop codons. Phase 2 of sequence is used instead.
Gene 5121_g (- strand) contains internal stop codons. Phase 3 of sequence is used instead.
Gene 5123_g (+ strand) contains internal stop codons. Phase 2 of sequence is used instead.
Gene 5124_g (+ strand) contains internal stop codons. Phase 2 of sequence is used instead.
Gene 5125_g (+ strand) contains internal stop codons. Phase 2 of sequence is used instead.
Gene 5126_g (+ strand) contains internal stop codons. Phase 2 of sequence is used instead.
Gene 5128_g (- strand) contains internal stop codons. Phase 3 of sequence is used instead.
Gene 5129_g (- strand) contains internal stop codons. Phase 3 of sequence is used instead.
Gene 5130_g (+ strand) contains internal stop codons. Phase 3 of sequence is used instead.
Gene 5133_g (- strand) contains internal stop codons. Phase 3 of sequence is used instead.
Gene 5134_g (+ strand) contains internal stop codons. Phase 3 of sequence is used instead.
Gene 5135_g (+ strand) contains internal stop codons. Phase 2 of sequence is used instead.
Gene 5139_g (+ strand) contains internal stop codons. Phase 2 of sequence is used instead.
Gene 5141_g (+ strand) contains internal stop codons. Phase 2 of sequence is used instead.
Gene 5142_g (+ strand) contains internal stop codons. Phase 2 of sequence is used instead.
Gene 5143_g (- strand) contains internal stop codons. Phase 2 of sequence is used instead.
Gene 5146_g (- strand) contains internal stop codons. Phase 2 of sequence is used instead.
Gene 5147_g (+ strand) contains internal stop codons. Phase 2 of sequence is used instead.
Gene 5150_g (- strand) contains internal stop codons. Phase 2 of sequence is used instead.
Gene 5153_g (- strand) contains internal stop codons. Phase 2 of sequence is used instead.
Gene 5154_g (- strand) contains internal stop codons. Phase 2 of sequence is used instead.
Gene 5155_g (+ strand) contains internal stop codons. Phase 2 of sequence is used instead.
Gene 5156_g (+ strand) contains internal stop codons. Phase 2 of sequence is used instead.
Gene 5157_g (+ strand) contains internal stop codons. Phase 2 of sequence is used instead.
Gene 5158_g (- strand) contains internal stop codons. Phase 2 of sequence is used instead.
Gene 5159_g (+ strand) contains internal stop codons. Phase 3 of sequence is used instead.
Gene 5160_g (- strand) contains internal stop codons. Phase 3 of sequence is used instead.
Gene 5161_g (+ strand) contains internal stop codons. Phase 3 of sequence is used instead.
Gene 5162_g (- strand) contains internal stop codons. Phase 3 of sequence is used instead.
Gene 5164_g (- strand) contains internal stop codons. Phase 2 of sequence is used instead.
Gene 5165_g (- strand) contains internal stop codons. Phase 2 of sequence is used instead.
Gene 5167_g (- strand) contains internal stop codons. Phase 3 of sequence is used instead.
Gene 5168_g (- strand) contains internal stop codons. Phase 3 of sequence is used instead.
Gene 5170_g (+ strand) contains internal stop codons. Phase 2 of sequence is used instead.
Gene 5171_g (- strand) contains internal stop codons. Phase 2 of sequence is used instead.
Gene 5173_g (+ strand) contains internal stop codons. Phase 3 of sequence is used instead.
Gene 5174_g (+ strand) contains internal stop codons. Phase 2 of sequence is used instead.
Gene 5176_g (- strand) contains internal stop codons. Phase 2 of sequence is used instead.
Gene 5179_g (+ strand) contains internal stop codons. Phase 2 of sequence is used instead.
Gene 5181_g (- strand) contains internal stop codons. Phase 3 of sequence is used instead.
Gene 5182_g (- strand) contains internal stop codons. Phase 2 of sequence is used instead.
Gene 5183_g (- strand) contains internal stop codons. Phase 2 of sequence is used instead.
Gene 5185_g (- strand) contains internal stop codons. Phase 2 of sequence is used instead.
Gene 5186_g (+ strand) contains internal stop codons. Phase 2 of sequence is used instead.
Gene 5188_g (+ strand) contains internal stop codons. Phase 2 of sequence is used instead.
Gene 5191_g (- strand) contains internal stop codons. Phase 2 of sequence is used instead.
Gene 5192_g (- strand) contains internal stop codons. Phase 2 of sequence is used instead.
Gene 5193_g (- strand) contains internal stop codons. Phase 3 of sequence is used instead.
Gene 5194_g (+ strand) contains internal stop codons. Phase 2 of sequence is used instead.
Gene 5198_g (+ strand) contains internal stop codons. Phase 3 of sequence is used instead.
Gene 5199_g (- strand) contains internal stop codons. Phase 2 of sequence is used instead.
Gene 5200_g (- strand) contains internal stop codons. Phase 3 of sequence is used instead.
Gene 5201_g (+ strand) contains internal stop codons. Phase 2 of sequence is used instead.
Gene 5208_g (+ strand) contains internal stop codons. Phase 2 of sequence is used instead.
Gene 5209_g (- strand) contains internal stop codons. Phase 2 of sequence is used instead.
Gene 5212_g (- strand) contains internal stop codons. Phase 2 of sequence is used instead.
Gene 5214_g (- strand) contains internal stop codons. Phase 2 of sequence is used instead.
Gene 5215_g (+ strand) contains internal stop codons. Phase 3 of sequence is used instead.
Gene 5219_g (+ strand) contains internal stop codons. Phase 3 of sequence is used instead.
Gene 5220_g (- strand) contains internal stop codons. Phase 2 of sequence is used instead.
Gene 5222_g (- strand) contains internal stop codons. Phase 2 of sequence is used instead.
Gene 5223_g (+ strand) contains internal stop codons. Phase 3 of sequence is used instead.
Gene 5225_g (- strand) contains internal stop codons. Phase 2 of sequence is used instead.
Gene 5229_g (+ strand) contains internal stop codons. Phase 3 of sequence is used instead.
Gene 5230_g (- strand) contains internal stop codons. Phase 3 of sequence is used instead.
Gene 5234_g (- strand) contains internal stop codons. Phase 2 of sequence is used instead.
Gene 5235_g (- strand) contains internal stop codons. Phase 2 of sequence is used instead.
Gene 5237_g (- strand) contains internal stop codons. Phase 2 of sequence is used instead.
Gene 5239_g (+ strand) contains internal stop codons. Phase 3 of sequence is used instead.
Gene 5243_g (+ strand) contains internal stop codons. Phase 2 of sequence is used instead.
Gene 5244_g (+ strand) contains internal stop codons. Phase 2 of sequence is used instead.
Gene 5245_g (+ strand) contains internal stop codons. Phase 2 of sequence is used instead.
Gene 5247_g (+ strand) contains internal stop codons. Phase 2 of sequence is used instead.
Gene 5248_g (+ strand) contains internal stop codons. Phase 2 of sequence is used instead.
Gene 5250_g (- strand) contains internal stop codons. Phase 3 of sequence is used instead.
Gene 5251_g (- strand) contains internal stop codons. Phase 3 of sequence is used instead.
Gene 5254_g (- strand) contains internal stop codons. Phase 2 of sequence is used instead.
Gene 5255_g (+ strand) contains internal stop codons. Phase 2 of sequence is used instead.
Gene 5256_g (- strand) contains internal stop codons. Phase 2 of sequence is used instead.
Gene 5257_g (- strand) contains internal stop codons. Phase 2 of sequence is used instead.
Gene 5258_g (+ strand) contains internal stop codons. Phase 2 of sequence is used instead.
Gene 5260_g (- strand) contains internal stop codons. Phase 2 of sequence is used instead.
Gene 5261_g (- strand) contains internal stop codons. Phase 3 of sequence is used instead.
Gene 5263_g (- strand) contains internal stop codons. Phase 3 of sequence is used instead.
Gene 5265_g (- strand) contains internal stop codons. Phase 2 of sequence is used instead.
Gene 5267_g (+ strand) contains internal stop codons. Phase 3 of sequence is used instead.
Gene 5269_g (+ strand) contains internal stop codons. Phase 2 of sequence is used instead.
Gene 5271_g (+ strand) contains internal stop codons. Phase 2 of sequence is used instead.
Gene 5272_g (- strand) contains internal stop codons. Phase 2 of sequence is used instead.
Gene 5273_g (- strand) contains internal stop codons. Phase 3 of sequence is used instead.
Gene 5274_g (+ strand) contains internal stop codons. Phase 2 of sequence is used instead.
Gene 5277_g (+ strand) contains internal stop codons. Phase 2 of sequence is used instead.
Gene 5278_g (- strand) contains internal stop codons. Phase 2 of sequence is used instead.
Gene 5280_g (- strand) contains internal stop codons. Phase 2 of sequence is used instead.
Gene 5282_g (- strand) contains internal stop codons. Phase 3 of sequence is used instead.
Gene 5283_g (+ strand) contains internal stop codons. Phase 2 of sequence is used instead.
Gene 5284_g (+ strand) contains internal stop codons. Phase 2 of sequence is used instead.
Gene 5285_g (+ strand) contains internal stop codons. Phase 2 of sequence is used instead.
Gene 5286_g (+ strand) contains internal stop codons. Phase 2 of sequence is used instead.
Gene 5287_g (+ strand) contains internal stop codons. Phase 3 of sequence is used instead.
Gene 5288_g (- strand) contains internal stop codons. Phase 2 of sequence is used instead.
Gene 5289_g (+ strand) contains internal stop codons. Phase 3 of sequence is used instead.
Gene 5290_g (- strand) contains internal stop codons. Phase 2 of sequence is used instead.
Gene 5291_g (- strand) contains internal stop codons. Phase 3 of sequence is used instead.
Gene 5294_g (- strand) contains internal stop codons. Phase 2 of sequence is used instead.
Gene 5295_g (+ strand) contains internal stop codons. Phase 3 of sequence is used instead.
Gene 5297_g (+ strand) contains internal stop codons. Phase 3 of sequence is used instead.
Gene 5300_g (- strand) contains internal stop codons. Phase 2 of sequence is used instead.
Gene 5302_g (+ strand) contains internal stop codons. Phase 2 of sequence is used instead.
Gene 5307_g (+ strand) contains internal stop codons. Phase 2 of sequence is used instead.
Gene 5308_g (- strand) contains internal stop codons. Phase 2 of sequence is used instead.
Gene 5309_g (+ strand) contains internal stop codons. Phase 2 of sequence is used instead.
Gene 5310_g (+ strand) contains internal stop codons. Phase 2 of sequence is used instead.
Gene 5312_g (- strand) contains internal stop codons. Phase 2 of sequence is used instead.
Gene 5313_g (- strand) contains internal stop codons. Phase 3 of sequence is used instead.
Gene 5318_g (- strand) contains internal stop codons. Phase 2 of sequence is used instead.
Gene 5319_g (+ strand) contains internal stop codons. Phase 2 of sequence is used instead.
Gene 5320_g (- strand) contains internal stop codons. Phase 3 of sequence is used instead.
Gene 5324_g (+ strand) contains internal stop codons. Phase 3 of sequence is used instead.
Gene 5325_g (- strand) contains internal stop codons. Phase 3 of sequence is used instead.
Gene 5326_g (+ strand) contains internal stop codons. Phase 2 of sequence is used instead.
Gene 5327_g (- strand) contains internal stop codons. Phase 3 of sequence is used instead.
Gene 5330_g (- strand) contains internal stop codons. Phase 2 of sequence is used instead.
Gene 5332_g (- strand) contains internal stop codons. Phase 2 of sequence is used instead.
Gene 5334_g (- strand) contains internal stop codons. Phase 2 of sequence is used instead.
Gene 5335_g (+ strand) contains internal stop codons. Phase 2 of sequence is used instead.
Gene 5336_g (- strand) contains internal stop codons. Phase 2 of sequence is used instead.
Gene 5337_g (- strand) contains internal stop codons. Phase 3 of sequence is used instead.
Gene 5341_g (- strand) contains internal stop codons. Phase 3 of sequence is used instead.
Gene 5344_g (+ strand) contains internal stop codons. Phase 2 of sequence is used instead.
Gene 5345_g (- strand) contains internal stop codons. Phase 2 of sequence is used instead.
Gene 5346_g (- strand) contains internal stop codons. Phase 2 of sequence is used instead.
Gene 5348_g (- strand) contains internal stop codons. Phase 2 of sequence is used instead.
Gene 5350_g (+ strand) contains internal stop codons. Phase 2 of sequence is used instead.
Gene 5351_g (- strand) contains internal stop codons. Phase 2 of sequence is used instead.
Gene 5352_g (- strand) contains internal stop codons. Phase 3 of sequence is used instead.
Gene 5353_g (+ strand) contains internal stop codons. Phase 2 of sequence is used instead.
Gene 5355_g (- strand) contains internal stop codons. Phase 2 of sequence is used instead.
Gene 5356_g (- strand) contains internal stop codons. Phase 3 of sequence is used instead.
Gene 5357_g (- strand) contains internal stop codons. Phase 3 of sequence is used instead.
Gene 5361_g (+ strand) contains internal stop codons. Phase 3 of sequence is used instead.
Gene 5363_g (- strand) contains internal stop codons. Phase 3 of sequence is used instead.
Gene 5364_g (- strand) contains internal stop codons. Phase 3 of sequence is used instead.
Gene 5368_g (- strand) contains internal stop codons. Phase 3 of sequence is used instead.
Gene 5369_g (- strand) contains internal stop codons. Phase 2 of sequence is used instead.
Gene 5378_g (- strand) contains internal stop codons. Phase 3 of sequence is used instead.
Gene 5379_g (+ strand) contains internal stop codons. Phase 2 of sequence is used instead.
Gene 5380_g (+ strand) contains internal stop codons. Phase 3 of sequence is used instead.
Gene 5383_g (+ strand) contains internal stop codons. Phase 3 of sequence is used instead.
Gene 5386_g (+ strand) contains internal stop codons. Phase 3 of sequence is used instead.
Gene 5391_g (+ strand) contains internal stop codons. Phase 2 of sequence is used instead.
Gene 5392_g (+ strand) contains internal stop codons. Phase 2 of sequence is used instead.
Gene 5393_g (- strand) contains internal stop codons. Phase 2 of sequence is used instead.
Gene 5397_g (+ strand) contains internal stop codons. Phase 3 of sequence is used instead.
Gene 5400_g (- strand) contains internal stop codons. Phase 3 of sequence is used instead.
Gene 5402_g (- strand) contains internal stop codons. Phase 3 of sequence is used instead.
Gene 5403_g (+ strand) contains internal stop codons. Phase 2 of sequence is used instead.
Gene 5404_g (- strand) contains internal stop codons. Phase 3 of sequence is used instead.
Gene 5406_g (- strand) contains internal stop codons. Phase 3 of sequence is used instead.
Gene 5410_g (- strand) contains internal stop codons. Phase 2 of sequence is used instead.
Gene 5411_g (- strand) contains internal stop codons. Phase 3 of sequence is used instead.
Gene 5413_g (+ strand) contains internal stop codons. Phase 2 of sequence is used instead.
Gene 5414_g (- strand) contains internal stop codons. Phase 3 of sequence is used instead.
Gene 5415_g (- strand) contains internal stop codons. Phase 3 of sequence is used instead.
Gene 5416_g (- strand) contains internal stop codons. Phase 2 of sequence is used instead.
Gene 5418_g (+ strand) contains internal stop codons. Phase 2 of sequence is used instead.
Gene 5419_g (+ strand) contains internal stop codons. Phase 3 of sequence is used instead.
Gene 5420_g (+ strand) contains internal stop codons. Phase 2 of sequence is used instead.
Gene 5422_g (+ strand) contains internal stop codons. Phase 2 of sequence is used instead.
Gene 5423_g (- strand) contains internal stop codons. Phase 3 of sequence is used instead.
Gene 5424_g (+ strand) contains internal stop codons. Phase 2 of sequence is used instead.
Gene 5431_g (- strand) contains internal stop codons. Phase 2 of sequence is used instead.
Gene 5432_g (+ strand) contains internal stop codons. Phase 3 of sequence is used instead.
Gene 5433_g (- strand) contains internal stop codons. Phase 3 of sequence is used instead.
Gene 5434_g (+ strand) contains internal stop codons. Phase 3 of sequence is used instead.
Gene 5435_g (- strand) contains internal stop codons. Phase 2 of sequence is used instead.
Gene 5437_g (- strand) contains internal stop codons. Phase 2 of sequence is used instead.
Gene 5438_g (+ strand) contains internal stop codons. Phase 3 of sequence is used instead.
Gene 5439_g (- strand) contains internal stop codons. Phase 2 of sequence is used instead.
Gene 5440_g (- strand) contains internal stop codons. Phase 2 of sequence is used instead.
Gene 5442_g (- strand) contains internal stop codons. Phase 3 of sequence is used instead.
Gene 5444_g (- strand) contains internal stop codons. Phase 3 of sequence is used instead.
Gene 5445_g (+ strand) contains internal stop codons. Phase 2 of sequence is used instead.
Gene 5447_g (+ strand) contains internal stop codons. Phase 2 of sequence is used instead.
Gene 5452_g (- strand) contains internal stop codons. Phase 2 of sequence is used instead.
Gene 5458_g (- strand) contains internal stop codons. Phase 2 of sequence is used instead.
Gene 5460_g (- strand) contains internal stop codons. Phase 2 of sequence is used instead.
Gene 5473_g (- strand) contains internal stop codons. Phase 3 of sequence is used instead.
Gene 5474_g (+ strand) contains internal stop codons. Phase 2 of sequence is used instead.
Gene 5475_g (- strand) contains internal stop codons. Phase 2 of sequence is used instead.
Gene 5476_g (+ strand) contains internal stop codons. Phase 2 of sequence is used instead.
Gene 5477_g (- strand) contains internal stop codons. Phase 2 of sequence is used instead.
Gene 5480_g (- strand) contains internal stop codons. Phase 3 of sequence is used instead.
Gene 5481_g (+ strand) contains internal stop codons. Phase 2 of sequence is used instead.
Gene 5483_g (+ strand) contains internal stop codons. Phase 2 of sequence is used instead.
Gene 5485_g (+ strand) contains internal stop codons. Phase 2 of sequence is used instead.
Gene 5487_g (- strand) contains internal stop codons. Phase 2 of sequence is used instead.
Gene 5492_g (- strand) contains internal stop codons. Phase 2 of sequence is used instead.
Gene 5496_g (- strand) contains internal stop codons. Phase 3 of sequence is used instead.
Gene 5497_g (- strand) contains internal stop codons. Phase 2 of sequence is used instead.
Gene 5498_g (- strand) contains internal stop codons. Phase 2 of sequence is used instead.
Gene 5500_g (- strand) contains internal stop codons. Phase 2 of sequence is used instead.
Gene 5501_g (- strand) contains internal stop codons. Phase 3 of sequence is used instead.
Gene 5504_g (+ strand) contains internal stop codons. Phase 2 of sequence is used instead.
Gene 5506_g (- strand) contains internal stop codons. Phase 2 of sequence is used instead.
Gene 5508_g (+ strand) contains internal stop codons. Phase 2 of sequence is used instead.
Gene 5513_g (- strand) contains internal stop codons. Phase 3 of sequence is used instead.
Gene 5514_g (- strand) contains internal stop codons. Phase 2 of sequence is used instead.
Gene 5515_g (- strand) contains internal stop codons. Phase 2 of sequence is used instead.
Gene 5516_g (+ strand) contains internal stop codons. Phase 3 of sequence is used instead.
Gene 5517_g (- strand) contains internal stop codons. Phase 2 of sequence is used instead.
Gene 5518_g (+ strand) contains internal stop codons. Phase 2 of sequence is used instead.
Gene 5520_g (+ strand) contains internal stop codons. Phase 2 of sequence is used instead.
Gene 5521_g (+ strand) contains internal stop codons. Phase 2 of sequence is used instead.
Gene 5525_g (- strand) contains internal stop codons. Phase 3 of sequence is used instead.
Gene 5528_g (- strand) contains internal stop codons. Phase 2 of sequence is used instead.
Gene 5530_g (- strand) contains internal stop codons. Phase 2 of sequence is used instead.
Gene 5532_g (- strand) contains internal stop codons. Phase 2 of sequence is used instead.
Gene 5540_g (+ strand) contains internal stop codons. Phase 3 of sequence is used instead.
Gene 5545_g (- strand) contains internal stop codons. Phase 3 of sequence is used instead.
Gene 5546_g (+ strand) contains internal stop codons. Phase 3 of sequence is used instead.
Gene 5547_g (- strand) contains internal stop codons. Phase 2 of sequence is used instead.
Gene 5548_g (+ strand) contains internal stop codons. Phase 2 of sequence is used instead.
Gene 5550_g (+ strand) contains internal stop codons. Phase 2 of sequence is used instead.
Gene 5551_g (+ strand) contains internal stop codons. Phase 2 of sequence is used instead.
Gene 5559_g (- strand) contains internal stop codons. Phase 3 of sequence is used instead.
Gene 5563_g (- strand) contains internal stop codons. Phase 2 of sequence is used instead.
Gene 5564_g (- strand) contains internal stop codons. Phase 3 of sequence is used instead.
Gene 5565_g (- strand) contains internal stop codons. Phase 2 of sequence is used instead.
Gene 5566_g (- strand) contains internal stop codons. Phase 2 of sequence is used instead.
Gene 5574_g (- strand) contains internal stop codons. Phase 3 of sequence is used instead.
Gene 5577_g (- strand) contains internal stop codons. Phase 2 of sequence is used instead.
Gene 5578_g (- strand) contains internal stop codons. Phase 2 of sequence is used instead.
Gene 5579_g (- strand) contains internal stop codons. Phase 3 of sequence is used instead.
Gene 5587_g (- strand) contains internal stop codons. Phase 2 of sequence is used instead.
Gene 5588_g (- strand) contains internal stop codons. Phase 2 of sequence is used instead.
Gene 5592_g (+ strand) contains internal stop codons. Phase 2 of sequence is used instead.
Gene 5594_g (- strand) contains internal stop codons. Phase 2 of sequence is used instead.
Gene 5595_g (- strand) contains internal stop codons. Phase 2 of sequence is used instead.
Gene 5597_g (+ strand) contains internal stop codons. Phase 2 of sequence is used instead.
Gene 5599_g (+ strand) contains internal stop codons. Phase 2 of sequence is used instead.
Gene 5602_g (+ strand) contains internal stop codons. Phase 2 of sequence is used instead.
Gene 5605_g (+ strand) contains internal stop codons. Phase 3 of sequence is used instead.
Gene 5609_g (+ strand) contains internal stop codons. Phase 2 of sequence is used instead.
Gene 5610_g (- strand) contains internal stop codons. Phase 2 of sequence is used instead.
Gene 5611_g (- strand) contains internal stop codons. Phase 2 of sequence is used instead.
Gene 5615_g (- strand) contains internal stop codons. Phase 2 of sequence is used instead.
Gene 5620_g (+ strand) contains internal stop codons. Phase 3 of sequence is used instead.
Gene 5622_g (- strand) contains internal stop codons. Phase 2 of sequence is used instead.
Gene 5623_g (- strand) contains internal stop codons. Phase 2 of sequence is used instead.
Gene 5624_g (- strand) contains internal stop codons. Phase 3 of sequence is used instead.
Gene 5625_g (+ strand) contains internal stop codons. Phase 2 of sequence is used instead.
Gene 5626_g (+ strand) contains internal stop codons. Phase 2 of sequence is used instead.
Gene 5627_g (+ strand) contains internal stop codons. Phase 2 of sequence is used instead.
Gene 5628_g (- strand) contains internal stop codons. Phase 3 of sequence is used instead.
Gene 5629_g (- strand) contains internal stop codons. Phase 3 of sequence is used instead.
Gene 5631_g (- strand) contains internal stop codons. Phase 2 of sequence is used instead.
Gene 5632_g (+ strand) contains internal stop codons. Phase 2 of sequence is used instead.
Gene 5633_g (+ strand) contains internal stop codons. Phase 3 of sequence is used instead.
Gene 5634_g (+ strand) contains internal stop codons. Phase 3 of sequence is used instead.
Gene 5635_g (- strand) contains internal stop codons. Phase 2 of sequence is used instead.
Gene 5636_g (+ strand) contains internal stop codons. Phase 2 of sequence is used instead.
Gene 5637_g (- strand) contains internal stop codons. Phase 2 of sequence is used instead.
Gene 5638_g (+ strand) contains internal stop codons. Phase 3 of sequence is used instead.
Gene 5640_g (- strand) contains internal stop codons. Phase 3 of sequence is used instead.
Gene 5642_g (- strand) contains internal stop codons. Phase 2 of sequence is used instead.
Gene 5643_g (- strand) contains internal stop codons. Phase 2 of sequence is used instead.
Gene 5644_g (+ strand) contains internal stop codons. Phase 2 of sequence is used instead.
Gene 5646_g (+ strand) contains internal stop codons. Phase 2 of sequence is used instead.
Gene 5647_g (+ strand) contains internal stop codons. Phase 2 of sequence is used instead.
Gene 5649_g (- strand) contains internal stop codons. Phase 3 of sequence is used instead.
Gene 5650_g (- strand) contains internal stop codons. Phase 2 of sequence is used instead.
Gene 5651_g (+ strand) contains internal stop codons. Phase 3 of sequence is used instead.
Gene 5652_g (+ strand) contains internal stop codons. Phase 2 of sequence is used instead.
Gene 5653_g (+ strand) contains internal stop codons. Phase 2 of sequence is used instead.
Gene 5655_g (- strand) contains internal stop codons. Phase 3 of sequence is used instead.
Gene 5657_g (- strand) contains internal stop codons. Phase 2 of sequence is used instead.
Gene 5659_g (- strand) contains internal stop codons. Phase 2 of sequence is used instead.
Gene 5660_g (- strand) contains internal stop codons. Phase 2 of sequence is used instead.
Gene 5661_g (- strand) contains internal stop codons. Phase 2 of sequence is used instead.
Gene 5662_g (- strand) contains internal stop codons. Phase 2 of sequence is used instead.
Gene 5664_g (- strand) contains internal stop codons. Phase 3 of sequence is used instead.
Gene 5665_g (+ strand) contains internal stop codons. Phase 2 of sequence is used instead.
Gene 5667_g (- strand) contains internal stop codons. Phase 2 of sequence is used instead.
Gene 5668_g (+ strand) contains internal stop codons. Phase 3 of sequence is used instead.
Gene 5669_g (- strand) contains internal stop codons. Phase 2 of sequence is used instead.
Gene 5670_g (+ strand) contains internal stop codons. Phase 2 of sequence is used instead.
Gene 5673_g (+ strand) contains internal stop codons. Phase 3 of sequence is used instead.
Gene 5674_g (- strand) contains internal stop codons. Phase 3 of sequence is used instead.
Gene 5675_g (- strand) contains internal stop codons. Phase 2 of sequence is used instead.
Gene 5677_g (+ strand) contains internal stop codons. Phase 2 of sequence is used instead.
Gene 5678_g (- strand) contains internal stop codons. Phase 2 of sequence is used instead.
Gene 5681_g (- strand) contains internal stop codons. Phase 2 of sequence is used instead.
Gene 5683_g (- strand) contains internal stop codons. Phase 3 of sequence is used instead.
Gene 5684_g (- strand) contains internal stop codons. Phase 2 of sequence is used instead.
Gene 5685_g (+ strand) contains internal stop codons. Phase 2 of sequence is used instead.
Gene 5686_g (- strand) contains internal stop codons. Phase 2 of sequence is used instead.
Gene 5687_g (+ strand) contains internal stop codons. Phase 2 of sequence is used instead.
Gene 5689_g (+ strand) contains internal stop codons. Phase 2 of sequence is used instead.
Gene 5690_g (- strand) contains internal stop codons. Phase 3 of sequence is used instead.
Gene 5692_g (- strand) contains internal stop codons. Phase 3 of sequence is used instead.
Gene 5693_g (- strand) contains internal stop codons. Phase 3 of sequence is used instead.
Gene 5694_g (- strand) contains internal stop codons. Phase 3 of sequence is used instead.
Gene 5695_g (- strand) contains internal stop codons. Phase 2 of sequence is used instead.
Gene 5696_g (- strand) contains internal stop codons. Phase 3 of sequence is used instead.
Gene 5697_g (- strand) contains internal stop codons. Phase 2 of sequence is used instead.
Gene 5698_g (- strand) contains internal stop codons. Phase 3 of sequence is used instead.
Gene 5699_g (- strand) contains internal stop codons. Phase 2 of sequence is used instead.
Gene 5704_g (- strand) contains internal stop codons. Phase 2 of sequence is used instead.
Gene 5706_g (- strand) contains internal stop codons. Phase 3 of sequence is used instead.
Gene 5707_g (- strand) contains internal stop codons. Phase 2 of sequence is used instead.
Gene 5708_g (- strand) contains internal stop codons. Phase 3 of sequence is used instead.
Gene 5710_g (+ strand) contains internal stop codons. Phase 2 of sequence is used instead.
Gene 5711_g (- strand) contains internal stop codons. Phase 2 of sequence is used instead.
Gene 5712_g (- strand) contains internal stop codons. Phase 2 of sequence is used instead.
Gene 5713_g (- strand) contains internal stop codons. Phase 3 of sequence is used instead.
Gene 5714_g (+ strand) contains internal stop codons. Phase 2 of sequence is used instead.
Gene 5716_g (- strand) contains internal stop codons. Phase 2 of sequence is used instead.
Gene 5717_g (- strand) contains internal stop codons. Phase 2 of sequence is used instead.
Gene 5718_g (+ strand) contains internal stop codons. Phase 3 of sequence is used instead.
Gene 5721_g (- strand) contains internal stop codons. Phase 2 of sequence is used instead.
Gene 5722_g (- strand) contains internal stop codons. Phase 3 of sequence is used instead.
Gene 5723_g (- strand) contains internal stop codons. Phase 3 of sequence is used instead.
Gene 5724_g (+ strand) contains internal stop codons. Phase 2 of sequence is used instead.
Gene 5726_g (+ strand) contains internal stop codons. Phase 3 of sequence is used instead.
Gene 5727_g (+ strand) contains internal stop codons. Phase 2 of sequence is used instead.
Gene 5728_g (+ strand) contains internal stop codons. Phase 2 of sequence is used instead.
Gene 5731_g (- strand) contains internal stop codons. Phase 3 of sequence is used instead.
Gene 5732_g (+ strand) contains internal stop codons. Phase 2 of sequence is used instead.
Gene 5733_g (- strand) contains internal stop codons. Phase 3 of sequence is used instead.
Gene 5735_g (+ strand) contains internal stop codons. Phase 2 of sequence is used instead.
Gene 5736_g (+ strand) contains internal stop codons. Phase 3 of sequence is used instead.
Gene 5738_g (- strand) contains internal stop codons. Phase 2 of sequence is used instead.
Gene 5739_g (- strand) contains internal stop codons. Phase 2 of sequence is used instead.
Gene 5743_g (+ strand) contains internal stop codons. Phase 2 of sequence is used instead.
Gene 5744_g (- strand) contains internal stop codons. Phase 2 of sequence is used instead.
Gene 5747_g (- strand) contains internal stop codons. Phase 2 of sequence is used instead.
Gene 5748_g (- strand) contains internal stop codons. Phase 3 of sequence is used instead.
Gene 5750_g (+ strand) contains internal stop codons. Phase 2 of sequence is used instead.
Gene 5751_g (- strand) contains internal stop codons. Phase 3 of sequence is used instead.
Gene 5752_g (+ strand) contains internal stop codons. Phase 3 of sequence is used instead.
Gene 5753_g (- strand) contains internal stop codons. Phase 2 of sequence is used instead.
Gene 5754_g (- strand) contains internal stop codons. Phase 3 of sequence is used instead.
Gene 5756_g (+ strand) contains internal stop codons. Phase 2 of sequence is used instead.
Gene 5757_g (- strand) contains internal stop codons. Phase 3 of sequence is used instead.
Gene 5758_g (+ strand) contains internal stop codons. Phase 2 of sequence is used instead.
Gene 5759_g (+ strand) contains internal stop codons. Phase 2 of sequence is used instead.
Gene 5760_g (- strand) contains internal stop codons. Phase 3 of sequence is used instead.
Gene 5761_g (+ strand) contains internal stop codons. Phase 3 of sequence is used instead.
Gene 5764_g (- strand) contains internal stop codons. Phase 3 of sequence is used instead.
Gene 5765_g (- strand) contains internal stop codons. Phase 2 of sequence is used instead.
Gene 5768_g (+ strand) contains internal stop codons. Phase 2 of sequence is used instead.
Gene 5769_g (+ strand) contains internal stop codons. Phase 3 of sequence is used instead.
Gene 5771_g (+ strand) contains internal stop codons. Phase 2 of sequence is used instead.
Gene 5773_g (+ strand) contains internal stop codons. Phase 2 of sequence is used instead.
Gene 5777_g (- strand) contains internal stop codons. Phase 2 of sequence is used instead.
Gene 5778_g (+ strand) contains internal stop codons. Phase 2 of sequence is used instead.
Gene 5783_g (- strand) contains internal stop codons. Phase 2 of sequence is used instead.
Gene 5785_g (- strand) contains internal stop codons. Phase 3 of sequence is used instead.
Gene 5790_g (- strand) contains internal stop codons. Phase 2 of sequence is used instead.
Gene 5792_g (- strand) contains internal stop codons. Phase 2 of sequence is used instead.
Gene 5795_g (- strand) contains internal stop codons. Phase 2 of sequence is used instead.
Gene 5796_g (- strand) contains internal stop codons. Phase 2 of sequence is used instead.
Gene 5797_g (+ strand) contains internal stop codons. Phase 2 of sequence is used instead.
Gene 5798_g (- strand) contains internal stop codons. Phase 2 of sequence is used instead.
Gene 5802_g (- strand) contains internal stop codons. Phase 3 of sequence is used instead.
Gene 5803_g (- strand) contains internal stop codons. Phase 2 of sequence is used instead.
Gene 5804_g (+ strand) contains internal stop codons. Phase 2 of sequence is used instead.
Gene 5805_g (+ strand) contains internal stop codons. Phase 2 of sequence is used instead.
Gene 5807_g (+ strand) contains internal stop codons. Phase 3 of sequence is used instead.
Gene 5809_g (- strand) contains internal stop codons. Phase 3 of sequence is used instead.
Gene 5811_g (+ strand) contains internal stop codons. Phase 3 of sequence is used instead.
Gene 5812_g (- strand) contains internal stop codons. Phase 2 of sequence is used instead.
Gene 5813_g (- strand) contains internal stop codons. Phase 2 of sequence is used instead.
Gene 5815_g (+ strand) contains internal stop codons. Phase 3 of sequence is used instead.
Gene 5816_g (- strand) contains internal stop codons. Phase 3 of sequence is used instead.
Gene 5818_g (- strand) contains internal stop codons. Phase 3 of sequence is used instead.
Gene 5821_g (+ strand) contains internal stop codons. Phase 3 of sequence is used instead.
Gene 5822_g (+ strand) contains internal stop codons. Phase 3 of sequence is used instead.
Gene 5823_g (- strand) contains internal stop codons. Phase 2 of sequence is used instead.
Gene 5824_g (+ strand) contains internal stop codons. Phase 3 of sequence is used instead.
Gene 5825_g (+ strand) contains internal stop codons. Phase 3 of sequence is used instead.
Gene 5826_g (+ strand) contains internal stop codons. Phase 2 of sequence is used instead.
Gene 5827_g (- strand) contains internal stop codons. Phase 3 of sequence is used instead.
Gene 5833_g (- strand) contains internal stop codons. Phase 2 of sequence is used instead.
Gene 5834_g (- strand) contains internal stop codons. Phase 2 of sequence is used instead.
Gene 5835_g (- strand) contains internal stop codons. Phase 2 of sequence is used instead.
Gene 5836_g (- strand) contains internal stop codons. Phase 2 of sequence is used instead.
Gene 5837_g (- strand) contains internal stop codons. Phase 3 of sequence is used instead.
Gene 5838_g (- strand) contains internal stop codons. Phase 2 of sequence is used instead.
Gene 5839_g (+ strand) contains internal stop codons. Phase 3 of sequence is used instead.
Gene 5840_g (+ strand) contains internal stop codons. Phase 2 of sequence is used instead.
Gene 5841_g (- strand) contains internal stop codons. Phase 2 of sequence is used instead.
Gene 5842_g (- strand) contains internal stop codons. Phase 2 of sequence is used instead.
Gene 5843_g (+ strand) contains internal stop codons. Phase 3 of sequence is used instead.
Gene 5845_g (+ strand) contains internal stop codons. Phase 3 of sequence is used instead.
Gene 5846_g (+ strand) contains internal stop codons. Phase 2 of sequence is used instead.
Gene 5847_g (- strand) contains internal stop codons. Phase 3 of sequence is used instead.
Gene 5849_g (- strand) contains internal stop codons. Phase 2 of sequence is used instead.
Gene 5850_g (- strand) contains internal stop codons. Phase 2 of sequence is used instead.
Gene 5851_g (+ strand) contains internal stop codons. Phase 2 of sequence is used instead.
Gene 5852_g (- strand) contains internal stop codons. Phase 3 of sequence is used instead.
Gene 5853_g (- strand) contains internal stop codons. Phase 2 of sequence is used instead.
Gene 5854_g (- strand) contains internal stop codons. Phase 2 of sequence is used instead.
Gene 5855_g (+ strand) contains internal stop codons. Phase 2 of sequence is used instead.
Gene 5856_g (+ strand) contains internal stop codons. Phase 2 of sequence is used instead.
Gene 5857_g (- strand) contains internal stop codons. Phase 2 of sequence is used instead.
Gene 5858_g (- strand) contains internal stop codons. Phase 2 of sequence is used instead.
Gene 5859_g (+ strand) contains internal stop codons. Phase 2 of sequence is used instead.
Gene 5860_g (- strand) contains internal stop codons. Phase 3 of sequence is used instead.
Gene 5862_g (- strand) contains internal stop codons. Phase 2 of sequence is used instead.
Gene 5863_g (+ strand) contains internal stop codons. Phase 2 of sequence is used instead.
Gene 5864_g (+ strand) contains internal stop codons. Phase 2 of sequence is used instead.
Gene 5865_g (+ strand) contains internal stop codons. Phase 2 of sequence is used instead.
Gene 5866_g (+ strand) contains internal stop codons. Phase 2 of sequence is used instead.
Gene 5867_g (- strand) contains internal stop codons. Phase 3 of sequence is used instead.
Gene 5868_g (- strand) contains internal stop codons. Phase 3 of sequence is used instead.
Gene 5869_g (+ strand) contains internal stop codons. Phase 2 of sequence is used instead.
Gene 5873_g (- strand) contains internal stop codons. Phase 3 of sequence is used instead.
Gene 5875_g (+ strand) contains internal stop codons. Phase 3 of sequence is used instead.
Gene 5876_g (- strand) contains internal stop codons. Phase 3 of sequence is used instead.
Gene 5879_g (+ strand) contains internal stop codons. Phase 3 of sequence is used instead.
Gene 5882_g (+ strand) contains internal stop codons. Phase 3 of sequence is used instead.
Gene 5884_g (+ strand) contains internal stop codons. Phase 2 of sequence is used instead.
Gene 5885_g (+ strand) contains internal stop codons. Phase 3 of sequence is used instead.
Gene 5889_g (- strand) contains internal stop codons. Phase 2 of sequence is used instead.
Gene 5891_g (- strand) contains internal stop codons. Phase 2 of sequence is used instead.
Gene 5892_g (+ strand) contains internal stop codons. Phase 2 of sequence is used instead.
Gene 5894_g (- strand) contains internal stop codons. Phase 3 of sequence is used instead.
Gene 5895_g (- strand) contains internal stop codons. Phase 2 of sequence is used instead.
Gene 5896_g (- strand) contains internal stop codons. Phase 2 of sequence is used instead.
Gene 5897_g (- strand) contains internal stop codons. Phase 2 of sequence is used instead.
Gene 5898_g (+ strand) contains internal stop codons. Phase 3 of sequence is used instead.
Gene 5899_g (- strand) contains internal stop codons. Phase 2 of sequence is used instead.
Gene 5900_g (+ strand) contains internal stop codons. Phase 2 of sequence is used instead.
Gene 5901_g (+ strand) contains internal stop codons. Phase 3 of sequence is used instead.
Gene 5902_g (+ strand) contains internal stop codons. Phase 2 of sequence is used instead.
Gene 5905_g (- strand) contains internal stop codons. Phase 2 of sequence is used instead.
Gene 5906_g (+ strand) contains internal stop codons. Phase 3 of sequence is used instead.
Gene 5907_g (+ strand) contains internal stop codons. Phase 2 of sequence is used instead.
Gene 5909_g (+ strand) contains internal stop codons. Phase 3 of sequence is used instead.
Gene 5910_g (+ strand) contains internal stop codons. Phase 2 of sequence is used instead.
Gene 5911_g (- strand) contains internal stop codons. Phase 2 of sequence is used instead.
Gene 5916_g (- strand) contains internal stop codons. Phase 2 of sequence is used instead.
Gene 5917_g (+ strand) contains internal stop codons. Phase 2 of sequence is used instead.
Gene 5918_g (- strand) contains internal stop codons. Phase 2 of sequence is used instead.
Gene 5919_g (+ strand) contains internal stop codons. Phase 2 of sequence is used instead.
Gene 5921_g (- strand) contains internal stop codons. Phase 2 of sequence is used instead.
Gene 5923_g (- strand) contains internal stop codons. Phase 2 of sequence is used instead.
Gene 5925_g (- strand) contains internal stop codons. Phase 3 of sequence is used instead.
Gene 5926_g (- strand) contains internal stop codons. Phase 3 of sequence is used instead.
Gene 5927_g (+ strand) contains internal stop codons. Phase 2 of sequence is used instead.
Gene 5928_g (+ strand) contains internal stop codons. Phase 2 of sequence is used instead.
Gene 5929_g (- strand) contains internal stop codons. Phase 3 of sequence is used instead.
Gene 5930_g (- strand) contains internal stop codons. Phase 2 of sequence is used instead.
Gene 5931_g (- strand) contains internal stop codons. Phase 2 of sequence is used instead.
Gene 5932_g (+ strand) contains internal stop codons. Phase 2 of sequence is used instead.
Gene 5935_g (- strand) contains internal stop codons. Phase 2 of sequence is used instead.
Gene 5937_g (- strand) contains internal stop codons. Phase 3 of sequence is used instead.
Gene 5938_g (- strand) contains internal stop codons. Phase 2 of sequence is used instead.
Gene 5940_g (+ strand) contains internal stop codons. Phase 3 of sequence is used instead.
Gene 5943_g (- strand) contains internal stop codons. Phase 3 of sequence is used instead.
Gene 5945_g (- strand) contains internal stop codons. Phase 3 of sequence is used instead.
Gene 5947_g (+ strand) contains internal stop codons. Phase 3 of sequence is used instead.
Gene 5948_g (+ strand) contains internal stop codons. Phase 3 of sequence is used instead.
Gene 5950_g (- strand) contains internal stop codons. Phase 3 of sequence is used instead.
Gene 5951_g (- strand) contains internal stop codons. Phase 3 of sequence is used instead.
Gene 5952_g (+ strand) contains internal stop codons. Phase 2 of sequence is used instead.
Gene 5953_g (- strand) contains internal stop codons. Phase 3 of sequence is used instead.
Gene 5954_g (- strand) contains internal stop codons. Phase 2 of sequence is used instead.
Gene 5955_g (- strand) contains internal stop codons. Phase 3 of sequence is used instead.
Gene 5959_g (- strand) contains internal stop codons. Phase 2 of sequence is used instead.
Gene 5960_g (- strand) contains internal stop codons. Phase 2 of sequence is used instead.
Gene 5961_g (- strand) contains internal stop codons. Phase 3 of sequence is used instead.
Gene 5964_g (+ strand) contains internal stop codons. Phase 2 of sequence is used instead.
Gene 5966_g (+ strand) contains internal stop codons. Phase 2 of sequence is used instead.
Gene 5967_g (- strand) contains internal stop codons. Phase 2 of sequence is used instead.
Gene 5968_g (- strand) contains internal stop codons. Phase 3 of sequence is used instead.
Gene 5969_g (+ strand) contains internal stop codons. Phase 2 of sequence is used instead.
Gene 5970_g (- strand) contains internal stop codons. Phase 3 of sequence is used instead.
Gene 5971_g (+ strand) contains internal stop codons. Phase 2 of sequence is used instead.
Gene 5972_g (- strand) contains internal stop codons. Phase 2 of sequence is used instead.
Gene 5974_g (+ strand) contains internal stop codons. Phase 2 of sequence is used instead.
Gene 5976_g (- strand) contains internal stop codons. Phase 2 of sequence is used instead.
Gene 5979_g (+ strand) contains internal stop codons. Phase 2 of sequence is used instead.
Gene 5983_g (+ strand) contains internal stop codons. Phase 3 of sequence is used instead.
Gene 5985_g (+ strand) contains internal stop codons. Phase 3 of sequence is used instead.
Gene 5986_g (+ strand) contains internal stop codons. Phase 2 of sequence is used instead.
Gene 5988_g (+ strand) contains internal stop codons. Phase 2 of sequence is used instead.
Gene 5989_g (+ strand) contains internal stop codons. Phase 2 of sequence is used instead.
Gene 5992_g (- strand) contains internal stop codons. Phase 2 of sequence is used instead.
Gene 5993_g (+ strand) contains internal stop codons. Phase 3 of sequence is used instead.
Gene 5995_g (- strand) contains internal stop codons. Phase 2 of sequence is used instead.
Gene 5996_g (- strand) contains internal stop codons. Phase 3 of sequence is used instead.
Gene 5998_g (+ strand) contains internal stop codons. Phase 3 of sequence is used instead.
Gene 5999_g (- strand) contains internal stop codons. Phase 2 of sequence is used instead.
Gene 6000_g (+ strand) contains internal stop codons. Phase 2 of sequence is used instead.
Gene 6003_g (- strand) contains internal stop codons. Phase 3 of sequence is used instead.
Gene 6007_g (- strand) contains internal stop codons. Phase 2 of sequence is used instead.
Gene 6011_g (- strand) contains internal stop codons. Phase 2 of sequence is used instead.
Gene 6012_g (+ strand) contains internal stop codons. Phase 2 of sequence is used instead.
Gene 6013_g (+ strand) contains internal stop codons. Phase 2 of sequence is used instead.
Gene 6014_g (- strand) contains internal stop codons. Phase 2 of sequence is used instead.
Gene 6015_g (+ strand) contains internal stop codons. Phase 2 of sequence is used instead.
Gene 6017_g (- strand) contains internal stop codons. Phase 2 of sequence is used instead.
Gene 6019_g (- strand) contains internal stop codons. Phase 2 of sequence is used instead.
Gene 6020_g (- strand) contains internal stop codons. Phase 2 of sequence is used instead.
Gene 6022_g (+ strand) contains internal stop codons. Phase 2 of sequence is used instead.
Gene 6023_g (- strand) contains internal stop codons. Phase 3 of sequence is used instead.
Gene 6024_g (+ strand) contains internal stop codons. Phase 2 of sequence is used instead.
Gene 6028_g (+ strand) contains internal stop codons. Phase 3 of sequence is used instead.
Gene 6031_g (+ strand) contains internal stop codons. Phase 2 of sequence is used instead.
Gene 6032_g (+ strand) contains internal stop codons. Phase 3 of sequence is used instead.
Gene 6033_g (- strand) contains internal stop codons. Phase 2 of sequence is used instead.
Gene 6034_g (- strand) contains internal stop codons. Phase 2 of sequence is used instead.
Gene 6035_g (- strand) contains internal stop codons. Phase 3 of sequence is used instead.
Gene 6038_g (- strand) contains internal stop codons. Phase 3 of sequence is used instead.
Gene 6040_g (+ strand) contains internal stop codons. Phase 2 of sequence is used instead.
Gene 6041_g (+ strand) contains internal stop codons. Phase 2 of sequence is used instead.
Gene 6042_g (+ strand) contains internal stop codons. Phase 3 of sequence is used instead.
Gene 6043_g (+ strand) contains internal stop codons. Phase 2 of sequence is used instead.
Gene 6045_g (+ strand) contains internal stop codons. Phase 2 of sequence is used instead.
Gene 6046_g (+ strand) contains internal stop codons. Phase 3 of sequence is used instead.
Gene 6047_g (+ strand) contains internal stop codons. Phase 2 of sequence is used instead.
Gene 6048_g (- strand) contains internal stop codons. Phase 2 of sequence is used instead.
Gene 6052_g (+ strand) contains internal stop codons. Phase 2 of sequence is used instead.
Gene 6053_g (+ strand) contains internal stop codons. Phase 2 of sequence is used instead.
Gene 6055_g (- strand) contains internal stop codons. Phase 2 of sequence is used instead.
Gene 6056_g (+ strand) contains internal stop codons. Phase 2 of sequence is used instead.
Gene 6057_g (- strand) contains internal stop codons. Phase 2 of sequence is used instead.
Gene 6058_g (+ strand) contains internal stop codons. Phase 2 of sequence is used instead.
Gene 6060_g (- strand) contains internal stop codons. Phase 3 of sequence is used instead.
Gene 6062_g (+ strand) contains internal stop codons. Phase 2 of sequence is used instead.
Gene 6063_g (+ strand) contains internal stop codons. Phase 2 of sequence is used instead.
Gene 6064_g (+ strand) contains internal stop codons. Phase 2 of sequence is used instead.
Gene 6066_g (- strand) contains internal stop codons. Phase 2 of sequence is used instead.
Gene 6067_g (+ strand) contains internal stop codons. Phase 2 of sequence is used instead.
Gene 6068_g (+ strand) contains internal stop codons. Phase 2 of sequence is used instead.
Gene 6069_g (- strand) contains internal stop codons. Phase 2 of sequence is used instead.
Gene 6071_g (- strand) contains internal stop codons. Phase 3 of sequence is used instead.
Gene 6072_g (+ strand) contains internal stop codons. Phase 2 of sequence is used instead.
Gene 6075_g (+ strand) contains internal stop codons. Phase 2 of sequence is used instead.
Gene 6078_g (- strand) contains internal stop codons. Phase 2 of sequence is used instead.
Gene 6079_g (- strand) contains internal stop codons. Phase 3 of sequence is used instead.
Gene 6080_g (+ strand) contains internal stop codons. Phase 2 of sequence is used instead.
Gene 6081_g (- strand) contains internal stop codons. Phase 2 of sequence is used instead.
Gene 6082_g (- strand) contains internal stop codons. Phase 2 of sequence is used instead.
Gene 6083_g (- strand) contains internal stop codons. Phase 3 of sequence is used instead.
Gene 6084_g (+ strand) contains internal stop codons. Phase 3 of sequence is used instead.
Gene 6085_g (+ strand) contains internal stop codons. Phase 2 of sequence is used instead.
Gene 6088_g (- strand) contains internal stop codons. Phase 2 of sequence is used instead.
Gene 6089_g (- strand) contains internal stop codons. Phase 2 of sequence is used instead.
Gene 6093_g (+ strand) contains internal stop codons. Phase 2 of sequence is used instead.
Gene 6096_g (+ strand) contains internal stop codons. Phase 2 of sequence is used instead.
Gene 6097_g (- strand) contains internal stop codons. Phase 3 of sequence is used instead.
Gene 6100_g (+ strand) contains internal stop codons. Phase 2 of sequence is used instead.
Gene 6101_g (- strand) contains internal stop codons. Phase 2 of sequence is used instead.
Gene 6104_g (- strand) contains internal stop codons. Phase 2 of sequence is used instead.
Gene 6105_g (+ strand) contains internal stop codons. Phase 3 of sequence is used instead.
Gene 6106_g (- strand) contains internal stop codons. Phase 2 of sequence is used instead.
Gene 6107_g (- strand) contains internal stop codons. Phase 2 of sequence is used instead.
Gene 6108_g (- strand) contains internal stop codons. Phase 3 of sequence is used instead.
Gene 6110_g (+ strand) contains internal stop codons. Phase 3 of sequence is used instead.
Gene 6113_g (+ strand) contains internal stop codons. Phase 3 of sequence is used instead.
Gene 6114_g (+ strand) contains internal stop codons. Phase 2 of sequence is used instead.
Gene 6118_g (+ strand) contains internal stop codons. Phase 3 of sequence is used instead.
Gene 6119_g (+ strand) contains internal stop codons. Phase 2 of sequence is used instead.
Gene 6120_g (- strand) contains internal stop codons. Phase 2 of sequence is used instead.
Gene 6121_g (- strand) contains internal stop codons. Phase 3 of sequence is used instead.
Gene 6123_g (- strand) contains internal stop codons. Phase 3 of sequence is used instead.
Gene 6124_g (+ strand) contains internal stop codons. Phase 2 of sequence is used instead.
Gene 6125_g (- strand) contains internal stop codons. Phase 3 of sequence is used instead.
Gene 6127_g (+ strand) contains internal stop codons. Phase 2 of sequence is used instead.
Gene 6128_g (- strand) contains internal stop codons. Phase 3 of sequence is used instead.
Gene 6129_g (+ strand) contains internal stop codons. Phase 2 of sequence is used instead.
Gene 6131_g (+ strand) contains internal stop codons. Phase 3 of sequence is used instead.
Gene 6134_g (- strand) contains internal stop codons. Phase 3 of sequence is used instead.
Gene 6135_g (- strand) contains internal stop codons. Phase 2 of sequence is used instead.
Gene 6138_g (- strand) contains internal stop codons. Phase 3 of sequence is used instead.
Gene 6140_g (+ strand) contains internal stop codons. Phase 2 of sequence is used instead.
Gene 6141_g (- strand) contains internal stop codons. Phase 2 of sequence is used instead.
Gene 6143_g (+ strand) contains internal stop codons. Phase 2 of sequence is used instead.
Gene 6144_g (+ strand) contains internal stop codons. Phase 3 of sequence is used instead.
Gene 6145_g (+ strand) contains internal stop codons. Phase 3 of sequence is used instead.
Gene 6146_g (- strand) contains internal stop codons. Phase 3 of sequence is used instead.
Gene 6147_g (- strand) contains internal stop codons. Phase 2 of sequence is used instead.
Gene 6149_g (- strand) contains internal stop codons. Phase 3 of sequence is used instead.
Gene 6152_g (+ strand) contains internal stop codons. Phase 2 of sequence is used instead.
Gene 6155_g (- strand) contains internal stop codons. Phase 2 of sequence is used instead.
Gene 6158_g (+ strand) contains internal stop codons. Phase 2 of sequence is used instead.
Gene 6160_g (- strand) contains internal stop codons. Phase 3 of sequence is used instead.
Gene 6161_g (+ strand) contains internal stop codons. Phase 2 of sequence is used instead.
Gene 6165_g (- strand) contains internal stop codons. Phase 3 of sequence is used instead.
Gene 6166_g (+ strand) contains internal stop codons. Phase 2 of sequence is used instead.
Gene 6167_g (- strand) contains internal stop codons. Phase 2 of sequence is used instead.
Gene 6168_g (- strand) contains internal stop codons. Phase 2 of sequence is used instead.
Gene 6169_g (+ strand) contains internal stop codons. Phase 2 of sequence is used instead.
Gene 6172_g (- strand) contains internal stop codons. Phase 3 of sequence is used instead.
Gene 6173_g (- strand) contains internal stop codons. Phase 2 of sequence is used instead.
Gene 6175_g (- strand) contains internal stop codons. Phase 2 of sequence is used instead.
Gene 6176_g (+ strand) contains internal stop codons. Phase 2 of sequence is used instead.
Gene 6177_g (+ strand) contains internal stop codons. Phase 2 of sequence is used instead.
Gene 6178_g (+ strand) contains internal stop codons. Phase 2 of sequence is used instead.
Gene 6181_g (- strand) contains internal stop codons. Phase 2 of sequence is used instead.
Gene 6183_g (+ strand) contains internal stop codons. Phase 2 of sequence is used instead.
Gene 6184_g (+ strand) contains internal stop codons. Phase 3 of sequence is used instead.
Gene 6186_g (+ strand) contains internal stop codons. Phase 2 of sequence is used instead.
Gene 6187_g (+ strand) contains internal stop codons. Phase 2 of sequence is used instead.
Gene 6188_g (- strand) contains internal stop codons. Phase 2 of sequence is used instead.
Gene 6189_g (- strand) contains internal stop codons. Phase 3 of sequence is used instead.
Gene 6191_g (+ strand) contains internal stop codons. Phase 2 of sequence is used instead.
Gene 6193_g (+ strand) contains internal stop codons. Phase 3 of sequence is used instead.
Gene 6194_g (- strand) contains internal stop codons. Phase 3 of sequence is used instead.
Gene 6196_g (+ strand) contains internal stop codons. Phase 2 of sequence is used instead.
Gene 6199_g (- strand) contains internal stop codons. Phase 2 of sequence is used instead.
Gene 6200_g (+ strand) contains internal stop codons. Phase 2 of sequence is used instead.
Gene 6201_g (+ strand) contains internal stop codons. Phase 3 of sequence is used instead.
Gene 6203_g (- strand) contains internal stop codons. Phase 2 of sequence is used instead.
Gene 6204_g (- strand) contains internal stop codons. Phase 3 of sequence is used instead.
Gene 6205_g (+ strand) contains internal stop codons. Phase 2 of sequence is used instead.
Gene 6207_g (+ strand) contains internal stop codons. Phase 3 of sequence is used instead.
Gene 6209_g (- strand) contains internal stop codons. Phase 2 of sequence is used instead.
Gene 6210_g (- strand) contains internal stop codons. Phase 2 of sequence is used instead.
Gene 6211_g (- strand) contains internal stop codons. Phase 2 of sequence is used instead.
Gene 6212_g (- strand) contains internal stop codons. Phase 2 of sequence is used instead.
Gene 6213_g (+ strand) contains internal stop codons. Phase 2 of sequence is used instead.
Gene 6214_g (+ strand) contains internal stop codons. Phase 3 of sequence is used instead.
Gene 6217_g (- strand) contains internal stop codons. Phase 2 of sequence is used instead.
Gene 6219_g (+ strand) contains internal stop codons. Phase 2 of sequence is used instead.
Gene 6220_g (- strand) contains internal stop codons. Phase 3 of sequence is used instead.
Gene 6221_g (+ strand) contains internal stop codons. Phase 2 of sequence is used instead.
Gene 6222_g (+ strand) contains internal stop codons. Phase 3 of sequence is used instead.
Gene 6223_g (- strand) contains internal stop codons. Phase 2 of sequence is used instead.
Gene 6225_g (- strand) contains internal stop codons. Phase 2 of sequence is used instead.
Gene 6226_g (- strand) contains internal stop codons. Phase 3 of sequence is used instead.
Gene 6227_g (+ strand) contains internal stop codons. Phase 2 of sequence is used instead.
Gene 6228_g (- strand) contains internal stop codons. Phase 3 of sequence is used instead.
Gene 6231_g (+ strand) contains internal stop codons. Phase 3 of sequence is used instead.
Gene 6236_g (- strand) contains internal stop codons. Phase 2 of sequence is used instead.
Gene 6238_g (- strand) contains internal stop codons. Phase 3 of sequence is used instead.
Gene 6240_g (- strand) contains internal stop codons. Phase 2 of sequence is used instead.
Gene 6247_g (+ strand) contains internal stop codons. Phase 3 of sequence is used instead.
Gene 6248_g (- strand) contains internal stop codons. Phase 2 of sequence is used instead.
Gene 6249_g (+ strand) contains internal stop codons. Phase 2 of sequence is used instead.
Gene 6250_g (+ strand) contains internal stop codons. Phase 2 of sequence is used instead.
Gene 6251_g (- strand) contains internal stop codons. Phase 2 of sequence is used instead.
Gene 6252_g (- strand) contains internal stop codons. Phase 2 of sequence is used instead.
Gene 6253_g (- strand) contains internal stop codons. Phase 3 of sequence is used instead.
Gene 6254_g (+ strand) contains internal stop codons. Phase 2 of sequence is used instead.
Gene 6255_g (+ strand) contains internal stop codons. Phase 2 of sequence is used instead.
Gene 6256_g (- strand) contains internal stop codons. Phase 3 of sequence is used instead.
Gene 6258_g (- strand) contains internal stop codons. Phase 3 of sequence is used instead.
Gene 6262_g (+ strand) contains internal stop codons. Phase 2 of sequence is used instead.
Gene 6263_g (- strand) contains internal stop codons. Phase 3 of sequence is used instead.
Gene 6264_g (+ strand) contains internal stop codons. Phase 2 of sequence is used instead.
Gene 6265_g (+ strand) contains internal stop codons. Phase 2 of sequence is used instead.
Gene 6266_g (+ strand) contains internal stop codons. Phase 3 of sequence is used instead.
Gene 6268_g (+ strand) contains internal stop codons. Phase 2 of sequence is used instead.
Gene 6270_g (+ strand) contains internal stop codons. Phase 3 of sequence is used instead.
Gene 6274_g (+ strand) contains internal stop codons. Phase 2 of sequence is used instead.
Gene 6275_g (- strand) contains internal stop codons. Phase 2 of sequence is used instead.
Gene 6276_g (- strand) contains internal stop codons. Phase 2 of sequence is used instead.
Gene 6278_g (- strand) contains internal stop codons. Phase 2 of sequence is used instead.
Gene 6279_g (+ strand) contains internal stop codons. Phase 3 of sequence is used instead.
Gene 6280_g (- strand) contains internal stop codons. Phase 2 of sequence is used instead.
Gene 6282_g (- strand) contains internal stop codons. Phase 3 of sequence is used instead.
Gene 6283_g (- strand) contains internal stop codons. Phase 2 of sequence is used instead.
Gene 6284_g (+ strand) contains internal stop codons. Phase 2 of sequence is used instead.
Gene 6285_g (+ strand) contains internal stop codons. Phase 2 of sequence is used instead.
Gene 6286_g (- strand) contains internal stop codons. Phase 2 of sequence is used instead.
Gene 6287_g (+ strand) contains internal stop codons. Phase 2 of sequence is used instead.
Gene 6289_g (- strand) contains internal stop codons. Phase 2 of sequence is used instead.
Gene 6290_g (+ strand) contains internal stop codons. Phase 3 of sequence is used instead.
Gene 6291_g (+ strand) contains internal stop codons. Phase 2 of sequence is used instead.
Gene 6292_g (+ strand) contains internal stop codons. Phase 3 of sequence is used instead.
Gene 6295_g (+ strand) contains internal stop codons. Phase 2 of sequence is used instead.
Gene 6297_g (+ strand) contains internal stop codons. Phase 3 of sequence is used instead.
Gene 6299_g (- strand) contains internal stop codons. Phase 3 of sequence is used instead.
Gene 6301_g (+ strand) contains internal stop codons. Phase 2 of sequence is used instead.
Gene 6302_g (+ strand) contains internal stop codons. Phase 3 of sequence is used instead.
Gene 6308_g (- strand) contains internal stop codons. Phase 2 of sequence is used instead.
Gene 6312_g (+ strand) contains internal stop codons. Phase 2 of sequence is used instead.
Gene 6313_g (- strand) contains internal stop codons. Phase 3 of sequence is used instead.
Gene 6314_g (+ strand) contains internal stop codons. Phase 3 of sequence is used instead.
Gene 6315_g (+ strand) contains internal stop codons. Phase 2 of sequence is used instead.
Gene 6316_g (+ strand) contains internal stop codons. Phase 2 of sequence is used instead.
Gene 6318_g (+ strand) contains internal stop codons. Phase 2 of sequence is used instead.
Gene 6321_g (+ strand) contains internal stop codons. Phase 2 of sequence is used instead.
Gene 6322_g (+ strand) contains internal stop codons. Phase 2 of sequence is used instead.
Gene 6324_g (+ strand) contains internal stop codons. Phase 3 of sequence is used instead.
Gene 6331_g (+ strand) contains internal stop codons. Phase 2 of sequence is used instead.
Gene 6332_g (+ strand) contains internal stop codons. Phase 2 of sequence is used instead.
Gene 6333_g (- strand) contains internal stop codons. Phase 2 of sequence is used instead.
Gene 6334_g (- strand) contains internal stop codons. Phase 2 of sequence is used instead.
Gene 6335_g (+ strand) contains internal stop codons. Phase 2 of sequence is used instead.
Gene 6337_g (- strand) contains internal stop codons. Phase 2 of sequence is used instead.
Gene 6338_g (- strand) contains internal stop codons. Phase 2 of sequence is used instead.
Gene 6339_g (+ strand) contains internal stop codons. Phase 2 of sequence is used instead.
Gene 6340_g (+ strand) contains internal stop codons. Phase 3 of sequence is used instead.
Gene 6341_g (+ strand) contains internal stop codons. Phase 2 of sequence is used instead.
Gene 6342_g (- strand) contains internal stop codons. Phase 2 of sequence is used instead.
Gene 6343_g (- strand) contains internal stop codons. Phase 2 of sequence is used instead.
Gene 6345_g (- strand) contains internal stop codons. Phase 3 of sequence is used instead.
Gene 6346_g (+ strand) contains internal stop codons. Phase 2 of sequence is used instead.
Gene 6347_g (- strand) contains internal stop codons. Phase 3 of sequence is used instead.
Gene 6349_g (- strand) contains internal stop codons. Phase 2 of sequence is used instead.
Gene 6350_g (- strand) contains internal stop codons. Phase 3 of sequence is used instead.
Gene 6351_g (+ strand) contains internal stop codons. Phase 3 of sequence is used instead.
Gene 6352_g (- strand) contains internal stop codons. Phase 2 of sequence is used instead.
Gene 6354_g (- strand) contains internal stop codons. Phase 3 of sequence is used instead.
Gene 6355_g (- strand) contains internal stop codons. Phase 3 of sequence is used instead.
Gene 6356_g (- strand) contains internal stop codons. Phase 2 of sequence is used instead.
Gene 6357_g (- strand) contains internal stop codons. Phase 2 of sequence is used instead.
Gene 6358_g (- strand) contains internal stop codons. Phase 2 of sequence is used instead.
Gene 6359_g (- strand) contains internal stop codons. Phase 3 of sequence is used instead.
Gene 6361_g (- strand) contains internal stop codons. Phase 2 of sequence is used instead.
Gene 6363_g (- strand) contains internal stop codons. Phase 3 of sequence is used instead.
Gene 6364_g (- strand) contains internal stop codons. Phase 2 of sequence is used instead.
Gene 6366_g (- strand) contains internal stop codons. Phase 3 of sequence is used instead.
Gene 6367_g (+ strand) contains internal stop codons. Phase 2 of sequence is used instead.
Gene 6375_g (+ strand) contains internal stop codons. Phase 2 of sequence is used instead.
Gene 6376_g (- strand) contains internal stop codons. Phase 2 of sequence is used instead.
Gene 6377_g (- strand) contains internal stop codons. Phase 2 of sequence is used instead.
Gene 6378_g (- strand) contains internal stop codons. Phase 2 of sequence is used instead.
Gene 6381_g (- strand) contains internal stop codons. Phase 2 of sequence is used instead.
Gene 6382_g (+ strand) contains internal stop codons. Phase 2 of sequence is used instead.
Gene 6388_g (+ strand) contains internal stop codons. Phase 2 of sequence is used instead.
Gene 6389_g (- strand) contains internal stop codons. Phase 2 of sequence is used instead.
Gene 6396_g (+ strand) contains internal stop codons. Phase 2 of sequence is used instead.
Gene 6404_g (- strand) contains internal stop codons. Phase 2 of sequence is used instead.
Gene 6405_g (+ strand) contains internal stop codons. Phase 3 of sequence is used instead.
Gene 6407_g (- strand) contains internal stop codons. Phase 2 of sequence is used instead.
Gene 6408_g (- strand) contains internal stop codons. Phase 2 of sequence is used instead.
Gene 6411_g (+ strand) contains internal stop codons. Phase 2 of sequence is used instead.
Gene 6413_g (- strand) contains internal stop codons. Phase 3 of sequence is used instead.
Gene 6415_g (+ strand) contains internal stop codons. Phase 2 of sequence is used instead.
Gene 6416_g (- strand) contains internal stop codons. Phase 3 of sequence is used instead.
Gene 6417_g (+ strand) contains internal stop codons. Phase 2 of sequence is used instead.
Gene 6419_g (- strand) contains internal stop codons. Phase 2 of sequence is used instead.
Gene 6422_g (+ strand) contains internal stop codons. Phase 2 of sequence is used instead.
Gene 6425_g (- strand) contains internal stop codons. Phase 2 of sequence is used instead.
Gene 6428_g (- strand) contains internal stop codons. Phase 2 of sequence is used instead.
Gene 6429_g (+ strand) contains internal stop codons. Phase 2 of sequence is used instead.
Gene 6436_g (+ strand) contains internal stop codons. Phase 2 of sequence is used instead.
Gene 6441_g (- strand) contains internal stop codons. Phase 2 of sequence is used instead.
Gene 6442_g (- strand) contains internal stop codons. Phase 3 of sequence is used instead.
Gene 6445_g (- strand) contains internal stop codons. Phase 3 of sequence is used instead.
Gene 6447_g (- strand) contains internal stop codons. Phase 2 of sequence is used instead.
Gene 6448_g (+ strand) contains internal stop codons. Phase 3 of sequence is used instead.
Gene 6451_g (+ strand) contains internal stop codons. Phase 2 of sequence is used instead.
Gene 6452_g (- strand) contains internal stop codons. Phase 2 of sequence is used instead.
Gene 6459_g (+ strand) contains internal stop codons. Phase 3 of sequence is used instead.
Gene 6461_g (- strand) contains internal stop codons. Phase 2 of sequence is used instead.
Gene 6465_g (- strand) contains internal stop codons. Phase 2 of sequence is used instead.
Gene 6470_g (+ strand) contains internal stop codons. Phase 2 of sequence is used instead.
Gene 6474_g (- strand) contains internal stop codons. Phase 3 of sequence is used instead.
Gene 6475_g (+ strand) contains internal stop codons. Phase 2 of sequence is used instead.
Gene 6485_g (+ strand) contains internal stop codons. Phase 2 of sequence is used instead.
Gene 6491_g (- strand) contains internal stop codons. Phase 2 of sequence is used instead.
Gene 6492_g (- strand) contains internal stop codons. Phase 3 of sequence is used instead.
Gene 6493_g (+ strand) contains internal stop codons. Phase 2 of sequence is used instead.
Gene 6494_g (- strand) contains internal stop codons. Phase 2 of sequence is used instead.
Gene 6495_g (- strand) contains internal stop codons. Phase 2 of sequence is used instead.
Gene 6496_g (- strand) contains internal stop codons. Phase 3 of sequence is used instead.
Gene 6499_g (+ strand) contains internal stop codons. Phase 2 of sequence is used instead.
Gene 6510_g (- strand) contains internal stop codons. Phase 3 of sequence is used instead.
Gene 6511_g (+ strand) contains internal stop codons. Phase 2 of sequence is used instead.
Gene 6514_g (- strand) contains internal stop codons. Phase 2 of sequence is used instead.
Gene 6519_g (+ strand) contains internal stop codons. Phase 2 of sequence is used instead.
Gene 6522_g (- strand) contains internal stop codons. Phase 2 of sequence is used instead.
Gene 6535_g (- strand) contains internal stop codons. Phase 2 of sequence is used instead.
Gene 6539_g (+ strand) contains internal stop codons. Phase 2 of sequence is used instead.
Gene 6542_g (+ strand) contains internal stop codons. Phase 2 of sequence is used instead.
Gene 6551_g (- strand) contains internal stop codons. Phase 2 of sequence is used instead.
Gene 6555_g (- strand) contains internal stop codons. Phase 2 of sequence is used instead.
Gene 6561_g (+ strand) contains internal stop codons. Phase 2 of sequence is used instead.
Gene 6563_g (+ strand) contains internal stop codons. Phase 3 of sequence is used instead.
Gene 6564_g (+ strand) contains internal stop codons. Phase 3 of sequence is used instead.
Gene 6566_g (- strand) contains internal stop codons. Phase 3 of sequence is used instead.
Gene 6567_g (+ strand) contains internal stop codons. Phase 2 of sequence is used instead.
Gene 6569_g (- strand) contains internal stop codons. Phase 2 of sequence is used instead.
Gene 6571_g (- strand) contains internal stop codons. Phase 2 of sequence is used instead.
Gene 6574_g (- strand) contains internal stop codons. Phase 3 of sequence is used instead.
Gene 6576_g (+ strand) contains internal stop codons. Phase 2 of sequence is used instead.
Gene 6578_g (- strand) contains internal stop codons. Phase 2 of sequence is used instead.
Gene 6581_g (+ strand) contains internal stop codons. Phase 2 of sequence is used instead.
Gene 6584_g (- strand) contains internal stop codons. Phase 2 of sequence is used instead.
Gene 6586_g (- strand) contains internal stop codons. Phase 2 of sequence is used instead.
Gene 6596_g (- strand) contains internal stop codons. Phase 3 of sequence is used instead.
Gene 6597_g (- strand) contains internal stop codons. Phase 3 of sequence is used instead.
Gene 6598_g (- strand) contains internal stop codons. Phase 2 of sequence is used instead.
Gene 6600_g (- strand) contains internal stop codons. Phase 2 of sequence is used instead.
Gene 6601_g (+ strand) contains internal stop codons. Phase 2 of sequence is used instead.
Gene 6606_g (+ strand) contains internal stop codons. Phase 2 of sequence is used instead.
Gene 6609_g (+ strand) contains internal stop codons. Phase 3 of sequence is used instead.
Gene 6610_g (+ strand) contains internal stop codons. Phase 2 of sequence is used instead.
Gene 6616_g (- strand) contains internal stop codons. Phase 2 of sequence is used instead.
Gene 6618_g (- strand) contains internal stop codons. Phase 2 of sequence is used instead.
Gene 6619_g (- strand) contains internal stop codons. Phase 2 of sequence is used instead.
Gene 6621_g (- strand) contains internal stop codons. Phase 3 of sequence is used instead.
Gene 6624_g (- strand) contains internal stop codons. Phase 3 of sequence is used instead.
Gene 6626_g (- strand) contains internal stop codons. Phase 2 of sequence is used instead.
Gene 6628_g (+ strand) contains internal stop codons. Phase 3 of sequence is used instead.
Gene 6636_g (- strand) contains internal stop codons. Phase 2 of sequence is used instead.
Gene 6641_g (- strand) contains internal stop codons. Phase 2 of sequence is used instead.
Gene 6646_g (- strand) contains internal stop codons. Phase 3 of sequence is used instead.
Gene 6648_g (- strand) contains internal stop codons. Phase 2 of sequence is used instead.
Gene 6649_g (- strand) contains internal stop codons. Phase 2 of sequence is used instead.
Gene 6653_g (+ strand) contains internal stop codons. Phase 2 of sequence is used instead.
Gene 6656_g (- strand) contains internal stop codons. Phase 2 of sequence is used instead.
Gene 6673_g (+ strand) contains internal stop codons. Phase 2 of sequence is used instead.
Gene 6677_g (- strand) contains internal stop codons. Phase 2 of sequence is used instead.
Gene 6685_g (- strand) contains internal stop codons. Phase 3 of sequence is used instead.
Gene 6688_g (- strand) contains internal stop codons. Phase 3 of sequence is used instead.
Gene 6695_g (- strand) contains internal stop codons. Phase 3 of sequence is used instead.
Gene 6698_g (- strand) contains internal stop codons. Phase 2 of sequence is used instead.
Gene 6716_g (- strand) contains internal stop codons. Phase 2 of sequence is used instead.
Gene 6720_g (+ strand) contains internal stop codons. Phase 2 of sequence is used instead.
Gene 6730_g (- strand) contains internal stop codons. Phase 2 of sequence is used instead.
Gene 6733_g (+ strand) contains internal stop codons. Phase 2 of sequence is used instead.
Gene 6739_g (- strand) contains internal stop codons. Phase 2 of sequence is used instead.
Gene 6740_g (+ strand) contains internal stop codons. Phase 3 of sequence is used instead.
Gene 6741_g (+ strand) contains internal stop codons. Phase 3 of sequence is used instead.
Gene 6744_g (- strand) contains internal stop codons. Phase 3 of sequence is used instead.
Gene 6746_g (- strand) contains internal stop codons. Phase 3 of sequence is used instead.
Gene 6747_g (+ strand) contains internal stop codons. Phase 2 of sequence is used instead.
Gene 6751_g (- strand) contains internal stop codons. Phase 3 of sequence is used instead.
Gene 6753_g (+ strand) contains internal stop codons. Phase 3 of sequence is used instead.
Gene 6754_g (- strand) contains internal stop codons. Phase 3 of sequence is used instead.
Gene 6758_g (+ strand) contains internal stop codons. Phase 2 of sequence is used instead.
Gene 6759_g (- strand) contains internal stop codons. Phase 3 of sequence is used instead.
Gene 6769_g (+ strand) contains internal stop codons. Phase 2 of sequence is used instead.
Gene 6771_g (- strand) contains internal stop codons. Phase 2 of sequence is used instead.
Gene 6778_g (- strand) contains internal stop codons. Phase 3 of sequence is used instead.
Gene 6779_g (- strand) contains internal stop codons. Phase 3 of sequence is used instead.
Gene 6780_g (+ strand) contains internal stop codons. Phase 2 of sequence is used instead.
Gene 6781_g (- strand) contains internal stop codons. Phase 2 of sequence is used instead.
Gene 6785_g (+ strand) contains internal stop codons. Phase 2 of sequence is used instead.
Gene 6788_g (- strand) contains internal stop codons. Phase 2 of sequence is used instead.
Gene 6790_g (+ strand) contains internal stop codons. Phase 2 of sequence is used instead.
Gene 6793_g (+ strand) contains internal stop codons. Phase 3 of sequence is used instead.
Gene 6799_g (- strand) contains internal stop codons. Phase 2 of sequence is used instead.
Gene 6802_g (- strand) contains internal stop codons. Phase 3 of sequence is used instead.
Gene 6803_g (- strand) contains internal stop codons. Phase 3 of sequence is used instead.
Gene 6808_g (- strand) contains internal stop codons. Phase 2 of sequence is used instead.
Gene 6810_g (- strand) contains internal stop codons. Phase 2 of sequence is used instead.
Gene 6816_g (- strand) contains internal stop codons. Phase 2 of sequence is used instead.
Gene 6818_g (+ strand) contains internal stop codons. Phase 2 of sequence is used instead.
Gene 6819_g (- strand) contains internal stop codons. Phase 2 of sequence is used instead.
Gene 6822_g (- strand) contains internal stop codons. Phase 3 of sequence is used instead.
Gene 6823_g (- strand) contains internal stop codons. Phase 3 of sequence is used instead.
Gene 6825_g (+ strand) contains internal stop codons. Phase 2 of sequence is used instead.
Gene 6834_g (+ strand) contains internal stop codons. Phase 2 of sequence is used instead.
Gene 6836_g (- strand) contains internal stop codons. Phase 3 of sequence is used instead.
Gene 6839_g (- strand) contains internal stop codons. Phase 3 of sequence is used instead.
Gene 6840_g (+ strand) contains internal stop codons. Phase 2 of sequence is used instead.
Gene 6842_g (- strand) contains internal stop codons. Phase 2 of sequence is used instead.
Gene 6843_g (+ strand) contains internal stop codons. Phase 2 of sequence is used instead.
Gene 6844_g (+ strand) contains internal stop codons. Phase 2 of sequence is used instead.
Gene 6852_g (- strand) contains internal stop codons. Phase 3 of sequence is used instead.
Gene 6853_g (+ strand) contains internal stop codons. Phase 2 of sequence is used instead.
Gene 6855_g (+ strand) contains internal stop codons. Phase 3 of sequence is used instead.
Gene 6856_g (+ strand) contains internal stop codons. Phase 3 of sequence is used instead.
Gene 6858_g (+ strand) contains internal stop codons. Phase 3 of sequence is used instead.
Gene 6863_g (- strand) contains internal stop codons. Phase 3 of sequence is used instead.
Gene 6868_g (+ strand) contains internal stop codons. Phase 2 of sequence is used instead.
Gene 6869_g (+ strand) contains internal stop codons. Phase 2 of sequence is used instead.
Gene 6870_g (- strand) contains internal stop codons. Phase 2 of sequence is used instead.
Gene 6871_g (+ strand) contains internal stop codons. Phase 2 of sequence is used instead.
Gene 6874_g (- strand) contains internal stop codons. Phase 2 of sequence is used instead.
Gene 6875_g (+ strand) contains internal stop codons. Phase 2 of sequence is used instead.
Gene 6882_g (+ strand) contains internal stop codons. Phase 3 of sequence is used instead.
Gene 6883_g (- strand) contains internal stop codons. Phase 3 of sequence is used instead.
Gene 6886_g (+ strand) contains internal stop codons. Phase 2 of sequence is used instead.
Gene 6887_g (- strand) contains internal stop codons. Phase 3 of sequence is used instead.
Gene 6889_g (+ strand) contains internal stop codons. Phase 3 of sequence is used instead.
Gene 6892_g (+ strand) contains internal stop codons. Phase 2 of sequence is used instead.
Gene 6893_g (+ strand) contains internal stop codons. Phase 3 of sequence is used instead.
Gene 6894_g (+ strand) contains internal stop codons. Phase 3 of sequence is used instead.
Gene 6895_g (- strand) contains internal stop codons. Phase 2 of sequence is used instead.
Gene 6896_g (+ strand) contains internal stop codons. Phase 3 of sequence is used instead.
Gene 6898_g (- strand) contains internal stop codons. Phase 2 of sequence is used instead.
Gene 6899_g (- strand) contains internal stop codons. Phase 2 of sequence is used instead.
Gene 6901_g (+ strand) contains internal stop codons. Phase 3 of sequence is used instead.
Gene 6903_g (+ strand) contains internal stop codons. Phase 2 of sequence is used instead.
Gene 6905_g (- strand) contains internal stop codons. Phase 3 of sequence is used instead.
Gene 6906_g (- strand) contains internal stop codons. Phase 2 of sequence is used instead.
Gene 6907_g (+ strand) contains internal stop codons. Phase 2 of sequence is used instead.
Gene 6912_g (- strand) contains internal stop codons. Phase 3 of sequence is used instead.
Gene 6913_g (- strand) contains internal stop codons. Phase 3 of sequence is used instead.
Gene 6917_g (+ strand) contains internal stop codons. Phase 2 of sequence is used instead.
Gene 6922_g (- strand) contains internal stop codons. Phase 3 of sequence is used instead.
Gene 6926_g (- strand) contains internal stop codons. Phase 3 of sequence is used instead.
Gene 6931_g (+ strand) contains internal stop codons. Phase 3 of sequence is used instead.
Gene 6932_g (+ strand) contains internal stop codons. Phase 3 of sequence is used instead.
Gene 6935_g (- strand) contains internal stop codons. Phase 2 of sequence is used instead.
Gene 6938_g (- strand) contains internal stop codons. Phase 3 of sequence is used instead.
Gene 6939_g (+ strand) contains internal stop codons. Phase 2 of sequence is used instead.
Gene 6940_g (- strand) contains internal stop codons. Phase 2 of sequence is used instead.
Gene 6941_g (+ strand) contains internal stop codons. Phase 2 of sequence is used instead.
Gene 6942_g (+ strand) contains internal stop codons. Phase 2 of sequence is used instead.
Gene 6944_g (+ strand) contains internal stop codons. Phase 2 of sequence is used instead.
Gene 6946_g (+ strand) contains internal stop codons. Phase 3 of sequence is used instead.
Gene 6948_g (+ strand) contains internal stop codons. Phase 3 of sequence is used instead.
Gene 6949_g (- strand) contains internal stop codons. Phase 2 of sequence is used instead.
Gene 6950_g (- strand) contains internal stop codons. Phase 2 of sequence is used instead.
Gene 6952_g (+ strand) contains internal stop codons. Phase 3 of sequence is used instead.
Gene 6953_g (+ strand) contains internal stop codons. Phase 3 of sequence is used instead.
Gene 6955_g (+ strand) contains internal stop codons. Phase 2 of sequence is used instead.
Gene 6957_g (- strand) contains internal stop codons. Phase 2 of sequence is used instead.
Gene 6958_g (+ strand) contains internal stop codons. Phase 3 of sequence is used instead.
Gene 6959_g (+ strand) contains internal stop codons. Phase 2 of sequence is used instead.
Gene 6961_g (- strand) contains internal stop codons. Phase 3 of sequence is used instead.
Gene 6963_g (- strand) contains internal stop codons. Phase 2 of sequence is used instead.
Gene 6964_g (- strand) contains internal stop codons. Phase 3 of sequence is used instead.
Gene 6965_g (+ strand) contains internal stop codons. Phase 3 of sequence is used instead.
Gene 6967_g (+ strand) contains internal stop codons. Phase 3 of sequence is used instead.
Gene 6968_g (+ strand) contains internal stop codons. Phase 2 of sequence is used instead.
Gene 6969_g (+ strand) contains internal stop codons. Phase 2 of sequence is used instead.
Gene 6970_g (- strand) contains internal stop codons. Phase 2 of sequence is used instead.
Gene 6971_g (+ strand) contains internal stop codons. Phase 3 of sequence is used instead.
Gene 6973_g (+ strand) contains internal stop codons. Phase 3 of sequence is used instead.
Gene 6974_g (- strand) contains internal stop codons. Phase 3 of sequence is used instead.
Gene 6978_g (- strand) contains internal stop codons. Phase 3 of sequence is used instead.
Gene 6979_g (+ strand) contains internal stop codons. Phase 3 of sequence is used instead.
Gene 6983_g (- strand) contains internal stop codons. Phase 3 of sequence is used instead.
Gene 6984_g (- strand) contains internal stop codons. Phase 2 of sequence is used instead.
Gene 6987_g (- strand) contains internal stop codons. Phase 2 of sequence is used instead.
Gene 6988_g (+ strand) contains internal stop codons. Phase 2 of sequence is used instead.
Gene 6990_g (- strand) contains internal stop codons. Phase 2 of sequence is used instead.
Gene 6991_g (+ strand) contains internal stop codons. Phase 2 of sequence is used instead.
Gene 6992_g (+ strand) contains internal stop codons. Phase 3 of sequence is used instead.
Gene 6994_g (- strand) contains internal stop codons. Phase 2 of sequence is used instead.
Gene 6995_g (+ strand) contains internal stop codons. Phase 2 of sequence is used instead.
Gene 7003_g (- strand) contains internal stop codons. Phase 2 of sequence is used instead.
Gene 7004_g (+ strand) contains internal stop codons. Phase 3 of sequence is used instead.
Gene 7006_g (- strand) contains internal stop codons. Phase 3 of sequence is used instead.
Gene 7008_g (- strand) contains internal stop codons. Phase 3 of sequence is used instead.
Gene 7009_g (- strand) contains internal stop codons. Phase 2 of sequence is used instead.
Gene 7015_g (- strand) contains internal stop codons. Phase 2 of sequence is used instead.
Gene 7018_g (+ strand) contains internal stop codons. Phase 2 of sequence is used instead.
Gene 7019_g (- strand) contains internal stop codons. Phase 2 of sequence is used instead.
Gene 7020_g (- strand) contains internal stop codons. Phase 3 of sequence is used instead.
Gene 7022_g (- strand) contains internal stop codons. Phase 3 of sequence is used instead.
Gene 7023_g (+ strand) contains internal stop codons. Phase 3 of sequence is used instead.
Gene 7024_g (- strand) contains internal stop codons. Phase 3 of sequence is used instead.
Gene 7025_g (- strand) contains internal stop codons. Phase 3 of sequence is used instead.
Gene 7030_g (- strand) contains internal stop codons. Phase 3 of sequence is used instead.
Gene 7031_g (- strand) contains internal stop codons. Phase 3 of sequence is used instead.
Gene 7032_g (+ strand) contains internal stop codons. Phase 2 of sequence is used instead.
Gene 7033_g (+ strand) contains internal stop codons. Phase 2 of sequence is used instead.
Gene 7034_g (- strand) contains internal stop codons. Phase 3 of sequence is used instead.
Gene 7035_g (+ strand) contains internal stop codons. Phase 3 of sequence is used instead.
Gene 7036_g (- strand) contains internal stop codons. Phase 3 of sequence is used instead.
Gene 7041_g (- strand) contains internal stop codons. Phase 2 of sequence is used instead.
Gene 7043_g (- strand) contains internal stop codons. Phase 3 of sequence is used instead.
Gene 7045_g (+ strand) contains internal stop codons. Phase 2 of sequence is used instead.
Gene 7054_g (+ strand) contains internal stop codons. Phase 2 of sequence is used instead.
Gene 7056_g (+ strand) contains internal stop codons. Phase 3 of sequence is used instead.
Gene 7061_g (+ strand) contains internal stop codons. Phase 3 of sequence is used instead.
Gene 7063_g (+ strand) contains internal stop codons. Phase 2 of sequence is used instead.
Gene 7070_g (+ strand) contains internal stop codons. Phase 3 of sequence is used instead.
Gene 7072_g (- strand) contains internal stop codons. Phase 2 of sequence is used instead.
Gene 7074_g (- strand) contains internal stop codons. Phase 2 of sequence is used instead.
Gene 7076_g (- strand) contains internal stop codons. Phase 3 of sequence is used instead.
Gene 7077_g (+ strand) contains internal stop codons. Phase 2 of sequence is used instead.
Gene 7083_g (+ strand) contains internal stop codons. Phase 2 of sequence is used instead.
Gene 7084_g (- strand) contains internal stop codons. Phase 3 of sequence is used instead.
Gene 7085_g (+ strand) contains internal stop codons. Phase 2 of sequence is used instead.
Gene 7087_g (- strand) contains internal stop codons. Phase 3 of sequence is used instead.
Gene 7092_g (- strand) contains internal stop codons. Phase 2 of sequence is used instead.
Gene 7095_g (+ strand) contains internal stop codons. Phase 3 of sequence is used instead.
Gene 7099_g (+ strand) contains internal stop codons. Phase 2 of sequence is used instead.
Gene 7100_g (+ strand) contains internal stop codons. Phase 2 of sequence is used instead.
Gene 7101_g (- strand) contains internal stop codons. Phase 3 of sequence is used instead.
Gene 7104_g (+ strand) contains internal stop codons. Phase 2 of sequence is used instead.
Gene 7105_g (+ strand) contains internal stop codons. Phase 2 of sequence is used instead.
Gene 7106_g (+ strand) contains internal stop codons. Phase 2 of sequence is used instead.
Gene 7108_g (+ strand) contains internal stop codons. Phase 3 of sequence is used instead.
Gene 7109_g (+ strand) contains internal stop codons. Phase 3 of sequence is used instead.
Gene 7110_g (+ strand) contains internal stop codons. Phase 2 of sequence is used instead.
Gene 7112_g (- strand) contains internal stop codons. Phase 3 of sequence is used instead.
Gene 7113_g (+ strand) contains internal stop codons. Phase 3 of sequence is used instead.
Gene 7114_g (- strand) contains internal stop codons. Phase 3 of sequence is used instead.
Gene 7116_g (- strand) contains internal stop codons. Phase 2 of sequence is used instead.
Gene 7118_g (+ strand) contains internal stop codons. Phase 2 of sequence is used instead.
Gene 7122_g (- strand) contains internal stop codons. Phase 3 of sequence is used instead.
Gene 7123_g (+ strand) contains internal stop codons. Phase 3 of sequence is used instead.
Gene 7124_g (- strand) contains internal stop codons. Phase 3 of sequence is used instead.
Gene 7126_g (+ strand) contains internal stop codons. Phase 3 of sequence is used instead.
Gene 7127_g (+ strand) contains internal stop codons. Phase 2 of sequence is used instead.
Gene 7128_g (- strand) contains internal stop codons. Phase 2 of sequence is used instead.
Gene 7130_g (+ strand) contains internal stop codons. Phase 2 of sequence is used instead.
Gene 7131_g (+ strand) contains internal stop codons. Phase 2 of sequence is used instead.
Gene 7137_g (+ strand) contains internal stop codons. Phase 3 of sequence is used instead.
Gene 7138_g (- strand) contains internal stop codons. Phase 2 of sequence is used instead.
Gene 7141_g (- strand) contains internal stop codons. Phase 3 of sequence is used instead.
Gene 7142_g (- strand) contains internal stop codons. Phase 3 of sequence is used instead.
Gene 7143_g (- strand) contains internal stop codons. Phase 2 of sequence is used instead.
Gene 7145_g (+ strand) contains internal stop codons. Phase 2 of sequence is used instead.
Gene 7146_g (+ strand) contains internal stop codons. Phase 2 of sequence is used instead.
Gene 7147_g (+ strand) contains internal stop codons. Phase 3 of sequence is used instead.
Gene 7149_g (- strand) contains internal stop codons. Phase 2 of sequence is used instead.
Gene 7151_g (- strand) contains internal stop codons. Phase 2 of sequence is used instead.
Gene 7152_g (+ strand) contains internal stop codons. Phase 2 of sequence is used instead.
Gene 7153_g (+ strand) contains internal stop codons. Phase 2 of sequence is used instead.
Gene 7154_g (+ strand) contains internal stop codons. Phase 3 of sequence is used instead.
Gene 7155_g (+ strand) contains internal stop codons. Phase 2 of sequence is used instead.
Gene 7156_g (+ strand) contains internal stop codons. Phase 2 of sequence is used instead.
Gene 7159_g (+ strand) contains internal stop codons. Phase 3 of sequence is used instead.
Gene 7163_g (- strand) contains internal stop codons. Phase 3 of sequence is used instead.
Gene 7165_g (- strand) contains internal stop codons. Phase 3 of sequence is used instead.
Gene 7166_g (+ strand) contains internal stop codons. Phase 3 of sequence is used instead.
Gene 7169_g (+ strand) contains internal stop codons. Phase 2 of sequence is used instead.
Gene 7179_g (- strand) contains internal stop codons. Phase 2 of sequence is used instead.
Gene 7182_g (+ strand) contains internal stop codons. Phase 2 of sequence is used instead.
Gene 7183_g (+ strand) contains internal stop codons. Phase 3 of sequence is used instead.
Gene 7188_g (- strand) contains internal stop codons. Phase 2 of sequence is used instead.
Gene 7189_g (- strand) contains internal stop codons. Phase 2 of sequence is used instead.
Gene 7196_g (+ strand) contains internal stop codons. Phase 2 of sequence is used instead.
Gene 7198_g (- strand) contains internal stop codons. Phase 3 of sequence is used instead.
Gene 7199_g (+ strand) contains internal stop codons. Phase 3 of sequence is used instead.
Gene 7201_g (- strand) contains internal stop codons. Phase 2 of sequence is used instead.
Gene 7205_g (+ strand) contains internal stop codons. Phase 3 of sequence is used instead.
Gene 7214_g (+ strand) contains internal stop codons. Phase 3 of sequence is used instead.
Gene 7216_g (+ strand) contains internal stop codons. Phase 3 of sequence is used instead.
Gene 7219_g (- strand) contains internal stop codons. Phase 2 of sequence is used instead.
Gene 7220_g (+ strand) contains internal stop codons. Phase 3 of sequence is used instead.
Gene 7234_g (+ strand) contains internal stop codons. Phase 2 of sequence is used instead.
