INFO: Program was run as gffParse.pl -i data/Plasmodium_knowlesi.genome -g data/knowlesi.gtf -b Pk -c -p

INFO: The gff or gtf file data/knowlesi.gtf has successfully been parsed.
      There were 14 scaffolds containing genes.
      The scaffolds contained 4953 genes.
      The genes contained the feature CDS 15416 times.

INFO: The scaffold/genome file data/Plasmodium_knowlesi.genome was successfully parsed.
      There were 14 scaffolds. This number may be higher than the one above.

INFO: Following files were output in the directory
      /home/inf-37-2025/BINP29/malaria_study:
      Pk.fna (fasta file containing the genes)
      Pk.log (log file)
      Pk.faa (fasta file containing translated genes)

WARNINGS:

Line 2 contains illegal characters: chromosome10
Line 21234 contains illegal characters: chromosome11
Line 55135 contains illegal characters: chromosome12
Line 99828 contains illegal characters: chromosome13
Line 131263 contains illegal characters: chromosome14
Line 176395 contains illegal characters: chromosome1
Line 188377 contains illegal characters: chromosome2
Line 198764 contains illegal characters: chromosome3
Line 212671 contains illegal characters: chromosome4
Line 223890 contains illegal characters: chromosome5
Line 242821 contains illegal characters: chromosome6
Line 257868 contains illegal characters: chromosome7
Line 279242 contains illegal characters: chromosome8
Line 304535 contains illegal characters: chromosome9
Gene 1_g (- strand) contains internal stop codons.
Gene 2_g (+ strand) contains internal stop codons.
Gene 3_g (- strand) contains internal stop codons.
Gene 4_g (- strand) contains internal stop codons.
Gene 5_g (+ strand) contains internal stop codons.
Gene 6_g (- strand) contains internal stop codons.
Gene 8_g (- strand) contains internal stop codons.
Gene 11_g (- strand) contains internal stop codons.
Gene 12_g (+ strand) contains internal stop codons.
Gene 13_g (- strand) contains internal stop codons.
Gene 14_g (- strand) contains internal stop codons.
Gene 16_g (- strand) contains internal stop codons.
Gene 18_g (- strand) contains internal stop codons.
Gene 20_g (- strand) contains internal stop codons.
Gene 22_g (+ strand) contains internal stop codons.
Gene 23_g (- strand) contains internal stop codons.
Gene 24_g (- strand) contains internal stop codons.
Gene 25_g (+ strand) contains internal stop codons.
Gene 26_g (+ strand) contains internal stop codons.
Gene 27_g (- strand) contains internal stop codons.
Gene 29_g (- strand) contains internal stop codons.
Gene 30_g (- strand) contains internal stop codons.
Gene 31_g (- strand) contains internal stop codons.
Gene 33_g (+ strand) contains internal stop codons.
Gene 37_g (- strand) contains internal stop codons.
Gene 38_g (- strand) contains internal stop codons.
Gene 41_g (+ strand) contains internal stop codons.
Gene 43_g (- strand) contains internal stop codons.
Gene 44_g (+ strand) contains internal stop codons.
Gene 45_g (- strand) contains internal stop codons.
Gene 46_g (- strand) contains internal stop codons.
Gene 49_g (+ strand) contains internal stop codons.
Gene 51_g (- strand) contains internal stop codons.
Gene 54_g (+ strand) contains internal stop codons.
Gene 55_g (- strand) contains internal stop codons.
Gene 56_g (- strand) contains internal stop codons.
Gene 57_g (- strand) contains internal stop codons.
Gene 58_g (- strand) contains internal stop codons.
Gene 61_g (- strand) contains internal stop codons.
Gene 63_g (- strand) contains internal stop codons.
Gene 64_g (- strand) contains internal stop codons.
Gene 65_g (- strand) contains internal stop codons.
Gene 68_g (- strand) contains internal stop codons.
Gene 70_g (- strand) contains internal stop codons.
Gene 71_g (- strand) contains internal stop codons.
Gene 72_g (- strand) contains internal stop codons.
Gene 73_g (- strand) contains internal stop codons.
Gene 74_g (- strand) contains internal stop codons.
Gene 77_g (- strand) contains internal stop codons.
Gene 78_g (- strand) contains internal stop codons.
Gene 82_g (- strand) contains internal stop codons.
Gene 83_g (- strand) contains internal stop codons.
Gene 84_g (+ strand) contains internal stop codons.
Gene 85_g (+ strand) contains internal stop codons.
Gene 86_g (- strand) contains internal stop codons.
Gene 88_g (- strand) contains internal stop codons.
Gene 89_g (+ strand) contains internal stop codons.
Gene 90_g (- strand) contains internal stop codons.
Gene 91_g (+ strand) contains internal stop codons.
Gene 92_g (- strand) contains internal stop codons.
Gene 94_g (- strand) contains internal stop codons.
Gene 95_g (- strand) contains internal stop codons.
Gene 96_g (+ strand) contains internal stop codons.
Gene 97_g (- strand) contains internal stop codons.
Gene 98_g (- strand) contains internal stop codons.
Gene 99_g (- strand) contains internal stop codons.
Gene 100_g (- strand) contains internal stop codons.
Gene 101_g (+ strand) contains internal stop codons.
Gene 102_g (- strand) contains internal stop codons.
Gene 104_g (- strand) contains internal stop codons.
Gene 105_g (- strand) contains internal stop codons.
Gene 106_g (- strand) contains internal stop codons.
Gene 107_g (- strand) contains internal stop codons.
Gene 110_g (- strand) contains internal stop codons.
Gene 113_g (- strand) contains internal stop codons.
Gene 114_g (+ strand) contains internal stop codons.
Gene 116_g (+ strand) contains internal stop codons.
Gene 117_g (- strand) contains internal stop codons.
Gene 118_g (- strand) contains internal stop codons.
Gene 121_g (- strand) contains internal stop codons.
Gene 123_g (- strand) contains internal stop codons.
Gene 124_g (- strand) contains internal stop codons.
Gene 127_g (- strand) contains internal stop codons.
Gene 128_g (- strand) contains internal stop codons.
Gene 131_g (- strand) contains internal stop codons.
Gene 133_g (- strand) contains internal stop codons.
Gene 134_g (+ strand) contains internal stop codons.
Gene 135_g (- strand) contains internal stop codons.
Gene 136_g (- strand) contains internal stop codons.
Gene 137_g (- strand) contains internal stop codons.
Gene 139_g (+ strand) contains internal stop codons.
Gene 140_g (- strand) contains internal stop codons.
Gene 141_g (- strand) contains internal stop codons.
Gene 144_g (+ strand) contains internal stop codons.
Gene 146_g (- strand) contains internal stop codons.
Gene 147_g (- strand) contains internal stop codons.
Gene 149_g (+ strand) contains internal stop codons.
Gene 151_g (- strand) contains internal stop codons.
Gene 154_g (- strand) contains internal stop codons.
Gene 157_g (+ strand) contains internal stop codons.
Gene 160_g (- strand) contains internal stop codons.
Gene 162_g (- strand) contains internal stop codons.
Gene 163_g (+ strand) contains internal stop codons.
Gene 164_g (- strand) contains internal stop codons.
Gene 166_g (- strand) contains internal stop codons.
Gene 169_g (- strand) contains internal stop codons.
Gene 170_g (+ strand) contains internal stop codons.
Gene 171_g (- strand) contains internal stop codons.
Gene 172_g (- strand) contains internal stop codons.
Gene 173_g (- strand) contains internal stop codons.
Gene 175_g (- strand) contains internal stop codons.
Gene 177_g (- strand) contains internal stop codons.
Gene 178_g (- strand) contains internal stop codons.
Gene 179_g (+ strand) contains internal stop codons.
Gene 180_g (- strand) contains internal stop codons.
Gene 181_g (- strand) contains internal stop codons.
Gene 184_g (- strand) contains internal stop codons.
Gene 185_g (+ strand) contains internal stop codons.
Gene 186_g (- strand) contains internal stop codons.
Gene 188_g (- strand) contains internal stop codons.
Gene 189_g (+ strand) contains internal stop codons.
Gene 191_g (- strand) contains internal stop codons.
Gene 193_g (- strand) contains internal stop codons.
Gene 194_g (- strand) contains internal stop codons.
Gene 196_g (+ strand) contains internal stop codons.
Gene 197_g (- strand) contains internal stop codons.
Gene 199_g (- strand) contains internal stop codons.
Gene 200_g (- strand) contains internal stop codons.
Gene 203_g (+ strand) contains internal stop codons.
Gene 204_g (- strand) contains internal stop codons.
Gene 205_g (+ strand) contains internal stop codons.
Gene 206_g (- strand) contains internal stop codons.
Gene 210_g (- strand) contains internal stop codons.
Gene 211_g (- strand) contains internal stop codons.
Gene 213_g (- strand) contains internal stop codons.
Gene 215_g (- strand) contains internal stop codons.
Gene 216_g (- strand) contains internal stop codons.
Gene 218_g (- strand) contains internal stop codons.
Gene 220_g (- strand) contains internal stop codons.
Gene 221_g (- strand) contains internal stop codons.
Gene 223_g (- strand) contains internal stop codons.
Gene 225_g (- strand) contains internal stop codons.
Gene 226_g (- strand) contains internal stop codons.
Gene 227_g (+ strand) contains internal stop codons.
Gene 228_g (- strand) contains internal stop codons.
Gene 229_g (- strand) contains internal stop codons.
Gene 230_g (- strand) contains internal stop codons.
Gene 231_g (+ strand) contains internal stop codons.
Gene 232_g (- strand) contains internal stop codons.
Gene 233_g (- strand) contains internal stop codons.
Gene 236_g (- strand) contains internal stop codons.
Gene 238_g (- strand) contains internal stop codons.
Gene 240_g (- strand) contains internal stop codons.
Gene 241_g (- strand) contains internal stop codons.
Gene 243_g (- strand) contains internal stop codons.
Gene 244_g (- strand) contains internal stop codons.
Gene 245_g (- strand) contains internal stop codons.
Gene 247_g (- strand) contains internal stop codons.
Gene 250_g (- strand) contains internal stop codons.
Gene 251_g (- strand) contains internal stop codons.
Gene 253_g (- strand) contains internal stop codons.
Gene 261_g (- strand) contains internal stop codons.
Gene 262_g (- strand) contains internal stop codons.
Gene 263_g (- strand) contains internal stop codons.
Gene 265_g (- strand) contains internal stop codons.
Gene 266_g (+ strand) contains internal stop codons.
Gene 268_g (- strand) contains internal stop codons.
Gene 269_g (+ strand) contains internal stop codons.
Gene 270_g (- strand) contains internal stop codons.
Gene 271_g (+ strand) contains internal stop codons.
Gene 273_g (+ strand) contains internal stop codons.
Gene 274_g (- strand) contains internal stop codons.
Gene 276_g (- strand) contains internal stop codons.
Gene 278_g (- strand) contains internal stop codons.
Gene 279_g (- strand) contains internal stop codons.
Gene 280_g (- strand) contains internal stop codons.
Gene 281_g (+ strand) contains internal stop codons.
Gene 282_g (- strand) contains internal stop codons.
Gene 284_g (- strand) contains internal stop codons.
Gene 285_g (- strand) contains internal stop codons.
Gene 286_g (- strand) contains internal stop codons.
Gene 287_g (- strand) contains internal stop codons.
Gene 289_g (- strand) contains internal stop codons.
Gene 291_g (- strand) contains internal stop codons.
Gene 294_g (+ strand) contains internal stop codons.
Gene 295_g (- strand) contains internal stop codons.
Gene 297_g (- strand) contains internal stop codons.
Gene 299_g (- strand) contains internal stop codons.
Gene 300_g (- strand) contains internal stop codons.
Gene 301_g (- strand) contains internal stop codons.
Gene 303_g (- strand) contains internal stop codons.
Gene 304_g (- strand) contains internal stop codons.
Gene 306_g (+ strand) contains internal stop codons.
Gene 307_g (- strand) contains internal stop codons.
Gene 310_g (- strand) contains internal stop codons.
Gene 312_g (- strand) contains internal stop codons.
Gene 314_g (- strand) contains internal stop codons.
Gene 317_g (- strand) contains internal stop codons.
Gene 318_g (- strand) contains internal stop codons.
Gene 320_g (+ strand) contains internal stop codons.
Gene 321_g (- strand) contains internal stop codons.
Gene 322_g (- strand) contains internal stop codons.
Gene 323_g (+ strand) contains internal stop codons.
Gene 325_g (- strand) contains internal stop codons.
Gene 326_g (+ strand) contains internal stop codons.
Gene 328_g (+ strand) contains internal stop codons.
Gene 329_g (+ strand) contains internal stop codons.
Gene 330_g (+ strand) contains internal stop codons.
Gene 331_g (- strand) contains internal stop codons.
Gene 333_g (+ strand) contains internal stop codons.
Gene 334_g (- strand) contains internal stop codons.
Gene 335_g (- strand) contains internal stop codons.
Gene 337_g (- strand) contains internal stop codons.
Gene 339_g (- strand) contains internal stop codons.
Gene 340_g (- strand) contains internal stop codons.
Gene 344_g (- strand) contains internal stop codons.
Gene 345_g (+ strand) contains internal stop codons.
Gene 346_g (- strand) contains internal stop codons.
Gene 349_g (- strand) contains internal stop codons.
Gene 350_g (- strand) contains internal stop codons.
Gene 351_g (- strand) contains internal stop codons.
Gene 353_g (- strand) contains internal stop codons.
Gene 354_g (- strand) contains internal stop codons.
Gene 356_g (- strand) contains internal stop codons.
Gene 357_g (- strand) contains internal stop codons.
Gene 358_g (+ strand) contains internal stop codons.
Gene 359_g (+ strand) contains internal stop codons.
Gene 360_g (+ strand) contains internal stop codons.
Gene 361_g (- strand) contains internal stop codons.
Gene 362_g (+ strand) contains internal stop codons.
Gene 363_g (- strand) contains internal stop codons.
Gene 365_g (- strand) contains internal stop codons.
Gene 367_g (+ strand) contains internal stop codons.
Gene 368_g (- strand) contains internal stop codons.
Gene 369_g (- strand) contains internal stop codons.
Gene 371_g (- strand) contains internal stop codons.
Gene 373_g (- strand) contains internal stop codons.
Gene 374_g (- strand) contains internal stop codons.
Gene 378_g (- strand) contains internal stop codons.
Gene 380_g (+ strand) contains internal stop codons.
Gene 381_g (- strand) contains internal stop codons.
Gene 382_g (- strand) contains internal stop codons.
Gene 383_g (- strand) contains internal stop codons.
Gene 384_g (- strand) contains internal stop codons.
Gene 387_g (- strand) contains internal stop codons.
Gene 388_g (- strand) contains internal stop codons.
Gene 389_g (- strand) contains internal stop codons.
Gene 390_g (- strand) contains internal stop codons.
Gene 391_g (- strand) contains internal stop codons.
Gene 393_g (- strand) contains internal stop codons.
Gene 395_g (- strand) contains internal stop codons.
Gene 396_g (+ strand) contains internal stop codons.
Gene 397_g (- strand) contains internal stop codons.
Gene 398_g (- strand) contains internal stop codons.
Gene 399_g (- strand) contains internal stop codons.
Gene 400_g (- strand) contains internal stop codons.
Gene 401_g (- strand) contains internal stop codons.
Gene 402_g (+ strand) contains internal stop codons.
Gene 403_g (- strand) contains internal stop codons.
Gene 404_g (- strand) contains internal stop codons.
Gene 405_g (- strand) contains internal stop codons.
Gene 406_g (- strand) contains internal stop codons.
Gene 409_g (+ strand) contains internal stop codons.
Gene 410_g (- strand) contains internal stop codons.
Gene 412_g (- strand) contains internal stop codons.
Gene 413_g (- strand) contains internal stop codons.
Gene 415_g (+ strand) contains internal stop codons.
Gene 417_g (- strand) contains internal stop codons.
Gene 418_g (- strand) contains internal stop codons.
Gene 419_g (- strand) contains internal stop codons.
Gene 420_g (- strand) contains internal stop codons.
Gene 422_g (+ strand) contains internal stop codons.
Gene 423_g (- strand) contains internal stop codons.
Gene 425_g (- strand) contains internal stop codons.
Gene 426_g (- strand) contains internal stop codons.
Gene 427_g (- strand) contains internal stop codons.
Gene 429_g (+ strand) contains internal stop codons.
Gene 430_g (+ strand) contains internal stop codons.
Gene 431_g (+ strand) contains internal stop codons.
Gene 432_g (- strand) contains internal stop codons.
Gene 433_g (- strand) contains internal stop codons.
Gene 434_g (- strand) contains internal stop codons.
Gene 435_g (- strand) contains internal stop codons.
Gene 436_g (- strand) contains internal stop codons.
Gene 438_g (- strand) contains internal stop codons.
Gene 439_g (+ strand) contains internal stop codons.
Gene 442_g (+ strand) contains internal stop codons.
Gene 443_g (- strand) contains internal stop codons.
Gene 444_g (- strand) contains internal stop codons.
Gene 445_g (- strand) contains internal stop codons.
Gene 447_g (- strand) contains internal stop codons.
Gene 448_g (- strand) contains internal stop codons.
Gene 449_g (- strand) contains internal stop codons.
Gene 451_g (- strand) contains internal stop codons.
Gene 452_g (+ strand) contains internal stop codons.
Gene 454_g (- strand) contains internal stop codons.
Gene 455_g (- strand) contains internal stop codons.
Gene 457_g (- strand) contains internal stop codons.
Gene 458_g (- strand) contains internal stop codons.
Gene 459_g (- strand) contains internal stop codons.
Gene 460_g (- strand) contains internal stop codons.
Gene 461_g (- strand) contains internal stop codons.
Gene 463_g (+ strand) contains internal stop codons.
Gene 464_g (- strand) contains internal stop codons.
Gene 465_g (- strand) contains internal stop codons.
Gene 467_g (- strand) contains internal stop codons.
Gene 468_g (- strand) contains internal stop codons.
Gene 469_g (- strand) contains internal stop codons.
Gene 472_g (- strand) contains internal stop codons.
Gene 473_g (- strand) contains internal stop codons.
Gene 474_g (- strand) contains internal stop codons.
Gene 477_g (- strand) contains internal stop codons.
Gene 478_g (+ strand) contains internal stop codons.
Gene 479_g (+ strand) contains internal stop codons.
Gene 480_g (- strand) contains internal stop codons.
Gene 482_g (- strand) contains internal stop codons.
Gene 484_g (- strand) contains internal stop codons.
Gene 485_g (- strand) contains internal stop codons.
Gene 489_g (- strand) contains internal stop codons.
Gene 494_g (- strand) contains internal stop codons.
Gene 496_g (- strand) contains internal stop codons.
Gene 498_g (- strand) contains internal stop codons.
Gene 499_g (- strand) contains internal stop codons.
Gene 501_g (- strand) contains internal stop codons.
Gene 502_g (+ strand) contains internal stop codons.
Gene 503_g (- strand) contains internal stop codons.
Gene 504_g (- strand) contains internal stop codons.
Gene 505_g (- strand) contains internal stop codons.
Gene 506_g (- strand) contains internal stop codons.
Gene 509_g (- strand) contains internal stop codons.
Gene 510_g (+ strand) contains internal stop codons.
Gene 511_g (- strand) contains internal stop codons.
Gene 512_g (+ strand) contains internal stop codons.
Gene 513_g (- strand) contains internal stop codons.
Gene 514_g (- strand) contains internal stop codons.
Gene 515_g (- strand) contains internal stop codons.
Gene 517_g (- strand) contains internal stop codons.
Gene 518_g (- strand) contains internal stop codons.
Gene 520_g (+ strand) contains internal stop codons.
Gene 522_g (- strand) contains internal stop codons.
Gene 526_g (- strand) contains internal stop codons.
Gene 528_g (- strand) contains internal stop codons.
Gene 531_g (- strand) contains internal stop codons.
Gene 532_g (+ strand) contains internal stop codons.
Gene 533_g (- strand) contains internal stop codons.
Gene 535_g (- strand) contains internal stop codons.
Gene 536_g (- strand) contains internal stop codons.
Gene 538_g (- strand) contains internal stop codons.
Gene 539_g (- strand) contains internal stop codons.
Gene 542_g (+ strand) contains internal stop codons.
Gene 543_g (- strand) contains internal stop codons.
Gene 545_g (- strand) contains internal stop codons.
Gene 546_g (- strand) contains internal stop codons.
Gene 548_g (- strand) contains internal stop codons.
Gene 549_g (- strand) contains internal stop codons.
Gene 552_g (- strand) contains internal stop codons.
Gene 554_g (- strand) contains internal stop codons.
Gene 555_g (- strand) contains internal stop codons.
Gene 556_g (- strand) contains internal stop codons.
Gene 557_g (- strand) contains internal stop codons.
Gene 559_g (+ strand) contains internal stop codons.
Gene 560_g (+ strand) contains internal stop codons.
Gene 562_g (- strand) contains internal stop codons.
Gene 563_g (- strand) contains internal stop codons.
Gene 564_g (- strand) contains internal stop codons.
Gene 565_g (- strand) contains internal stop codons.
Gene 566_g (- strand) contains internal stop codons.
Gene 567_g (- strand) contains internal stop codons.
Gene 568_g (+ strand) contains internal stop codons.
Gene 569_g (- strand) contains internal stop codons.
Gene 570_g (- strand) contains internal stop codons.
Gene 572_g (- strand) contains internal stop codons.
Gene 573_g (+ strand) contains internal stop codons.
Gene 574_g (- strand) contains internal stop codons.
Gene 575_g (- strand) contains internal stop codons.
Gene 576_g (- strand) contains internal stop codons.
Gene 577_g (+ strand) contains internal stop codons.
Gene 578_g (- strand) contains internal stop codons.
Gene 579_g (+ strand) contains internal stop codons.
Gene 582_g (- strand) contains internal stop codons.
Gene 583_g (+ strand) contains internal stop codons.
Gene 585_g (+ strand) contains internal stop codons.
Gene 586_g (- strand) contains internal stop codons.
Gene 588_g (- strand) contains internal stop codons.
Gene 590_g (- strand) contains internal stop codons.
Gene 591_g (- strand) contains internal stop codons.
Gene 594_g (- strand) contains internal stop codons.
Gene 596_g (- strand) contains internal stop codons.
Gene 597_g (- strand) contains internal stop codons.
Gene 598_g (- strand) contains internal stop codons.
Gene 599_g (- strand) contains internal stop codons.
Gene 600_g (- strand) contains internal stop codons.
Gene 603_g (- strand) contains internal stop codons.
Gene 605_g (- strand) contains internal stop codons.
Gene 606_g (- strand) contains internal stop codons.
Gene 609_g (- strand) contains internal stop codons.
Gene 610_g (- strand) contains internal stop codons.
Gene 612_g (- strand) contains internal stop codons.
Gene 614_g (- strand) contains internal stop codons.
Gene 615_g (+ strand) contains internal stop codons.
Gene 617_g (- strand) contains internal stop codons.
Gene 622_g (- strand) contains internal stop codons.
Gene 623_g (- strand) contains internal stop codons.
Gene 624_g (+ strand) contains internal stop codons.
Gene 625_g (- strand) contains internal stop codons.
Gene 627_g (- strand) contains internal stop codons.
Gene 628_g (+ strand) contains internal stop codons.
Gene 629_g (- strand) contains internal stop codons.
Gene 631_g (- strand) contains internal stop codons.
Gene 633_g (- strand) contains internal stop codons.
Gene 634_g (- strand) contains internal stop codons.
Gene 635_g (- strand) contains internal stop codons.
Gene 636_g (+ strand) contains internal stop codons.
Gene 637_g (- strand) contains internal stop codons.
Gene 638_g (- strand) contains internal stop codons.
Gene 639_g (- strand) contains internal stop codons.
Gene 641_g (- strand) contains internal stop codons.
Gene 642_g (- strand) contains internal stop codons.
Gene 643_g (+ strand) contains internal stop codons.
Gene 646_g (- strand) contains internal stop codons.
Gene 648_g (- strand) contains internal stop codons.
Gene 649_g (- strand) contains internal stop codons.
Gene 651_g (+ strand) contains internal stop codons.
Gene 652_g (- strand) contains internal stop codons.
Gene 653_g (+ strand) contains internal stop codons.
Gene 654_g (- strand) contains internal stop codons.
Gene 655_g (- strand) contains internal stop codons.
Gene 656_g (+ strand) contains internal stop codons.
Gene 658_g (- strand) contains internal stop codons.
Gene 661_g (- strand) contains internal stop codons.
Gene 662_g (- strand) contains internal stop codons.
Gene 664_g (+ strand) contains internal stop codons.
Gene 665_g (- strand) contains internal stop codons.
Gene 667_g (+ strand) contains internal stop codons.
Gene 668_g (- strand) contains internal stop codons.
Gene 669_g (+ strand) contains internal stop codons.
Gene 674_g (- strand) contains internal stop codons.
Gene 676_g (- strand) contains internal stop codons.
Gene 677_g (+ strand) contains internal stop codons.
Gene 678_g (- strand) contains internal stop codons.
Gene 679_g (+ strand) contains internal stop codons.
Gene 681_g (- strand) contains internal stop codons.
Gene 682_g (- strand) contains internal stop codons.
Gene 687_g (- strand) contains internal stop codons.
Gene 688_g (- strand) contains internal stop codons.
Gene 689_g (+ strand) contains internal stop codons.
Gene 691_g (- strand) contains internal stop codons.
Gene 694_g (+ strand) contains internal stop codons.
Gene 696_g (- strand) contains internal stop codons.
Gene 699_g (- strand) contains internal stop codons.
Gene 700_g (- strand) contains internal stop codons.
Gene 703_g (- strand) contains internal stop codons.
Gene 705_g (- strand) contains internal stop codons.
Gene 708_g (- strand) contains internal stop codons.
Gene 709_g (+ strand) contains internal stop codons.
Gene 710_g (- strand) contains internal stop codons.
Gene 711_g (- strand) contains internal stop codons.
Gene 712_g (- strand) contains internal stop codons.
Gene 713_g (- strand) contains internal stop codons.
Gene 715_g (- strand) contains internal stop codons.
Gene 716_g (- strand) contains internal stop codons.
Gene 717_g (+ strand) contains internal stop codons.
Gene 718_g (- strand) contains internal stop codons.
Gene 719_g (- strand) contains internal stop codons.
Gene 720_g (- strand) contains internal stop codons.
Gene 721_g (- strand) contains internal stop codons.
Gene 724_g (- strand) contains internal stop codons.
Gene 725_g (- strand) contains internal stop codons.
Gene 726_g (- strand) contains internal stop codons.
Gene 727_g (+ strand) contains internal stop codons.
Gene 728_g (- strand) contains internal stop codons.
Gene 730_g (- strand) contains internal stop codons.
Gene 732_g (- strand) contains internal stop codons.
Gene 733_g (+ strand) contains internal stop codons.
Gene 734_g (- strand) contains internal stop codons.
Gene 736_g (- strand) contains internal stop codons.
Gene 737_g (- strand) contains internal stop codons.
Gene 739_g (- strand) contains internal stop codons.
Gene 743_g (+ strand) contains internal stop codons.
Gene 744_g (- strand) contains internal stop codons.
Gene 745_g (+ strand) contains internal stop codons.
Gene 746_g (- strand) contains internal stop codons.
Gene 748_g (- strand) contains internal stop codons.
Gene 750_g (+ strand) contains internal stop codons.
Gene 751_g (- strand) contains internal stop codons.
Gene 752_g (- strand) contains internal stop codons.
Gene 754_g (+ strand) contains internal stop codons.
Gene 757_g (- strand) contains internal stop codons.
Gene 758_g (+ strand) contains internal stop codons.
Gene 759_g (- strand) contains internal stop codons.
Gene 760_g (- strand) contains internal stop codons.
Gene 761_g (+ strand) contains internal stop codons.
Gene 762_g (- strand) contains internal stop codons.
Gene 763_g (- strand) contains internal stop codons.
Gene 764_g (- strand) contains internal stop codons.
Gene 765_g (- strand) contains internal stop codons.
Gene 766_g (- strand) contains internal stop codons.
Gene 767_g (+ strand) contains internal stop codons.
Gene 768_g (+ strand) contains internal stop codons.
Gene 769_g (+ strand) contains internal stop codons.
Gene 772_g (+ strand) contains internal stop codons.
Gene 773_g (+ strand) contains internal stop codons.
Gene 774_g (- strand) contains internal stop codons.
Gene 776_g (- strand) contains internal stop codons.
Gene 778_g (- strand) contains internal stop codons.
Gene 780_g (- strand) contains internal stop codons.
Gene 782_g (- strand) contains internal stop codons.
Gene 784_g (- strand) contains internal stop codons.
Gene 786_g (- strand) contains internal stop codons.
Gene 787_g (+ strand) contains internal stop codons.
Gene 788_g (+ strand) contains internal stop codons.
Gene 789_g (- strand) contains internal stop codons.
Gene 791_g (- strand) contains internal stop codons.
Gene 792_g (- strand) contains internal stop codons.
Gene 793_g (- strand) contains internal stop codons.
Gene 795_g (+ strand) contains internal stop codons.
Gene 797_g (+ strand) contains internal stop codons.
Gene 798_g (+ strand) contains internal stop codons.
Gene 799_g (+ strand) contains internal stop codons.
Gene 800_g (- strand) contains internal stop codons.
Gene 801_g (- strand) contains internal stop codons.
Gene 803_g (- strand) contains internal stop codons.
Gene 805_g (- strand) contains internal stop codons.
Gene 806_g (+ strand) contains internal stop codons.
Gene 807_g (- strand) contains internal stop codons.
Gene 808_g (- strand) contains internal stop codons.
Gene 812_g (- strand) contains internal stop codons.
Gene 813_g (- strand) contains internal stop codons.
Gene 816_g (- strand) contains internal stop codons.
Gene 818_g (- strand) contains internal stop codons.
Gene 819_g (+ strand) contains internal stop codons.
Gene 820_g (- strand) contains internal stop codons.
Gene 822_g (- strand) contains internal stop codons.
Gene 823_g (- strand) contains internal stop codons.
Gene 824_g (- strand) contains internal stop codons.
Gene 825_g (- strand) contains internal stop codons.
Gene 827_g (- strand) contains internal stop codons.
Gene 828_g (+ strand) contains internal stop codons.
Gene 829_g (- strand) contains internal stop codons.
Gene 830_g (+ strand) contains internal stop codons.
Gene 832_g (- strand) contains internal stop codons.
Gene 833_g (- strand) contains internal stop codons.
Gene 835_g (- strand) contains internal stop codons.
Gene 836_g (- strand) contains internal stop codons.
Gene 838_g (+ strand) contains internal stop codons.
Gene 840_g (- strand) contains internal stop codons.
Gene 841_g (- strand) contains internal stop codons.
Gene 842_g (- strand) contains internal stop codons.
Gene 844_g (- strand) contains internal stop codons.
Gene 845_g (- strand) contains internal stop codons.
Gene 850_g (- strand) contains internal stop codons.
Gene 852_g (- strand) contains internal stop codons.
Gene 853_g (- strand) contains internal stop codons.
Gene 854_g (+ strand) contains internal stop codons.
Gene 855_g (- strand) contains internal stop codons.
Gene 856_g (- strand) contains internal stop codons.
Gene 859_g (- strand) contains internal stop codons.
Gene 860_g (- strand) contains internal stop codons.
Gene 861_g (- strand) contains internal stop codons.
Gene 863_g (- strand) contains internal stop codons.
Gene 864_g (+ strand) contains internal stop codons.
Gene 866_g (- strand) contains internal stop codons.
Gene 867_g (+ strand) contains internal stop codons.
Gene 868_g (- strand) contains internal stop codons.
Gene 870_g (+ strand) contains internal stop codons.
Gene 871_g (- strand) contains internal stop codons.
Gene 874_g (- strand) contains internal stop codons.
Gene 875_g (- strand) contains internal stop codons.
Gene 876_g (- strand) contains internal stop codons.
Gene 877_g (- strand) contains internal stop codons.
Gene 879_g (- strand) contains internal stop codons.
Gene 882_g (- strand) contains internal stop codons.
Gene 884_g (- strand) contains internal stop codons.
Gene 885_g (- strand) contains internal stop codons.
Gene 889_g (- strand) contains internal stop codons.
Gene 890_g (- strand) contains internal stop codons.
Gene 891_g (- strand) contains internal stop codons.
Gene 893_g (- strand) contains internal stop codons.
Gene 897_g (+ strand) contains internal stop codons.
Gene 898_g (- strand) contains internal stop codons.
Gene 899_g (- strand) contains internal stop codons.
Gene 900_g (- strand) contains internal stop codons.
Gene 901_g (- strand) contains internal stop codons.
Gene 903_g (+ strand) contains internal stop codons.
Gene 905_g (- strand) contains internal stop codons.
Gene 907_g (- strand) contains internal stop codons.
Gene 909_g (- strand) contains internal stop codons.
Gene 911_g (- strand) contains internal stop codons.
Gene 912_g (- strand) contains internal stop codons.
Gene 913_g (+ strand) contains internal stop codons.
Gene 914_g (+ strand) contains internal stop codons.
Gene 915_g (- strand) contains internal stop codons.
Gene 917_g (- strand) contains internal stop codons.
Gene 919_g (+ strand) contains internal stop codons.
Gene 921_g (- strand) contains internal stop codons.
Gene 922_g (- strand) contains internal stop codons.
Gene 923_g (- strand) contains internal stop codons.
Gene 924_g (- strand) contains internal stop codons.
Gene 925_g (+ strand) contains internal stop codons.
Gene 926_g (- strand) contains internal stop codons.
Gene 927_g (- strand) contains internal stop codons.
Gene 928_g (+ strand) contains internal stop codons.
Gene 931_g (+ strand) contains internal stop codons.
Gene 932_g (- strand) contains internal stop codons.
Gene 935_g (- strand) contains internal stop codons.
Gene 937_g (- strand) contains internal stop codons.
Gene 940_g (- strand) contains internal stop codons.
Gene 942_g (+ strand) contains internal stop codons.
Gene 945_g (- strand) contains internal stop codons.
Gene 946_g (+ strand) contains internal stop codons.
Gene 948_g (- strand) contains internal stop codons.
Gene 950_g (- strand) contains internal stop codons.
Gene 951_g (- strand) contains internal stop codons.
Gene 952_g (- strand) contains internal stop codons.
Gene 953_g (+ strand) contains internal stop codons.
Gene 954_g (- strand) contains internal stop codons.
Gene 956_g (- strand) contains internal stop codons.
Gene 957_g (- strand) contains internal stop codons.
Gene 958_g (- strand) contains internal stop codons.
Gene 959_g (- strand) contains internal stop codons.
Gene 962_g (- strand) contains internal stop codons.
Gene 964_g (+ strand) contains internal stop codons.
Gene 965_g (- strand) contains internal stop codons.
Gene 966_g (- strand) contains internal stop codons.
Gene 967_g (- strand) contains internal stop codons.
Gene 969_g (- strand) contains internal stop codons.
Gene 971_g (- strand) contains internal stop codons.
Gene 972_g (- strand) contains internal stop codons.
Gene 978_g (- strand) contains internal stop codons.
Gene 981_g (- strand) contains internal stop codons.
Gene 982_g (- strand) contains internal stop codons.
Gene 985_g (- strand) contains internal stop codons.
Gene 986_g (- strand) contains internal stop codons.
Gene 988_g (- strand) contains internal stop codons.
Gene 990_g (- strand) contains internal stop codons.
Gene 992_g (- strand) contains internal stop codons.
Gene 995_g (- strand) contains internal stop codons.
Gene 997_g (- strand) contains internal stop codons.
Gene 998_g (- strand) contains internal stop codons.
Gene 999_g (- strand) contains internal stop codons.
Gene 1000_g (+ strand) contains internal stop codons.
Gene 1001_g (- strand) contains internal stop codons.
Gene 1004_g (- strand) contains internal stop codons.
Gene 1005_g (- strand) contains internal stop codons.
Gene 1006_g (- strand) contains internal stop codons.
Gene 1007_g (- strand) contains internal stop codons.
Gene 1008_g (+ strand) contains internal stop codons.
Gene 1010_g (- strand) contains internal stop codons.
Gene 1011_g (- strand) contains internal stop codons.
Gene 1013_g (- strand) contains internal stop codons.
Gene 1014_g (+ strand) contains internal stop codons.
Gene 1015_g (- strand) contains internal stop codons.
Gene 1016_g (- strand) contains internal stop codons.
Gene 1017_g (- strand) contains internal stop codons.
Gene 1018_g (- strand) contains internal stop codons.
Gene 1019_g (- strand) contains internal stop codons.
Gene 1021_g (+ strand) contains internal stop codons.
Gene 1022_g (- strand) contains internal stop codons.
Gene 1023_g (- strand) contains internal stop codons.
Gene 1026_g (+ strand) contains internal stop codons.
Gene 1029_g (- strand) contains internal stop codons.
Gene 1030_g (+ strand) contains internal stop codons.
Gene 1034_g (+ strand) contains internal stop codons.
Gene 1035_g (+ strand) contains internal stop codons.
Gene 1036_g (- strand) contains internal stop codons.
Gene 1038_g (- strand) contains internal stop codons.
Gene 1039_g (- strand) contains internal stop codons.
Gene 1041_g (- strand) contains internal stop codons.
Gene 1042_g (- strand) contains internal stop codons.
Gene 1044_g (- strand) contains internal stop codons.
Gene 1045_g (- strand) contains internal stop codons.
Gene 1047_g (- strand) contains internal stop codons.
Gene 1048_g (- strand) contains internal stop codons.
Gene 1049_g (+ strand) contains internal stop codons.
Gene 1052_g (- strand) contains internal stop codons.
Gene 1053_g (- strand) contains internal stop codons.
Gene 1057_g (- strand) contains internal stop codons.
Gene 1058_g (- strand) contains internal stop codons.
Gene 1059_g (+ strand) contains internal stop codons.
Gene 1060_g (- strand) contains internal stop codons.
Gene 1061_g (+ strand) contains internal stop codons.
Gene 1062_g (+ strand) contains internal stop codons.
Gene 1063_g (- strand) contains internal stop codons.
Gene 1064_g (- strand) contains internal stop codons.
Gene 1065_g (- strand) contains internal stop codons.
Gene 1068_g (- strand) contains internal stop codons.
Gene 1070_g (- strand) contains internal stop codons.
Gene 1071_g (- strand) contains internal stop codons.
Gene 1073_g (- strand) contains internal stop codons.
Gene 1076_g (- strand) contains internal stop codons.
Gene 1077_g (- strand) contains internal stop codons.
Gene 1079_g (- strand) contains internal stop codons.
Gene 1081_g (- strand) contains internal stop codons.
Gene 1082_g (- strand) contains internal stop codons.
Gene 1083_g (- strand) contains internal stop codons.
Gene 1084_g (+ strand) contains internal stop codons.
Gene 1085_g (- strand) contains internal stop codons.
Gene 1086_g (+ strand) contains internal stop codons.
Gene 1089_g (- strand) contains internal stop codons.
Gene 1090_g (- strand) contains internal stop codons.
Gene 1093_g (- strand) contains internal stop codons.
Gene 1094_g (- strand) contains internal stop codons.
Gene 1095_g (+ strand) contains internal stop codons.
Gene 1096_g (- strand) contains internal stop codons.
Gene 1097_g (- strand) contains internal stop codons.
Gene 1098_g (- strand) contains internal stop codons.
Gene 1100_g (- strand) contains internal stop codons.
Gene 1101_g (- strand) contains internal stop codons.
Gene 1102_g (- strand) contains internal stop codons.
Gene 1106_g (- strand) contains internal stop codons.
Gene 1107_g (- strand) contains internal stop codons.
Gene 1108_g (- strand) contains internal stop codons.
Gene 1109_g (+ strand) contains internal stop codons.
Gene 1111_g (- strand) contains internal stop codons.
Gene 1112_g (+ strand) contains internal stop codons.
Gene 1113_g (- strand) contains internal stop codons.
Gene 1114_g (+ strand) contains internal stop codons.
Gene 1116_g (- strand) contains internal stop codons.
Gene 1117_g (- strand) contains internal stop codons.
Gene 1118_g (- strand) contains internal stop codons.
Gene 1120_g (- strand) contains internal stop codons.
Gene 1122_g (- strand) contains internal stop codons.
Gene 1123_g (- strand) contains internal stop codons.
Gene 1124_g (+ strand) contains internal stop codons.
Gene 1127_g (- strand) contains internal stop codons.
Gene 1129_g (- strand) contains internal stop codons.
Gene 1130_g (- strand) contains internal stop codons.
Gene 1131_g (- strand) contains internal stop codons.
Gene 1133_g (- strand) contains internal stop codons.
Gene 1135_g (- strand) contains internal stop codons.
Gene 1137_g (- strand) contains internal stop codons.
Gene 1139_g (- strand) contains internal stop codons.
Gene 1140_g (+ strand) contains internal stop codons.
Gene 1141_g (- strand) contains internal stop codons.
Gene 1143_g (- strand) contains internal stop codons.
Gene 1144_g (- strand) contains internal stop codons.
Gene 1146_g (- strand) contains internal stop codons.
Gene 1148_g (+ strand) contains internal stop codons.
Gene 1149_g (+ strand) contains internal stop codons.
Gene 1150_g (+ strand) contains internal stop codons.
Gene 1151_g (- strand) contains internal stop codons.
Gene 1152_g (+ strand) contains internal stop codons.
Gene 1155_g (- strand) contains internal stop codons.
Gene 1156_g (- strand) contains internal stop codons.
Gene 1158_g (- strand) contains internal stop codons.
Gene 1159_g (- strand) contains internal stop codons.
Gene 1160_g (- strand) contains internal stop codons.
Gene 1162_g (- strand) contains internal stop codons.
Gene 1163_g (- strand) contains internal stop codons.
Gene 1164_g (+ strand) contains internal stop codons.
Gene 1167_g (- strand) contains internal stop codons.
Gene 1169_g (- strand) contains internal stop codons.
Gene 1170_g (- strand) contains internal stop codons.
Gene 1172_g (- strand) contains internal stop codons.
Gene 1173_g (- strand) contains internal stop codons.
Gene 1174_g (- strand) contains internal stop codons.
Gene 1175_g (+ strand) contains internal stop codons.
Gene 1176_g (- strand) contains internal stop codons.
Gene 1177_g (- strand) contains internal stop codons.
Gene 1179_g (- strand) contains internal stop codons.
Gene 1181_g (- strand) contains internal stop codons.
Gene 1183_g (- strand) contains internal stop codons.
Gene 1185_g (- strand) contains internal stop codons.
Gene 1186_g (+ strand) contains internal stop codons.
Gene 1188_g (- strand) contains internal stop codons.
Gene 1189_g (- strand) contains internal stop codons.
Gene 1190_g (+ strand) contains internal stop codons.
Gene 1191_g (- strand) contains internal stop codons.
Gene 1192_g (- strand) contains internal stop codons.
Gene 1194_g (- strand) contains internal stop codons.
Gene 1196_g (- strand) contains internal stop codons.
Gene 1197_g (- strand) contains internal stop codons.
Gene 1199_g (- strand) contains internal stop codons.
Gene 1201_g (- strand) contains internal stop codons.
Gene 1202_g (+ strand) contains internal stop codons.
Gene 1203_g (+ strand) contains internal stop codons.
Gene 1205_g (- strand) contains internal stop codons.
Gene 1206_g (- strand) contains internal stop codons.
Gene 1207_g (- strand) contains internal stop codons.
Gene 1208_g (- strand) contains internal stop codons.
Gene 1209_g (- strand) contains internal stop codons.
Gene 1210_g (+ strand) contains internal stop codons.
Gene 1213_g (- strand) contains internal stop codons.
Gene 1214_g (+ strand) contains internal stop codons.
Gene 1215_g (- strand) contains internal stop codons.
Gene 1216_g (+ strand) contains internal stop codons.
Gene 1218_g (+ strand) contains internal stop codons.
Gene 1223_g (- strand) contains internal stop codons.
Gene 1224_g (- strand) contains internal stop codons.
Gene 1225_g (+ strand) contains internal stop codons.
Gene 1229_g (- strand) contains internal stop codons.
Gene 1230_g (- strand) contains internal stop codons.
Gene 1231_g (- strand) contains internal stop codons.
Gene 1232_g (- strand) contains internal stop codons.
Gene 1235_g (- strand) contains internal stop codons.
Gene 1236_g (- strand) contains internal stop codons.
Gene 1237_g (- strand) contains internal stop codons.
Gene 1239_g (- strand) contains internal stop codons.
Gene 1240_g (- strand) contains internal stop codons.
Gene 1241_g (- strand) contains internal stop codons.
Gene 1243_g (+ strand) contains internal stop codons.
Gene 1244_g (- strand) contains internal stop codons.
Gene 1245_g (- strand) contains internal stop codons.
Gene 1246_g (+ strand) contains internal stop codons.
Gene 1248_g (- strand) contains internal stop codons.
Gene 1250_g (- strand) contains internal stop codons.
Gene 1251_g (- strand) contains internal stop codons.
Gene 1252_g (- strand) contains internal stop codons.
Gene 1255_g (- strand) contains internal stop codons.
Gene 1256_g (- strand) contains internal stop codons.
Gene 1259_g (- strand) contains internal stop codons.
Gene 1260_g (- strand) contains internal stop codons.
Gene 1261_g (- strand) contains internal stop codons.
Gene 1263_g (- strand) contains internal stop codons.
Gene 1264_g (- strand) contains internal stop codons.
Gene 1266_g (- strand) contains internal stop codons.
Gene 1267_g (- strand) contains internal stop codons.
Gene 1270_g (- strand) contains internal stop codons.
Gene 1271_g (+ strand) contains internal stop codons.
Gene 1272_g (- strand) contains internal stop codons.
Gene 1276_g (- strand) contains internal stop codons.
Gene 1279_g (- strand) contains internal stop codons.
Gene 1282_g (+ strand) contains internal stop codons.
Gene 1283_g (- strand) contains internal stop codons.
Gene 1286_g (- strand) contains internal stop codons.
Gene 1288_g (+ strand) contains internal stop codons.
Gene 1290_g (- strand) contains internal stop codons.
Gene 1291_g (- strand) contains internal stop codons.
Gene 1292_g (+ strand) contains internal stop codons.
Gene 1294_g (+ strand) contains internal stop codons.
Gene 1296_g (- strand) contains internal stop codons.
Gene 1297_g (- strand) contains internal stop codons.
Gene 1299_g (- strand) contains internal stop codons.
Gene 1300_g (- strand) contains internal stop codons.
Gene 1301_g (- strand) contains internal stop codons.
Gene 1303_g (- strand) contains internal stop codons.
Gene 1304_g (- strand) contains internal stop codons.
Gene 1305_g (- strand) contains internal stop codons.
Gene 1307_g (- strand) contains internal stop codons.
Gene 1310_g (- strand) contains internal stop codons.
Gene 1311_g (- strand) contains internal stop codons.
Gene 1314_g (- strand) contains internal stop codons.
Gene 1315_g (- strand) contains internal stop codons.
Gene 1316_g (- strand) contains internal stop codons.
Gene 1318_g (- strand) contains internal stop codons.
Gene 1320_g (- strand) contains internal stop codons.
Gene 1321_g (- strand) contains internal stop codons.
Gene 1322_g (- strand) contains internal stop codons.
Gene 1323_g (+ strand) contains internal stop codons.
Gene 1324_g (- strand) contains internal stop codons.
Gene 1325_g (+ strand) contains internal stop codons.
Gene 1327_g (- strand) contains internal stop codons.
Gene 1328_g (- strand) contains internal stop codons.
Gene 1330_g (- strand) contains internal stop codons.
Gene 1332_g (- strand) contains internal stop codons.
Gene 1334_g (- strand) contains internal stop codons.
Gene 1336_g (+ strand) contains internal stop codons.
Gene 1337_g (+ strand) contains internal stop codons.
Gene 1338_g (- strand) contains internal stop codons.
Gene 1339_g (- strand) contains internal stop codons.
Gene 1341_g (- strand) contains internal stop codons.
Gene 1343_g (- strand) contains internal stop codons.
Gene 1346_g (- strand) contains internal stop codons.
Gene 1347_g (- strand) contains internal stop codons.
Gene 1349_g (- strand) contains internal stop codons.
Gene 1350_g (- strand) contains internal stop codons.
Gene 1352_g (+ strand) contains internal stop codons.
Gene 1353_g (- strand) contains internal stop codons.
Gene 1358_g (+ strand) contains internal stop codons.
Gene 1359_g (- strand) contains internal stop codons.
Gene 1360_g (+ strand) contains internal stop codons.
Gene 1363_g (+ strand) contains internal stop codons.
Gene 1365_g (- strand) contains internal stop codons.
Gene 1366_g (+ strand) contains internal stop codons.
Gene 1367_g (- strand) contains internal stop codons.
Gene 1369_g (- strand) contains internal stop codons.
Gene 1371_g (- strand) contains internal stop codons.
Gene 1372_g (+ strand) contains internal stop codons.
Gene 1373_g (+ strand) contains internal stop codons.
Gene 1374_g (- strand) contains internal stop codons.
Gene 1376_g (- strand) contains internal stop codons.
Gene 1379_g (- strand) contains internal stop codons.
Gene 1380_g (+ strand) contains internal stop codons.
Gene 1382_g (- strand) contains internal stop codons.
Gene 1383_g (+ strand) contains internal stop codons.
Gene 1384_g (- strand) contains internal stop codons.
Gene 1386_g (- strand) contains internal stop codons.
Gene 1387_g (- strand) contains internal stop codons.
Gene 1390_g (- strand) contains internal stop codons.
Gene 1391_g (+ strand) contains internal stop codons.
Gene 1393_g (- strand) contains internal stop codons.
Gene 1394_g (- strand) contains internal stop codons.
Gene 1396_g (- strand) contains internal stop codons.
Gene 1397_g (- strand) contains internal stop codons.
Gene 1398_g (- strand) contains internal stop codons.
Gene 1399_g (+ strand) contains internal stop codons.
Gene 1400_g (- strand) contains internal stop codons.
Gene 1401_g (- strand) contains internal stop codons.
Gene 1406_g (+ strand) contains internal stop codons.
Gene 1407_g (- strand) contains internal stop codons.
Gene 1408_g (- strand) contains internal stop codons.
Gene 1410_g (+ strand) contains internal stop codons.
Gene 1411_g (- strand) contains internal stop codons.
Gene 1413_g (- strand) contains internal stop codons.
Gene 1414_g (- strand) contains internal stop codons.
Gene 1416_g (- strand) contains internal stop codons.
Gene 1417_g (+ strand) contains internal stop codons.
Gene 1418_g (+ strand) contains internal stop codons.
Gene 1421_g (- strand) contains internal stop codons.
Gene 1423_g (+ strand) contains internal stop codons.
Gene 1424_g (- strand) contains internal stop codons.
Gene 1425_g (- strand) contains internal stop codons.
Gene 1426_g (- strand) contains internal stop codons.
Gene 1429_g (- strand) contains internal stop codons.
Gene 1430_g (- strand) contains internal stop codons.
Gene 1432_g (- strand) contains internal stop codons.
Gene 1433_g (- strand) contains internal stop codons.
Gene 1435_g (- strand) contains internal stop codons.
Gene 1437_g (+ strand) contains internal stop codons.
Gene 1438_g (- strand) contains internal stop codons.
Gene 1439_g (- strand) contains internal stop codons.
Gene 1441_g (- strand) contains internal stop codons.
Gene 1443_g (- strand) contains internal stop codons.
Gene 1444_g (- strand) contains internal stop codons.
Gene 1445_g (- strand) contains internal stop codons.
Gene 1446_g (- strand) contains internal stop codons.
Gene 1447_g (- strand) contains internal stop codons.
Gene 1448_g (+ strand) contains internal stop codons.
Gene 1449_g (- strand) contains internal stop codons.
Gene 1450_g (- strand) contains internal stop codons.
Gene 1452_g (- strand) contains internal stop codons.
Gene 1453_g (+ strand) contains internal stop codons.
Gene 1455_g (- strand) contains internal stop codons.
Gene 1457_g (+ strand) contains internal stop codons.
Gene 1458_g (+ strand) contains internal stop codons.
Gene 1459_g (- strand) contains internal stop codons.
Gene 1460_g (+ strand) contains internal stop codons.
Gene 1461_g (- strand) contains internal stop codons.
Gene 1468_g (- strand) contains internal stop codons.
Gene 1470_g (- strand) contains internal stop codons.
Gene 1472_g (+ strand) contains internal stop codons.
Gene 1475_g (- strand) contains internal stop codons.
Gene 1476_g (- strand) contains internal stop codons.
Gene 1477_g (+ strand) contains internal stop codons.
Gene 1478_g (- strand) contains internal stop codons.
Gene 1480_g (+ strand) contains internal stop codons.
Gene 1481_g (- strand) contains internal stop codons.
Gene 1482_g (- strand) contains internal stop codons.
Gene 1483_g (- strand) contains internal stop codons.
Gene 1485_g (- strand) contains internal stop codons.
Gene 1486_g (- strand) contains internal stop codons.
Gene 1487_g (- strand) contains internal stop codons.
Gene 1488_g (- strand) contains internal stop codons.
Gene 1490_g (- strand) contains internal stop codons.
Gene 1491_g (+ strand) contains internal stop codons.
Gene 1492_g (- strand) contains internal stop codons.
Gene 1493_g (- strand) contains internal stop codons.
Gene 1494_g (- strand) contains internal stop codons.
Gene 1495_g (+ strand) contains internal stop codons.
Gene 1496_g (- strand) contains internal stop codons.
Gene 1498_g (- strand) contains internal stop codons.
Gene 1499_g (+ strand) contains internal stop codons.
Gene 1500_g (- strand) contains internal stop codons.
Gene 1501_g (- strand) contains internal stop codons.
Gene 1503_g (- strand) contains internal stop codons.
Gene 1506_g (- strand) contains internal stop codons.
Gene 1508_g (- strand) contains internal stop codons.
Gene 1509_g (- strand) contains internal stop codons.
Gene 1510_g (- strand) contains internal stop codons.
Gene 1512_g (+ strand) contains internal stop codons.
Gene 1513_g (+ strand) contains internal stop codons.
Gene 1515_g (- strand) contains internal stop codons.
Gene 1516_g (- strand) contains internal stop codons.
Gene 1517_g (+ strand) contains internal stop codons.
Gene 1518_g (- strand) contains internal stop codons.
Gene 1520_g (- strand) contains internal stop codons.
Gene 1523_g (- strand) contains internal stop codons.
Gene 1524_g (- strand) contains internal stop codons.
Gene 1525_g (- strand) contains internal stop codons.
Gene 1526_g (- strand) contains internal stop codons.
Gene 1529_g (+ strand) contains internal stop codons.
Gene 1530_g (- strand) contains internal stop codons.
Gene 1533_g (- strand) contains internal stop codons.
Gene 1534_g (- strand) contains internal stop codons.
Gene 1536_g (+ strand) contains internal stop codons.
Gene 1537_g (- strand) contains internal stop codons.
Gene 1538_g (- strand) contains internal stop codons.
Gene 1539_g (- strand) contains internal stop codons.
Gene 1542_g (- strand) contains internal stop codons.
Gene 1543_g (- strand) contains internal stop codons.
Gene 1544_g (- strand) contains internal stop codons.
Gene 1545_g (- strand) contains internal stop codons.
Gene 1547_g (+ strand) contains internal stop codons.
Gene 1551_g (- strand) contains internal stop codons.
Gene 1552_g (+ strand) contains internal stop codons.
Gene 1553_g (- strand) contains internal stop codons.
Gene 1554_g (+ strand) contains internal stop codons.
Gene 1555_g (- strand) contains internal stop codons.
Gene 1556_g (- strand) contains internal stop codons.
Gene 1558_g (- strand) contains internal stop codons.
Gene 1562_g (+ strand) contains internal stop codons.
Gene 1563_g (- strand) contains internal stop codons.
Gene 1564_g (- strand) contains internal stop codons.
Gene 1566_g (- strand) contains internal stop codons.
Gene 1567_g (- strand) contains internal stop codons.
Gene 1569_g (- strand) contains internal stop codons.
Gene 1570_g (- strand) contains internal stop codons.
Gene 1572_g (- strand) contains internal stop codons.
Gene 1573_g (- strand) contains internal stop codons.
Gene 1574_g (+ strand) contains internal stop codons.
Gene 1576_g (- strand) contains internal stop codons.
Gene 1577_g (- strand) contains internal stop codons.
Gene 1578_g (+ strand) contains internal stop codons.
Gene 1579_g (- strand) contains internal stop codons.
Gene 1581_g (+ strand) contains internal stop codons.
Gene 1583_g (- strand) contains internal stop codons.
Gene 1584_g (- strand) contains internal stop codons.
Gene 1586_g (+ strand) contains internal stop codons.
Gene 1587_g (- strand) contains internal stop codons.
Gene 1588_g (- strand) contains internal stop codons.
Gene 1589_g (- strand) contains internal stop codons.
Gene 1591_g (- strand) contains internal stop codons.
Gene 1594_g (- strand) contains internal stop codons.
Gene 1595_g (- strand) contains internal stop codons.
Gene 1596_g (- strand) contains internal stop codons.
Gene 1597_g (+ strand) contains internal stop codons.
Gene 1599_g (- strand) contains internal stop codons.
Gene 1600_g (- strand) contains internal stop codons.
Gene 1601_g (- strand) contains internal stop codons.
Gene 1602_g (- strand) contains internal stop codons.
Gene 1603_g (- strand) contains internal stop codons.
Gene 1604_g (- strand) contains internal stop codons.
Gene 1605_g (+ strand) contains internal stop codons.
Gene 1606_g (+ strand) contains internal stop codons.
Gene 1607_g (- strand) contains internal stop codons.
Gene 1608_g (- strand) contains internal stop codons.
Gene 1610_g (- strand) contains internal stop codons.
Gene 1611_g (- strand) contains internal stop codons.
Gene 1613_g (- strand) contains internal stop codons.
Gene 1616_g (- strand) contains internal stop codons.
Gene 1619_g (- strand) contains internal stop codons.
Gene 1622_g (- strand) contains internal stop codons.
Gene 1623_g (- strand) contains internal stop codons.
Gene 1624_g (- strand) contains internal stop codons.
Gene 1625_g (+ strand) contains internal stop codons.
Gene 1626_g (- strand) contains internal stop codons.
Gene 1629_g (- strand) contains internal stop codons.
Gene 1631_g (- strand) contains internal stop codons.
Gene 1633_g (- strand) contains internal stop codons.
Gene 1635_g (- strand) contains internal stop codons.
Gene 1636_g (+ strand) contains internal stop codons.
Gene 1639_g (- strand) contains internal stop codons.
Gene 1641_g (- strand) contains internal stop codons.
Gene 1646_g (- strand) contains internal stop codons.
Gene 1647_g (+ strand) contains internal stop codons.
Gene 1648_g (+ strand) contains internal stop codons.
Gene 1649_g (- strand) contains internal stop codons.
Gene 1651_g (+ strand) contains internal stop codons.
Gene 1652_g (- strand) contains internal stop codons.
Gene 1653_g (- strand) contains internal stop codons.
Gene 1654_g (- strand) contains internal stop codons.
Gene 1655_g (- strand) contains internal stop codons.
Gene 1656_g (- strand) contains internal stop codons.
Gene 1657_g (- strand) contains internal stop codons.
Gene 1658_g (- strand) contains internal stop codons.
Gene 1659_g (- strand) contains internal stop codons.
Gene 1660_g (- strand) contains internal stop codons.
Gene 1662_g (- strand) contains internal stop codons.
Gene 1663_g (- strand) contains internal stop codons.
Gene 1664_g (- strand) contains internal stop codons.
Gene 1666_g (+ strand) contains internal stop codons.
Gene 1667_g (- strand) contains internal stop codons.
Gene 1669_g (- strand) contains internal stop codons.
Gene 1672_g (- strand) contains internal stop codons.
Gene 1673_g (- strand) contains internal stop codons.
Gene 1674_g (- strand) contains internal stop codons.
Gene 1675_g (- strand) contains internal stop codons.
Gene 1676_g (- strand) contains internal stop codons.
Gene 1678_g (- strand) contains internal stop codons.
Gene 1679_g (- strand) contains internal stop codons.
Gene 1681_g (- strand) contains internal stop codons.
Gene 1682_g (- strand) contains internal stop codons.
Gene 1684_g (- strand) contains internal stop codons.
Gene 1685_g (- strand) contains internal stop codons.
Gene 1686_g (- strand) contains internal stop codons.
Gene 1687_g (+ strand) contains internal stop codons.
Gene 1689_g (- strand) contains internal stop codons.
Gene 1692_g (- strand) contains internal stop codons.
Gene 1694_g (- strand) contains internal stop codons.
Gene 1695_g (+ strand) contains internal stop codons.
Gene 1696_g (+ strand) contains internal stop codons.
Gene 1698_g (- strand) contains internal stop codons.
Gene 1700_g (- strand) contains internal stop codons.
Gene 1701_g (- strand) contains internal stop codons.
Gene 1703_g (- strand) contains internal stop codons.
Gene 1704_g (- strand) contains internal stop codons.
Gene 1706_g (- strand) contains internal stop codons.
Gene 1707_g (- strand) contains internal stop codons.
Gene 1708_g (- strand) contains internal stop codons.
Gene 1709_g (- strand) contains internal stop codons.
Gene 1710_g (- strand) contains internal stop codons.
Gene 1717_g (+ strand) contains internal stop codons.
Gene 1718_g (- strand) contains internal stop codons.
Gene 1719_g (- strand) contains internal stop codons.
Gene 1720_g (- strand) contains internal stop codons.
Gene 1721_g (- strand) contains internal stop codons.
Gene 1722_g (+ strand) contains internal stop codons.
Gene 1724_g (- strand) contains internal stop codons.
Gene 1726_g (- strand) contains internal stop codons.
Gene 1727_g (- strand) contains internal stop codons.
Gene 1729_g (- strand) contains internal stop codons.
Gene 1731_g (- strand) contains internal stop codons.
Gene 1732_g (- strand) contains internal stop codons.
Gene 1733_g (- strand) contains internal stop codons.
Gene 1735_g (- strand) contains internal stop codons.
Gene 1737_g (- strand) contains internal stop codons.
Gene 1738_g (- strand) contains internal stop codons.
Gene 1739_g (- strand) contains internal stop codons.
Gene 1742_g (+ strand) contains internal stop codons.
Gene 1745_g (- strand) contains internal stop codons.
Gene 1748_g (- strand) contains internal stop codons.
Gene 1752_g (- strand) contains internal stop codons.
Gene 1753_g (- strand) contains internal stop codons.
Gene 1755_g (- strand) contains internal stop codons.
Gene 1756_g (- strand) contains internal stop codons.
Gene 1761_g (- strand) contains internal stop codons.
Gene 1762_g (+ strand) contains internal stop codons.
Gene 1764_g (+ strand) contains internal stop codons.
Gene 1765_g (- strand) contains internal stop codons.
Gene 1766_g (+ strand) contains internal stop codons.
Gene 1767_g (- strand) contains internal stop codons.
Gene 1772_g (- strand) contains internal stop codons.
Gene 1773_g (- strand) contains internal stop codons.
Gene 1775_g (- strand) contains internal stop codons.
Gene 1776_g (+ strand) contains internal stop codons.
Gene 1777_g (- strand) contains internal stop codons.
Gene 1780_g (- strand) contains internal stop codons.
Gene 1782_g (- strand) contains internal stop codons.
Gene 1784_g (+ strand) contains internal stop codons.
Gene 1786_g (- strand) contains internal stop codons.
Gene 1787_g (- strand) contains internal stop codons.
Gene 1788_g (- strand) contains internal stop codons.
Gene 1792_g (+ strand) contains internal stop codons.
Gene 1793_g (- strand) contains internal stop codons.
Gene 1794_g (+ strand) contains internal stop codons.
Gene 1795_g (- strand) contains internal stop codons.
Gene 1796_g (- strand) contains internal stop codons.
Gene 1798_g (- strand) contains internal stop codons.
Gene 1799_g (- strand) contains internal stop codons.
Gene 1801_g (- strand) contains internal stop codons.
Gene 1802_g (+ strand) contains internal stop codons.
Gene 1803_g (- strand) contains internal stop codons.
Gene 1804_g (- strand) contains internal stop codons.
Gene 1805_g (+ strand) contains internal stop codons.
Gene 1806_g (- strand) contains internal stop codons.
Gene 1810_g (- strand) contains internal stop codons.
Gene 1812_g (- strand) contains internal stop codons.
Gene 1813_g (+ strand) contains internal stop codons.
Gene 1814_g (+ strand) contains internal stop codons.
Gene 1815_g (- strand) contains internal stop codons.
Gene 1817_g (- strand) contains internal stop codons.
Gene 1818_g (+ strand) contains internal stop codons.
Gene 1819_g (+ strand) contains internal stop codons.
Gene 1820_g (- strand) contains internal stop codons.
Gene 1821_g (- strand) contains internal stop codons.
Gene 1822_g (- strand) contains internal stop codons.
Gene 1824_g (- strand) contains internal stop codons.
Gene 1825_g (- strand) contains internal stop codons.
Gene 1827_g (- strand) contains internal stop codons.
Gene 1828_g (+ strand) contains internal stop codons.
Gene 1830_g (- strand) contains internal stop codons.
Gene 1831_g (- strand) contains internal stop codons.
Gene 1832_g (- strand) contains internal stop codons.
Gene 1834_g (- strand) contains internal stop codons.
Gene 1835_g (+ strand) contains internal stop codons.
Gene 1836_g (- strand) contains internal stop codons.
Gene 1838_g (- strand) contains internal stop codons.
Gene 1839_g (- strand) contains internal stop codons.
Gene 1841_g (- strand) contains internal stop codons.
Gene 1842_g (- strand) contains internal stop codons.
Gene 1843_g (- strand) contains internal stop codons.
Gene 1844_g (+ strand) contains internal stop codons.
Gene 1845_g (- strand) contains internal stop codons.
Gene 1846_g (- strand) contains internal stop codons.
Gene 1847_g (- strand) contains internal stop codons.
Gene 1848_g (+ strand) contains internal stop codons.
Gene 1849_g (- strand) contains internal stop codons.
Gene 1851_g (- strand) contains internal stop codons.
Gene 1853_g (- strand) contains internal stop codons.
Gene 1855_g (- strand) contains internal stop codons.
Gene 1857_g (- strand) contains internal stop codons.
Gene 1858_g (- strand) contains internal stop codons.
Gene 1860_g (- strand) contains internal stop codons.
Gene 1862_g (- strand) contains internal stop codons.
Gene 1863_g (- strand) contains internal stop codons.
Gene 1865_g (- strand) contains internal stop codons.
Gene 1867_g (- strand) contains internal stop codons.
Gene 1869_g (- strand) contains internal stop codons.
Gene 1870_g (- strand) contains internal stop codons.
Gene 1872_g (- strand) contains internal stop codons.
Gene 1873_g (- strand) contains internal stop codons.
Gene 1875_g (- strand) contains internal stop codons.
Gene 1876_g (- strand) contains internal stop codons.
Gene 1877_g (- strand) contains internal stop codons.
Gene 1878_g (+ strand) contains internal stop codons.
Gene 1879_g (- strand) contains internal stop codons.
Gene 1881_g (- strand) contains internal stop codons.
Gene 1885_g (- strand) contains internal stop codons.
Gene 1886_g (+ strand) contains internal stop codons.
Gene 1887_g (- strand) contains internal stop codons.
Gene 1888_g (- strand) contains internal stop codons.
Gene 1889_g (+ strand) contains internal stop codons.
Gene 1890_g (- strand) contains internal stop codons.
Gene 1891_g (- strand) contains internal stop codons.
Gene 1894_g (+ strand) contains internal stop codons.
Gene 1895_g (- strand) contains internal stop codons.
Gene 1896_g (- strand) contains internal stop codons.
Gene 1897_g (- strand) contains internal stop codons.
Gene 1898_g (- strand) contains internal stop codons.
Gene 1900_g (- strand) contains internal stop codons.
Gene 1904_g (- strand) contains internal stop codons.
Gene 1905_g (+ strand) contains internal stop codons.
Gene 1906_g (- strand) contains internal stop codons.
Gene 1910_g (- strand) contains internal stop codons.
Gene 1911_g (- strand) contains internal stop codons.
Gene 1912_g (- strand) contains internal stop codons.
Gene 1913_g (+ strand) contains internal stop codons.
Gene 1915_g (+ strand) contains internal stop codons.
Gene 1917_g (- strand) contains internal stop codons.
Gene 1918_g (- strand) contains internal stop codons.
Gene 1919_g (+ strand) contains internal stop codons.
Gene 1920_g (- strand) contains internal stop codons.
Gene 1922_g (- strand) contains internal stop codons.
Gene 1923_g (- strand) contains internal stop codons.
Gene 1924_g (+ strand) contains internal stop codons.
Gene 1925_g (+ strand) contains internal stop codons.
Gene 1926_g (+ strand) contains internal stop codons.
Gene 1927_g (- strand) contains internal stop codons.
Gene 1928_g (+ strand) contains internal stop codons.
Gene 1929_g (+ strand) contains internal stop codons.
Gene 1931_g (- strand) contains internal stop codons.
Gene 1932_g (- strand) contains internal stop codons.
Gene 1933_g (- strand) contains internal stop codons.
Gene 1934_g (- strand) contains internal stop codons.
Gene 1935_g (- strand) contains internal stop codons.
Gene 1936_g (- strand) contains internal stop codons.
Gene 1937_g (- strand) contains internal stop codons.
Gene 1938_g (- strand) contains internal stop codons.
Gene 1940_g (- strand) contains internal stop codons.
Gene 1941_g (+ strand) contains internal stop codons.
Gene 1943_g (- strand) contains internal stop codons.
Gene 1945_g (- strand) contains internal stop codons.
Gene 1946_g (- strand) contains internal stop codons.
Gene 1947_g (+ strand) contains internal stop codons.
Gene 1948_g (+ strand) contains internal stop codons.
Gene 1949_g (- strand) contains internal stop codons.
Gene 1950_g (+ strand) contains internal stop codons.
Gene 1951_g (- strand) contains internal stop codons.
Gene 1952_g (- strand) contains internal stop codons.
Gene 1953_g (- strand) contains internal stop codons.
Gene 1955_g (- strand) contains internal stop codons.
Gene 1956_g (- strand) contains internal stop codons.
Gene 1958_g (+ strand) contains internal stop codons.
Gene 1959_g (- strand) contains internal stop codons.
Gene 1960_g (+ strand) contains internal stop codons.
Gene 1961_g (+ strand) contains internal stop codons.
Gene 1962_g (- strand) contains internal stop codons.
Gene 1965_g (- strand) contains internal stop codons.
Gene 1966_g (- strand) contains internal stop codons.
Gene 1968_g (- strand) contains internal stop codons.
Gene 1971_g (- strand) contains internal stop codons.
Gene 1973_g (+ strand) contains internal stop codons.
Gene 1974_g (- strand) contains internal stop codons.
Gene 1975_g (+ strand) contains internal stop codons.
Gene 1976_g (- strand) contains internal stop codons.
Gene 1978_g (- strand) contains internal stop codons.
Gene 1979_g (- strand) contains internal stop codons.
Gene 1980_g (- strand) contains internal stop codons.
Gene 1982_g (- strand) contains internal stop codons.
Gene 1984_g (- strand) contains internal stop codons.
Gene 1986_g (- strand) contains internal stop codons.
Gene 1987_g (- strand) contains internal stop codons.
Gene 1988_g (- strand) contains internal stop codons.
Gene 1990_g (- strand) contains internal stop codons.
Gene 1991_g (- strand) contains internal stop codons.
Gene 1992_g (- strand) contains internal stop codons.
Gene 1995_g (- strand) contains internal stop codons.
Gene 1996_g (- strand) contains internal stop codons.
Gene 1997_g (- strand) contains internal stop codons.
Gene 1998_g (- strand) contains internal stop codons.
Gene 2000_g (- strand) contains internal stop codons.
Gene 2001_g (- strand) contains internal stop codons.
Gene 2002_g (- strand) contains internal stop codons.
Gene 2003_g (+ strand) contains internal stop codons.
Gene 2005_g (- strand) contains internal stop codons.
Gene 2007_g (- strand) contains internal stop codons.
Gene 2008_g (+ strand) contains internal stop codons.
Gene 2010_g (- strand) contains internal stop codons.
Gene 2012_g (+ strand) contains internal stop codons.
Gene 2015_g (- strand) contains internal stop codons.
Gene 2017_g (- strand) contains internal stop codons.
Gene 2018_g (- strand) contains internal stop codons.
Gene 2019_g (- strand) contains internal stop codons.
Gene 2021_g (+ strand) contains internal stop codons.
Gene 2022_g (- strand) contains internal stop codons.
Gene 2025_g (- strand) contains internal stop codons.
Gene 2027_g (+ strand) contains internal stop codons.
Gene 2028_g (- strand) contains internal stop codons.
Gene 2029_g (- strand) contains internal stop codons.
Gene 2030_g (- strand) contains internal stop codons.
Gene 2031_g (- strand) contains internal stop codons.
Gene 2035_g (- strand) contains internal stop codons.
Gene 2037_g (- strand) contains internal stop codons.
Gene 2039_g (- strand) contains internal stop codons.
Gene 2041_g (- strand) contains internal stop codons.
Gene 2042_g (+ strand) contains internal stop codons.
Gene 2044_g (+ strand) contains internal stop codons.
Gene 2045_g (- strand) contains internal stop codons.
Gene 2046_g (- strand) contains internal stop codons.
Gene 2047_g (- strand) contains internal stop codons.
Gene 2048_g (- strand) contains internal stop codons.
Gene 2049_g (- strand) contains internal stop codons.
Gene 2050_g (- strand) contains internal stop codons.
Gene 2054_g (- strand) contains internal stop codons.
Gene 2055_g (- strand) contains internal stop codons.
Gene 2056_g (- strand) contains internal stop codons.
Gene 2058_g (- strand) contains internal stop codons.
Gene 2059_g (+ strand) contains internal stop codons.
Gene 2060_g (- strand) contains internal stop codons.
Gene 2061_g (+ strand) contains internal stop codons.
Gene 2062_g (+ strand) contains internal stop codons.
Gene 2064_g (- strand) contains internal stop codons.
Gene 2066_g (- strand) contains internal stop codons.
Gene 2067_g (- strand) contains internal stop codons.
Gene 2068_g (- strand) contains internal stop codons.
Gene 2070_g (- strand) contains internal stop codons.
Gene 2072_g (- strand) contains internal stop codons.
Gene 2074_g (+ strand) contains internal stop codons.
Gene 2075_g (+ strand) contains internal stop codons.
Gene 2078_g (+ strand) contains internal stop codons.
Gene 2079_g (- strand) contains internal stop codons.
Gene 2080_g (- strand) contains internal stop codons.
Gene 2081_g (- strand) contains internal stop codons.
Gene 2085_g (- strand) contains internal stop codons.
Gene 2087_g (- strand) contains internal stop codons.
Gene 2089_g (+ strand) contains internal stop codons.
Gene 2090_g (- strand) contains internal stop codons.
Gene 2092_g (- strand) contains internal stop codons.
Gene 2093_g (- strand) contains internal stop codons.
Gene 2094_g (- strand) contains internal stop codons.
Gene 2097_g (+ strand) contains internal stop codons.
Gene 2098_g (- strand) contains internal stop codons.
Gene 2099_g (+ strand) contains internal stop codons.
Gene 2101_g (- strand) contains internal stop codons.
Gene 2102_g (- strand) contains internal stop codons.
Gene 2104_g (+ strand) contains internal stop codons.
Gene 2106_g (- strand) contains internal stop codons.
Gene 2107_g (- strand) contains internal stop codons.
Gene 2108_g (+ strand) contains internal stop codons.
Gene 2110_g (- strand) contains internal stop codons.
Gene 2112_g (- strand) contains internal stop codons.
Gene 2114_g (- strand) contains internal stop codons.
Gene 2115_g (- strand) contains internal stop codons.
Gene 2116_g (+ strand) contains internal stop codons.
Gene 2119_g (+ strand) contains internal stop codons.
Gene 2120_g (- strand) contains internal stop codons.
Gene 2122_g (- strand) contains internal stop codons.
Gene 2123_g (- strand) contains internal stop codons.
Gene 2124_g (+ strand) contains internal stop codons.
Gene 2125_g (- strand) contains internal stop codons.
Gene 2129_g (- strand) contains internal stop codons.
Gene 2130_g (- strand) contains internal stop codons.
Gene 2131_g (- strand) contains internal stop codons.
Gene 2132_g (- strand) contains internal stop codons.
Gene 2133_g (- strand) contains internal stop codons.
Gene 2135_g (+ strand) contains internal stop codons.
Gene 2136_g (- strand) contains internal stop codons.
Gene 2139_g (+ strand) contains internal stop codons.
Gene 2141_g (- strand) contains internal stop codons.
Gene 2142_g (- strand) contains internal stop codons.
Gene 2143_g (- strand) contains internal stop codons.
Gene 2144_g (- strand) contains internal stop codons.
Gene 2147_g (- strand) contains internal stop codons.
Gene 2149_g (- strand) contains internal stop codons.
Gene 2150_g (- strand) contains internal stop codons.
Gene 2151_g (- strand) contains internal stop codons.
Gene 2153_g (- strand) contains internal stop codons.
Gene 2154_g (- strand) contains internal stop codons.
Gene 2156_g (- strand) contains internal stop codons.
Gene 2159_g (- strand) contains internal stop codons.
Gene 2160_g (- strand) contains internal stop codons.
Gene 2161_g (+ strand) contains internal stop codons.
Gene 2162_g (- strand) contains internal stop codons.
Gene 2164_g (- strand) contains internal stop codons.
Gene 2166_g (- strand) contains internal stop codons.
Gene 2168_g (+ strand) contains internal stop codons.
Gene 2169_g (- strand) contains internal stop codons.
Gene 2173_g (+ strand) contains internal stop codons.
Gene 2174_g (- strand) contains internal stop codons.
Gene 2175_g (- strand) contains internal stop codons.
Gene 2176_g (- strand) contains internal stop codons.
Gene 2177_g (+ strand) contains internal stop codons.
Gene 2181_g (+ strand) contains internal stop codons.
Gene 2182_g (- strand) contains internal stop codons.
Gene 2184_g (- strand) contains internal stop codons.
Gene 2186_g (- strand) contains internal stop codons.
Gene 2188_g (- strand) contains internal stop codons.
Gene 2189_g (- strand) contains internal stop codons.
Gene 2190_g (- strand) contains internal stop codons.
Gene 2191_g (- strand) contains internal stop codons.
Gene 2193_g (- strand) contains internal stop codons.
Gene 2194_g (+ strand) contains internal stop codons.
Gene 2195_g (- strand) contains internal stop codons.
Gene 2197_g (- strand) contains internal stop codons.
Gene 2198_g (+ strand) contains internal stop codons.
Gene 2199_g (- strand) contains internal stop codons.
Gene 2200_g (+ strand) contains internal stop codons.
Gene 2201_g (- strand) contains internal stop codons.
Gene 2202_g (+ strand) contains internal stop codons.
Gene 2208_g (- strand) contains internal stop codons.
Gene 2209_g (- strand) contains internal stop codons.
Gene 2211_g (- strand) contains internal stop codons.
Gene 2213_g (+ strand) contains internal stop codons.
Gene 2215_g (- strand) contains internal stop codons.
Gene 2216_g (- strand) contains internal stop codons.
Gene 2217_g (- strand) contains internal stop codons.
Gene 2219_g (- strand) contains internal stop codons.
Gene 2221_g (+ strand) contains internal stop codons.
Gene 2222_g (+ strand) contains internal stop codons.
Gene 2223_g (- strand) contains internal stop codons.
Gene 2224_g (- strand) contains internal stop codons.
Gene 2226_g (- strand) contains internal stop codons.
Gene 2227_g (- strand) contains internal stop codons.
Gene 2228_g (- strand) contains internal stop codons.
Gene 2229_g (- strand) contains internal stop codons.
Gene 2231_g (- strand) contains internal stop codons.
Gene 2232_g (- strand) contains internal stop codons.
Gene 2233_g (- strand) contains internal stop codons.
Gene 2235_g (- strand) contains internal stop codons.
Gene 2237_g (+ strand) contains internal stop codons.
Gene 2238_g (+ strand) contains internal stop codons.
Gene 2239_g (+ strand) contains internal stop codons.
Gene 2242_g (- strand) contains internal stop codons.
Gene 2243_g (- strand) contains internal stop codons.
Gene 2245_g (- strand) contains internal stop codons.
Gene 2250_g (+ strand) contains internal stop codons.
Gene 2251_g (+ strand) contains internal stop codons.
Gene 2252_g (- strand) contains internal stop codons.
Gene 2254_g (- strand) contains internal stop codons.
Gene 2255_g (- strand) contains internal stop codons.
Gene 2256_g (+ strand) contains internal stop codons.
Gene 2257_g (- strand) contains internal stop codons.
Gene 2259_g (- strand) contains internal stop codons.
Gene 2260_g (- strand) contains internal stop codons.
Gene 2263_g (- strand) contains internal stop codons.
Gene 2267_g (- strand) contains internal stop codons.
Gene 2271_g (- strand) contains internal stop codons.
Gene 2273_g (- strand) contains internal stop codons.
Gene 2274_g (- strand) contains internal stop codons.
Gene 2275_g (- strand) contains internal stop codons.
Gene 2276_g (- strand) contains internal stop codons.
Gene 2277_g (- strand) contains internal stop codons.
Gene 2278_g (- strand) contains internal stop codons.
Gene 2280_g (- strand) contains internal stop codons.
Gene 2281_g (- strand) contains internal stop codons.
Gene 2282_g (+ strand) contains internal stop codons.
Gene 2283_g (- strand) contains internal stop codons.
Gene 2285_g (- strand) contains internal stop codons.
Gene 2288_g (- strand) contains internal stop codons.
Gene 2290_g (- strand) contains internal stop codons.
Gene 2291_g (- strand) contains internal stop codons.
Gene 2292_g (- strand) contains internal stop codons.
Gene 2293_g (+ strand) contains internal stop codons.
Gene 2295_g (- strand) contains internal stop codons.
Gene 2301_g (- strand) contains internal stop codons.
Gene 2302_g (- strand) contains internal stop codons.
Gene 2303_g (- strand) contains internal stop codons.
Gene 2304_g (- strand) contains internal stop codons.
Gene 2306_g (- strand) contains internal stop codons.
Gene 2309_g (+ strand) contains internal stop codons.
Gene 2310_g (- strand) contains internal stop codons.
Gene 2312_g (- strand) contains internal stop codons.
Gene 2313_g (- strand) contains internal stop codons.
Gene 2314_g (+ strand) contains internal stop codons.
Gene 2315_g (- strand) contains internal stop codons.
Gene 2316_g (+ strand) contains internal stop codons.
Gene 2317_g (- strand) contains internal stop codons.
Gene 2318_g (- strand) contains internal stop codons.
Gene 2321_g (- strand) contains internal stop codons.
Gene 2323_g (- strand) contains internal stop codons.
Gene 2325_g (+ strand) contains internal stop codons.
Gene 2329_g (- strand) contains internal stop codons.
Gene 2331_g (- strand) contains internal stop codons.
Gene 2332_g (- strand) contains internal stop codons.
Gene 2333_g (+ strand) contains internal stop codons.
Gene 2334_g (- strand) contains internal stop codons.
Gene 2336_g (- strand) contains internal stop codons.
Gene 2338_g (- strand) contains internal stop codons.
Gene 2340_g (- strand) contains internal stop codons.
Gene 2341_g (- strand) contains internal stop codons.
Gene 2342_g (- strand) contains internal stop codons.
Gene 2344_g (- strand) contains internal stop codons.
Gene 2345_g (- strand) contains internal stop codons.
Gene 2347_g (- strand) contains internal stop codons.
Gene 2348_g (- strand) contains internal stop codons.
Gene 2350_g (- strand) contains internal stop codons.
Gene 2352_g (- strand) contains internal stop codons.
Gene 2355_g (- strand) contains internal stop codons.
Gene 2356_g (- strand) contains internal stop codons.
Gene 2357_g (- strand) contains internal stop codons.
Gene 2360_g (- strand) contains internal stop codons.
Gene 2362_g (- strand) contains internal stop codons.
Gene 2363_g (- strand) contains internal stop codons.
Gene 2366_g (- strand) contains internal stop codons.
Gene 2371_g (- strand) contains internal stop codons.
Gene 2373_g (- strand) contains internal stop codons.
Gene 2376_g (- strand) contains internal stop codons.
Gene 2379_g (+ strand) contains internal stop codons.
Gene 2380_g (- strand) contains internal stop codons.
Gene 2382_g (- strand) contains internal stop codons.
Gene 2383_g (- strand) contains internal stop codons.
Gene 2384_g (+ strand) contains internal stop codons.
Gene 2385_g (- strand) contains internal stop codons.
Gene 2387_g (- strand) contains internal stop codons.
Gene 2388_g (- strand) contains internal stop codons.
Gene 2389_g (- strand) contains internal stop codons.
Gene 2394_g (+ strand) contains internal stop codons.
Gene 2395_g (+ strand) contains internal stop codons.
Gene 2396_g (- strand) contains internal stop codons.
Gene 2397_g (- strand) contains internal stop codons.
Gene 2398_g (- strand) contains internal stop codons.
Gene 2400_g (- strand) contains internal stop codons.
Gene 2401_g (- strand) contains internal stop codons.
Gene 2404_g (- strand) contains internal stop codons.
Gene 2405_g (- strand) contains internal stop codons.
Gene 2408_g (- strand) contains internal stop codons.
Gene 2409_g (- strand) contains internal stop codons.
Gene 2411_g (+ strand) contains internal stop codons.
Gene 2412_g (- strand) contains internal stop codons.
Gene 2413_g (- strand) contains internal stop codons.
Gene 2415_g (- strand) contains internal stop codons.
Gene 2416_g (+ strand) contains internal stop codons.
Gene 2417_g (- strand) contains internal stop codons.
Gene 2420_g (- strand) contains internal stop codons.
Gene 2421_g (+ strand) contains internal stop codons.
Gene 2422_g (- strand) contains internal stop codons.
Gene 2424_g (- strand) contains internal stop codons.
Gene 2425_g (- strand) contains internal stop codons.
Gene 2426_g (- strand) contains internal stop codons.
Gene 2427_g (- strand) contains internal stop codons.
Gene 2428_g (+ strand) contains internal stop codons.
Gene 2430_g (+ strand) contains internal stop codons.
Gene 2431_g (- strand) contains internal stop codons.
Gene 2432_g (+ strand) contains internal stop codons.
Gene 2434_g (- strand) contains internal stop codons.
Gene 2435_g (- strand) contains internal stop codons.
Gene 2436_g (+ strand) contains internal stop codons.
Gene 2438_g (+ strand) contains internal stop codons.
Gene 2439_g (+ strand) contains internal stop codons.
Gene 2440_g (+ strand) contains internal stop codons.
Gene 2441_g (+ strand) contains internal stop codons.
Gene 2442_g (- strand) contains internal stop codons.
Gene 2444_g (- strand) contains internal stop codons.
Gene 2448_g (- strand) contains internal stop codons.
Gene 2449_g (- strand) contains internal stop codons.
Gene 2451_g (- strand) contains internal stop codons.
Gene 2452_g (- strand) contains internal stop codons.
Gene 2454_g (- strand) contains internal stop codons.
Gene 2455_g (- strand) contains internal stop codons.
Gene 2456_g (- strand) contains internal stop codons.
Gene 2458_g (- strand) contains internal stop codons.
Gene 2460_g (- strand) contains internal stop codons.
Gene 2462_g (- strand) contains internal stop codons.
Gene 2464_g (- strand) contains internal stop codons.
Gene 2465_g (+ strand) contains internal stop codons.
Gene 2466_g (- strand) contains internal stop codons.
Gene 2470_g (- strand) contains internal stop codons.
Gene 2471_g (- strand) contains internal stop codons.
Gene 2473_g (- strand) contains internal stop codons.
Gene 2475_g (+ strand) contains internal stop codons.
Gene 2476_g (- strand) contains internal stop codons.
Gene 2478_g (- strand) contains internal stop codons.
Gene 2479_g (+ strand) contains internal stop codons.
Gene 2481_g (- strand) contains internal stop codons.
Gene 2483_g (- strand) contains internal stop codons.
Gene 2484_g (- strand) contains internal stop codons.
Gene 2485_g (- strand) contains internal stop codons.
Gene 2486_g (- strand) contains internal stop codons.
Gene 2487_g (- strand) contains internal stop codons.
Gene 2488_g (+ strand) contains internal stop codons.
Gene 2489_g (+ strand) contains internal stop codons.
Gene 2490_g (+ strand) contains internal stop codons. Phase 2 of sequence is used instead.
Gene 2491_g (- strand) contains internal stop codons.
Gene 2492_g (+ strand) contains internal stop codons.
Gene 2493_g (- strand) contains internal stop codons.
Gene 2495_g (- strand) contains internal stop codons.
Gene 2496_g (+ strand) contains internal stop codons.
Gene 2497_g (- strand) contains internal stop codons.
Gene 2500_g (+ strand) contains internal stop codons.
Gene 2501_g (- strand) contains internal stop codons.
Gene 2502_g (- strand) contains internal stop codons.
Gene 2504_g (- strand) contains internal stop codons.
Gene 2505_g (- strand) contains internal stop codons.
Gene 2507_g (- strand) contains internal stop codons.
Gene 2510_g (- strand) contains internal stop codons.
Gene 2511_g (- strand) contains internal stop codons.
Gene 2513_g (- strand) contains internal stop codons.
Gene 2514_g (- strand) contains internal stop codons.
Gene 2516_g (- strand) contains internal stop codons.
Gene 2517_g (+ strand) contains internal stop codons.
Gene 2519_g (- strand) contains internal stop codons.
Gene 2521_g (- strand) contains internal stop codons.
Gene 2523_g (- strand) contains internal stop codons.
Gene 2525_g (- strand) contains internal stop codons.
Gene 2528_g (+ strand) contains internal stop codons.
Gene 2529_g (- strand) contains internal stop codons.
Gene 2535_g (- strand) contains internal stop codons.
Gene 2538_g (- strand) contains internal stop codons.
Gene 2539_g (+ strand) contains internal stop codons.
Gene 2541_g (+ strand) contains internal stop codons.
Gene 2542_g (- strand) contains internal stop codons.
Gene 2545_g (- strand) contains internal stop codons.
Gene 2547_g (- strand) contains internal stop codons.
Gene 2549_g (- strand) contains internal stop codons.
Gene 2550_g (- strand) contains internal stop codons.
Gene 2557_g (- strand) contains internal stop codons.
Gene 2560_g (- strand) contains internal stop codons.
Gene 2561_g (- strand) contains internal stop codons.
Gene 2562_g (+ strand) contains internal stop codons.
Gene 2565_g (- strand) contains internal stop codons.
Gene 2566_g (- strand) contains internal stop codons.
Gene 2567_g (- strand) contains internal stop codons.
Gene 2568_g (- strand) contains internal stop codons.
Gene 2569_g (- strand) contains internal stop codons.
Gene 2570_g (- strand) contains internal stop codons.
Gene 2571_g (+ strand) contains internal stop codons.
Gene 2572_g (- strand) contains internal stop codons.
Gene 2573_g (- strand) contains internal stop codons.
Gene 2574_g (- strand) contains internal stop codons.
Gene 2576_g (- strand) contains internal stop codons.
Gene 2577_g (+ strand) contains internal stop codons.
Gene 2581_g (- strand) contains internal stop codons.
Gene 2584_g (- strand) contains internal stop codons.
Gene 2585_g (- strand) contains internal stop codons.
Gene 2586_g (+ strand) contains internal stop codons.
Gene 2588_g (- strand) contains internal stop codons.
Gene 2589_g (- strand) contains internal stop codons.
Gene 2590_g (+ strand) contains internal stop codons.
Gene 2591_g (- strand) contains internal stop codons.
Gene 2592_g (- strand) contains internal stop codons.
Gene 2593_g (- strand) contains internal stop codons.
Gene 2595_g (+ strand) contains internal stop codons. Phase 3 of sequence is used instead.
Gene 2596_g (- strand) contains internal stop codons.
Gene 2597_g (- strand) contains internal stop codons.
Gene 2598_g (+ strand) contains internal stop codons.
Gene 2599_g (- strand) contains internal stop codons.
Gene 2600_g (+ strand) contains internal stop codons. Phase 3 of sequence is used instead.
Gene 2601_g (- strand) contains internal stop codons.
Gene 2602_g (+ strand) contains internal stop codons. Phase 3 of sequence is used instead.
Gene 2603_g (- strand) contains internal stop codons.
Gene 2604_g (+ strand) contains internal stop codons. Phase 3 of sequence is used instead.
Gene 2605_g (+ strand) contains internal stop codons. Phase 3 of sequence is used instead.
Gene 2606_g (- strand) contains internal stop codons.
Gene 2607_g (+ strand) contains internal stop codons. Phase 3 of sequence is used instead.
Gene 2608_g (- strand) contains internal stop codons.
Gene 2609_g (+ strand) contains internal stop codons. Phase 3 of sequence is used instead.
Gene 2610_g (+ strand) contains internal stop codons.
Gene 2611_g (- strand) contains internal stop codons.
Gene 2612_g (+ strand) contains internal stop codons. Phase 3 of sequence is used instead.
Gene 2613_g (- strand) contains internal stop codons.
Gene 2614_g (- strand) contains internal stop codons.
Gene 2615_g (+ strand) contains internal stop codons. Phase 3 of sequence is used instead.
Gene 2616_g (- strand) contains internal stop codons.
Gene 2617_g (+ strand) contains internal stop codons.
Gene 2618_g (+ strand) contains internal stop codons. Phase 3 of sequence is used instead.
Gene 2619_g (+ strand) contains internal stop codons. Phase 3 of sequence is used instead.
Gene 2620_g (+ strand) contains internal stop codons.
Gene 2621_g (+ strand) contains internal stop codons.
Gene 2622_g (- strand) contains internal stop codons.
Gene 2623_g (- strand) contains internal stop codons.
Gene 2624_g (+ strand) contains internal stop codons. Phase 3 of sequence is used instead.
Gene 2625_g (- strand) contains internal stop codons.
Gene 2626_g (- strand) contains internal stop codons.
Gene 2627_g (- strand) contains internal stop codons.
Gene 2628_g (- strand) contains internal stop codons.
Gene 2629_g (+ strand) contains internal stop codons. Phase 3 of sequence is used instead.
Gene 2630_g (+ strand) contains internal stop codons. Phase 3 of sequence is used instead.
Gene 2631_g (+ strand) contains internal stop codons. Phase 3 of sequence is used instead.
Gene 2632_g (- strand) contains internal stop codons.
Gene 2633_g (- strand) contains internal stop codons.
Gene 2634_g (- strand) contains internal stop codons.
Gene 2635_g (- strand) contains internal stop codons.
Gene 2636_g (+ strand) contains internal stop codons. Phase 3 of sequence is used instead.
Gene 2637_g (- strand) contains internal stop codons.
Gene 2638_g (+ strand) contains internal stop codons. Phase 3 of sequence is used instead.
Gene 2639_g (- strand) contains internal stop codons.
Gene 2640_g (+ strand) contains internal stop codons. Phase 3 of sequence is used instead.
Gene 2641_g (+ strand) contains internal stop codons. Phase 3 of sequence is used instead.
Gene 2642_g (- strand) contains internal stop codons.
Gene 2643_g (+ strand) contains internal stop codons. Phase 3 of sequence is used instead.
Gene 2644_g (+ strand) contains internal stop codons. Phase 3 of sequence is used instead.
Gene 2645_g (+ strand) contains internal stop codons. Phase 3 of sequence is used instead.
Gene 2646_g (- strand) contains internal stop codons.
Gene 2647_g (+ strand) contains internal stop codons. Phase 3 of sequence is used instead.
Gene 2648_g (+ strand) contains internal stop codons. Phase 3 of sequence is used instead.
Gene 2649_g (+ strand) contains internal stop codons. Phase 3 of sequence is used instead.
Gene 2650_g (+ strand) contains internal stop codons.
Gene 2651_g (+ strand) contains internal stop codons. Phase 3 of sequence is used instead.
Gene 2652_g (- strand) contains internal stop codons.
Gene 2653_g (+ strand) contains internal stop codons.
Gene 2654_g (+ strand) contains internal stop codons. Phase 3 of sequence is used instead.
Gene 2655_g (- strand) contains internal stop codons.
Gene 2656_g (- strand) contains internal stop codons.
Gene 2657_g (- strand) contains internal stop codons.
Gene 2658_g (+ strand) contains internal stop codons. Phase 3 of sequence is used instead.
Gene 2659_g (- strand) contains internal stop codons.
Gene 2660_g (+ strand) contains internal stop codons. Phase 3 of sequence is used instead.
Gene 2661_g (+ strand) contains internal stop codons. Phase 3 of sequence is used instead.
Gene 2662_g (- strand) contains internal stop codons.
Gene 2663_g (- strand) contains internal stop codons.
Gene 2664_g (+ strand) contains internal stop codons. Phase 3 of sequence is used instead.
Gene 2665_g (- strand) contains internal stop codons.
Gene 2666_g (- strand) contains internal stop codons.
Gene 2667_g (- strand) contains internal stop codons.
Gene 2668_g (- strand) contains internal stop codons.
Gene 2669_g (- strand) contains internal stop codons.
Gene 2670_g (+ strand) contains internal stop codons. Phase 3 of sequence is used instead.
Gene 2671_g (+ strand) contains internal stop codons. Phase 3 of sequence is used instead.
Gene 2672_g (- strand) contains internal stop codons.
Gene 2673_g (+ strand) contains internal stop codons. Phase 3 of sequence is used instead.
Gene 2674_g (- strand) contains internal stop codons.
Gene 2675_g (- strand) contains internal stop codons.
Gene 2676_g (+ strand) contains internal stop codons.
Gene 2677_g (- strand) contains internal stop codons.
Gene 2678_g (- strand) contains internal stop codons.
Gene 2679_g (+ strand) contains internal stop codons. Phase 3 of sequence is used instead.
Gene 2680_g (- strand) contains internal stop codons.
Gene 2681_g (- strand) contains internal stop codons.
Gene 2682_g (+ strand) contains internal stop codons. Phase 3 of sequence is used instead.
Gene 2683_g (+ strand) contains internal stop codons. Phase 3 of sequence is used instead.
Gene 2684_g (- strand) contains internal stop codons.
Gene 2685_g (+ strand) contains internal stop codons. Phase 3 of sequence is used instead.
Gene 2686_g (+ strand) contains internal stop codons.
Gene 2687_g (- strand) contains internal stop codons.
Gene 2688_g (- strand) contains internal stop codons.
Gene 2689_g (+ strand) contains internal stop codons. Phase 3 of sequence is used instead.
Gene 2690_g (- strand) contains internal stop codons.
Gene 2691_g (- strand) contains internal stop codons.
Gene 2692_g (+ strand) contains internal stop codons.
Gene 2693_g (+ strand) contains internal stop codons. Phase 3 of sequence is used instead.
Gene 2694_g (- strand) contains internal stop codons.
Gene 2695_g (+ strand) contains internal stop codons. Phase 3 of sequence is used instead.
Gene 2696_g (- strand) contains internal stop codons.
Gene 2697_g (- strand) contains internal stop codons.
Gene 2698_g (- strand) contains internal stop codons.
Gene 2699_g (+ strand) contains internal stop codons. Phase 3 of sequence is used instead.
Gene 2700_g (- strand) contains internal stop codons.
Gene 2701_g (+ strand) contains internal stop codons. Phase 3 of sequence is used instead.
Gene 2702_g (- strand) contains internal stop codons.
Gene 2703_g (+ strand) contains internal stop codons. Phase 3 of sequence is used instead.
Gene 2704_g (+ strand) contains internal stop codons. Phase 3 of sequence is used instead.
Gene 2705_g (- strand) contains internal stop codons.
Gene 2706_g (- strand) contains internal stop codons.
Gene 2707_g (+ strand) contains internal stop codons. Phase 3 of sequence is used instead.
Gene 2708_g (+ strand) contains internal stop codons. Phase 3 of sequence is used instead.
Gene 2709_g (- strand) contains internal stop codons.
Gene 2710_g (+ strand) contains internal stop codons. Phase 3 of sequence is used instead.
Gene 2711_g (- strand) contains internal stop codons.
Gene 2712_g (- strand) contains internal stop codons.
Gene 2713_g (+ strand) contains internal stop codons.
Gene 2714_g (+ strand) contains internal stop codons. Phase 3 of sequence is used instead.
Gene 2715_g (+ strand) contains internal stop codons. Phase 3 of sequence is used instead.
Gene 2716_g (- strand) contains internal stop codons.
Gene 2717_g (- strand) contains internal stop codons.
Gene 2718_g (+ strand) contains internal stop codons.
Gene 2719_g (+ strand) contains internal stop codons.
Gene 2720_g (+ strand) contains internal stop codons. Phase 3 of sequence is used instead.
Gene 2721_g (+ strand) contains internal stop codons. Phase 3 of sequence is used instead.
Gene 2722_g (- strand) contains internal stop codons.
Gene 2723_g (+ strand) contains internal stop codons. Phase 3 of sequence is used instead.
Gene 2724_g (+ strand) contains internal stop codons. Phase 3 of sequence is used instead.
Gene 2725_g (- strand) contains internal stop codons.
Gene 2726_g (+ strand) contains internal stop codons.
Gene 2727_g (- strand) contains internal stop codons.
Gene 2728_g (- strand) contains internal stop codons.
Gene 2729_g (- strand) contains internal stop codons.
Gene 2730_g (- strand) contains internal stop codons.
Gene 2731_g (+ strand) contains internal stop codons. Phase 3 of sequence is used instead.
Gene 2732_g (- strand) contains internal stop codons.
Gene 2733_g (- strand) contains internal stop codons.
Gene 2734_g (- strand) contains internal stop codons.
Gene 2735_g (- strand) contains internal stop codons.
Gene 2736_g (- strand) contains internal stop codons.
Gene 2737_g (+ strand) contains internal stop codons.
Gene 2738_g (+ strand) contains internal stop codons. Phase 3 of sequence is used instead.
Gene 2739_g (- strand) contains internal stop codons.
Gene 2740_g (+ strand) contains internal stop codons. Phase 3 of sequence is used instead.
Gene 2741_g (- strand) contains internal stop codons.
Gene 2742_g (- strand) contains internal stop codons.
Gene 2743_g (+ strand) contains internal stop codons.
Gene 2744_g (- strand) contains internal stop codons. Phase 3 of sequence is used instead.
Gene 2745_g (- strand) contains internal stop codons.
Gene 2746_g (+ strand) contains internal stop codons. Phase 3 of sequence is used instead.
Gene 2747_g (- strand) contains internal stop codons.
Gene 2748_g (+ strand) contains internal stop codons. Phase 3 of sequence is used instead.
Gene 2749_g (- strand) contains internal stop codons.
Gene 2750_g (- strand) contains internal stop codons.
Gene 2751_g (+ strand) contains internal stop codons. Phase 3 of sequence is used instead.
Gene 2752_g (- strand) contains internal stop codons.
Gene 2753_g (+ strand) contains internal stop codons.
Gene 2754_g (+ strand) contains internal stop codons. Phase 3 of sequence is used instead.
Gene 2755_g (+ strand) contains internal stop codons. Phase 3 of sequence is used instead.
Gene 2756_g (+ strand) contains internal stop codons. Phase 3 of sequence is used instead.
Gene 2757_g (- strand) contains internal stop codons.
Gene 2758_g (+ strand) contains internal stop codons. Phase 3 of sequence is used instead.
Gene 2759_g (+ strand) contains internal stop codons.
Gene 2760_g (- strand) contains internal stop codons.
Gene 2761_g (+ strand) contains internal stop codons. Phase 3 of sequence is used instead.
Gene 2762_g (- strand) contains internal stop codons.
Gene 2763_g (- strand) contains internal stop codons.
Gene 2764_g (+ strand) contains internal stop codons.
Gene 2765_g (- strand) contains internal stop codons.
Gene 2766_g (- strand) contains internal stop codons. Phase 2 of sequence is used instead.
Gene 2767_g (- strand) contains internal stop codons.
Gene 2768_g (- strand) contains internal stop codons.
Gene 2769_g (+ strand) contains internal stop codons. Phase 3 of sequence is used instead.
Gene 2770_g (+ strand) contains internal stop codons.
Gene 2771_g (- strand) contains internal stop codons. Phase 2 of sequence is used instead.
Gene 2772_g (- strand) contains internal stop codons.
Gene 2773_g (+ strand) contains internal stop codons. Phase 3 of sequence is used instead.
Gene 2774_g (+ strand) contains internal stop codons. Phase 3 of sequence is used instead.
Gene 2775_g (- strand) contains internal stop codons.
Gene 2776_g (+ strand) contains internal stop codons. Phase 3 of sequence is used instead.
Gene 2777_g (+ strand) contains internal stop codons. Phase 3 of sequence is used instead.
Gene 2778_g (+ strand) contains internal stop codons.
Gene 2779_g (+ strand) contains internal stop codons. Phase 3 of sequence is used instead.
Gene 2780_g (- strand) contains internal stop codons.
Gene 2781_g (+ strand) contains internal stop codons. Phase 3 of sequence is used instead.
Gene 2782_g (+ strand) contains internal stop codons. Phase 3 of sequence is used instead.
Gene 2783_g (+ strand) contains internal stop codons.
Gene 2784_g (- strand) contains internal stop codons.
Gene 2785_g (+ strand) contains internal stop codons.
Gene 2786_g (+ strand) contains internal stop codons. Phase 3 of sequence is used instead.
Gene 2787_g (+ strand) contains internal stop codons. Phase 3 of sequence is used instead.
Gene 2788_g (- strand) contains internal stop codons.
Gene 2789_g (+ strand) contains internal stop codons.
Gene 2790_g (- strand) contains internal stop codons.
Gene 2791_g (- strand) contains internal stop codons.
Gene 2792_g (+ strand) contains internal stop codons. Phase 3 of sequence is used instead.
Gene 2793_g (- strand) contains internal stop codons.
Gene 2794_g (- strand) contains internal stop codons.
Gene 2795_g (+ strand) contains internal stop codons. Phase 3 of sequence is used instead.
Gene 2796_g (- strand) contains internal stop codons.
Gene 2797_g (+ strand) contains internal stop codons. Phase 3 of sequence is used instead.
Gene 2798_g (- strand) contains internal stop codons.
Gene 2799_g (- strand) contains internal stop codons.
Gene 2800_g (- strand) contains internal stop codons.
Gene 2801_g (+ strand) contains internal stop codons. Phase 3 of sequence is used instead.
Gene 2802_g (+ strand) contains internal stop codons.
Gene 2803_g (+ strand) contains internal stop codons. Phase 3 of sequence is used instead.
Gene 2804_g (+ strand) contains internal stop codons. Phase 3 of sequence is used instead.
Gene 2805_g (+ strand) contains internal stop codons. Phase 3 of sequence is used instead.
Gene 2806_g (- strand) contains internal stop codons.
Gene 2807_g (- strand) contains internal stop codons.
Gene 2808_g (- strand) contains internal stop codons.
Gene 2809_g (+ strand) contains internal stop codons. Phase 3 of sequence is used instead.
Gene 2810_g (+ strand) contains internal stop codons. Phase 3 of sequence is used instead.
Gene 2811_g (- strand) contains internal stop codons.
Gene 2812_g (+ strand) contains internal stop codons. Phase 3 of sequence is used instead.
Gene 2813_g (- strand) contains internal stop codons.
Gene 2814_g (- strand) contains internal stop codons.
Gene 2815_g (- strand) contains internal stop codons.
Gene 2816_g (+ strand) contains internal stop codons.
Gene 2817_g (- strand) contains internal stop codons.
Gene 2818_g (- strand) contains internal stop codons.
Gene 2819_g (+ strand) contains internal stop codons. Phase 3 of sequence is used instead.
Gene 2820_g (- strand) contains internal stop codons.
Gene 2821_g (- strand) contains internal stop codons.
Gene 2822_g (+ strand) contains internal stop codons. Phase 3 of sequence is used instead.
Gene 2823_g (- strand) contains internal stop codons.
Gene 2824_g (- strand) contains internal stop codons.
Gene 2825_g (- strand) contains internal stop codons.
Gene 2826_g (- strand) contains internal stop codons.
Gene 2827_g (- strand) contains internal stop codons.
Gene 2828_g (- strand) contains internal stop codons.
Gene 2829_g (- strand) contains internal stop codons.
Gene 2830_g (+ strand) contains internal stop codons. Phase 3 of sequence is used instead.
Gene 2831_g (+ strand) contains internal stop codons. Phase 3 of sequence is used instead.
Gene 2832_g (+ strand) contains internal stop codons. Phase 3 of sequence is used instead.
Gene 2833_g (+ strand) contains internal stop codons. Phase 3 of sequence is used instead.
Gene 2834_g (- strand) contains internal stop codons.
Gene 2835_g (+ strand) contains internal stop codons. Phase 3 of sequence is used instead.
Gene 2836_g (- strand) contains internal stop codons.
Gene 2837_g (+ strand) contains internal stop codons.
Gene 2838_g (+ strand) contains internal stop codons.
Gene 2839_g (- strand) contains internal stop codons.
Gene 2840_g (+ strand) contains internal stop codons. Phase 3 of sequence is used instead.
Gene 2841_g (+ strand) contains internal stop codons. Phase 3 of sequence is used instead.
Gene 2842_g (+ strand) contains internal stop codons. Phase 3 of sequence is used instead.
Gene 2843_g (+ strand) contains internal stop codons. Phase 3 of sequence is used instead.
Gene 2844_g (+ strand) contains internal stop codons. Phase 3 of sequence is used instead.
Gene 2845_g (- strand) contains internal stop codons.
Gene 2846_g (- strand) contains internal stop codons.
Gene 2847_g (- strand) contains internal stop codons.
Gene 2848_g (- strand) contains internal stop codons.
Gene 2849_g (+ strand) contains internal stop codons. Phase 3 of sequence is used instead.
Gene 2850_g (- strand) contains internal stop codons.
Gene 2851_g (- strand) contains internal stop codons.
Gene 2852_g (+ strand) contains internal stop codons. Phase 3 of sequence is used instead.
Gene 2853_g (- strand) contains internal stop codons.
Gene 2854_g (- strand) contains internal stop codons.
Gene 2855_g (- strand) contains internal stop codons.
Gene 2856_g (+ strand) contains internal stop codons.
Gene 2857_g (- strand) contains internal stop codons.
Gene 2858_g (- strand) contains internal stop codons.
Gene 2859_g (+ strand) contains internal stop codons. Phase 3 of sequence is used instead.
Gene 2860_g (+ strand) contains internal stop codons. Phase 3 of sequence is used instead.
Gene 2861_g (+ strand) contains internal stop codons.
Gene 2862_g (+ strand) contains internal stop codons. Phase 3 of sequence is used instead.
Gene 2863_g (+ strand) contains internal stop codons.
Gene 2864_g (+ strand) contains internal stop codons. Phase 3 of sequence is used instead.
Gene 2865_g (+ strand) contains internal stop codons. Phase 3 of sequence is used instead.
Gene 2866_g (+ strand) contains internal stop codons.
Gene 2867_g (- strand) contains internal stop codons.
Gene 2868_g (+ strand) contains internal stop codons.
Gene 2869_g (- strand) contains internal stop codons.
Gene 2870_g (+ strand) contains internal stop codons. Phase 3 of sequence is used instead.
Gene 2871_g (+ strand) contains internal stop codons.
Gene 2872_g (- strand) contains internal stop codons.
Gene 2873_g (- strand) contains internal stop codons.
Gene 2874_g (+ strand) contains internal stop codons. Phase 3 of sequence is used instead.
Gene 2875_g (- strand) contains internal stop codons.
Gene 2876_g (- strand) contains internal stop codons.
Gene 2877_g (- strand) contains internal stop codons.
Gene 2878_g (- strand) contains internal stop codons.
Gene 2879_g (+ strand) contains internal stop codons. Phase 3 of sequence is used instead.
Gene 2880_g (- strand) contains internal stop codons.
Gene 2881_g (+ strand) contains internal stop codons. Phase 3 of sequence is used instead.
Gene 2882_g (- strand) contains internal stop codons.
Gene 2883_g (+ strand) contains internal stop codons. Phase 3 of sequence is used instead.
Gene 2884_g (+ strand) contains internal stop codons. Phase 3 of sequence is used instead.
Gene 2885_g (- strand) contains internal stop codons.
Gene 2886_g (- strand) contains internal stop codons.
Gene 2887_g (+ strand) contains internal stop codons.
Gene 2888_g (- strand) contains internal stop codons.
Gene 2889_g (+ strand) contains internal stop codons. Phase 3 of sequence is used instead.
Gene 2890_g (- strand) contains internal stop codons.
Gene 2891_g (+ strand) contains internal stop codons. Phase 3 of sequence is used instead.
Gene 2892_g (- strand) contains internal stop codons.
Gene 2893_g (+ strand) contains internal stop codons. Phase 3 of sequence is used instead.
Gene 2894_g (- strand) contains internal stop codons.
Gene 2895_g (+ strand) contains internal stop codons. Phase 3 of sequence is used instead.
Gene 2896_g (+ strand) contains internal stop codons. Phase 3 of sequence is used instead.
Gene 2897_g (- strand) contains internal stop codons.
Gene 2898_g (+ strand) contains internal stop codons. Phase 3 of sequence is used instead.
Gene 2899_g (+ strand) contains internal stop codons.
Gene 2900_g (+ strand) contains internal stop codons.
Gene 2901_g (+ strand) contains internal stop codons. Phase 3 of sequence is used instead.
Gene 2902_g (+ strand) contains internal stop codons. Phase 3 of sequence is used instead.
Gene 2903_g (- strand) contains internal stop codons.
Gene 2904_g (+ strand) contains internal stop codons. Phase 3 of sequence is used instead.
Gene 2905_g (+ strand) contains internal stop codons. Phase 3 of sequence is used instead.
Gene 2906_g (- strand) contains internal stop codons.
Gene 2907_g (+ strand) contains internal stop codons. Phase 3 of sequence is used instead.
Gene 2908_g (- strand) contains internal stop codons.
Gene 2909_g (+ strand) contains internal stop codons.
Gene 2910_g (+ strand) contains internal stop codons.
Gene 2911_g (- strand) contains internal stop codons.
Gene 2912_g (+ strand) contains internal stop codons.
Gene 2913_g (- strand) contains internal stop codons.
Gene 2914_g (+ strand) contains internal stop codons.
Gene 2915_g (+ strand) contains internal stop codons.
Gene 2916_g (- strand) contains internal stop codons.
Gene 2917_g (- strand) contains internal stop codons.
Gene 2918_g (+ strand) contains internal stop codons.
Gene 2919_g (- strand) contains internal stop codons.
Gene 2920_g (- strand) contains internal stop codons.
Gene 2921_g (- strand) contains internal stop codons.
Gene 2922_g (+ strand) contains internal stop codons.
Gene 2923_g (- strand) contains internal stop codons.
Gene 2924_g (+ strand) contains internal stop codons.
Gene 2925_g (- strand) contains internal stop codons.
Gene 2926_g (+ strand) contains internal stop codons. Phase 3 of sequence is used instead.
Gene 2927_g (- strand) contains internal stop codons.
Gene 2928_g (+ strand) contains internal stop codons. Phase 3 of sequence is used instead.
Gene 2929_g (+ strand) contains internal stop codons. Phase 3 of sequence is used instead.
Gene 2930_g (+ strand) contains internal stop codons. Phase 3 of sequence is used instead.
Gene 2931_g (- strand) contains internal stop codons.
Gene 2932_g (- strand) contains internal stop codons.
Gene 2933_g (- strand) contains internal stop codons.
Gene 2934_g (- strand) contains internal stop codons.
Gene 2935_g (- strand) contains internal stop codons.
Gene 2936_g (+ strand) contains internal stop codons. Phase 3 of sequence is used instead.
Gene 2937_g (- strand) contains internal stop codons.
Gene 2938_g (- strand) contains internal stop codons.
Gene 2939_g (- strand) contains internal stop codons.
Gene 2940_g (- strand) contains internal stop codons.
Gene 2941_g (- strand) contains internal stop codons.
Gene 2942_g (- strand) contains internal stop codons.
Gene 2943_g (+ strand) contains internal stop codons. Phase 3 of sequence is used instead.
Gene 2944_g (- strand) contains internal stop codons.
Gene 2945_g (- strand) contains internal stop codons.
Gene 2946_g (- strand) contains internal stop codons.
Gene 2947_g (- strand) contains internal stop codons.
Gene 2948_g (- strand) contains internal stop codons.
Gene 2949_g (+ strand) contains internal stop codons.
Gene 2950_g (- strand) contains internal stop codons.
Gene 2951_g (+ strand) contains internal stop codons. Phase 3 of sequence is used instead.
Gene 2952_g (- strand) contains internal stop codons.
Gene 2953_g (+ strand) contains internal stop codons.
Gene 2954_g (- strand) contains internal stop codons.
Gene 2955_g (+ strand) contains internal stop codons. Phase 3 of sequence is used instead.
Gene 2956_g (- strand) contains internal stop codons.
Gene 2957_g (+ strand) contains internal stop codons. Phase 3 of sequence is used instead.
Gene 2958_g (- strand) contains internal stop codons.
Gene 2959_g (+ strand) contains internal stop codons. Phase 3 of sequence is used instead.
Gene 2960_g (+ strand) contains internal stop codons.
Gene 2961_g (- strand) contains internal stop codons.
Gene 2962_g (- strand) contains internal stop codons.
Gene 2963_g (+ strand) contains internal stop codons. Phase 3 of sequence is used instead.
Gene 2964_g (+ strand) contains internal stop codons.
Gene 2965_g (- strand) contains internal stop codons.
Gene 2966_g (- strand) contains internal stop codons.
Gene 2967_g (- strand) contains internal stop codons.
Gene 2968_g (+ strand) contains internal stop codons.
Gene 2969_g (- strand) contains internal stop codons.
Gene 2970_g (+ strand) contains internal stop codons. Phase 3 of sequence is used instead.
Gene 2971_g (- strand) contains internal stop codons.
Gene 2972_g (+ strand) contains internal stop codons. Phase 3 of sequence is used instead.
Gene 2973_g (- strand) contains internal stop codons.
Gene 2974_g (+ strand) contains internal stop codons. Phase 3 of sequence is used instead.
Gene 2975_g (- strand) contains internal stop codons.
Gene 2976_g (- strand) contains internal stop codons.
Gene 2977_g (+ strand) contains internal stop codons. Phase 3 of sequence is used instead.
Gene 2978_g (+ strand) contains internal stop codons. Phase 3 of sequence is used instead.
Gene 2979_g (- strand) contains internal stop codons.
Gene 2980_g (- strand) contains internal stop codons.
Gene 2981_g (+ strand) contains internal stop codons. Phase 3 of sequence is used instead.
Gene 2982_g (- strand) contains internal stop codons.
Gene 2983_g (- strand) contains internal stop codons.
Gene 2984_g (+ strand) contains internal stop codons. Phase 3 of sequence is used instead.
Gene 2985_g (- strand) contains internal stop codons.
Gene 2986_g (- strand) contains internal stop codons.
Gene 2987_g (+ strand) contains internal stop codons. Phase 3 of sequence is used instead.
Gene 2988_g (+ strand) contains internal stop codons.
Gene 2989_g (- strand) contains internal stop codons.
Gene 2990_g (+ strand) contains internal stop codons. Phase 3 of sequence is used instead.
Gene 2991_g (- strand) contains internal stop codons.
Gene 2992_g (- strand) contains internal stop codons.
Gene 2993_g (+ strand) contains internal stop codons. Phase 3 of sequence is used instead.
Gene 2994_g (+ strand) contains internal stop codons. Phase 3 of sequence is used instead.
Gene 2995_g (- strand) contains internal stop codons.
Gene 2996_g (- strand) contains internal stop codons.
Gene 2997_g (- strand) contains internal stop codons.
Gene 2998_g (+ strand) contains internal stop codons. Phase 3 of sequence is used instead.
Gene 2999_g (- strand) contains internal stop codons.
Gene 3000_g (+ strand) contains internal stop codons.
Gene 3001_g (- strand) contains internal stop codons.
Gene 3002_g (+ strand) contains internal stop codons. Phase 3 of sequence is used instead.
Gene 3003_g (- strand) contains internal stop codons.
Gene 3004_g (+ strand) contains internal stop codons. Phase 3 of sequence is used instead.
Gene 3005_g (- strand) contains internal stop codons.
Gene 3006_g (- strand) contains internal stop codons.
Gene 3007_g (+ strand) contains internal stop codons. Phase 3 of sequence is used instead.
Gene 3008_g (- strand) contains internal stop codons.
Gene 3009_g (- strand) contains internal stop codons.
Gene 3010_g (- strand) contains internal stop codons.
Gene 3011_g (- strand) contains internal stop codons.
Gene 3012_g (- strand) contains internal stop codons.
Gene 3013_g (+ strand) contains internal stop codons. Phase 3 of sequence is used instead.
Gene 3014_g (- strand) contains internal stop codons.
Gene 3015_g (- strand) contains internal stop codons.
Gene 3016_g (+ strand) contains internal stop codons. Phase 3 of sequence is used instead.
Gene 3017_g (+ strand) contains internal stop codons. Phase 3 of sequence is used instead.
Gene 3018_g (- strand) contains internal stop codons.
Gene 3019_g (+ strand) contains internal stop codons. Phase 3 of sequence is used instead.
Gene 3020_g (+ strand) contains internal stop codons. Phase 3 of sequence is used instead.
Gene 3021_g (+ strand) contains internal stop codons. Phase 3 of sequence is used instead.
Gene 3022_g (+ strand) contains internal stop codons. Phase 3 of sequence is used instead.
Gene 3023_g (+ strand) contains internal stop codons.
Gene 3024_g (+ strand) contains internal stop codons.
Gene 3025_g (- strand) contains internal stop codons.
Gene 3026_g (+ strand) contains internal stop codons. Phase 3 of sequence is used instead.
Gene 3027_g (+ strand) contains internal stop codons.
Gene 3028_g (- strand) contains internal stop codons.
Gene 3029_g (+ strand) contains internal stop codons. Phase 3 of sequence is used instead.
Gene 3030_g (+ strand) contains internal stop codons.
Gene 3031_g (- strand) contains internal stop codons.
Gene 3032_g (+ strand) contains internal stop codons.
Gene 3033_g (+ strand) contains internal stop codons. Phase 3 of sequence is used instead.
Gene 3034_g (+ strand) contains internal stop codons. Phase 3 of sequence is used instead.
Gene 3035_g (- strand) contains internal stop codons.
Gene 3036_g (- strand) contains internal stop codons.
Gene 3037_g (- strand) contains internal stop codons.
Gene 3038_g (- strand) contains internal stop codons.
Gene 3039_g (- strand) contains internal stop codons.
Gene 3040_g (+ strand) contains internal stop codons. Phase 3 of sequence is used instead.
Gene 3041_g (- strand) contains internal stop codons.
Gene 3042_g (- strand) contains internal stop codons.
Gene 3043_g (- strand) contains internal stop codons. Phase 2 of sequence is used instead.
Gene 3044_g (- strand) contains internal stop codons.
Gene 3045_g (+ strand) contains internal stop codons. Phase 3 of sequence is used instead.
Gene 3046_g (+ strand) contains internal stop codons. Phase 3 of sequence is used instead.
Gene 3047_g (- strand) contains internal stop codons.
Gene 3048_g (+ strand) contains internal stop codons. Phase 3 of sequence is used instead.
Gene 3049_g (+ strand) contains internal stop codons. Phase 3 of sequence is used instead.
Gene 3050_g (- strand) contains internal stop codons.
Gene 3051_g (- strand) contains internal stop codons.
Gene 3052_g (- strand) contains internal stop codons.
Gene 3053_g (+ strand) contains internal stop codons. Phase 3 of sequence is used instead.
Gene 3054_g (- strand) contains internal stop codons.
Gene 3055_g (+ strand) contains internal stop codons. Phase 3 of sequence is used instead.
Gene 3056_g (+ strand) contains internal stop codons. Phase 3 of sequence is used instead.
Gene 3057_g (- strand) contains internal stop codons.
Gene 3058_g (+ strand) contains internal stop codons. Phase 3 of sequence is used instead.
Gene 3059_g (- strand) contains internal stop codons.
Gene 3060_g (+ strand) contains internal stop codons. Phase 3 of sequence is used instead.
Gene 3061_g (+ strand) contains internal stop codons. Phase 3 of sequence is used instead.
Gene 3062_g (- strand) contains internal stop codons.
Gene 3063_g (+ strand) contains internal stop codons. Phase 3 of sequence is used instead.
Gene 3064_g (+ strand) contains internal stop codons.
Gene 3065_g (+ strand) contains internal stop codons. Phase 3 of sequence is used instead.
Gene 3066_g (+ strand) contains internal stop codons. Phase 3 of sequence is used instead.
Gene 3067_g (- strand) contains internal stop codons.
Gene 3068_g (+ strand) contains internal stop codons.
Gene 3069_g (+ strand) contains internal stop codons. Phase 3 of sequence is used instead.
Gene 3070_g (- strand) contains internal stop codons.
Gene 3071_g (+ strand) contains internal stop codons. Phase 3 of sequence is used instead.
Gene 3072_g (+ strand) contains internal stop codons. Phase 3 of sequence is used instead.
Gene 3073_g (+ strand) contains internal stop codons. Phase 3 of sequence is used instead.
Gene 3074_g (+ strand) contains internal stop codons. Phase 3 of sequence is used instead.
Gene 3075_g (+ strand) contains internal stop codons. Phase 3 of sequence is used instead.
Gene 3076_g (- strand) contains internal stop codons.
Gene 3077_g (+ strand) contains internal stop codons. Phase 3 of sequence is used instead.
Gene 3078_g (- strand) contains internal stop codons.
Gene 3079_g (- strand) contains internal stop codons.
Gene 3080_g (+ strand) contains internal stop codons. Phase 3 of sequence is used instead.
Gene 3081_g (- strand) contains internal stop codons.
Gene 3082_g (- strand) contains internal stop codons.
Gene 3083_g (- strand) contains internal stop codons.
Gene 3084_g (+ strand) contains internal stop codons. Phase 3 of sequence is used instead.
Gene 3085_g (+ strand) contains internal stop codons. Phase 3 of sequence is used instead.
Gene 3086_g (- strand) contains internal stop codons.
Gene 3087_g (- strand) contains internal stop codons.
Gene 3088_g (+ strand) contains internal stop codons. Phase 3 of sequence is used instead.
Gene 3089_g (+ strand) contains internal stop codons. Phase 3 of sequence is used instead.
Gene 3090_g (+ strand) contains internal stop codons. Phase 3 of sequence is used instead.
Gene 3091_g (- strand) contains internal stop codons.
Gene 3092_g (+ strand) contains internal stop codons. Phase 3 of sequence is used instead.
Gene 3093_g (- strand) contains internal stop codons.
Gene 3094_g (- strand) contains internal stop codons.
Gene 3095_g (+ strand) contains internal stop codons. Phase 3 of sequence is used instead.
Gene 3096_g (+ strand) contains internal stop codons. Phase 3 of sequence is used instead.
Gene 3097_g (+ strand) contains internal stop codons. Phase 3 of sequence is used instead.
Gene 3098_g (- strand) contains internal stop codons.
Gene 3099_g (- strand) contains internal stop codons.
Gene 3100_g (- strand) contains internal stop codons.
Gene 3101_g (+ strand) contains internal stop codons. Phase 3 of sequence is used instead.
Gene 3102_g (- strand) contains internal stop codons.
Gene 3103_g (+ strand) contains internal stop codons. Phase 3 of sequence is used instead.
Gene 3104_g (+ strand) contains internal stop codons. Phase 3 of sequence is used instead.
Gene 3105_g (- strand) contains internal stop codons.
Gene 3106_g (+ strand) contains internal stop codons.
Gene 3107_g (+ strand) contains internal stop codons. Phase 3 of sequence is used instead.
Gene 3108_g (- strand) contains internal stop codons.
Gene 3109_g (+ strand) contains internal stop codons.
Gene 3110_g (- strand) contains internal stop codons.
Gene 3111_g (+ strand) contains internal stop codons. Phase 3 of sequence is used instead.
Gene 3112_g (- strand) contains internal stop codons.
Gene 3113_g (- strand) contains internal stop codons.
Gene 3114_g (+ strand) contains internal stop codons. Phase 3 of sequence is used instead.
Gene 3115_g (- strand) contains internal stop codons.
Gene 3116_g (+ strand) contains internal stop codons.
Gene 3117_g (+ strand) contains internal stop codons. Phase 3 of sequence is used instead.
Gene 3118_g (+ strand) contains internal stop codons. Phase 3 of sequence is used instead.
Gene 3119_g (+ strand) contains internal stop codons.
Gene 3120_g (+ strand) contains internal stop codons. Phase 3 of sequence is used instead.
Gene 3121_g (- strand) contains internal stop codons.
Gene 3122_g (- strand) contains internal stop codons.
Gene 3123_g (- strand) contains internal stop codons.
Gene 3124_g (+ strand) contains internal stop codons.
Gene 3125_g (+ strand) contains internal stop codons. Phase 3 of sequence is used instead.
Gene 3126_g (+ strand) contains internal stop codons. Phase 3 of sequence is used instead.
Gene 3127_g (+ strand) contains internal stop codons.
Gene 3128_g (- strand) contains internal stop codons.
Gene 3129_g (+ strand) contains internal stop codons. Phase 3 of sequence is used instead.
Gene 3130_g (- strand) contains internal stop codons.
Gene 3131_g (+ strand) contains internal stop codons. Phase 3 of sequence is used instead.
Gene 3132_g (- strand) contains internal stop codons.
Gene 3133_g (- strand) contains internal stop codons.
Gene 3134_g (- strand) contains internal stop codons.
Gene 3135_g (+ strand) contains internal stop codons. Phase 3 of sequence is used instead.
Gene 3136_g (+ strand) contains internal stop codons.
Gene 3137_g (- strand) contains internal stop codons.
Gene 3138_g (- strand) contains internal stop codons.
Gene 3139_g (+ strand) contains internal stop codons. Phase 3 of sequence is used instead.
Gene 3140_g (- strand) contains internal stop codons.
Gene 3141_g (+ strand) contains internal stop codons. Phase 3 of sequence is used instead.
Gene 3142_g (+ strand) contains internal stop codons.
Gene 3143_g (- strand) contains internal stop codons.
Gene 3144_g (- strand) contains internal stop codons.
Gene 3145_g (+ strand) contains internal stop codons. Phase 3 of sequence is used instead.
Gene 3146_g (+ strand) contains internal stop codons. Phase 3 of sequence is used instead.
Gene 3147_g (- strand) contains internal stop codons.
Gene 3148_g (+ strand) contains internal stop codons.
Gene 3149_g (- strand) contains internal stop codons.
Gene 3150_g (+ strand) contains internal stop codons. Phase 3 of sequence is used instead.
Gene 3151_g (- strand) contains internal stop codons.
Gene 3152_g (- strand) contains internal stop codons.
Gene 3153_g (- strand) contains internal stop codons.
Gene 3154_g (- strand) contains internal stop codons.
Gene 3155_g (- strand) contains internal stop codons.
Gene 3156_g (+ strand) contains internal stop codons. Phase 3 of sequence is used instead.
Gene 3157_g (+ strand) contains internal stop codons. Phase 3 of sequence is used instead.
Gene 3158_g (- strand) contains internal stop codons.
Gene 3159_g (+ strand) contains internal stop codons. Phase 3 of sequence is used instead.
Gene 3160_g (- strand) contains internal stop codons.
Gene 3161_g (+ strand) contains internal stop codons. Phase 3 of sequence is used instead.
Gene 3162_g (- strand) contains internal stop codons.
Gene 3163_g (+ strand) contains internal stop codons. Phase 3 of sequence is used instead.
Gene 3164_g (- strand) contains internal stop codons.
Gene 3165_g (+ strand) contains internal stop codons. Phase 3 of sequence is used instead.
Gene 3166_g (+ strand) contains internal stop codons. Phase 3 of sequence is used instead.
Gene 3167_g (- strand) contains internal stop codons.
Gene 3168_g (- strand) contains internal stop codons.
Gene 3169_g (+ strand) contains internal stop codons.
Gene 3170_g (- strand) contains internal stop codons.
Gene 3171_g (- strand) contains internal stop codons.
Gene 3172_g (+ strand) contains internal stop codons. Phase 3 of sequence is used instead.
Gene 3173_g (- strand) contains internal stop codons.
Gene 3174_g (+ strand) contains internal stop codons. Phase 3 of sequence is used instead.
Gene 3175_g (+ strand) contains internal stop codons. Phase 3 of sequence is used instead.
Gene 3176_g (- strand) contains internal stop codons.
Gene 3177_g (+ strand) contains internal stop codons. Phase 3 of sequence is used instead.
Gene 3178_g (+ strand) contains internal stop codons.
Gene 3179_g (- strand) contains internal stop codons.
Gene 3180_g (- strand) contains internal stop codons.
Gene 3181_g (- strand) contains internal stop codons.
Gene 3182_g (- strand) contains internal stop codons.
Gene 3183_g (- strand) contains internal stop codons.
Gene 3184_g (- strand) contains internal stop codons.
Gene 3185_g (+ strand) contains internal stop codons.
Gene 3186_g (+ strand) contains internal stop codons. Phase 3 of sequence is used instead.
Gene 3187_g (- strand) contains internal stop codons.
Gene 3188_g (+ strand) contains internal stop codons. Phase 3 of sequence is used instead.
Gene 3189_g (- strand) contains internal stop codons.
Gene 3190_g (- strand) contains internal stop codons.
Gene 3191_g (- strand) contains internal stop codons.
Gene 3192_g (- strand) contains internal stop codons.
Gene 3193_g (- strand) contains internal stop codons.
Gene 3194_g (- strand) contains internal stop codons.
Gene 3195_g (- strand) contains internal stop codons.
Gene 3196_g (+ strand) contains internal stop codons.
Gene 3197_g (- strand) contains internal stop codons.
Gene 3198_g (- strand) contains internal stop codons.
Gene 3199_g (+ strand) contains internal stop codons. Phase 3 of sequence is used instead.
Gene 3200_g (- strand) contains internal stop codons.
Gene 3201_g (+ strand) contains internal stop codons. Phase 3 of sequence is used instead.
Gene 3202_g (- strand) contains internal stop codons.
Gene 3203_g (+ strand) contains internal stop codons. Phase 3 of sequence is used instead.
Gene 3204_g (- strand) contains internal stop codons.
Gene 3205_g (- strand) contains internal stop codons.
Gene 3206_g (- strand) contains internal stop codons.
Gene 3207_g (- strand) contains internal stop codons.
Gene 3208_g (- strand) contains internal stop codons.
Gene 3209_g (+ strand) contains internal stop codons.
Gene 3210_g (+ strand) contains internal stop codons. Phase 3 of sequence is used instead.
Gene 3211_g (+ strand) contains internal stop codons. Phase 3 of sequence is used instead.
Gene 3212_g (- strand) contains internal stop codons.
Gene 3213_g (+ strand) contains internal stop codons. Phase 3 of sequence is used instead.
Gene 3214_g (+ strand) contains internal stop codons. Phase 3 of sequence is used instead.
Gene 3215_g (- strand) contains internal stop codons.
Gene 3216_g (+ strand) contains internal stop codons.
Gene 3217_g (- strand) contains internal stop codons.
Gene 3218_g (- strand) contains internal stop codons.
Gene 3219_g (+ strand) contains internal stop codons.
Gene 3220_g (+ strand) contains internal stop codons. Phase 3 of sequence is used instead.
Gene 3221_g (+ strand) contains internal stop codons. Phase 3 of sequence is used instead.
Gene 3222_g (+ strand) contains internal stop codons. Phase 3 of sequence is used instead.
Gene 3223_g (+ strand) contains internal stop codons. Phase 3 of sequence is used instead.
Gene 3224_g (+ strand) contains internal stop codons. Phase 3 of sequence is used instead.
Gene 3225_g (+ strand) contains internal stop codons.
Gene 3226_g (- strand) contains internal stop codons.
Gene 3227_g (+ strand) contains internal stop codons.
Gene 3228_g (+ strand) contains internal stop codons. Phase 3 of sequence is used instead.
Gene 3229_g (- strand) contains internal stop codons.
Gene 3230_g (- strand) contains internal stop codons.
Gene 3231_g (- strand) contains internal stop codons.
Gene 3232_g (+ strand) contains internal stop codons. Phase 3 of sequence is used instead.
Gene 3233_g (- strand) contains internal stop codons.
Gene 3234_g (+ strand) contains internal stop codons.
Gene 3235_g (+ strand) contains internal stop codons. Phase 3 of sequence is used instead.
Gene 3236_g (- strand) contains internal stop codons.
Gene 3237_g (+ strand) contains internal stop codons. Phase 3 of sequence is used instead.
Gene 3238_g (- strand) contains internal stop codons.
Gene 3239_g (+ strand) contains internal stop codons.
Gene 3240_g (+ strand) contains internal stop codons. Phase 3 of sequence is used instead.
Gene 3241_g (+ strand) contains internal stop codons. Phase 3 of sequence is used instead.
Gene 3242_g (+ strand) contains internal stop codons. Phase 3 of sequence is used instead.
Gene 3243_g (+ strand) contains internal stop codons. Phase 3 of sequence is used instead.
Gene 3244_g (+ strand) contains internal stop codons. Phase 3 of sequence is used instead.
Gene 3245_g (+ strand) contains internal stop codons. Phase 3 of sequence is used instead.
Gene 3246_g (+ strand) contains internal stop codons.
Gene 3247_g (+ strand) contains internal stop codons. Phase 3 of sequence is used instead.
Gene 3248_g (- strand) contains internal stop codons.
Gene 3249_g (+ strand) contains internal stop codons. Phase 3 of sequence is used instead.
Gene 3250_g (+ strand) contains internal stop codons.
Gene 3251_g (- strand) contains internal stop codons.
Gene 3252_g (+ strand) contains internal stop codons. Phase 3 of sequence is used instead.
Gene 3253_g (+ strand) contains internal stop codons. Phase 3 of sequence is used instead.
Gene 3254_g (- strand) contains internal stop codons.
Gene 3255_g (- strand) contains internal stop codons.
Gene 3256_g (- strand) contains internal stop codons.
Gene 3257_g (+ strand) contains internal stop codons. Phase 3 of sequence is used instead.
Gene 3258_g (- strand) contains internal stop codons.
Gene 3259_g (+ strand) contains internal stop codons. Phase 3 of sequence is used instead.
Gene 3260_g (- strand) contains internal stop codons.
Gene 3261_g (- strand) contains internal stop codons.
Gene 3262_g (+ strand) contains internal stop codons. Phase 3 of sequence is used instead.
Gene 3263_g (- strand) contains internal stop codons.
Gene 3264_g (- strand) contains internal stop codons.
Gene 3265_g (+ strand) contains internal stop codons.
Gene 3266_g (+ strand) contains internal stop codons. Phase 3 of sequence is used instead.
Gene 3267_g (+ strand) contains internal stop codons. Phase 3 of sequence is used instead.
Gene 3268_g (- strand) contains internal stop codons.
Gene 3269_g (+ strand) contains internal stop codons. Phase 3 of sequence is used instead.
Gene 3270_g (+ strand) contains internal stop codons. Phase 3 of sequence is used instead.
Gene 3271_g (+ strand) contains internal stop codons. Phase 3 of sequence is used instead.
Gene 3272_g (+ strand) contains internal stop codons.
Gene 3273_g (+ strand) contains internal stop codons. Phase 3 of sequence is used instead.
Gene 3274_g (+ strand) contains internal stop codons.
Gene 3275_g (- strand) contains internal stop codons.
Gene 3276_g (+ strand) contains internal stop codons.
Gene 3277_g (- strand) contains internal stop codons.
Gene 3278_g (+ strand) contains internal stop codons.
Gene 3279_g (- strand) contains internal stop codons.
Gene 3280_g (- strand) contains internal stop codons.
Gene 3281_g (+ strand) contains internal stop codons.
Gene 3282_g (+ strand) contains internal stop codons. Phase 3 of sequence is used instead.
Gene 3283_g (- strand) contains internal stop codons.
Gene 3284_g (+ strand) contains internal stop codons.
Gene 3285_g (- strand) contains internal stop codons.
Gene 3286_g (+ strand) contains internal stop codons. Phase 3 of sequence is used instead.
Gene 3287_g (+ strand) contains internal stop codons. Phase 3 of sequence is used instead.
Gene 3288_g (+ strand) contains internal stop codons. Phase 3 of sequence is used instead.
Gene 3289_g (- strand) contains internal stop codons.
Gene 3290_g (+ strand) contains internal stop codons. Phase 3 of sequence is used instead.
Gene 3291_g (- strand) contains internal stop codons.
Gene 3292_g (+ strand) contains internal stop codons. Phase 3 of sequence is used instead.
Gene 3293_g (- strand) contains internal stop codons.
Gene 3294_g (- strand) contains internal stop codons.
Gene 3295_g (+ strand) contains internal stop codons. Phase 3 of sequence is used instead.
Gene 3296_g (- strand) contains internal stop codons.
Gene 3297_g (- strand) contains internal stop codons.
Gene 3298_g (+ strand) contains internal stop codons.
Gene 3299_g (- strand) contains internal stop codons.
Gene 3300_g (- strand) contains internal stop codons.
Gene 3301_g (- strand) contains internal stop codons.
Gene 3302_g (- strand) contains internal stop codons.
Gene 3303_g (+ strand) contains internal stop codons.
Gene 3304_g (+ strand) contains internal stop codons. Phase 3 of sequence is used instead.
Gene 3305_g (+ strand) contains internal stop codons. Phase 3 of sequence is used instead.
Gene 3306_g (- strand) contains internal stop codons.
Gene 3307_g (- strand) contains internal stop codons.
Gene 3308_g (+ strand) contains internal stop codons. Phase 3 of sequence is used instead.
Gene 3309_g (- strand) contains internal stop codons.
Gene 3310_g (+ strand) contains internal stop codons. Phase 3 of sequence is used instead.
Gene 3311_g (+ strand) contains internal stop codons.
Gene 3312_g (- strand) contains internal stop codons.
Gene 3313_g (+ strand) contains internal stop codons. Phase 3 of sequence is used instead.
Gene 3314_g (+ strand) contains internal stop codons. Phase 3 of sequence is used instead.
Gene 3315_g (- strand) contains internal stop codons.
Gene 3316_g (- strand) contains internal stop codons.
Gene 3317_g (+ strand) contains internal stop codons.
Gene 3318_g (- strand) contains internal stop codons.
Gene 3319_g (+ strand) contains internal stop codons. Phase 3 of sequence is used instead.
Gene 3320_g (+ strand) contains internal stop codons. Phase 3 of sequence is used instead.
Gene 3321_g (- strand) contains internal stop codons.
Gene 3322_g (+ strand) contains internal stop codons. Phase 3 of sequence is used instead.
Gene 3323_g (+ strand) contains internal stop codons. Phase 3 of sequence is used instead.
Gene 3324_g (+ strand) contains internal stop codons. Phase 3 of sequence is used instead.
Gene 3325_g (+ strand) contains internal stop codons. Phase 3 of sequence is used instead.
Gene 3326_g (- strand) contains internal stop codons.
Gene 3327_g (+ strand) contains internal stop codons. Phase 3 of sequence is used instead.
Gene 3328_g (- strand) contains internal stop codons.
Gene 3329_g (+ strand) contains internal stop codons. Phase 3 of sequence is used instead.
Gene 3330_g (- strand) contains internal stop codons.
Gene 3331_g (+ strand) contains internal stop codons.
Gene 3332_g (+ strand) contains internal stop codons. Phase 3 of sequence is used instead.
Gene 3333_g (- strand) contains internal stop codons.
Gene 3334_g (- strand) contains internal stop codons.
Gene 3335_g (- strand) contains internal stop codons.
Gene 3336_g (- strand) contains internal stop codons.
Gene 3337_g (- strand) contains internal stop codons.
Gene 3338_g (+ strand) contains internal stop codons. Phase 3 of sequence is used instead.
Gene 3339_g (- strand) contains internal stop codons.
Gene 3340_g (+ strand) contains internal stop codons. Phase 3 of sequence is used instead.
Gene 3341_g (+ strand) contains internal stop codons. Phase 3 of sequence is used instead.
Gene 3342_g (- strand) contains internal stop codons.
Gene 3343_g (+ strand) contains internal stop codons.
Gene 3344_g (- strand) contains internal stop codons.
Gene 3345_g (+ strand) contains internal stop codons. Phase 3 of sequence is used instead.
Gene 3346_g (+ strand) contains internal stop codons. Phase 3 of sequence is used instead.
Gene 3347_g (- strand) contains internal stop codons.
Gene 3348_g (- strand) contains internal stop codons.
Gene 3349_g (+ strand) contains internal stop codons.
Gene 3350_g (- strand) contains internal stop codons.
Gene 3351_g (- strand) contains internal stop codons.
Gene 3352_g (+ strand) contains internal stop codons. Phase 3 of sequence is used instead.
Gene 3353_g (- strand) contains internal stop codons.
Gene 3354_g (- strand) contains internal stop codons.
Gene 3355_g (+ strand) contains internal stop codons. Phase 3 of sequence is used instead.
Gene 3356_g (- strand) contains internal stop codons.
Gene 3357_g (- strand) contains internal stop codons.
Gene 3358_g (- strand) contains internal stop codons.
Gene 3359_g (+ strand) contains internal stop codons. Phase 3 of sequence is used instead.
Gene 3360_g (- strand) contains internal stop codons.
Gene 3361_g (- strand) contains internal stop codons.
Gene 3362_g (- strand) contains internal stop codons.
Gene 3363_g (- strand) contains internal stop codons.
Gene 3364_g (+ strand) contains internal stop codons. Phase 3 of sequence is used instead.
Gene 3365_g (+ strand) contains internal stop codons. Phase 3 of sequence is used instead.
Gene 3366_g (- strand) contains internal stop codons.
Gene 3367_g (- strand) contains internal stop codons.
Gene 3368_g (+ strand) contains internal stop codons. Phase 3 of sequence is used instead.
Gene 3369_g (- strand) contains internal stop codons.
Gene 3370_g (- strand) contains internal stop codons.
Gene 3371_g (+ strand) contains internal stop codons.
Gene 3372_g (+ strand) contains internal stop codons. Phase 3 of sequence is used instead.
Gene 3373_g (- strand) contains internal stop codons.
Gene 3374_g (- strand) contains internal stop codons.
Gene 3375_g (- strand) contains internal stop codons.
Gene 3376_g (+ strand) contains internal stop codons. Phase 3 of sequence is used instead.
Gene 3377_g (+ strand) contains internal stop codons.
Gene 3378_g (+ strand) contains internal stop codons. Phase 3 of sequence is used instead.
Gene 3379_g (- strand) contains internal stop codons.
Gene 3380_g (+ strand) contains internal stop codons. Phase 3 of sequence is used instead.
Gene 3381_g (- strand) contains internal stop codons.
Gene 3382_g (+ strand) contains internal stop codons.
Gene 3383_g (- strand) contains internal stop codons.
Gene 3384_g (- strand) contains internal stop codons.
Gene 3385_g (+ strand) contains internal stop codons. Phase 3 of sequence is used instead.
Gene 3386_g (- strand) contains internal stop codons.
Gene 3387_g (+ strand) contains internal stop codons.
Gene 3388_g (- strand) contains internal stop codons.
Gene 3389_g (- strand) contains internal stop codons.
Gene 3390_g (+ strand) contains internal stop codons. Phase 3 of sequence is used instead.
Gene 3391_g (- strand) contains internal stop codons.
Gene 3392_g (+ strand) contains internal stop codons.
Gene 3393_g (- strand) contains internal stop codons.
Gene 3394_g (- strand) contains internal stop codons.
Gene 3395_g (- strand) contains internal stop codons.
Gene 3396_g (+ strand) contains internal stop codons. Phase 3 of sequence is used instead.
Gene 3397_g (+ strand) contains internal stop codons. Phase 3 of sequence is used instead.
Gene 3398_g (- strand) contains internal stop codons.
Gene 3399_g (- strand) contains internal stop codons.
Gene 3400_g (- strand) contains internal stop codons.
Gene 3401_g (- strand) contains internal stop codons.
Gene 3402_g (- strand) contains internal stop codons.
Gene 3403_g (- strand) contains internal stop codons.
Gene 3404_g (- strand) contains internal stop codons.
Gene 3405_g (+ strand) contains internal stop codons. Phase 3 of sequence is used instead.
Gene 3406_g (+ strand) contains internal stop codons. Phase 3 of sequence is used instead.
Gene 3407_g (+ strand) contains internal stop codons.
Gene 3408_g (+ strand) contains internal stop codons.
Gene 3409_g (+ strand) contains internal stop codons. Phase 3 of sequence is used instead.
Gene 3410_g (+ strand) contains internal stop codons. Phase 3 of sequence is used instead.
Gene 3411_g (- strand) contains internal stop codons.
Gene 3412_g (- strand) contains internal stop codons.
Gene 3413_g (- strand) contains internal stop codons.
Gene 3414_g (- strand) contains internal stop codons.
Gene 3415_g (+ strand) contains internal stop codons. Phase 3 of sequence is used instead.
Gene 3416_g (- strand) contains internal stop codons.
Gene 3417_g (+ strand) contains internal stop codons. Phase 3 of sequence is used instead.
Gene 3418_g (+ strand) contains internal stop codons.
Gene 3419_g (+ strand) contains internal stop codons. Phase 3 of sequence is used instead.
Gene 3420_g (- strand) contains internal stop codons.
Gene 3421_g (- strand) contains internal stop codons.
Gene 3422_g (+ strand) contains internal stop codons.
Gene 3423_g (- strand) contains internal stop codons.
Gene 3424_g (- strand) contains internal stop codons.
Gene 3425_g (- strand) contains internal stop codons.
Gene 3426_g (+ strand) contains internal stop codons.
Gene 3427_g (+ strand) contains internal stop codons.
Gene 3428_g (+ strand) contains internal stop codons.
Gene 3429_g (- strand) contains internal stop codons.
Gene 3430_g (+ strand) contains internal stop codons. Phase 3 of sequence is used instead.
Gene 3431_g (- strand) contains internal stop codons.
Gene 3432_g (- strand) contains internal stop codons.
Gene 3433_g (- strand) contains internal stop codons.
Gene 3434_g (- strand) contains internal stop codons.
Gene 3435_g (- strand) contains internal stop codons.
Gene 3436_g (+ strand) contains internal stop codons. Phase 3 of sequence is used instead.
Gene 3437_g (+ strand) contains internal stop codons.
Gene 3438_g (+ strand) contains internal stop codons.
Gene 3439_g (+ strand) contains internal stop codons.
Gene 3440_g (- strand) contains internal stop codons.
Gene 3441_g (- strand) contains internal stop codons.
Gene 3442_g (+ strand) contains internal stop codons. Phase 3 of sequence is used instead.
Gene 3443_g (- strand) contains internal stop codons.
Gene 3444_g (+ strand) contains internal stop codons. Phase 3 of sequence is used instead.
Gene 3445_g (- strand) contains internal stop codons.
Gene 3446_g (- strand) contains internal stop codons.
Gene 3447_g (- strand) contains internal stop codons.
Gene 3448_g (+ strand) contains internal stop codons.
Gene 3449_g (- strand) contains internal stop codons.
Gene 3450_g (+ strand) contains internal stop codons. Phase 3 of sequence is used instead.
Gene 3451_g (- strand) contains internal stop codons.
Gene 3452_g (+ strand) contains internal stop codons.
Gene 3453_g (- strand) contains internal stop codons.
Gene 3454_g (+ strand) contains internal stop codons. Phase 3 of sequence is used instead.
Gene 3455_g (+ strand) contains internal stop codons. Phase 3 of sequence is used instead.
Gene 3456_g (- strand) contains internal stop codons.
Gene 3457_g (+ strand) contains internal stop codons. Phase 3 of sequence is used instead.
Gene 3458_g (- strand) contains internal stop codons.
Gene 3459_g (+ strand) contains internal stop codons. Phase 3 of sequence is used instead.
Gene 3460_g (+ strand) contains internal stop codons. Phase 3 of sequence is used instead.
Gene 3461_g (+ strand) contains internal stop codons. Phase 3 of sequence is used instead.
Gene 3462_g (- strand) contains internal stop codons.
Gene 3463_g (- strand) contains internal stop codons.
Gene 3464_g (+ strand) contains internal stop codons. Phase 3 of sequence is used instead.
Gene 3465_g (+ strand) contains internal stop codons. Phase 3 of sequence is used instead.
Gene 3466_g (- strand) contains internal stop codons.
Gene 3467_g (- strand) contains internal stop codons.
Gene 3468_g (+ strand) contains internal stop codons. Phase 3 of sequence is used instead.
Gene 3469_g (- strand) contains internal stop codons.
Gene 3470_g (- strand) contains internal stop codons.
Gene 3471_g (- strand) contains internal stop codons.
Gene 3472_g (- strand) contains internal stop codons.
Gene 3473_g (+ strand) contains internal stop codons. Phase 3 of sequence is used instead.
Gene 3474_g (- strand) contains internal stop codons.
Gene 3475_g (- strand) contains internal stop codons.
Gene 3476_g (+ strand) contains internal stop codons. Phase 3 of sequence is used instead.
Gene 3477_g (- strand) contains internal stop codons.
Gene 3478_g (+ strand) contains internal stop codons. Phase 3 of sequence is used instead.
Gene 3479_g (- strand) contains internal stop codons.
Gene 3480_g (+ strand) contains internal stop codons. Phase 3 of sequence is used instead.
Gene 3481_g (- strand) contains internal stop codons.
Gene 3482_g (+ strand) contains internal stop codons. Phase 3 of sequence is used instead.
Gene 3483_g (- strand) contains internal stop codons.
Gene 3484_g (+ strand) contains internal stop codons.
Gene 3485_g (- strand) contains internal stop codons.
Gene 3486_g (- strand) contains internal stop codons.
Gene 3487_g (+ strand) contains internal stop codons. Phase 3 of sequence is used instead.
Gene 3488_g (- strand) contains internal stop codons.
Gene 3489_g (- strand) contains internal stop codons.
Gene 3490_g (- strand) contains internal stop codons.
Gene 3491_g (+ strand) contains internal stop codons.
Gene 3492_g (- strand) contains internal stop codons.
Gene 3493_g (- strand) contains internal stop codons.
Gene 3494_g (- strand) contains internal stop codons.
Gene 3495_g (- strand) contains internal stop codons.
Gene 3496_g (+ strand) contains internal stop codons. Phase 3 of sequence is used instead.
Gene 3497_g (- strand) contains internal stop codons.
Gene 3498_g (- strand) contains internal stop codons.
Gene 3499_g (+ strand) contains internal stop codons.
Gene 3500_g (- strand) contains internal stop codons.
Gene 3501_g (+ strand) contains internal stop codons. Phase 3 of sequence is used instead.
Gene 3502_g (+ strand) contains internal stop codons. Phase 3 of sequence is used instead.
Gene 3503_g (- strand) contains internal stop codons.
Gene 3504_g (+ strand) contains internal stop codons. Phase 3 of sequence is used instead.
Gene 3505_g (- strand) contains internal stop codons.
Gene 3506_g (+ strand) contains internal stop codons. Phase 3 of sequence is used instead.
Gene 3507_g (- strand) contains internal stop codons.
Gene 3508_g (+ strand) contains internal stop codons. Phase 3 of sequence is used instead.
Gene 3509_g (- strand) contains internal stop codons.
Gene 3510_g (- strand) contains internal stop codons.
Gene 3511_g (+ strand) contains internal stop codons. Phase 3 of sequence is used instead.
Gene 3512_g (- strand) contains internal stop codons.
Gene 3513_g (+ strand) contains internal stop codons. Phase 3 of sequence is used instead.
Gene 3514_g (+ strand) contains internal stop codons.
Gene 3515_g (- strand) contains internal stop codons.
Gene 3516_g (+ strand) contains internal stop codons. Phase 3 of sequence is used instead.
Gene 3517_g (- strand) contains internal stop codons.
Gene 3518_g (+ strand) contains internal stop codons. Phase 3 of sequence is used instead.
Gene 3519_g (- strand) contains internal stop codons.
Gene 3520_g (- strand) contains internal stop codons.
Gene 3521_g (+ strand) contains internal stop codons.
Gene 3522_g (+ strand) contains internal stop codons. Phase 3 of sequence is used instead.
Gene 3523_g (+ strand) contains internal stop codons. Phase 3 of sequence is used instead.
Gene 3524_g (+ strand) contains internal stop codons. Phase 3 of sequence is used instead.
Gene 3525_g (+ strand) contains internal stop codons. Phase 3 of sequence is used instead.
Gene 3526_g (+ strand) contains internal stop codons.
Gene 3527_g (- strand) contains internal stop codons.
Gene 3528_g (+ strand) contains internal stop codons. Phase 3 of sequence is used instead.
Gene 3529_g (- strand) contains internal stop codons.
Gene 3530_g (+ strand) contains internal stop codons.
Gene 3531_g (+ strand) contains internal stop codons. Phase 3 of sequence is used instead.
Gene 3532_g (- strand) contains internal stop codons.
Gene 3533_g (+ strand) contains internal stop codons.
Gene 3534_g (- strand) contains internal stop codons.
Gene 3535_g (+ strand) contains internal stop codons. Phase 3 of sequence is used instead.
Gene 3536_g (- strand) contains internal stop codons.
Gene 3537_g (+ strand) contains internal stop codons. Phase 3 of sequence is used instead.
Gene 3538_g (+ strand) contains internal stop codons. Phase 3 of sequence is used instead.
Gene 3539_g (+ strand) contains internal stop codons. Phase 3 of sequence is used instead.
Gene 3540_g (- strand) contains internal stop codons.
Gene 3541_g (+ strand) contains internal stop codons.
Gene 3542_g (- strand) contains internal stop codons.
Gene 3543_g (+ strand) contains internal stop codons. Phase 3 of sequence is used instead.
Gene 3544_g (+ strand) contains internal stop codons.
Gene 3545_g (+ strand) contains internal stop codons. Phase 3 of sequence is used instead.
Gene 3546_g (- strand) contains internal stop codons.
Gene 3547_g (- strand) contains internal stop codons.
Gene 3548_g (- strand) contains internal stop codons.
Gene 3549_g (+ strand) contains internal stop codons. Phase 3 of sequence is used instead.
Gene 3550_g (+ strand) contains internal stop codons. Phase 3 of sequence is used instead.
Gene 3551_g (- strand) contains internal stop codons.
Gene 3552_g (+ strand) contains internal stop codons. Phase 3 of sequence is used instead.
Gene 3553_g (- strand) contains internal stop codons.
Gene 3554_g (+ strand) contains internal stop codons. Phase 3 of sequence is used instead.
Gene 3555_g (+ strand) contains internal stop codons.
Gene 3556_g (+ strand) contains internal stop codons. Phase 3 of sequence is used instead.
Gene 3557_g (- strand) contains internal stop codons.
Gene 3558_g (+ strand) contains internal stop codons. Phase 3 of sequence is used instead.
Gene 3559_g (- strand) contains internal stop codons.
Gene 3560_g (+ strand) contains internal stop codons. Phase 3 of sequence is used instead.
Gene 3561_g (+ strand) contains internal stop codons. Phase 3 of sequence is used instead.
Gene 3562_g (- strand) contains internal stop codons.
Gene 3563_g (- strand) contains internal stop codons.
Gene 3564_g (+ strand) contains internal stop codons. Phase 3 of sequence is used instead.
Gene 3565_g (- strand) contains internal stop codons.
Gene 3566_g (+ strand) contains internal stop codons.
Gene 3567_g (- strand) contains internal stop codons.
Gene 3568_g (+ strand) contains internal stop codons. Phase 3 of sequence is used instead.
Gene 3569_g (- strand) contains internal stop codons.
Gene 3570_g (- strand) contains internal stop codons.
Gene 3571_g (- strand) contains internal stop codons.
Gene 3572_g (- strand) contains internal stop codons.
Gene 3573_g (+ strand) contains internal stop codons. Phase 3 of sequence is used instead.
Gene 3574_g (+ strand) contains internal stop codons. Phase 3 of sequence is used instead.
Gene 3575_g (+ strand) contains internal stop codons.
Gene 3576_g (- strand) contains internal stop codons.
Gene 3577_g (+ strand) contains internal stop codons.
Gene 3578_g (+ strand) contains internal stop codons. Phase 3 of sequence is used instead.
Gene 3579_g (- strand) contains internal stop codons.
Gene 3580_g (- strand) contains internal stop codons.
Gene 3581_g (- strand) contains internal stop codons.
Gene 3582_g (+ strand) contains internal stop codons.
Gene 3583_g (- strand) contains internal stop codons.
Gene 3584_g (- strand) contains internal stop codons.
Gene 3585_g (- strand) contains internal stop codons.
Gene 3586_g (- strand) contains internal stop codons.
Gene 3587_g (- strand) contains internal stop codons.
Gene 3588_g (+ strand) contains internal stop codons.
Gene 3589_g (- strand) contains internal stop codons.
Gene 3590_g (+ strand) contains internal stop codons. Phase 3 of sequence is used instead.
Gene 3591_g (- strand) contains internal stop codons.
Gene 3592_g (- strand) contains internal stop codons.
Gene 3593_g (+ strand) contains internal stop codons.
Gene 3594_g (+ strand) contains internal stop codons. Phase 3 of sequence is used instead.
Gene 3595_g (+ strand) contains internal stop codons. Phase 3 of sequence is used instead.
Gene 3596_g (- strand) contains internal stop codons.
Gene 3597_g (+ strand) contains internal stop codons. Phase 3 of sequence is used instead.
Gene 3598_g (+ strand) contains internal stop codons. Phase 3 of sequence is used instead.
Gene 3599_g (+ strand) contains internal stop codons. Phase 3 of sequence is used instead.
Gene 3600_g (- strand) contains internal stop codons.
Gene 3601_g (- strand) contains internal stop codons.
Gene 3602_g (+ strand) contains internal stop codons.
Gene 3603_g (- strand) contains internal stop codons.
Gene 3604_g (- strand) contains internal stop codons.
Gene 3605_g (- strand) contains internal stop codons.
Gene 3606_g (+ strand) contains internal stop codons. Phase 3 of sequence is used instead.
Gene 3607_g (+ strand) contains internal stop codons. Phase 3 of sequence is used instead.
Gene 3608_g (- strand) contains internal stop codons.
Gene 3609_g (+ strand) contains internal stop codons. Phase 3 of sequence is used instead.
Gene 3610_g (- strand) contains internal stop codons.
Gene 3611_g (- strand) contains internal stop codons.
Gene 3612_g (+ strand) contains internal stop codons. Phase 3 of sequence is used instead.
Gene 3613_g (- strand) contains internal stop codons.
Gene 3614_g (+ strand) contains internal stop codons. Phase 3 of sequence is used instead.
Gene 3615_g (- strand) contains internal stop codons.
Gene 3616_g (- strand) contains internal stop codons.
Gene 3617_g (- strand) contains internal stop codons.
Gene 3618_g (- strand) contains internal stop codons.
Gene 3619_g (- strand) contains internal stop codons.
Gene 3620_g (+ strand) contains internal stop codons.
Gene 3621_g (- strand) contains internal stop codons.
Gene 3622_g (- strand) contains internal stop codons.
Gene 3623_g (+ strand) contains internal stop codons. Phase 3 of sequence is used instead.
Gene 3624_g (- strand) contains internal stop codons.
Gene 3625_g (+ strand) contains internal stop codons. Phase 3 of sequence is used instead.
Gene 3626_g (+ strand) contains internal stop codons. Phase 3 of sequence is used instead.
Gene 3627_g (+ strand) contains internal stop codons. Phase 3 of sequence is used instead.
Gene 3628_g (+ strand) contains internal stop codons. Phase 3 of sequence is used instead.
Gene 3629_g (- strand) contains internal stop codons.
Gene 3630_g (- strand) contains internal stop codons.
Gene 3631_g (- strand) contains internal stop codons.
Gene 3632_g (- strand) contains internal stop codons.
Gene 3633_g (+ strand) contains internal stop codons. Phase 3 of sequence is used instead.
Gene 3634_g (- strand) contains internal stop codons.
Gene 3635_g (+ strand) contains internal stop codons. Phase 3 of sequence is used instead.
Gene 3636_g (- strand) contains internal stop codons.
Gene 3637_g (- strand) contains internal stop codons.
Gene 3638_g (- strand) contains internal stop codons.
Gene 3639_g (+ strand) contains internal stop codons. Phase 3 of sequence is used instead.
Gene 3640_g (- strand) contains internal stop codons.
Gene 3641_g (- strand) contains internal stop codons.
Gene 3642_g (+ strand) contains internal stop codons. Phase 3 of sequence is used instead.
Gene 3643_g (+ strand) contains internal stop codons. Phase 3 of sequence is used instead.
Gene 3644_g (- strand) contains internal stop codons.
Gene 3645_g (- strand) contains internal stop codons.
Gene 3646_g (+ strand) contains internal stop codons. Phase 3 of sequence is used instead.
Gene 3647_g (- strand) contains internal stop codons.
Gene 3648_g (+ strand) contains internal stop codons. Phase 3 of sequence is used instead.
Gene 3649_g (- strand) contains internal stop codons.
Gene 3650_g (- strand) contains internal stop codons.
Gene 3651_g (- strand) contains internal stop codons. Phase 2 of sequence is used instead.
Gene 3652_g (- strand) contains internal stop codons.
Gene 3653_g (- strand) contains internal stop codons.
Gene 3654_g (+ strand) contains internal stop codons. Phase 3 of sequence is used instead.
Gene 3655_g (- strand) contains internal stop codons.
Gene 3656_g (+ strand) contains internal stop codons. Phase 3 of sequence is used instead.
Gene 3657_g (- strand) contains internal stop codons.
Gene 3658_g (+ strand) contains internal stop codons.
Gene 3659_g (- strand) contains internal stop codons.
Gene 3660_g (+ strand) contains internal stop codons. Phase 3 of sequence is used instead.
Gene 3661_g (- strand) contains internal stop codons.
Gene 3662_g (- strand) contains internal stop codons.
Gene 3663_g (+ strand) contains internal stop codons. Phase 3 of sequence is used instead.
Gene 3664_g (- strand) contains internal stop codons.
Gene 3665_g (+ strand) contains internal stop codons. Phase 3 of sequence is used instead.
Gene 3666_g (- strand) contains internal stop codons.
Gene 3667_g (+ strand) contains internal stop codons. Phase 3 of sequence is used instead.
Gene 3668_g (+ strand) contains internal stop codons. Phase 3 of sequence is used instead.
Gene 3669_g (- strand) contains internal stop codons.
Gene 3670_g (- strand) contains internal stop codons.
Gene 3671_g (+ strand) contains internal stop codons.
Gene 3672_g (+ strand) contains internal stop codons. Phase 3 of sequence is used instead.
Gene 3673_g (- strand) contains internal stop codons.
Gene 3674_g (- strand) contains internal stop codons.
Gene 3675_g (- strand) contains internal stop codons.
Gene 3676_g (- strand) contains internal stop codons.
Gene 3677_g (+ strand) contains internal stop codons. Phase 3 of sequence is used instead.
Gene 3678_g (- strand) contains internal stop codons.
Gene 3679_g (- strand) contains internal stop codons.
Gene 3680_g (- strand) contains internal stop codons.
Gene 3681_g (+ strand) contains internal stop codons. Phase 3 of sequence is used instead.
Gene 3682_g (- strand) contains internal stop codons.
Gene 3683_g (+ strand) contains internal stop codons. Phase 3 of sequence is used instead.
Gene 3684_g (- strand) contains internal stop codons.
Gene 3685_g (- strand) contains internal stop codons.
Gene 3686_g (+ strand) contains internal stop codons. Phase 3 of sequence is used instead.
Gene 3687_g (+ strand) contains internal stop codons. Phase 3 of sequence is used instead.
Gene 3688_g (- strand) contains internal stop codons.
Gene 3689_g (- strand) contains internal stop codons.
Gene 3690_g (+ strand) contains internal stop codons. Phase 3 of sequence is used instead.
Gene 3691_g (- strand) contains internal stop codons.
Gene 3692_g (- strand) contains internal stop codons.
Gene 3693_g (- strand) contains internal stop codons.
Gene 3694_g (- strand) contains internal stop codons.
Gene 3695_g (- strand) contains internal stop codons.
Gene 3696_g (+ strand) contains internal stop codons.
Gene 3697_g (+ strand) contains internal stop codons.
Gene 3698_g (+ strand) contains internal stop codons. Phase 3 of sequence is used instead.
Gene 3699_g (- strand) contains internal stop codons.
Gene 3700_g (- strand) contains internal stop codons.
Gene 3701_g (+ strand) contains internal stop codons. Phase 3 of sequence is used instead.
Gene 3702_g (- strand) contains internal stop codons.
Gene 3703_g (- strand) contains internal stop codons.
Gene 3704_g (+ strand) contains internal stop codons.
Gene 3705_g (+ strand) contains internal stop codons. Phase 3 of sequence is used instead.
Gene 3706_g (- strand) contains internal stop codons.
Gene 3707_g (- strand) contains internal stop codons.
Gene 3708_g (- strand) contains internal stop codons.
Gene 3709_g (+ strand) contains internal stop codons. Phase 3 of sequence is used instead.
Gene 3710_g (+ strand) contains internal stop codons. Phase 3 of sequence is used instead.
Gene 3711_g (- strand) contains internal stop codons.
Gene 3712_g (- strand) contains internal stop codons.
Gene 3713_g (- strand) contains internal stop codons.
Gene 3714_g (+ strand) contains internal stop codons. Phase 3 of sequence is used instead.
Gene 3715_g (- strand) contains internal stop codons.
Gene 3716_g (- strand) contains internal stop codons.
Gene 3717_g (+ strand) contains internal stop codons. Phase 3 of sequence is used instead.
Gene 3718_g (- strand) contains internal stop codons.
Gene 3719_g (- strand) contains internal stop codons.
Gene 3720_g (- strand) contains internal stop codons.
Gene 3721_g (- strand) contains internal stop codons.
Gene 3722_g (+ strand) contains internal stop codons. Phase 3 of sequence is used instead.
Gene 3723_g (- strand) contains internal stop codons.
Gene 3724_g (+ strand) contains internal stop codons. Phase 3 of sequence is used instead.
Gene 3725_g (+ strand) contains internal stop codons. Phase 3 of sequence is used instead.
Gene 3726_g (- strand) contains internal stop codons.
Gene 3727_g (- strand) contains internal stop codons.
Gene 3728_g (- strand) contains internal stop codons.
Gene 3729_g (+ strand) contains internal stop codons. Phase 3 of sequence is used instead.
Gene 3730_g (+ strand) contains internal stop codons. Phase 3 of sequence is used instead.
Gene 3731_g (+ strand) contains internal stop codons.
Gene 3732_g (+ strand) contains internal stop codons.
Gene 3733_g (+ strand) contains internal stop codons. Phase 3 of sequence is used instead.
Gene 3734_g (+ strand) contains internal stop codons. Phase 3 of sequence is used instead.
Gene 3735_g (- strand) contains internal stop codons.
Gene 3736_g (- strand) contains internal stop codons.
Gene 3737_g (+ strand) contains internal stop codons.
Gene 3738_g (- strand) contains internal stop codons.
Gene 3739_g (- strand) contains internal stop codons.
Gene 3740_g (+ strand) contains internal stop codons. Phase 3 of sequence is used instead.
Gene 3741_g (- strand) contains internal stop codons.
Gene 3742_g (+ strand) contains internal stop codons. Phase 3 of sequence is used instead.
Gene 3743_g (- strand) contains internal stop codons.
Gene 3744_g (- strand) contains internal stop codons.
Gene 3745_g (+ strand) contains internal stop codons. Phase 3 of sequence is used instead.
Gene 3746_g (- strand) contains internal stop codons.
Gene 3747_g (+ strand) contains internal stop codons.
Gene 3748_g (- strand) contains internal stop codons.
Gene 3749_g (+ strand) contains internal stop codons. Phase 3 of sequence is used instead.
Gene 3750_g (- strand) contains internal stop codons.
Gene 3751_g (+ strand) contains internal stop codons. Phase 3 of sequence is used instead.
Gene 3752_g (+ strand) contains internal stop codons. Phase 3 of sequence is used instead.
Gene 3753_g (- strand) contains internal stop codons.
Gene 3754_g (+ strand) contains internal stop codons. Phase 3 of sequence is used instead.
Gene 3755_g (+ strand) contains internal stop codons. Phase 3 of sequence is used instead.
Gene 3756_g (- strand) contains internal stop codons.
Gene 3757_g (+ strand) contains internal stop codons. Phase 3 of sequence is used instead.
Gene 3758_g (+ strand) contains internal stop codons. Phase 3 of sequence is used instead.
Gene 3759_g (+ strand) contains internal stop codons.
Gene 3760_g (- strand) contains internal stop codons.
Gene 3761_g (- strand) contains internal stop codons.
Gene 3762_g (- strand) contains internal stop codons.
Gene 3763_g (- strand) contains internal stop codons.
Gene 3764_g (- strand) contains internal stop codons.
Gene 3765_g (+ strand) contains internal stop codons.
Gene 3766_g (+ strand) contains internal stop codons. Phase 3 of sequence is used instead.
Gene 3767_g (- strand) contains internal stop codons.
Gene 3768_g (+ strand) contains internal stop codons.
Gene 3769_g (- strand) contains internal stop codons.
Gene 3770_g (+ strand) contains internal stop codons. Phase 3 of sequence is used instead.
Gene 3771_g (+ strand) contains internal stop codons.
Gene 3772_g (+ strand) contains internal stop codons. Phase 3 of sequence is used instead.
Gene 3773_g (- strand) contains internal stop codons.
Gene 3774_g (+ strand) contains internal stop codons. Phase 3 of sequence is used instead.
Gene 3775_g (+ strand) contains internal stop codons. Phase 3 of sequence is used instead.
Gene 3776_g (+ strand) contains internal stop codons.
Gene 3777_g (+ strand) contains internal stop codons. Phase 3 of sequence is used instead.
Gene 3778_g (+ strand) contains internal stop codons. Phase 3 of sequence is used instead.
Gene 3779_g (+ strand) contains internal stop codons. Phase 3 of sequence is used instead.
Gene 3780_g (+ strand) contains internal stop codons. Phase 3 of sequence is used instead.
Gene 3781_g (+ strand) contains internal stop codons. Phase 3 of sequence is used instead.
Gene 3782_g (+ strand) contains internal stop codons. Phase 3 of sequence is used instead.
Gene 3783_g (- strand) contains internal stop codons.
Gene 3784_g (- strand) contains internal stop codons.
Gene 3785_g (- strand) contains internal stop codons.
Gene 3786_g (+ strand) contains internal stop codons.
Gene 3787_g (- strand) contains internal stop codons.
Gene 3788_g (- strand) contains internal stop codons.
Gene 3789_g (+ strand) contains internal stop codons.
Gene 3790_g (- strand) contains internal stop codons.
Gene 3791_g (- strand) contains internal stop codons.
Gene 3792_g (+ strand) contains internal stop codons. Phase 3 of sequence is used instead.
Gene 3793_g (+ strand) contains internal stop codons. Phase 3 of sequence is used instead.
Gene 3794_g (+ strand) contains internal stop codons. Phase 3 of sequence is used instead.
Gene 3795_g (- strand) contains internal stop codons.
Gene 3796_g (- strand) contains internal stop codons.
Gene 3797_g (+ strand) contains internal stop codons. Phase 3 of sequence is used instead.
Gene 3798_g (- strand) contains internal stop codons.
Gene 3799_g (- strand) contains internal stop codons.
Gene 3800_g (- strand) contains internal stop codons.
Gene 3801_g (- strand) contains internal stop codons.
Gene 3802_g (+ strand) contains internal stop codons.
Gene 3803_g (+ strand) contains internal stop codons.
Gene 3804_g (- strand) contains internal stop codons.
Gene 3805_g (+ strand) contains internal stop codons.
Gene 3806_g (- strand) contains internal stop codons.
Gene 3807_g (+ strand) contains internal stop codons. Phase 3 of sequence is used instead.
Gene 3808_g (- strand) contains internal stop codons.
Gene 3809_g (- strand) contains internal stop codons.
Gene 3810_g (+ strand) contains internal stop codons. Phase 3 of sequence is used instead.
Gene 3811_g (- strand) contains internal stop codons.
Gene 3812_g (- strand) contains internal stop codons.
Gene 3813_g (+ strand) contains internal stop codons. Phase 3 of sequence is used instead.
Gene 3814_g (+ strand) contains internal stop codons.
Gene 3815_g (+ strand) contains internal stop codons. Phase 3 of sequence is used instead.
Gene 3816_g (+ strand) contains internal stop codons. Phase 3 of sequence is used instead.
Gene 3817_g (- strand) contains internal stop codons.
Gene 3818_g (- strand) contains internal stop codons.
Gene 3819_g (+ strand) contains internal stop codons. Phase 3 of sequence is used instead.
Gene 3820_g (- strand) contains internal stop codons.
Gene 3821_g (- strand) contains internal stop codons.
Gene 3822_g (+ strand) contains internal stop codons. Phase 3 of sequence is used instead.
Gene 3823_g (+ strand) contains internal stop codons.
Gene 3824_g (- strand) contains internal stop codons.
Gene 3825_g (+ strand) contains internal stop codons. Phase 3 of sequence is used instead.
Gene 3826_g (- strand) contains internal stop codons.
Gene 3827_g (- strand) contains internal stop codons.
Gene 3828_g (- strand) contains internal stop codons.
Gene 3829_g (- strand) contains internal stop codons.
Gene 3830_g (- strand) contains internal stop codons.
Gene 3831_g (- strand) contains internal stop codons.
Gene 3832_g (+ strand) contains internal stop codons. Phase 3 of sequence is used instead.
Gene 3833_g (+ strand) contains internal stop codons. Phase 3 of sequence is used instead.
Gene 3834_g (- strand) contains internal stop codons.
Gene 3835_g (+ strand) contains internal stop codons.
Gene 3836_g (- strand) contains internal stop codons.
Gene 3837_g (+ strand) contains internal stop codons. Phase 3 of sequence is used instead.
Gene 3838_g (- strand) contains internal stop codons.
Gene 3839_g (+ strand) contains internal stop codons.
Gene 3840_g (- strand) contains internal stop codons.
Gene 3841_g (+ strand) contains internal stop codons. Phase 3 of sequence is used instead.
Gene 3842_g (- strand) contains internal stop codons.
Gene 3843_g (+ strand) contains internal stop codons. Phase 3 of sequence is used instead.
Gene 3844_g (- strand) contains internal stop codons.
Gene 3845_g (- strand) contains internal stop codons.
Gene 3846_g (+ strand) contains internal stop codons. Phase 3 of sequence is used instead.
Gene 3847_g (+ strand) contains internal stop codons. Phase 3 of sequence is used instead.
Gene 3848_g (- strand) contains internal stop codons.
Gene 3849_g (+ strand) contains internal stop codons. Phase 3 of sequence is used instead.
Gene 3850_g (- strand) contains internal stop codons.
Gene 3851_g (- strand) contains internal stop codons.
Gene 3852_g (- strand) contains internal stop codons.
Gene 3853_g (+ strand) contains internal stop codons. Phase 3 of sequence is used instead.
Gene 3854_g (- strand) contains internal stop codons.
Gene 3855_g (+ strand) contains internal stop codons. Phase 3 of sequence is used instead.
Gene 3856_g (- strand) contains internal stop codons.
Gene 3857_g (- strand) contains internal stop codons.
Gene 3858_g (- strand) contains internal stop codons.
Gene 3859_g (- strand) contains internal stop codons.
Gene 3860_g (+ strand) contains internal stop codons.
Gene 3861_g (- strand) contains internal stop codons.
Gene 3862_g (+ strand) contains internal stop codons. Phase 3 of sequence is used instead.
Gene 3863_g (- strand) contains internal stop codons.
Gene 3864_g (+ strand) contains internal stop codons. Phase 3 of sequence is used instead.
Gene 3865_g (- strand) contains internal stop codons.
Gene 3866_g (- strand) contains internal stop codons.
Gene 3867_g (- strand) contains internal stop codons.
Gene 3868_g (+ strand) contains internal stop codons. Phase 3 of sequence is used instead.
Gene 3869_g (- strand) contains internal stop codons.
Gene 3870_g (- strand) contains internal stop codons.
Gene 3871_g (+ strand) contains internal stop codons. Phase 3 of sequence is used instead.
Gene 3872_g (- strand) contains internal stop codons.
Gene 3873_g (- strand) contains internal stop codons.
Gene 3874_g (+ strand) contains internal stop codons. Phase 3 of sequence is used instead.
Gene 3875_g (+ strand) contains internal stop codons. Phase 3 of sequence is used instead.
Gene 3876_g (- strand) contains internal stop codons.
Gene 3877_g (+ strand) contains internal stop codons. Phase 3 of sequence is used instead.
Gene 3878_g (+ strand) contains internal stop codons.
Gene 3879_g (+ strand) contains internal stop codons. Phase 3 of sequence is used instead.
Gene 3880_g (- strand) contains internal stop codons.
Gene 3881_g (- strand) contains internal stop codons.
Gene 3882_g (+ strand) contains internal stop codons. Phase 3 of sequence is used instead.
Gene 3883_g (+ strand) contains internal stop codons. Phase 3 of sequence is used instead.
Gene 3884_g (- strand) contains internal stop codons.
Gene 3885_g (- strand) contains internal stop codons.
Gene 3886_g (+ strand) contains internal stop codons.
Gene 3887_g (+ strand) contains internal stop codons. Phase 3 of sequence is used instead.
Gene 3888_g (+ strand) contains internal stop codons.
Gene 3889_g (- strand) contains internal stop codons.
Gene 3890_g (+ strand) contains internal stop codons.
Gene 3891_g (+ strand) contains internal stop codons. Phase 3 of sequence is used instead.
Gene 3892_g (+ strand) contains internal stop codons. Phase 3 of sequence is used instead.
Gene 3893_g (- strand) contains internal stop codons.
Gene 3894_g (- strand) contains internal stop codons.
Gene 3895_g (+ strand) contains internal stop codons. Phase 3 of sequence is used instead.
Gene 3896_g (+ strand) contains internal stop codons. Phase 3 of sequence is used instead.
Gene 3897_g (- strand) contains internal stop codons.
Gene 3898_g (- strand) contains internal stop codons.
Gene 3899_g (- strand) contains internal stop codons.
Gene 3900_g (- strand) contains internal stop codons.
Gene 3901_g (- strand) contains internal stop codons.
Gene 3902_g (+ strand) contains internal stop codons.
Gene 3903_g (+ strand) contains internal stop codons.
Gene 3904_g (- strand) contains internal stop codons.
Gene 3905_g (+ strand) contains internal stop codons. Phase 3 of sequence is used instead.
Gene 3906_g (- strand) contains internal stop codons.
Gene 3907_g (- strand) contains internal stop codons.
Gene 3908_g (+ strand) contains internal stop codons. Phase 3 of sequence is used instead.
Gene 3909_g (- strand) contains internal stop codons.
Gene 3910_g (- strand) contains internal stop codons.
Gene 3911_g (+ strand) contains internal stop codons. Phase 3 of sequence is used instead.
Gene 3912_g (- strand) contains internal stop codons.
Gene 3913_g (+ strand) contains internal stop codons. Phase 3 of sequence is used instead.
Gene 3914_g (- strand) contains internal stop codons.
Gene 3915_g (- strand) contains internal stop codons.
Gene 3916_g (- strand) contains internal stop codons.
Gene 3917_g (+ strand) contains internal stop codons.
Gene 3918_g (- strand) contains internal stop codons.
Gene 3919_g (+ strand) contains internal stop codons. Phase 3 of sequence is used instead.
Gene 3920_g (+ strand) contains internal stop codons. Phase 3 of sequence is used instead.
Gene 3921_g (+ strand) contains internal stop codons.
Gene 3922_g (- strand) contains internal stop codons.
Gene 3923_g (+ strand) contains internal stop codons. Phase 3 of sequence is used instead.
Gene 3924_g (- strand) contains internal stop codons.
Gene 3925_g (- strand) contains internal stop codons.
Gene 3926_g (+ strand) contains internal stop codons. Phase 3 of sequence is used instead.
Gene 3927_g (- strand) contains internal stop codons.
Gene 3928_g (- strand) contains internal stop codons.
Gene 3929_g (+ strand) contains internal stop codons. Phase 3 of sequence is used instead.
Gene 3930_g (+ strand) contains internal stop codons. Phase 3 of sequence is used instead.
Gene 3931_g (- strand) contains internal stop codons.
Gene 3932_g (+ strand) contains internal stop codons. Phase 3 of sequence is used instead.
Gene 3933_g (+ strand) contains internal stop codons. Phase 3 of sequence is used instead.
Gene 3934_g (- strand) contains internal stop codons.
Gene 3935_g (+ strand) contains internal stop codons.
Gene 3936_g (+ strand) contains internal stop codons. Phase 3 of sequence is used instead.
Gene 3937_g (- strand) contains internal stop codons.
Gene 3938_g (+ strand) contains internal stop codons.
Gene 3939_g (- strand) contains internal stop codons.
Gene 3940_g (- strand) contains internal stop codons.
Gene 3941_g (- strand) contains internal stop codons.
Gene 3942_g (+ strand) contains internal stop codons. Phase 3 of sequence is used instead.
Gene 3943_g (- strand) contains internal stop codons.
Gene 3944_g (- strand) contains internal stop codons.
Gene 3945_g (+ strand) contains internal stop codons. Phase 3 of sequence is used instead.
Gene 3946_g (+ strand) contains internal stop codons. Phase 3 of sequence is used instead.
Gene 3947_g (+ strand) contains internal stop codons. Phase 3 of sequence is used instead.
Gene 3948_g (+ strand) contains internal stop codons. Phase 3 of sequence is used instead.
Gene 3949_g (- strand) contains internal stop codons.
Gene 3950_g (+ strand) contains internal stop codons. Phase 3 of sequence is used instead.
Gene 3951_g (+ strand) contains internal stop codons. Phase 3 of sequence is used instead.
Gene 3952_g (+ strand) contains internal stop codons. Phase 3 of sequence is used instead.
Gene 3953_g (- strand) contains internal stop codons.
Gene 3954_g (+ strand) contains internal stop codons.
Gene 3955_g (- strand) contains internal stop codons.
Gene 3956_g (- strand) contains internal stop codons.
Gene 3957_g (+ strand) contains internal stop codons.
Gene 3958_g (+ strand) contains internal stop codons.
Gene 3959_g (+ strand) contains internal stop codons. Phase 3 of sequence is used instead.
Gene 3960_g (- strand) contains internal stop codons.
Gene 3961_g (+ strand) contains internal stop codons. Phase 3 of sequence is used instead.
Gene 3962_g (- strand) contains internal stop codons.
Gene 3963_g (+ strand) contains internal stop codons.
Gene 3964_g (- strand) contains internal stop codons.
Gene 3965_g (+ strand) contains internal stop codons.
Gene 3966_g (+ strand) contains internal stop codons. Phase 3 of sequence is used instead.
Gene 3967_g (+ strand) contains internal stop codons. Phase 3 of sequence is used instead.
Gene 3968_g (+ strand) contains internal stop codons. Phase 3 of sequence is used instead.
Gene 3969_g (+ strand) contains internal stop codons. Phase 3 of sequence is used instead.
Gene 3970_g (- strand) contains internal stop codons.
Gene 3971_g (+ strand) contains internal stop codons. Phase 3 of sequence is used instead.
Gene 3972_g (- strand) contains internal stop codons.
Gene 3973_g (- strand) contains internal stop codons.
Gene 3974_g (+ strand) contains internal stop codons.
Gene 3975_g (+ strand) contains internal stop codons.
Gene 3976_g (+ strand) contains internal stop codons. Phase 3 of sequence is used instead.
Gene 3977_g (+ strand) contains internal stop codons. Phase 3 of sequence is used instead.
Gene 3978_g (- strand) contains internal stop codons.
Gene 3979_g (+ strand) contains internal stop codons. Phase 3 of sequence is used instead.
Gene 3980_g (- strand) contains internal stop codons.
Gene 3981_g (+ strand) contains internal stop codons.
Gene 3982_g (- strand) contains internal stop codons.
Gene 3983_g (+ strand) contains internal stop codons. Phase 3 of sequence is used instead.
Gene 3984_g (- strand) contains internal stop codons.
Gene 3985_g (+ strand) contains internal stop codons. Phase 3 of sequence is used instead.
Gene 3986_g (+ strand) contains internal stop codons. Phase 3 of sequence is used instead.
Gene 3987_g (- strand) contains internal stop codons.
Gene 3988_g (- strand) contains internal stop codons.
Gene 3989_g (+ strand) contains internal stop codons. Phase 3 of sequence is used instead.
Gene 3990_g (+ strand) contains internal stop codons. Phase 3 of sequence is used instead.
Gene 3991_g (+ strand) contains internal stop codons.
Gene 3992_g (+ strand) contains internal stop codons. Phase 3 of sequence is used instead.
Gene 3993_g (+ strand) contains internal stop codons.
Gene 3994_g (+ strand) contains internal stop codons. Phase 3 of sequence is used instead.
Gene 3995_g (+ strand) contains internal stop codons. Phase 3 of sequence is used instead.
Gene 3996_g (+ strand) contains internal stop codons.
Gene 3997_g (+ strand) contains internal stop codons. Phase 3 of sequence is used instead.
Gene 3998_g (- strand) contains internal stop codons.
Gene 3999_g (- strand) contains internal stop codons.
Gene 4000_g (- strand) contains internal stop codons.
Gene 4001_g (- strand) contains internal stop codons.
Gene 4002_g (- strand) contains internal stop codons.
Gene 4003_g (+ strand) contains internal stop codons. Phase 3 of sequence is used instead.
Gene 4004_g (+ strand) contains internal stop codons.
Gene 4005_g (+ strand) contains internal stop codons. Phase 3 of sequence is used instead.
Gene 4006_g (+ strand) contains internal stop codons. Phase 3 of sequence is used instead.
Gene 4007_g (- strand) contains internal stop codons.
Gene 4008_g (- strand) contains internal stop codons.
Gene 4009_g (- strand) contains internal stop codons.
Gene 4010_g (+ strand) contains internal stop codons. Phase 3 of sequence is used instead.
Gene 4011_g (+ strand) contains internal stop codons. Phase 3 of sequence is used instead.
Gene 4012_g (- strand) contains internal stop codons.
Gene 4013_g (+ strand) contains internal stop codons. Phase 3 of sequence is used instead.
Gene 4014_g (- strand) contains internal stop codons.
Gene 4015_g (+ strand) contains internal stop codons. Phase 3 of sequence is used instead.
Gene 4016_g (- strand) contains internal stop codons.
Gene 4017_g (+ strand) contains internal stop codons. Phase 3 of sequence is used instead.
Gene 4018_g (+ strand) contains internal stop codons. Phase 3 of sequence is used instead.
Gene 4019_g (+ strand) contains internal stop codons.
Gene 4020_g (- strand) contains internal stop codons.
Gene 4021_g (+ strand) contains internal stop codons. Phase 3 of sequence is used instead.
Gene 4022_g (- strand) contains internal stop codons.
Gene 4023_g (- strand) contains internal stop codons.
Gene 4024_g (+ strand) contains internal stop codons.
Gene 4025_g (+ strand) contains internal stop codons. Phase 3 of sequence is used instead.
Gene 4026_g (- strand) contains internal stop codons.
Gene 4027_g (+ strand) contains internal stop codons. Phase 3 of sequence is used instead.
Gene 4028_g (+ strand) contains internal stop codons.
Gene 4029_g (+ strand) contains internal stop codons. Phase 3 of sequence is used instead.
Gene 4030_g (- strand) contains internal stop codons.
Gene 4031_g (+ strand) contains internal stop codons. Phase 3 of sequence is used instead.
Gene 4032_g (+ strand) contains internal stop codons.
Gene 4033_g (- strand) contains internal stop codons.
Gene 4034_g (- strand) contains internal stop codons.
Gene 4035_g (- strand) contains internal stop codons.
Gene 4036_g (- strand) contains internal stop codons.
Gene 4037_g (- strand) contains internal stop codons.
Gene 4038_g (+ strand) contains internal stop codons. Phase 3 of sequence is used instead.
Gene 4039_g (+ strand) contains internal stop codons. Phase 3 of sequence is used instead.
Gene 4040_g (- strand) contains internal stop codons.
Gene 4041_g (- strand) contains internal stop codons.
Gene 4042_g (+ strand) contains internal stop codons. Phase 3 of sequence is used instead.
Gene 4043_g (+ strand) contains internal stop codons.
Gene 4044_g (- strand) contains internal stop codons.
Gene 4045_g (+ strand) contains internal stop codons. Phase 3 of sequence is used instead.
Gene 4046_g (- strand) contains internal stop codons.
Gene 4047_g (+ strand) contains internal stop codons. Phase 3 of sequence is used instead.
Gene 4048_g (+ strand) contains internal stop codons. Phase 3 of sequence is used instead.
Gene 4049_g (- strand) contains internal stop codons.
Gene 4050_g (+ strand) contains internal stop codons. Phase 3 of sequence is used instead.
Gene 4051_g (+ strand) contains internal stop codons.
Gene 4052_g (- strand) contains internal stop codons.
Gene 4053_g (+ strand) contains internal stop codons.
Gene 4054_g (- strand) contains internal stop codons.
Gene 4055_g (- strand) contains internal stop codons.
Gene 4056_g (- strand) contains internal stop codons.
Gene 4057_g (+ strand) contains internal stop codons. Phase 3 of sequence is used instead.
Gene 4058_g (+ strand) contains internal stop codons.
Gene 4059_g (- strand) contains internal stop codons.
Gene 4060_g (- strand) contains internal stop codons.
Gene 4061_g (+ strand) contains internal stop codons. Phase 3 of sequence is used instead.
Gene 4062_g (+ strand) contains internal stop codons. Phase 3 of sequence is used instead.
Gene 4063_g (+ strand) contains internal stop codons.
Gene 4064_g (+ strand) contains internal stop codons.
Gene 4065_g (+ strand) contains internal stop codons.
Gene 4066_g (+ strand) contains internal stop codons.
Gene 4067_g (+ strand) contains internal stop codons.
Gene 4068_g (+ strand) contains internal stop codons. Phase 3 of sequence is used instead.
Gene 4069_g (+ strand) contains internal stop codons.
Gene 4070_g (- strand) contains internal stop codons.
Gene 4071_g (- strand) contains internal stop codons.
Gene 4072_g (- strand) contains internal stop codons.
Gene 4073_g (+ strand) contains internal stop codons. Phase 3 of sequence is used instead.
Gene 4074_g (+ strand) contains internal stop codons. Phase 3 of sequence is used instead.
Gene 4075_g (- strand) contains internal stop codons.
Gene 4076_g (- strand) contains internal stop codons.
Gene 4077_g (+ strand) contains internal stop codons. Phase 3 of sequence is used instead.
Gene 4078_g (+ strand) contains internal stop codons. Phase 3 of sequence is used instead.
Gene 4079_g (+ strand) contains internal stop codons. Phase 3 of sequence is used instead.
Gene 4080_g (+ strand) contains internal stop codons.
Gene 4081_g (- strand) contains internal stop codons.
Gene 4082_g (- strand) contains internal stop codons.
Gene 4083_g (+ strand) contains internal stop codons. Phase 3 of sequence is used instead.
Gene 4084_g (+ strand) contains internal stop codons. Phase 3 of sequence is used instead.
Gene 4085_g (- strand) contains internal stop codons.
Gene 4086_g (- strand) contains internal stop codons.
Gene 4087_g (- strand) contains internal stop codons.
Gene 4088_g (- strand) contains internal stop codons.
Gene 4089_g (+ strand) contains internal stop codons. Phase 3 of sequence is used instead.
Gene 4090_g (+ strand) contains internal stop codons. Phase 3 of sequence is used instead.
Gene 4091_g (+ strand) contains internal stop codons. Phase 3 of sequence is used instead.
Gene 4092_g (+ strand) contains internal stop codons. Phase 3 of sequence is used instead.
Gene 4093_g (- strand) contains internal stop codons.
Gene 4094_g (+ strand) contains internal stop codons. Phase 3 of sequence is used instead.
Gene 4095_g (+ strand) contains internal stop codons. Phase 3 of sequence is used instead.
Gene 4096_g (- strand) contains internal stop codons.
Gene 4097_g (- strand) contains internal stop codons.
Gene 4098_g (+ strand) contains internal stop codons. Phase 3 of sequence is used instead.
Gene 4099_g (- strand) contains internal stop codons.
Gene 4100_g (+ strand) contains internal stop codons. Phase 3 of sequence is used instead.
Gene 4101_g (- strand) contains internal stop codons.
Gene 4102_g (- strand) contains internal stop codons.
Gene 4103_g (- strand) contains internal stop codons.
Gene 4104_g (- strand) contains internal stop codons.
Gene 4105_g (- strand) contains internal stop codons.
Gene 4106_g (+ strand) contains internal stop codons. Phase 3 of sequence is used instead.
Gene 4107_g (+ strand) contains internal stop codons. Phase 3 of sequence is used instead.
Gene 4108_g (- strand) contains internal stop codons.
Gene 4109_g (+ strand) contains internal stop codons. Phase 3 of sequence is used instead.
Gene 4110_g (+ strand) contains internal stop codons. Phase 3 of sequence is used instead.
Gene 4111_g (- strand) contains internal stop codons.
Gene 4112_g (- strand) contains internal stop codons.
Gene 4113_g (- strand) contains internal stop codons.
Gene 4114_g (+ strand) contains internal stop codons. Phase 3 of sequence is used instead.
Gene 4115_g (- strand) contains internal stop codons.
Gene 4116_g (- strand) contains internal stop codons.
Gene 4117_g (+ strand) contains internal stop codons.
Gene 4118_g (- strand) contains internal stop codons.
Gene 4119_g (+ strand) contains internal stop codons. Phase 3 of sequence is used instead.
Gene 4120_g (+ strand) contains internal stop codons. Phase 3 of sequence is used instead.
Gene 4121_g (- strand) contains internal stop codons.
Gene 4122_g (+ strand) contains internal stop codons.
Gene 4123_g (+ strand) contains internal stop codons. Phase 3 of sequence is used instead.
Gene 4124_g (+ strand) contains internal stop codons. Phase 3 of sequence is used instead.
Gene 4125_g (- strand) contains internal stop codons.
Gene 4126_g (- strand) contains internal stop codons.
Gene 4127_g (- strand) contains internal stop codons.
Gene 4128_g (+ strand) contains internal stop codons. Phase 3 of sequence is used instead.
Gene 4129_g (+ strand) contains internal stop codons. Phase 3 of sequence is used instead.
Gene 4130_g (+ strand) contains internal stop codons. Phase 3 of sequence is used instead.
Gene 4131_g (+ strand) contains internal stop codons. Phase 3 of sequence is used instead.
Gene 4132_g (- strand) contains internal stop codons.
Gene 4133_g (- strand) contains internal stop codons.
Gene 4134_g (- strand) contains internal stop codons.
Gene 4135_g (+ strand) contains internal stop codons. Phase 3 of sequence is used instead.
Gene 4136_g (+ strand) contains internal stop codons.
Gene 4137_g (+ strand) contains internal stop codons. Phase 3 of sequence is used instead.
Gene 4138_g (- strand) contains internal stop codons.
Gene 4139_g (+ strand) contains internal stop codons.
Gene 4140_g (- strand) contains internal stop codons.
Gene 4141_g (- strand) contains internal stop codons.
Gene 4142_g (- strand) contains internal stop codons.
Gene 4143_g (+ strand) contains internal stop codons.
Gene 4144_g (- strand) contains internal stop codons. Phase 2 of sequence is used instead.
Gene 4145_g (+ strand) contains internal stop codons.
Gene 4146_g (+ strand) contains internal stop codons.
Gene 4147_g (+ strand) contains internal stop codons.
Gene 4148_g (+ strand) contains internal stop codons. Phase 3 of sequence is used instead.
Gene 4149_g (- strand) contains internal stop codons.
Gene 4150_g (+ strand) contains internal stop codons. Phase 3 of sequence is used instead.
Gene 4151_g (+ strand) contains internal stop codons. Phase 3 of sequence is used instead.
Gene 4152_g (+ strand) contains internal stop codons. Phase 3 of sequence is used instead.
Gene 4153_g (+ strand) contains internal stop codons.
Gene 4154_g (+ strand) contains internal stop codons.
Gene 4155_g (+ strand) contains internal stop codons. Phase 3 of sequence is used instead.
Gene 4156_g (- strand) contains internal stop codons.
Gene 4157_g (- strand) contains internal stop codons.
Gene 4158_g (- strand) contains internal stop codons.
Gene 4159_g (+ strand) contains internal stop codons. Phase 3 of sequence is used instead.
Gene 4160_g (- strand) contains internal stop codons.
Gene 4161_g (- strand) contains internal stop codons.
Gene 4162_g (+ strand) contains internal stop codons. Phase 3 of sequence is used instead.
Gene 4163_g (- strand) contains internal stop codons.
Gene 4164_g (- strand) contains internal stop codons.
Gene 4165_g (- strand) contains internal stop codons.
Gene 4166_g (- strand) contains internal stop codons.
Gene 4167_g (+ strand) contains internal stop codons. Phase 3 of sequence is used instead.
Gene 4168_g (- strand) contains internal stop codons.
Gene 4169_g (+ strand) contains internal stop codons. Phase 3 of sequence is used instead.
Gene 4170_g (+ strand) contains internal stop codons. Phase 3 of sequence is used instead.
Gene 4171_g (- strand) contains internal stop codons.
Gene 4172_g (+ strand) contains internal stop codons. Phase 3 of sequence is used instead.
Gene 4173_g (- strand) contains internal stop codons.
Gene 4174_g (- strand) contains internal stop codons.
Gene 4175_g (- strand) contains internal stop codons.
Gene 4176_g (- strand) contains internal stop codons.
Gene 4177_g (- strand) contains internal stop codons.
Gene 4178_g (+ strand) contains internal stop codons.
Gene 4179_g (- strand) contains internal stop codons.
Gene 4180_g (+ strand) contains internal stop codons. Phase 3 of sequence is used instead.
Gene 4181_g (+ strand) contains internal stop codons. Phase 3 of sequence is used instead.
Gene 4182_g (- strand) contains internal stop codons.
Gene 4183_g (- strand) contains internal stop codons.
Gene 4184_g (- strand) contains internal stop codons.
Gene 4185_g (- strand) contains internal stop codons.
Gene 4186_g (+ strand) contains internal stop codons. Phase 3 of sequence is used instead.
Gene 4187_g (- strand) contains internal stop codons.
Gene 4188_g (+ strand) contains internal stop codons. Phase 3 of sequence is used instead.
Gene 4189_g (+ strand) contains internal stop codons.
Gene 4190_g (+ strand) contains internal stop codons.
Gene 4191_g (+ strand) contains internal stop codons. Phase 3 of sequence is used instead.
Gene 4192_g (- strand) contains internal stop codons.
Gene 4193_g (- strand) contains internal stop codons.
Gene 4194_g (+ strand) contains internal stop codons. Phase 3 of sequence is used instead.
Gene 4195_g (+ strand) contains internal stop codons. Phase 3 of sequence is used instead.
Gene 4196_g (+ strand) contains internal stop codons. Phase 3 of sequence is used instead.
Gene 4197_g (+ strand) contains internal stop codons. Phase 3 of sequence is used instead.
Gene 4198_g (- strand) contains internal stop codons.
Gene 4199_g (+ strand) contains internal stop codons. Phase 3 of sequence is used instead.
Gene 4200_g (+ strand) contains internal stop codons.
Gene 4201_g (- strand) contains internal stop codons.
Gene 4202_g (+ strand) contains internal stop codons. Phase 3 of sequence is used instead.
Gene 4203_g (+ strand) contains internal stop codons. Phase 3 of sequence is used instead.
Gene 4204_g (+ strand) contains internal stop codons. Phase 3 of sequence is used instead.
Gene 4205_g (- strand) contains internal stop codons.
Gene 4206_g (- strand) contains internal stop codons.
Gene 4207_g (+ strand) contains internal stop codons. Phase 3 of sequence is used instead.
Gene 4208_g (- strand) contains internal stop codons.
Gene 4209_g (+ strand) contains internal stop codons. Phase 3 of sequence is used instead.
Gene 4210_g (+ strand) contains internal stop codons. Phase 3 of sequence is used instead.
Gene 4211_g (- strand) contains internal stop codons.
Gene 4212_g (+ strand) contains internal stop codons. Phase 3 of sequence is used instead.
Gene 4213_g (- strand) contains internal stop codons.
Gene 4214_g (- strand) contains internal stop codons.
Gene 4215_g (- strand) contains internal stop codons.
Gene 4216_g (- strand) contains internal stop codons.
Gene 4217_g (- strand) contains internal stop codons.
Gene 4218_g (- strand) contains internal stop codons.
Gene 4219_g (- strand) contains internal stop codons.
Gene 4220_g (+ strand) contains internal stop codons. Phase 3 of sequence is used instead.
Gene 4221_g (+ strand) contains internal stop codons. Phase 3 of sequence is used instead.
Gene 4222_g (+ strand) contains internal stop codons. Phase 3 of sequence is used instead.
Gene 4223_g (- strand) contains internal stop codons.
Gene 4224_g (+ strand) contains internal stop codons. Phase 3 of sequence is used instead.
Gene 4225_g (- strand) contains internal stop codons.
Gene 4226_g (+ strand) contains internal stop codons. Phase 3 of sequence is used instead.
Gene 4227_g (- strand) contains internal stop codons.
Gene 4228_g (- strand) contains internal stop codons.
Gene 4229_g (- strand) contains internal stop codons.
Gene 4230_g (+ strand) contains internal stop codons. Phase 3 of sequence is used instead.
Gene 4231_g (- strand) contains internal stop codons.
Gene 4232_g (+ strand) contains internal stop codons. Phase 3 of sequence is used instead.
Gene 4233_g (- strand) contains internal stop codons.
Gene 4234_g (+ strand) contains internal stop codons. Phase 3 of sequence is used instead.
Gene 4235_g (- strand) contains internal stop codons.
Gene 4236_g (+ strand) contains internal stop codons.
Gene 4237_g (- strand) contains internal stop codons.
Gene 4238_g (+ strand) contains internal stop codons.
Gene 4239_g (- strand) contains internal stop codons.
Gene 4240_g (+ strand) contains internal stop codons.
Gene 4241_g (- strand) contains internal stop codons.
Gene 4242_g (- strand) contains internal stop codons.
Gene 4243_g (+ strand) contains internal stop codons.
Gene 4244_g (+ strand) contains internal stop codons. Phase 3 of sequence is used instead.
Gene 4245_g (- strand) contains internal stop codons.
Gene 4246_g (- strand) contains internal stop codons.
Gene 4247_g (- strand) contains internal stop codons.
Gene 4248_g (+ strand) contains internal stop codons. Phase 3 of sequence is used instead.
Gene 4249_g (+ strand) contains internal stop codons. Phase 3 of sequence is used instead.
Gene 4250_g (- strand) contains internal stop codons.
Gene 4251_g (+ strand) contains internal stop codons.
Gene 4252_g (- strand) contains internal stop codons.
Gene 4253_g (+ strand) contains internal stop codons. Phase 3 of sequence is used instead.
Gene 4254_g (- strand) contains internal stop codons.
Gene 4255_g (- strand) contains internal stop codons.
Gene 4256_g (- strand) contains internal stop codons.
Gene 4257_g (- strand) contains internal stop codons.
Gene 4258_g (+ strand) contains internal stop codons. Phase 3 of sequence is used instead.
Gene 4259_g (+ strand) contains internal stop codons. Phase 3 of sequence is used instead.
Gene 4260_g (- strand) contains internal stop codons.
Gene 4261_g (+ strand) contains internal stop codons. Phase 3 of sequence is used instead.
Gene 4262_g (- strand) contains internal stop codons.
Gene 4263_g (+ strand) contains internal stop codons. Phase 3 of sequence is used instead.
Gene 4264_g (- strand) contains internal stop codons.
Gene 4265_g (- strand) contains internal stop codons.
Gene 4266_g (+ strand) contains internal stop codons.
Gene 4267_g (+ strand) contains internal stop codons. Phase 3 of sequence is used instead.
Gene 4268_g (+ strand) contains internal stop codons. Phase 3 of sequence is used instead.
Gene 4269_g (+ strand) contains internal stop codons.
Gene 4270_g (- strand) contains internal stop codons.
Gene 4271_g (- strand) contains internal stop codons.
Gene 4272_g (+ strand) contains internal stop codons.
Gene 4273_g (+ strand) contains internal stop codons. Phase 3 of sequence is used instead.
Gene 4274_g (+ strand) contains internal stop codons.
Gene 4275_g (- strand) contains internal stop codons.
Gene 4276_g (+ strand) contains internal stop codons. Phase 3 of sequence is used instead.
Gene 4277_g (+ strand) contains internal stop codons. Phase 3 of sequence is used instead.
Gene 4278_g (+ strand) contains internal stop codons. Phase 3 of sequence is used instead.
Gene 4279_g (- strand) contains internal stop codons.
Gene 4280_g (+ strand) contains internal stop codons. Phase 3 of sequence is used instead.
Gene 4281_g (- strand) contains internal stop codons.
Gene 4282_g (+ strand) contains internal stop codons. Phase 3 of sequence is used instead.
Gene 4283_g (- strand) contains internal stop codons.
Gene 4284_g (- strand) contains internal stop codons.
Gene 4285_g (+ strand) contains internal stop codons. Phase 3 of sequence is used instead.
Gene 4286_g (+ strand) contains internal stop codons. Phase 3 of sequence is used instead.
Gene 4287_g (- strand) contains internal stop codons.
Gene 4288_g (- strand) contains internal stop codons.
Gene 4289_g (- strand) contains internal stop codons.
Gene 4290_g (+ strand) contains internal stop codons.
Gene 4291_g (- strand) contains internal stop codons.
Gene 4292_g (- strand) contains internal stop codons.
Gene 4293_g (+ strand) contains internal stop codons.
Gene 4294_g (+ strand) contains internal stop codons. Phase 3 of sequence is used instead.
Gene 4295_g (+ strand) contains internal stop codons. Phase 3 of sequence is used instead.
Gene 4296_g (- strand) contains internal stop codons.
Gene 4297_g (+ strand) contains internal stop codons. Phase 3 of sequence is used instead.
Gene 4298_g (- strand) contains internal stop codons.
Gene 4299_g (+ strand) contains internal stop codons.
Gene 4300_g (- strand) contains internal stop codons.
Gene 4301_g (- strand) contains internal stop codons.
Gene 4302_g (+ strand) contains internal stop codons. Phase 3 of sequence is used instead.
Gene 4303_g (- strand) contains internal stop codons.
Gene 4304_g (- strand) contains internal stop codons.
Gene 4305_g (- strand) contains internal stop codons.
Gene 4306_g (+ strand) contains internal stop codons. Phase 3 of sequence is used instead.
Gene 4307_g (+ strand) contains internal stop codons. Phase 3 of sequence is used instead.
Gene 4308_g (- strand) contains internal stop codons.
Gene 4309_g (+ strand) contains internal stop codons. Phase 3 of sequence is used instead.
Gene 4310_g (- strand) contains internal stop codons.
Gene 4311_g (+ strand) contains internal stop codons.
Gene 4312_g (- strand) contains internal stop codons.
Gene 4313_g (- strand) contains internal stop codons.
Gene 4314_g (+ strand) contains internal stop codons. Phase 3 of sequence is used instead.
Gene 4315_g (- strand) contains internal stop codons.
Gene 4316_g (+ strand) contains internal stop codons. Phase 3 of sequence is used instead.
Gene 4317_g (+ strand) contains internal stop codons.
Gene 4318_g (+ strand) contains internal stop codons. Phase 3 of sequence is used instead.
Gene 4319_g (+ strand) contains internal stop codons. Phase 3 of sequence is used instead.
Gene 4320_g (- strand) contains internal stop codons.
Gene 4321_g (- strand) contains internal stop codons.
Gene 4322_g (+ strand) contains internal stop codons.
Gene 4323_g (- strand) contains internal stop codons.
Gene 4324_g (+ strand) contains internal stop codons. Phase 3 of sequence is used instead.
Gene 4325_g (- strand) contains internal stop codons.
Gene 4326_g (+ strand) contains internal stop codons. Phase 3 of sequence is used instead.
Gene 4327_g (+ strand) contains internal stop codons. Phase 3 of sequence is used instead.
Gene 4328_g (- strand) contains internal stop codons.
Gene 4329_g (- strand) contains internal stop codons.
Gene 4330_g (- strand) contains internal stop codons.
Gene 4331_g (- strand) contains internal stop codons.
Gene 4332_g (+ strand) contains internal stop codons.
Gene 4333_g (- strand) contains internal stop codons.
Gene 4334_g (+ strand) contains internal stop codons. Phase 3 of sequence is used instead.
Gene 4335_g (- strand) contains internal stop codons.
Gene 4336_g (- strand) contains internal stop codons.
Gene 4337_g (+ strand) contains internal stop codons. Phase 3 of sequence is used instead.
Gene 4338_g (+ strand) contains internal stop codons.
Gene 4339_g (- strand) contains internal stop codons.
Gene 4340_g (+ strand) contains internal stop codons. Phase 3 of sequence is used instead.
Gene 4341_g (- strand) contains internal stop codons.
Gene 4342_g (- strand) contains internal stop codons.
Gene 4343_g (- strand) contains internal stop codons.
Gene 4344_g (- strand) contains internal stop codons.
Gene 4345_g (+ strand) contains internal stop codons. Phase 3 of sequence is used instead.
Gene 4346_g (+ strand) contains internal stop codons. Phase 3 of sequence is used instead.
Gene 4347_g (- strand) contains internal stop codons.
Gene 4348_g (- strand) contains internal stop codons.
Gene 4349_g (- strand) contains internal stop codons.
Gene 4350_g (- strand) contains internal stop codons.
Gene 4351_g (- strand) contains internal stop codons.
Gene 4352_g (+ strand) contains internal stop codons.
Gene 4353_g (+ strand) contains internal stop codons.
Gene 4354_g (+ strand) contains internal stop codons.
Gene 4355_g (+ strand) contains internal stop codons.
Gene 4356_g (+ strand) contains internal stop codons. Phase 2 of sequence is used instead.
Gene 4357_g (+ strand) contains internal stop codons.
Gene 4358_g (- strand) contains internal stop codons.
Gene 4359_g (+ strand) contains internal stop codons. Phase 3 of sequence is used instead.
Gene 4360_g (- strand) contains internal stop codons.
Gene 4361_g (+ strand) contains internal stop codons. Phase 3 of sequence is used instead.
Gene 4362_g (- strand) contains internal stop codons.
Gene 4363_g (+ strand) contains internal stop codons. Phase 3 of sequence is used instead.
Gene 4364_g (- strand) contains internal stop codons.
Gene 4365_g (+ strand) contains internal stop codons.
Gene 4366_g (+ strand) contains internal stop codons.
Gene 4367_g (+ strand) contains internal stop codons.
Gene 4368_g (- strand) contains internal stop codons.
Gene 4369_g (- strand) contains internal stop codons.
Gene 4370_g (- strand) contains internal stop codons.
Gene 4371_g (- strand) contains internal stop codons.
Gene 4372_g (- strand) contains internal stop codons.
Gene 4373_g (+ strand) contains internal stop codons. Phase 3 of sequence is used instead.
Gene 4374_g (- strand) contains internal stop codons.
Gene 4375_g (- strand) contains internal stop codons.
Gene 4376_g (+ strand) contains internal stop codons. Phase 3 of sequence is used instead.
Gene 4377_g (+ strand) contains internal stop codons. Phase 3 of sequence is used instead.
Gene 4378_g (- strand) contains internal stop codons.
Gene 4379_g (+ strand) contains internal stop codons. Phase 3 of sequence is used instead.
Gene 4380_g (+ strand) contains internal stop codons.
Gene 4381_g (- strand) contains internal stop codons.
Gene 4382_g (+ strand) contains internal stop codons. Phase 3 of sequence is used instead.
Gene 4383_g (+ strand) contains internal stop codons. Phase 3 of sequence is used instead.
Gene 4384_g (- strand) contains internal stop codons.
Gene 4385_g (- strand) contains internal stop codons.
Gene 4386_g (+ strand) contains internal stop codons. Phase 3 of sequence is used instead.
Gene 4387_g (- strand) contains internal stop codons.
Gene 4388_g (+ strand) contains internal stop codons. Phase 3 of sequence is used instead.
Gene 4389_g (+ strand) contains internal stop codons.
Gene 4390_g (+ strand) contains internal stop codons.
Gene 4391_g (- strand) contains internal stop codons.
Gene 4392_g (+ strand) contains internal stop codons. Phase 3 of sequence is used instead.
Gene 4393_g (- strand) contains internal stop codons.
Gene 4394_g (- strand) contains internal stop codons.
Gene 4395_g (+ strand) contains internal stop codons. Phase 3 of sequence is used instead.
Gene 4396_g (+ strand) contains internal stop codons.
Gene 4397_g (- strand) contains internal stop codons.
Gene 4398_g (+ strand) contains internal stop codons. Phase 3 of sequence is used instead.
Gene 4399_g (- strand) contains internal stop codons.
Gene 4400_g (+ strand) contains internal stop codons.
Gene 4401_g (- strand) contains internal stop codons.
Gene 4402_g (+ strand) contains internal stop codons.
Gene 4403_g (+ strand) contains internal stop codons.
Gene 4404_g (- strand) contains internal stop codons.
Gene 4405_g (+ strand) contains internal stop codons. Phase 3 of sequence is used instead.
Gene 4406_g (+ strand) contains internal stop codons.
Gene 4407_g (+ strand) contains internal stop codons. Phase 3 of sequence is used instead.
Gene 4408_g (- strand) contains internal stop codons.
Gene 4409_g (+ strand) contains internal stop codons. Phase 3 of sequence is used instead.
Gene 4410_g (- strand) contains internal stop codons.
Gene 4411_g (- strand) contains internal stop codons.
Gene 4412_g (- strand) contains internal stop codons.
Gene 4413_g (+ strand) contains internal stop codons. Phase 3 of sequence is used instead.
Gene 4414_g (- strand) contains internal stop codons.
Gene 4415_g (- strand) contains internal stop codons.
Gene 4416_g (+ strand) contains internal stop codons. Phase 3 of sequence is used instead.
Gene 4417_g (- strand) contains internal stop codons.
Gene 4418_g (- strand) contains internal stop codons.
Gene 4419_g (+ strand) contains internal stop codons. Phase 3 of sequence is used instead.
Gene 4420_g (- strand) contains internal stop codons.
Gene 4421_g (- strand) contains internal stop codons.
Gene 4422_g (+ strand) contains internal stop codons.
Gene 4423_g (- strand) contains internal stop codons.
Gene 4424_g (+ strand) contains internal stop codons.
Gene 4425_g (+ strand) contains internal stop codons.
Gene 4426_g (- strand) contains internal stop codons.
Gene 4427_g (- strand) contains internal stop codons.
Gene 4428_g (+ strand) contains internal stop codons. Phase 3 of sequence is used instead.
Gene 4429_g (- strand) contains internal stop codons.
Gene 4430_g (- strand) contains internal stop codons.
Gene 4431_g (- strand) contains internal stop codons.
Gene 4432_g (- strand) contains internal stop codons.
Gene 4433_g (+ strand) contains internal stop codons. Phase 3 of sequence is used instead.
Gene 4434_g (+ strand) contains internal stop codons. Phase 3 of sequence is used instead.
Gene 4435_g (- strand) contains internal stop codons.
Gene 4436_g (- strand) contains internal stop codons.
Gene 4437_g (- strand) contains internal stop codons.
Gene 4438_g (- strand) contains internal stop codons.
Gene 4439_g (+ strand) contains internal stop codons.
Gene 4440_g (- strand) contains internal stop codons.
Gene 4441_g (+ strand) contains internal stop codons. Phase 3 of sequence is used instead.
Gene 4442_g (- strand) contains internal stop codons.
Gene 4443_g (- strand) contains internal stop codons.
Gene 4444_g (- strand) contains internal stop codons.
Gene 4445_g (+ strand) contains internal stop codons. Phase 3 of sequence is used instead.
Gene 4446_g (- strand) contains internal stop codons.
Gene 4447_g (+ strand) contains internal stop codons. Phase 3 of sequence is used instead.
Gene 4448_g (- strand) contains internal stop codons.
Gene 4449_g (- strand) contains internal stop codons.
Gene 4450_g (- strand) contains internal stop codons.
Gene 4451_g (- strand) contains internal stop codons.
Gene 4452_g (+ strand) contains internal stop codons. Phase 3 of sequence is used instead.
Gene 4453_g (+ strand) contains internal stop codons. Phase 3 of sequence is used instead.
Gene 4454_g (- strand) contains internal stop codons.
Gene 4455_g (- strand) contains internal stop codons.
Gene 4456_g (- strand) contains internal stop codons.
Gene 4457_g (+ strand) contains internal stop codons. Phase 3 of sequence is used instead.
Gene 4458_g (- strand) contains internal stop codons.
Gene 4459_g (+ strand) contains internal stop codons.
Gene 4460_g (- strand) contains internal stop codons.
Gene 4461_g (+ strand) contains internal stop codons. Phase 3 of sequence is used instead.
Gene 4462_g (- strand) contains internal stop codons.
Gene 4463_g (+ strand) contains internal stop codons. Phase 3 of sequence is used instead.
Gene 4464_g (+ strand) contains internal stop codons.
Gene 4465_g (- strand) contains internal stop codons.
Gene 4466_g (+ strand) contains internal stop codons. Phase 3 of sequence is used instead.
Gene 4467_g (- strand) contains internal stop codons.
Gene 4468_g (+ strand) contains internal stop codons. Phase 3 of sequence is used instead.
Gene 4469_g (- strand) contains internal stop codons.
Gene 4470_g (+ strand) contains internal stop codons.
Gene 4471_g (- strand) contains internal stop codons.
Gene 4472_g (+ strand) contains internal stop codons. Phase 3 of sequence is used instead.
Gene 4473_g (+ strand) contains internal stop codons. Phase 3 of sequence is used instead.
Gene 4474_g (+ strand) contains internal stop codons.
Gene 4475_g (- strand) contains internal stop codons.
Gene 4476_g (+ strand) contains internal stop codons.
Gene 4477_g (+ strand) contains internal stop codons. Phase 3 of sequence is used instead.
Gene 4478_g (+ strand) contains internal stop codons. Phase 3 of sequence is used instead.
Gene 4479_g (- strand) contains internal stop codons.
Gene 4480_g (+ strand) contains internal stop codons. Phase 3 of sequence is used instead.
Gene 4481_g (- strand) contains internal stop codons.
Gene 4482_g (- strand) contains internal stop codons.
Gene 4483_g (+ strand) contains internal stop codons. Phase 3 of sequence is used instead.
Gene 4484_g (+ strand) contains internal stop codons.
Gene 4485_g (- strand) contains internal stop codons.
Gene 4486_g (- strand) contains internal stop codons.
Gene 4487_g (+ strand) contains internal stop codons. Phase 3 of sequence is used instead.
Gene 4488_g (+ strand) contains internal stop codons. Phase 3 of sequence is used instead.
Gene 4489_g (- strand) contains internal stop codons.
Gene 4490_g (+ strand) contains internal stop codons. Phase 3 of sequence is used instead.
Gene 4491_g (- strand) contains internal stop codons.
Gene 4492_g (+ strand) contains internal stop codons. Phase 3 of sequence is used instead.
Gene 4493_g (+ strand) contains internal stop codons.
Gene 4494_g (- strand) contains internal stop codons.
Gene 4495_g (+ strand) contains internal stop codons. Phase 3 of sequence is used instead.
Gene 4496_g (- strand) contains internal stop codons.
Gene 4497_g (+ strand) contains internal stop codons. Phase 3 of sequence is used instead.
Gene 4498_g (+ strand) contains internal stop codons. Phase 3 of sequence is used instead.
Gene 4499_g (- strand) contains internal stop codons.
Gene 4500_g (+ strand) contains internal stop codons. Phase 3 of sequence is used instead.
Gene 4501_g (- strand) contains internal stop codons.
Gene 4502_g (- strand) contains internal stop codons.
Gene 4503_g (- strand) contains internal stop codons.
Gene 4504_g (+ strand) contains internal stop codons. Phase 3 of sequence is used instead.
Gene 4505_g (- strand) contains internal stop codons.
Gene 4506_g (+ strand) contains internal stop codons. Phase 3 of sequence is used instead.
Gene 4507_g (+ strand) contains internal stop codons. Phase 3 of sequence is used instead.
Gene 4508_g (+ strand) contains internal stop codons.
Gene 4509_g (+ strand) contains internal stop codons.
Gene 4510_g (- strand) contains internal stop codons.
Gene 4511_g (- strand) contains internal stop codons.
Gene 4512_g (+ strand) contains internal stop codons. Phase 3 of sequence is used instead.
Gene 4513_g (+ strand) contains internal stop codons. Phase 3 of sequence is used instead.
Gene 4514_g (- strand) contains internal stop codons.
Gene 4515_g (+ strand) contains internal stop codons.
Gene 4516_g (+ strand) contains internal stop codons.
Gene 4517_g (- strand) contains internal stop codons.
Gene 4518_g (+ strand) contains internal stop codons. Phase 3 of sequence is used instead.
Gene 4519_g (- strand) contains internal stop codons.
Gene 4520_g (+ strand) contains internal stop codons. Phase 3 of sequence is used instead.
Gene 4521_g (- strand) contains internal stop codons.
Gene 4522_g (+ strand) contains internal stop codons. Phase 3 of sequence is used instead.
Gene 4523_g (+ strand) contains internal stop codons. Phase 3 of sequence is used instead.
Gene 4524_g (+ strand) contains internal stop codons. Phase 3 of sequence is used instead.
Gene 4525_g (- strand) contains internal stop codons.
Gene 4526_g (- strand) contains internal stop codons.
Gene 4527_g (- strand) contains internal stop codons.
Gene 4528_g (+ strand) contains internal stop codons. Phase 3 of sequence is used instead.
Gene 4529_g (- strand) contains internal stop codons.
Gene 4530_g (+ strand) contains internal stop codons. Phase 3 of sequence is used instead.
Gene 4531_g (- strand) contains internal stop codons.
Gene 4532_g (+ strand) contains internal stop codons. Phase 3 of sequence is used instead.
Gene 4533_g (+ strand) contains internal stop codons. Phase 3 of sequence is used instead.
Gene 4534_g (- strand) contains internal stop codons.
Gene 4535_g (+ strand) contains internal stop codons. Phase 3 of sequence is used instead.
Gene 4536_g (- strand) contains internal stop codons.
Gene 4537_g (- strand) contains internal stop codons.
Gene 4538_g (- strand) contains internal stop codons.
Gene 4539_g (+ strand) contains internal stop codons. Phase 3 of sequence is used instead.
Gene 4540_g (- strand) contains internal stop codons.
Gene 4541_g (+ strand) contains internal stop codons. Phase 3 of sequence is used instead.
Gene 4542_g (+ strand) contains internal stop codons. Phase 3 of sequence is used instead.
Gene 4543_g (+ strand) contains internal stop codons. Phase 3 of sequence is used instead.
Gene 4544_g (- strand) contains internal stop codons.
Gene 4545_g (+ strand) contains internal stop codons.
Gene 4546_g (+ strand) contains internal stop codons. Phase 3 of sequence is used instead.
Gene 4547_g (- strand) contains internal stop codons.
Gene 4548_g (+ strand) contains internal stop codons.
Gene 4549_g (- strand) contains internal stop codons.
Gene 4550_g (+ strand) contains internal stop codons. Phase 3 of sequence is used instead.
Gene 4551_g (- strand) contains internal stop codons.
Gene 4552_g (+ strand) contains internal stop codons.
Gene 4553_g (+ strand) contains internal stop codons. Phase 3 of sequence is used instead.
Gene 4554_g (+ strand) contains internal stop codons.
Gene 4555_g (+ strand) contains internal stop codons.
Gene 4556_g (- strand) contains internal stop codons.
Gene 4557_g (- strand) contains internal stop codons.
Gene 4558_g (- strand) contains internal stop codons.
Gene 4559_g (- strand) contains internal stop codons.
Gene 4560_g (+ strand) contains internal stop codons. Phase 3 of sequence is used instead.
Gene 4561_g (- strand) contains internal stop codons.
Gene 4562_g (- strand) contains internal stop codons.
Gene 4563_g (+ strand) contains internal stop codons. Phase 3 of sequence is used instead.
Gene 4564_g (+ strand) contains internal stop codons. Phase 3 of sequence is used instead.
Gene 4565_g (+ strand) contains internal stop codons. Phase 3 of sequence is used instead.
Gene 4566_g (+ strand) contains internal stop codons. Phase 3 of sequence is used instead.
Gene 4567_g (+ strand) contains internal stop codons. Phase 3 of sequence is used instead.
Gene 4568_g (+ strand) contains internal stop codons.
Gene 4569_g (- strand) contains internal stop codons.
Gene 4570_g (- strand) contains internal stop codons.
Gene 4571_g (+ strand) contains internal stop codons. Phase 3 of sequence is used instead.
Gene 4572_g (+ strand) contains internal stop codons. Phase 3 of sequence is used instead.
Gene 4573_g (- strand) contains internal stop codons.
Gene 4574_g (- strand) contains internal stop codons.
Gene 4575_g (- strand) contains internal stop codons.
Gene 4576_g (+ strand) contains internal stop codons. Phase 3 of sequence is used instead.
Gene 4577_g (+ strand) contains internal stop codons. Phase 3 of sequence is used instead.
Gene 4578_g (- strand) contains internal stop codons.
Gene 4579_g (- strand) contains internal stop codons.
Gene 4580_g (- strand) contains internal stop codons.
Gene 4581_g (+ strand) contains internal stop codons.
Gene 4582_g (- strand) contains internal stop codons.
Gene 4583_g (- strand) contains internal stop codons.
Gene 4584_g (+ strand) contains internal stop codons.
Gene 4585_g (- strand) contains internal stop codons.
Gene 4586_g (+ strand) contains internal stop codons. Phase 3 of sequence is used instead.
Gene 4587_g (+ strand) contains internal stop codons. Phase 3 of sequence is used instead.
Gene 4588_g (- strand) contains internal stop codons.
Gene 4589_g (+ strand) contains internal stop codons. Phase 3 of sequence is used instead.
Gene 4590_g (- strand) contains internal stop codons.
Gene 4591_g (- strand) contains internal stop codons.
Gene 4592_g (+ strand) contains internal stop codons. Phase 3 of sequence is used instead.
Gene 4593_g (- strand) contains internal stop codons.
Gene 4594_g (- strand) contains internal stop codons.
Gene 4595_g (- strand) contains internal stop codons.
Gene 4596_g (- strand) contains internal stop codons.
Gene 4597_g (+ strand) contains internal stop codons. Phase 3 of sequence is used instead.
Gene 4598_g (- strand) contains internal stop codons.
Gene 4599_g (+ strand) contains internal stop codons.
Gene 4600_g (+ strand) contains internal stop codons. Phase 3 of sequence is used instead.
Gene 4601_g (+ strand) contains internal stop codons.
Gene 4602_g (+ strand) contains internal stop codons. Phase 3 of sequence is used instead.
Gene 4603_g (+ strand) contains internal stop codons. Phase 3 of sequence is used instead.
Gene 4604_g (- strand) contains internal stop codons.
Gene 4605_g (+ strand) contains internal stop codons. Phase 3 of sequence is used instead.
Gene 4606_g (+ strand) contains internal stop codons. Phase 3 of sequence is used instead.
Gene 4607_g (- strand) contains internal stop codons.
Gene 4608_g (+ strand) contains internal stop codons.
Gene 4609_g (- strand) contains internal stop codons.
Gene 4610_g (+ strand) contains internal stop codons.
Gene 4611_g (- strand) contains internal stop codons.
Gene 4612_g (- strand) contains internal stop codons.
Gene 4613_g (+ strand) contains internal stop codons. Phase 3 of sequence is used instead.
Gene 4614_g (- strand) contains internal stop codons.
Gene 4615_g (+ strand) contains internal stop codons. Phase 3 of sequence is used instead.
Gene 4616_g (+ strand) contains internal stop codons. Phase 3 of sequence is used instead.
Gene 4617_g (+ strand) contains internal stop codons. Phase 3 of sequence is used instead.
Gene 4618_g (- strand) contains internal stop codons.
Gene 4619_g (- strand) contains internal stop codons.
Gene 4620_g (+ strand) contains internal stop codons. Phase 3 of sequence is used instead.
Gene 4621_g (+ strand) contains internal stop codons. Phase 3 of sequence is used instead.
Gene 4622_g (- strand) contains internal stop codons.
Gene 4623_g (- strand) contains internal stop codons.
Gene 4624_g (+ strand) contains internal stop codons. Phase 3 of sequence is used instead.
Gene 4625_g (+ strand) contains internal stop codons. Phase 3 of sequence is used instead.
Gene 4626_g (+ strand) contains internal stop codons.
Gene 4627_g (- strand) contains internal stop codons.
Gene 4628_g (+ strand) contains internal stop codons.
Gene 4629_g (+ strand) contains internal stop codons.
Gene 4630_g (- strand) contains internal stop codons.
Gene 4631_g (+ strand) contains internal stop codons.
Gene 4632_g (- strand) contains internal stop codons.
Gene 4633_g (- strand) contains internal stop codons.
Gene 4634_g (- strand) contains internal stop codons.
Gene 4635_g (+ strand) contains internal stop codons.
Gene 4636_g (- strand) contains internal stop codons.
Gene 4637_g (+ strand) contains internal stop codons.
Gene 4638_g (+ strand) contains internal stop codons.
Gene 4639_g (- strand) contains internal stop codons.
Gene 4640_g (- strand) contains internal stop codons.
Gene 4641_g (+ strand) contains internal stop codons.
Gene 4642_g (- strand) contains internal stop codons.
Gene 4643_g (+ strand) contains internal stop codons. Phase 3 of sequence is used instead.
Gene 4644_g (- strand) contains internal stop codons.
Gene 4645_g (- strand) contains internal stop codons.
Gene 4646_g (- strand) contains internal stop codons.
Gene 4647_g (- strand) contains internal stop codons.
Gene 4648_g (- strand) contains internal stop codons.
Gene 4649_g (+ strand) contains internal stop codons. Phase 3 of sequence is used instead.
Gene 4650_g (+ strand) contains internal stop codons. Phase 3 of sequence is used instead.
Gene 4651_g (+ strand) contains internal stop codons. Phase 3 of sequence is used instead.
Gene 4652_g (- strand) contains internal stop codons.
Gene 4653_g (+ strand) contains internal stop codons. Phase 3 of sequence is used instead.
Gene 4654_g (- strand) contains internal stop codons.
Gene 4655_g (- strand) contains internal stop codons.
Gene 4656_g (+ strand) contains internal stop codons. Phase 3 of sequence is used instead.
Gene 4657_g (- strand) contains internal stop codons.
Gene 4658_g (+ strand) contains internal stop codons. Phase 3 of sequence is used instead.
Gene 4659_g (+ strand) contains internal stop codons. Phase 3 of sequence is used instead.
Gene 4660_g (- strand) contains internal stop codons.
Gene 4661_g (- strand) contains internal stop codons.
Gene 4662_g (+ strand) contains internal stop codons. Phase 3 of sequence is used instead.
Gene 4663_g (- strand) contains internal stop codons.
Gene 4664_g (+ strand) contains internal stop codons.
Gene 4665_g (+ strand) contains internal stop codons. Phase 3 of sequence is used instead.
Gene 4666_g (- strand) contains internal stop codons.
Gene 4667_g (- strand) contains internal stop codons.
Gene 4668_g (- strand) contains internal stop codons.
Gene 4669_g (+ strand) contains internal stop codons.
Gene 4670_g (- strand) contains internal stop codons.
Gene 4671_g (+ strand) contains internal stop codons.
Gene 4672_g (- strand) contains internal stop codons.
Gene 4673_g (- strand) contains internal stop codons.
Gene 4674_g (+ strand) contains internal stop codons. Phase 3 of sequence is used instead.
Gene 4675_g (+ strand) contains internal stop codons.
Gene 4676_g (- strand) contains internal stop codons.
Gene 4677_g (+ strand) contains internal stop codons. Phase 3 of sequence is used instead.
Gene 4678_g (- strand) contains internal stop codons.
Gene 4679_g (+ strand) contains internal stop codons. Phase 3 of sequence is used instead.
Gene 4680_g (+ strand) contains internal stop codons.
Gene 4681_g (+ strand) contains internal stop codons. Phase 3 of sequence is used instead.
Gene 4682_g (+ strand) contains internal stop codons. Phase 3 of sequence is used instead.
Gene 4683_g (- strand) contains internal stop codons.
Gene 4684_g (+ strand) contains internal stop codons.
Gene 4685_g (- strand) contains internal stop codons.
Gene 4686_g (+ strand) contains internal stop codons. Phase 3 of sequence is used instead.
Gene 4687_g (+ strand) contains internal stop codons. Phase 3 of sequence is used instead.
Gene 4688_g (- strand) contains internal stop codons.
Gene 4689_g (- strand) contains internal stop codons.
Gene 4690_g (- strand) contains internal stop codons.
Gene 4691_g (+ strand) contains internal stop codons. Phase 3 of sequence is used instead.
Gene 4692_g (- strand) contains internal stop codons.
Gene 4693_g (- strand) contains internal stop codons.
Gene 4694_g (+ strand) contains internal stop codons. Phase 3 of sequence is used instead.
Gene 4695_g (- strand) contains internal stop codons.
Gene 4696_g (- strand) contains internal stop codons.
Gene 4697_g (- strand) contains internal stop codons.
Gene 4698_g (+ strand) contains internal stop codons. Phase 3 of sequence is used instead.
Gene 4699_g (+ strand) contains internal stop codons.
Gene 4700_g (- strand) contains internal stop codons.
Gene 4701_g (- strand) contains internal stop codons.
Gene 4702_g (+ strand) contains internal stop codons. Phase 3 of sequence is used instead.
Gene 4703_g (+ strand) contains internal stop codons. Phase 3 of sequence is used instead.
Gene 4704_g (- strand) contains internal stop codons.
Gene 4705_g (+ strand) contains internal stop codons. Phase 3 of sequence is used instead.
Gene 4706_g (+ strand) contains internal stop codons. Phase 3 of sequence is used instead.
Gene 4707_g (- strand) contains internal stop codons.
Gene 4708_g (+ strand) contains internal stop codons.
Gene 4709_g (+ strand) contains internal stop codons.
Gene 4710_g (+ strand) contains internal stop codons. Phase 3 of sequence is used instead.
Gene 4711_g (+ strand) contains internal stop codons. Phase 3 of sequence is used instead.
Gene 4712_g (- strand) contains internal stop codons.
Gene 4713_g (+ strand) contains internal stop codons. Phase 3 of sequence is used instead.
Gene 4714_g (+ strand) contains internal stop codons.
Gene 4715_g (+ strand) contains internal stop codons. Phase 3 of sequence is used instead.
Gene 4716_g (+ strand) contains internal stop codons. Phase 3 of sequence is used instead.
Gene 4717_g (+ strand) contains internal stop codons. Phase 3 of sequence is used instead.
Gene 4718_g (- strand) contains internal stop codons.
Gene 4719_g (- strand) contains internal stop codons.
Gene 4720_g (+ strand) contains internal stop codons. Phase 3 of sequence is used instead.
Gene 4721_g (- strand) contains internal stop codons.
Gene 4722_g (+ strand) contains internal stop codons. Phase 3 of sequence is used instead.
Gene 4723_g (- strand) contains internal stop codons.
Gene 4724_g (- strand) contains internal stop codons.
Gene 4725_g (- strand) contains internal stop codons.
Gene 4726_g (+ strand) contains internal stop codons. Phase 3 of sequence is used instead.
Gene 4727_g (- strand) contains internal stop codons.
Gene 4728_g (+ strand) contains internal stop codons. Phase 3 of sequence is used instead.
Gene 4729_g (- strand) contains internal stop codons.
Gene 4730_g (+ strand) contains internal stop codons.
Gene 4731_g (- strand) contains internal stop codons.
Gene 4732_g (- strand) contains internal stop codons.
Gene 4733_g (- strand) contains internal stop codons.
Gene 4734_g (- strand) contains internal stop codons.
Gene 4735_g (+ strand) contains internal stop codons.
Gene 4736_g (- strand) contains internal stop codons.
Gene 4737_g (- strand) contains internal stop codons.
Gene 4738_g (+ strand) contains internal stop codons.
Gene 4739_g (+ strand) contains internal stop codons. Phase 3 of sequence is used instead.
Gene 4740_g (+ strand) contains internal stop codons. Phase 3 of sequence is used instead.
Gene 4741_g (- strand) contains internal stop codons.
Gene 4742_g (- strand) contains internal stop codons.
Gene 4743_g (+ strand) contains internal stop codons. Phase 3 of sequence is used instead.
Gene 4744_g (- strand) contains internal stop codons.
Gene 4745_g (- strand) contains internal stop codons.
Gene 4746_g (- strand) contains internal stop codons.
Gene 4747_g (+ strand) contains internal stop codons. Phase 3 of sequence is used instead.
Gene 4748_g (+ strand) contains internal stop codons.
Gene 4749_g (+ strand) contains internal stop codons.
Gene 4750_g (- strand) contains internal stop codons.
Gene 4751_g (- strand) contains internal stop codons.
Gene 4752_g (+ strand) contains internal stop codons.
Gene 4753_g (+ strand) contains internal stop codons. Phase 3 of sequence is used instead.
Gene 4754_g (- strand) contains internal stop codons.
Gene 4755_g (+ strand) contains internal stop codons. Phase 3 of sequence is used instead.
Gene 4756_g (- strand) contains internal stop codons.
Gene 4757_g (- strand) contains internal stop codons.
Gene 4758_g (+ strand) contains internal stop codons. Phase 3 of sequence is used instead.
Gene 4759_g (- strand) contains internal stop codons.
Gene 4760_g (+ strand) contains internal stop codons.
Gene 4761_g (+ strand) contains internal stop codons. Phase 3 of sequence is used instead.
Gene 4762_g (+ strand) contains internal stop codons. Phase 3 of sequence is used instead.
Gene 4763_g (+ strand) contains internal stop codons. Phase 3 of sequence is used instead.
Gene 4764_g (+ strand) contains internal stop codons. Phase 3 of sequence is used instead.
Gene 4765_g (- strand) contains internal stop codons.
Gene 4766_g (- strand) contains internal stop codons.
Gene 4767_g (+ strand) contains internal stop codons.
Gene 4768_g (+ strand) contains internal stop codons. Phase 3 of sequence is used instead.
Gene 4769_g (+ strand) contains internal stop codons. Phase 3 of sequence is used instead.
Gene 4770_g (+ strand) contains internal stop codons. Phase 3 of sequence is used instead.
Gene 4771_g (- strand) contains internal stop codons.
Gene 4772_g (- strand) contains internal stop codons.
Gene 4773_g (+ strand) contains internal stop codons. Phase 3 of sequence is used instead.
Gene 4774_g (+ strand) contains internal stop codons. Phase 3 of sequence is used instead.
Gene 4775_g (+ strand) contains internal stop codons.
Gene 4776_g (+ strand) contains internal stop codons. Phase 3 of sequence is used instead.
Gene 4777_g (- strand) contains internal stop codons.
Gene 4778_g (+ strand) contains internal stop codons. Phase 3 of sequence is used instead.
Gene 4779_g (+ strand) contains internal stop codons.
Gene 4780_g (- strand) contains internal stop codons.
Gene 4781_g (- strand) contains internal stop codons.
Gene 4782_g (+ strand) contains internal stop codons.
Gene 4783_g (- strand) contains internal stop codons.
Gene 4784_g (- strand) contains internal stop codons.
Gene 4785_g (+ strand) contains internal stop codons. Phase 3 of sequence is used instead.
Gene 4786_g (- strand) contains internal stop codons.
Gene 4787_g (- strand) contains internal stop codons.
Gene 4788_g (- strand) contains internal stop codons.
Gene 4789_g (- strand) contains internal stop codons.
Gene 4790_g (+ strand) contains internal stop codons. Phase 3 of sequence is used instead.
Gene 4791_g (- strand) contains internal stop codons.
Gene 4792_g (- strand) contains internal stop codons.
Gene 4793_g (+ strand) contains internal stop codons. Phase 3 of sequence is used instead.
Gene 4794_g (- strand) contains internal stop codons.
Gene 4795_g (+ strand) contains internal stop codons. Phase 3 of sequence is used instead.
Gene 4796_g (- strand) contains internal stop codons.
Gene 4797_g (+ strand) contains internal stop codons. Phase 3 of sequence is used instead.
Gene 4798_g (+ strand) contains internal stop codons. Phase 3 of sequence is used instead.
Gene 4799_g (+ strand) contains internal stop codons. Phase 3 of sequence is used instead.
Gene 4800_g (+ strand) contains internal stop codons. Phase 3 of sequence is used instead.
Gene 4801_g (- strand) contains internal stop codons.
Gene 4802_g (+ strand) contains internal stop codons. Phase 3 of sequence is used instead.
Gene 4803_g (+ strand) contains internal stop codons. Phase 3 of sequence is used instead.
Gene 4804_g (+ strand) contains internal stop codons. Phase 3 of sequence is used instead.
Gene 4805_g (- strand) contains internal stop codons.
Gene 4806_g (+ strand) contains internal stop codons. Phase 3 of sequence is used instead.
Gene 4807_g (+ strand) contains internal stop codons. Phase 3 of sequence is used instead.
Gene 4808_g (- strand) contains internal stop codons.
Gene 4809_g (+ strand) contains internal stop codons.
Gene 4810_g (+ strand) contains internal stop codons. Phase 3 of sequence is used instead.
Gene 4811_g (+ strand) contains internal stop codons. Phase 3 of sequence is used instead.
Gene 4812_g (- strand) contains internal stop codons.
Gene 4813_g (+ strand) contains internal stop codons. Phase 3 of sequence is used instead.
Gene 4814_g (+ strand) contains internal stop codons. Phase 3 of sequence is used instead.
Gene 4815_g (- strand) contains internal stop codons.
Gene 4816_g (+ strand) contains internal stop codons. Phase 3 of sequence is used instead.
Gene 4817_g (- strand) contains internal stop codons.
Gene 4818_g (+ strand) contains internal stop codons. Phase 3 of sequence is used instead.
Gene 4819_g (+ strand) contains internal stop codons. Phase 3 of sequence is used instead.
Gene 4820_g (- strand) contains internal stop codons.
Gene 4821_g (- strand) contains internal stop codons.
Gene 4822_g (+ strand) contains internal stop codons. Phase 3 of sequence is used instead.
Gene 4823_g (- strand) contains internal stop codons.
Gene 4824_g (- strand) contains internal stop codons.
Gene 4825_g (- strand) contains internal stop codons.
Gene 4826_g (- strand) contains internal stop codons.
Gene 4827_g (- strand) contains internal stop codons.
Gene 4828_g (+ strand) contains internal stop codons. Phase 3 of sequence is used instead.
Gene 4829_g (+ strand) contains internal stop codons. Phase 3 of sequence is used instead.
Gene 4830_g (- strand) contains internal stop codons.
Gene 4831_g (+ strand) contains internal stop codons. Phase 3 of sequence is used instead.
Gene 4832_g (+ strand) contains internal stop codons. Phase 3 of sequence is used instead.
Gene 4833_g (- strand) contains internal stop codons.
Gene 4834_g (+ strand) contains internal stop codons.
Gene 4835_g (- strand) contains internal stop codons.
Gene 4836_g (- strand) contains internal stop codons.
Gene 4837_g (+ strand) contains internal stop codons. Phase 3 of sequence is used instead.
Gene 4838_g (+ strand) contains internal stop codons. Phase 3 of sequence is used instead.
Gene 4839_g (- strand) contains internal stop codons.
Gene 4840_g (+ strand) contains internal stop codons. Phase 3 of sequence is used instead.
Gene 4841_g (+ strand) contains internal stop codons. Phase 3 of sequence is used instead.
Gene 4842_g (- strand) contains internal stop codons.
Gene 4843_g (- strand) contains internal stop codons.
Gene 4844_g (- strand) contains internal stop codons.
Gene 4845_g (- strand) contains internal stop codons.
Gene 4846_g (- strand) contains internal stop codons.
Gene 4847_g (+ strand) contains internal stop codons. Phase 3 of sequence is used instead.
Gene 4848_g (- strand) contains internal stop codons.
Gene 4849_g (+ strand) contains internal stop codons. Phase 3 of sequence is used instead.
Gene 4850_g (+ strand) contains internal stop codons. Phase 3 of sequence is used instead.
Gene 4851_g (+ strand) contains internal stop codons. Phase 3 of sequence is used instead.
Gene 4852_g (+ strand) contains internal stop codons. Phase 3 of sequence is used instead.
Gene 4853_g (- strand) contains internal stop codons.
Gene 4854_g (- strand) contains internal stop codons.
Gene 4855_g (+ strand) contains internal stop codons. Phase 3 of sequence is used instead.
Gene 4856_g (- strand) contains internal stop codons.
Gene 4857_g (- strand) contains internal stop codons.
Gene 4858_g (- strand) contains internal stop codons.
Gene 4859_g (+ strand) contains internal stop codons. Phase 3 of sequence is used instead.
Gene 4860_g (+ strand) contains internal stop codons. Phase 3 of sequence is used instead.
Gene 4861_g (- strand) contains internal stop codons.
Gene 4862_g (- strand) contains internal stop codons.
Gene 4863_g (- strand) contains internal stop codons.
Gene 4864_g (+ strand) contains internal stop codons. Phase 3 of sequence is used instead.
Gene 4865_g (- strand) contains internal stop codons.
Gene 4866_g (- strand) contains internal stop codons.
Gene 4867_g (+ strand) contains internal stop codons.
Gene 4868_g (- strand) contains internal stop codons.
Gene 4869_g (- strand) contains internal stop codons.
Gene 4870_g (+ strand) contains internal stop codons. Phase 3 of sequence is used instead.
Gene 4871_g (+ strand) contains internal stop codons.
Gene 4872_g (+ strand) contains internal stop codons. Phase 3 of sequence is used instead.
Gene 4873_g (- strand) contains internal stop codons.
Gene 4874_g (+ strand) contains internal stop codons. Phase 3 of sequence is used instead.
Gene 4875_g (+ strand) contains internal stop codons. Phase 3 of sequence is used instead.
Gene 4876_g (- strand) contains internal stop codons.
Gene 4877_g (+ strand) contains internal stop codons. Phase 3 of sequence is used instead.
Gene 4878_g (- strand) contains internal stop codons.
Gene 4879_g (- strand) contains internal stop codons.
Gene 4880_g (+ strand) contains internal stop codons.
Gene 4881_g (+ strand) contains internal stop codons.
Gene 4882_g (- strand) contains internal stop codons.
Gene 4883_g (+ strand) contains internal stop codons. Phase 3 of sequence is used instead.
Gene 4884_g (- strand) contains internal stop codons.
Gene 4885_g (- strand) contains internal stop codons.
Gene 4886_g (+ strand) contains internal stop codons. Phase 3 of sequence is used instead.
Gene 4887_g (- strand) contains internal stop codons.
Gene 4888_g (- strand) contains internal stop codons.
Gene 4889_g (+ strand) contains internal stop codons. Phase 3 of sequence is used instead.
Gene 4890_g (- strand) contains internal stop codons.
Gene 4891_g (- strand) contains internal stop codons.
Gene 4892_g (- strand) contains internal stop codons.
Gene 4893_g (+ strand) contains internal stop codons.
Gene 4894_g (+ strand) contains internal stop codons.
Gene 4895_g (- strand) contains internal stop codons.
Gene 4896_g (+ strand) contains internal stop codons. Phase 3 of sequence is used instead.
Gene 4897_g (+ strand) contains internal stop codons. Phase 3 of sequence is used instead.
Gene 4898_g (- strand) contains internal stop codons.
Gene 4899_g (+ strand) contains internal stop codons. Phase 3 of sequence is used instead.
Gene 4900_g (- strand) contains internal stop codons.
Gene 4901_g (+ strand) contains internal stop codons. Phase 3 of sequence is used instead.
Gene 4902_g (- strand) contains internal stop codons.
Gene 4903_g (- strand) contains internal stop codons.
Gene 4904_g (+ strand) contains internal stop codons. Phase 3 of sequence is used instead.
Gene 4905_g (+ strand) contains internal stop codons. Phase 3 of sequence is used instead.
Gene 4906_g (- strand) contains internal stop codons.
Gene 4907_g (- strand) contains internal stop codons.
Gene 4908_g (- strand) contains internal stop codons.
Gene 4909_g (- strand) contains internal stop codons.
Gene 4910_g (+ strand) contains internal stop codons. Phase 3 of sequence is used instead.
Gene 4911_g (+ strand) contains internal stop codons. Phase 3 of sequence is used instead.
Gene 4912_g (+ strand) contains internal stop codons. Phase 3 of sequence is used instead.
Gene 4913_g (- strand) contains internal stop codons.
Gene 4914_g (- strand) contains internal stop codons.
Gene 4915_g (- strand) contains internal stop codons.
Gene 4916_g (- strand) contains internal stop codons.
Gene 4917_g (- strand) contains internal stop codons.
Gene 4918_g (- strand) contains internal stop codons.
Gene 4919_g (- strand) contains internal stop codons.
Gene 4920_g (+ strand) contains internal stop codons. Phase 3 of sequence is used instead.
Gene 4921_g (- strand) contains internal stop codons.
Gene 4922_g (+ strand) contains internal stop codons. Phase 3 of sequence is used instead.
Gene 4923_g (- strand) contains internal stop codons.
Gene 4924_g (- strand) contains internal stop codons.
Gene 4925_g (+ strand) contains internal stop codons.
Gene 4926_g (- strand) contains internal stop codons.
Gene 4927_g (- strand) contains internal stop codons.
Gene 4928_g (- strand) contains internal stop codons.
Gene 4929_g (- strand) contains internal stop codons.
Gene 4930_g (+ strand) contains internal stop codons. Phase 3 of sequence is used instead.
Gene 4931_g (+ strand) contains internal stop codons. Phase 3 of sequence is used instead.
Gene 4932_g (- strand) contains internal stop codons.
Gene 4933_g (- strand) contains internal stop codons.
Gene 4934_g (- strand) contains internal stop codons.
Gene 4935_g (- strand) contains internal stop codons.
Gene 4936_g (+ strand) contains internal stop codons.
Gene 4937_g (+ strand) contains internal stop codons. Phase 3 of sequence is used instead.
Gene 4938_g (- strand) contains internal stop codons.
Gene 4939_g (- strand) contains internal stop codons.
Gene 4940_g (+ strand) contains internal stop codons. Phase 3 of sequence is used instead.
Gene 4941_g (+ strand) contains internal stop codons.
Gene 4942_g (- strand) contains internal stop codons.
Gene 4943_g (- strand) contains internal stop codons.
Gene 4944_g (- strand) contains internal stop codons.
Gene 4945_g (+ strand) contains internal stop codons. Phase 3 of sequence is used instead.
Gene 4946_g (- strand) contains internal stop codons.
Gene 4947_g (- strand) contains internal stop codons.
Gene 4948_g (+ strand) contains internal stop codons. Phase 3 of sequence is used instead.
Gene 4949_g (- strand) contains internal stop codons.
Gene 4950_g (- strand) contains internal stop codons.
Gene 4951_g (+ strand) contains internal stop codons. Phase 3 of sequence is used instead.
Gene 4952_g (+ strand) contains internal stop codons. Phase 3 of sequence is used instead.
Gene 4953_g (- strand) contains internal stop codons.
