2026-03-04 18:30:36 DEBUG:busco.run_BUSCO	Command line: /home/inf-20-2025/miniforge3/envs/busco/bin/busco -i Results/6_nobird_annotation/P_cynomolgi.faa -o Results/8_busco/P_cynomolgi -m prot -l apicomplexa --cpu 10
2026-03-04 18:30:36 INFO:busco.run_BUSCO	***** Start a BUSCO v6.0.0 analysis, current time: 03/04/2026 18:30:36 *****
2026-03-04 18:30:36 DEBUG:busco.ConfigManager	Getting config file
2026-03-04 18:30:36 INFO:busco.ConfigManager	Configuring BUSCO with local environment
2026-03-04 18:30:36 INFO:busco.BuscoConfig	Running proteins mode
2026-03-04 18:30:36 INFO:busco.BuscoDownloadManager	Downloading information on latest versions of BUSCO data...
2026-03-04 18:30:38 DEBUG:busco.BuscoConfig	State of BUSCO config before run:
2026-03-04 18:30:38 DEBUG:busco.BuscoConfig	{'_allow_no_value': False,
 '_comment_prefixes': ('#', ';'),
 '_converters': <configparser.ConverterMapping object at 0x7f548563ba10>,
 '_defaults': {},
 '_delimiters': ('=', ':'),
 '_dict': <class 'dict'>,
 '_empty_lines_in_values': True,
 '_inline_comment_prefixes': (),
 '_input_filepath': 'Results/6_nobird_annotation/P_cynomolgi.faa',
 '_interpolation': <configparser.BasicInterpolation object at 0x7f54779259a0>,
 '_mode': 'proteins',
 '_optcre': re.compile('\n        (?P<option>.*?)                    # very permissive!\n        \\s*(?P<vi>=|:)\\s*              # any number of space/tab,\n                                           # followed by any of t, re.VERBOSE),
 '_proxies': {'DEFAULT': <Section: DEFAULT>,
              'augustus': <Section: augustus>,
              'bbtools': <Section: bbtools>,
              'busco_run': <Section: busco_run>,
              'etraining': <Section: etraining>,
              'gff2gbSmallDNA.pl': <Section: gff2gbSmallDNA.pl>,
              'hmmsearch': <Section: hmmsearch>,
              'makeblastdb': <Section: makeblastdb>,
              'metaeuk': <Section: metaeuk>,
              'miniprot': <Section: miniprot>,
              'new_species.pl': <Section: new_species.pl>,
              'optimize_augustus.pl': <Section: optimize_augustus.pl>,
              'prodigal': <Section: prodigal>,
              'sepp': <Section: sepp>,
              'tblastn': <Section: tblastn>},
 '_sections': {'augustus': {'command': '', 'path': ''},
               'bbtools': {'command': '', 'path': ''},
               'busco_run': {'auto-lineage': 'False',
                             'auto-lineage-euk': 'False',
                             'auto-lineage-prok': 'False',
                             'batch_mode': 'False',
                             'cpu': '10',
                             'datasets_version': 'odb12',
                             'download_base_url': 'https://busco-data.ezlab.org/v5/data/',
                             'download_path': '/home/inf-20-2025/Malaria/busco_downloads',
                             'force': 'False',
                             'in': '/home/inf-20-2025/Malaria/Results/6_nobird_annotation/P_cynomolgi.faa',
                             'lineage_dataset': 'apicomplexa_odb12',
                             'main_out': 'Results/8_busco/P_cynomolgi',
                             'mode': 'proteins',
                             'offline': 'False',
                             'opt-out-run-stats': 'False',
                             'out': 'Results/8_busco/P_cynomolgi',
                             'out_path': '/home/inf-20-2025/Malaria',
                             'plot_percentages': 'False',
                             'quiet': 'False',
                             'restart': 'False',
                             'skip_bbtools': 'False',
                             'tar': 'False',
                             'use_augustus': 'False',
                             'use_metaeuk': 'False',
                             'use_miniprot': 'False'},
               'etraining': {'command': '', 'path': ''},
               'gff2gbSmallDNA.pl': {'command': '', 'path': ''},
               'hmmsearch': {'command': '', 'path': ''},
               'makeblastdb': {'command': '', 'path': ''},
               'metaeuk': {'command': '', 'path': ''},
               'miniprot': {'command': '', 'path': ''},
               'new_species.pl': {'command': '', 'path': ''},
               'optimize_augustus.pl': {'command': '', 'path': ''},
               'prodigal': {'command': '', 'path': ''},
               'sepp': {'command': '', 'path': ''},
               'tblastn': {'command': '', 'path': ''}},
 '_strict': True,
 'conf_file': 'local environment',
 'default_section': 'DEFAULT',
 'downloader': <busco.BuscoDownloadManager.BuscoDownloadManager object at 0x7f5028bc3a10>,
 'main_out': 'Results/8_busco/P_cynomolgi',
 'params': {'augustus_parameters': None,
            'augustus_species': None,
            'auto-lineage': False,
            'auto-lineage-euk': False,
            'auto-lineage-prok': False,
            'config_file': None,
            'contig_break': None,
            'cpu': 10,
            'datasets_version': None,
            'download': '==SUPPRESS==',
            'download_base_url': None,
            'download_path': None,
            'evalue': None,
            'force': False,
            'help': '==SUPPRESS==',
            'in': 'Results/6_nobird_annotation/P_cynomolgi.faa',
            'limit': None,
            'lineage_dataset': 'apicomplexa',
            'list_datasets': '==SUPPRESS==',
            'long': False,
            'metaeuk_parameters': None,
            'metaeuk_rerun_parameters': None,
            'mode': 'prot',
            'offline': False,
            'opt-out-run-stats': False,
            'out': 'Results/8_busco/P_cynomolgi',
            'out_path': None,
            'plot': '==SUPPRESS==',
            'plot_percentages': False,
            'quiet': False,
            'restart': False,
            'scaffold_composition': False,
            'skip_bbtools': False,
            'tar': False,
            'use_augustus': False,
            'use_metaeuk': False,
            'use_miniprot': False,
            'version': '==SUPPRESS=='},
 'run_stats': {'cpu': 10, 'lineage_dataset': ['apicomplexa'], 'mode': 'prot'}}
2026-03-04 18:30:38 INFO:busco.BuscoRunner	Input file is /home/inf-20-2025/Malaria/Results/6_nobird_annotation/P_cynomolgi.faa
2026-03-04 18:30:38 INFO:busco.BuscoDownloadManager	The local file or folder /home/inf-20-2025/Malaria/busco_downloads/lineages/apicomplexa_odb12 is the last available version.
2026-03-04 18:30:38 DEBUG:busco.analysis.BuscoAnalysis	Check all required tools are accessible...
2026-03-04 18:30:38 DEBUG:busco.analysis.BuscoAnalysis	Checking dataset for HMM profiles
2026-03-04 18:30:38 INFO:busco.analysis.BuscoAnalysis	Running BUSCO using lineage dataset apicomplexa_odb12 (eukaryota, 2025-07-01)
2026-03-04 18:30:38 INFO:busco.analysis.BuscoAnalysis	***** Run HMMER on gene sequences *****
2026-03-04 18:30:38 DEBUG:busco.busco_tools.base	Tool: hmmsearch
2026-03-04 18:30:38 DEBUG:busco.busco_tools.base	Version: 3.4
2026-03-04 18:30:38 INFO:busco.busco_tools.Toolset	Running 481 job(s) on hmmsearch, starting at 03/04/2026 18:30:38
2026-03-04 18:30:39 DEBUG:busco.busco_tools.Toolset	cmd call: hmmsearch --domtblout Results/8_busco/P_cynomolgi/run_apicomplexa_odb12/hmmer_output/initial_run_results/10182at5794.out --cpu 1 /home/inf-20-2025/Malaria/busco_downloads/lineages/apicomplexa_odb12/hmms/10182at5794.hmm /home/inf-20-2025/Malaria/Results/6_nobird_annotation/P_cynomolgi.faa
2026-03-04 18:30:39 DEBUG:busco.busco_tools.Toolset	cmd call: hmmsearch --domtblout Results/8_busco/P_cynomolgi/run_apicomplexa_odb12/hmmer_output/initial_run_results/11519at5794.out --cpu 1 /home/inf-20-2025/Malaria/busco_downloads/lineages/apicomplexa_odb12/hmms/11519at5794.hmm /home/inf-20-2025/Malaria/Results/6_nobird_annotation/P_cynomolgi.faa
2026-03-04 18:30:39 DEBUG:busco.busco_tools.Toolset	cmd call: hmmsearch --domtblout Results/8_busco/P_cynomolgi/run_apicomplexa_odb12/hmmer_output/initial_run_results/12887at5794.out --cpu 1 /home/inf-20-2025/Malaria/busco_downloads/lineages/apicomplexa_odb12/hmms/12887at5794.hmm /home/inf-20-2025/Malaria/Results/6_nobird_annotation/P_cynomolgi.faa
2026-03-04 18:30:39 DEBUG:busco.busco_tools.Toolset	cmd call: hmmsearch --domtblout Results/8_busco/P_cynomolgi/run_apicomplexa_odb12/hmmer_output/initial_run_results/13921at5794.out --cpu 1 /home/inf-20-2025/Malaria/busco_downloads/lineages/apicomplexa_odb12/hmms/13921at5794.hmm /home/inf-20-2025/Malaria/Results/6_nobird_annotation/P_cynomolgi.faa
2026-03-04 18:30:39 DEBUG:busco.busco_tools.Toolset	cmd call: hmmsearch --domtblout Results/8_busco/P_cynomolgi/run_apicomplexa_odb12/hmmer_output/initial_run_results/12975at5794.out --cpu 1 /home/inf-20-2025/Malaria/busco_downloads/lineages/apicomplexa_odb12/hmms/12975at5794.hmm /home/inf-20-2025/Malaria/Results/6_nobird_annotation/P_cynomolgi.faa
2026-03-04 18:30:39 DEBUG:busco.busco_tools.Toolset	cmd call: hmmsearch --domtblout Results/8_busco/P_cynomolgi/run_apicomplexa_odb12/hmmer_output/initial_run_results/15130at5794.out --cpu 1 /home/inf-20-2025/Malaria/busco_downloads/lineages/apicomplexa_odb12/hmms/15130at5794.hmm /home/inf-20-2025/Malaria/Results/6_nobird_annotation/P_cynomolgi.faa
2026-03-04 18:30:39 DEBUG:busco.busco_tools.Toolset	cmd call: hmmsearch --domtblout Results/8_busco/P_cynomolgi/run_apicomplexa_odb12/hmmer_output/initial_run_results/17147at5794.out --cpu 1 /home/inf-20-2025/Malaria/busco_downloads/lineages/apicomplexa_odb12/hmms/17147at5794.hmm /home/inf-20-2025/Malaria/Results/6_nobird_annotation/P_cynomolgi.faa
2026-03-04 18:30:39 DEBUG:busco.busco_tools.Toolset	cmd call: hmmsearch --domtblout Results/8_busco/P_cynomolgi/run_apicomplexa_odb12/hmmer_output/initial_run_results/131at5794.out --cpu 1 /home/inf-20-2025/Malaria/busco_downloads/lineages/apicomplexa_odb12/hmms/131at5794.hmm /home/inf-20-2025/Malaria/Results/6_nobird_annotation/P_cynomolgi.faa
2026-03-04 18:30:39 DEBUG:busco.busco_tools.Toolset	cmd call: hmmsearch --domtblout Results/8_busco/P_cynomolgi/run_apicomplexa_odb12/hmmer_output/initial_run_results/14090at5794.out --cpu 1 /home/inf-20-2025/Malaria/busco_downloads/lineages/apicomplexa_odb12/hmms/14090at5794.hmm /home/inf-20-2025/Malaria/Results/6_nobird_annotation/P_cynomolgi.faa
2026-03-04 18:30:40 DEBUG:busco.busco_tools.Toolset	cmd call: hmmsearch --domtblout Results/8_busco/P_cynomolgi/run_apicomplexa_odb12/hmmer_output/initial_run_results/15169at5794.out --cpu 1 /home/inf-20-2025/Malaria/busco_downloads/lineages/apicomplexa_odb12/hmms/15169at5794.hmm /home/inf-20-2025/Malaria/Results/6_nobird_annotation/P_cynomolgi.faa
2026-03-04 18:30:40 DEBUG:busco.busco_tools.Toolset	cmd call: hmmsearch --domtblout Results/8_busco/P_cynomolgi/run_apicomplexa_odb12/hmmer_output/initial_run_results/20076at5794.out --cpu 1 /home/inf-20-2025/Malaria/busco_downloads/lineages/apicomplexa_odb12/hmms/20076at5794.hmm /home/inf-20-2025/Malaria/Results/6_nobird_annotation/P_cynomolgi.faa
2026-03-04 18:30:40 DEBUG:busco.busco_tools.Toolset	cmd call: hmmsearch --domtblout Results/8_busco/P_cynomolgi/run_apicomplexa_odb12/hmmer_output/initial_run_results/17423at5794.out --cpu 1 /home/inf-20-2025/Malaria/busco_downloads/lineages/apicomplexa_odb12/hmms/17423at5794.hmm /home/inf-20-2025/Malaria/Results/6_nobird_annotation/P_cynomolgi.faa
2026-03-04 18:30:40 DEBUG:busco.busco_tools.Toolset	cmd call: hmmsearch --domtblout Results/8_busco/P_cynomolgi/run_apicomplexa_odb12/hmmer_output/initial_run_results/13279at5794.out --cpu 1 /home/inf-20-2025/Malaria/busco_downloads/lineages/apicomplexa_odb12/hmms/13279at5794.hmm /home/inf-20-2025/Malaria/Results/6_nobird_annotation/P_cynomolgi.faa
2026-03-04 18:30:40 DEBUG:busco.busco_tools.Toolset	cmd call: hmmsearch --domtblout Results/8_busco/P_cynomolgi/run_apicomplexa_odb12/hmmer_output/initial_run_results/20195at5794.out --cpu 1 /home/inf-20-2025/Malaria/busco_downloads/lineages/apicomplexa_odb12/hmms/20195at5794.hmm /home/inf-20-2025/Malaria/Results/6_nobird_annotation/P_cynomolgi.faa
2026-03-04 18:30:40 DEBUG:busco.busco_tools.Toolset	cmd call: hmmsearch --domtblout Results/8_busco/P_cynomolgi/run_apicomplexa_odb12/hmmer_output/initial_run_results/31117at5794.out --cpu 1 /home/inf-20-2025/Malaria/busco_downloads/lineages/apicomplexa_odb12/hmms/31117at5794.hmm /home/inf-20-2025/Malaria/Results/6_nobird_annotation/P_cynomolgi.faa
2026-03-04 18:30:40 DEBUG:busco.busco_tools.Toolset	cmd call: hmmsearch --domtblout Results/8_busco/P_cynomolgi/run_apicomplexa_odb12/hmmer_output/initial_run_results/10285at5794.out --cpu 1 /home/inf-20-2025/Malaria/busco_downloads/lineages/apicomplexa_odb12/hmms/10285at5794.hmm /home/inf-20-2025/Malaria/Results/6_nobird_annotation/P_cynomolgi.faa
2026-03-04 18:30:40 DEBUG:busco.busco_tools.Toolset	cmd call: hmmsearch --domtblout Results/8_busco/P_cynomolgi/run_apicomplexa_odb12/hmmer_output/initial_run_results/31127at5794.out --cpu 1 /home/inf-20-2025/Malaria/busco_downloads/lineages/apicomplexa_odb12/hmms/31127at5794.hmm /home/inf-20-2025/Malaria/Results/6_nobird_annotation/P_cynomolgi.faa
2026-03-04 18:30:40 DEBUG:busco.busco_tools.Toolset	cmd call: hmmsearch --domtblout Results/8_busco/P_cynomolgi/run_apicomplexa_odb12/hmmer_output/initial_run_results/31339at5794.out --cpu 1 /home/inf-20-2025/Malaria/busco_downloads/lineages/apicomplexa_odb12/hmms/31339at5794.hmm /home/inf-20-2025/Malaria/Results/6_nobird_annotation/P_cynomolgi.faa
2026-03-04 18:30:40 DEBUG:busco.busco_tools.Toolset	cmd call: hmmsearch --domtblout Results/8_busco/P_cynomolgi/run_apicomplexa_odb12/hmmer_output/initial_run_results/17586at5794.out --cpu 1 /home/inf-20-2025/Malaria/busco_downloads/lineages/apicomplexa_odb12/hmms/17586at5794.hmm /home/inf-20-2025/Malaria/Results/6_nobird_annotation/P_cynomolgi.faa
2026-03-04 18:30:40 DEBUG:busco.busco_tools.Toolset	cmd call: hmmsearch --domtblout Results/8_busco/P_cynomolgi/run_apicomplexa_odb12/hmmer_output/initial_run_results/31573at5794.out --cpu 1 /home/inf-20-2025/Malaria/busco_downloads/lineages/apicomplexa_odb12/hmms/31573at5794.hmm /home/inf-20-2025/Malaria/Results/6_nobird_annotation/P_cynomolgi.faa
2026-03-04 18:30:40 DEBUG:busco.busco_tools.Toolset	cmd call: hmmsearch --domtblout Results/8_busco/P_cynomolgi/run_apicomplexa_odb12/hmmer_output/initial_run_results/13281at5794.out --cpu 1 /home/inf-20-2025/Malaria/busco_downloads/lineages/apicomplexa_odb12/hmms/13281at5794.hmm /home/inf-20-2025/Malaria/Results/6_nobird_annotation/P_cynomolgi.faa
2026-03-04 18:30:40 DEBUG:busco.busco_tools.Toolset	cmd call: hmmsearch --domtblout Results/8_busco/P_cynomolgi/run_apicomplexa_odb12/hmmer_output/initial_run_results/18021at5794.out --cpu 1 /home/inf-20-2025/Malaria/busco_downloads/lineages/apicomplexa_odb12/hmms/18021at5794.hmm /home/inf-20-2025/Malaria/Results/6_nobird_annotation/P_cynomolgi.faa
2026-03-04 18:30:40 DEBUG:busco.busco_tools.Toolset	cmd call: hmmsearch --domtblout Results/8_busco/P_cynomolgi/run_apicomplexa_odb12/hmmer_output/initial_run_results/31137at5794.out --cpu 1 /home/inf-20-2025/Malaria/busco_downloads/lineages/apicomplexa_odb12/hmms/31137at5794.hmm /home/inf-20-2025/Malaria/Results/6_nobird_annotation/P_cynomolgi.faa
2026-03-04 18:30:40 DEBUG:busco.busco_tools.Toolset	cmd call: hmmsearch --domtblout Results/8_busco/P_cynomolgi/run_apicomplexa_odb12/hmmer_output/initial_run_results/10332at5794.out --cpu 1 /home/inf-20-2025/Malaria/busco_downloads/lineages/apicomplexa_odb12/hmms/10332at5794.hmm /home/inf-20-2025/Malaria/Results/6_nobird_annotation/P_cynomolgi.faa
2026-03-04 18:30:40 DEBUG:busco.busco_tools.Toolset	cmd call: hmmsearch --domtblout Results/8_busco/P_cynomolgi/run_apicomplexa_odb12/hmmer_output/initial_run_results/11538at5794.out --cpu 1 /home/inf-20-2025/Malaria/busco_downloads/lineages/apicomplexa_odb12/hmms/11538at5794.hmm /home/inf-20-2025/Malaria/Results/6_nobird_annotation/P_cynomolgi.faa
2026-03-04 18:30:40 DEBUG:busco.busco_tools.Toolset	cmd call: hmmsearch --domtblout Results/8_busco/P_cynomolgi/run_apicomplexa_odb12/hmmer_output/initial_run_results/18026at5794.out --cpu 1 /home/inf-20-2025/Malaria/busco_downloads/lineages/apicomplexa_odb12/hmms/18026at5794.hmm /home/inf-20-2025/Malaria/Results/6_nobird_annotation/P_cynomolgi.faa
2026-03-04 18:30:40 DEBUG:busco.busco_tools.Toolset	cmd call: hmmsearch --domtblout Results/8_busco/P_cynomolgi/run_apicomplexa_odb12/hmmer_output/initial_run_results/13310at5794.out --cpu 1 /home/inf-20-2025/Malaria/busco_downloads/lineages/apicomplexa_odb12/hmms/13310at5794.hmm /home/inf-20-2025/Malaria/Results/6_nobird_annotation/P_cynomolgi.faa
2026-03-04 18:30:40 DEBUG:busco.busco_tools.Toolset	cmd call: hmmsearch --domtblout Results/8_busco/P_cynomolgi/run_apicomplexa_odb12/hmmer_output/initial_run_results/31598at5794.out --cpu 1 /home/inf-20-2025/Malaria/busco_downloads/lineages/apicomplexa_odb12/hmms/31598at5794.hmm /home/inf-20-2025/Malaria/Results/6_nobird_annotation/P_cynomolgi.faa
2026-03-04 18:30:40 DEBUG:busco.busco_tools.Toolset	cmd call: hmmsearch --domtblout Results/8_busco/P_cynomolgi/run_apicomplexa_odb12/hmmer_output/initial_run_results/11552at5794.out --cpu 1 /home/inf-20-2025/Malaria/busco_downloads/lineages/apicomplexa_odb12/hmms/11552at5794.hmm /home/inf-20-2025/Malaria/Results/6_nobird_annotation/P_cynomolgi.faa
2026-03-04 18:30:40 DEBUG:busco.busco_tools.Toolset	cmd call: hmmsearch --domtblout Results/8_busco/P_cynomolgi/run_apicomplexa_odb12/hmmer_output/initial_run_results/31609at5794.out --cpu 1 /home/inf-20-2025/Malaria/busco_downloads/lineages/apicomplexa_odb12/hmms/31609at5794.hmm /home/inf-20-2025/Malaria/Results/6_nobird_annotation/P_cynomolgi.faa
2026-03-04 18:30:40 DEBUG:busco.busco_tools.Toolset	cmd call: hmmsearch --domtblout Results/8_busco/P_cynomolgi/run_apicomplexa_odb12/hmmer_output/initial_run_results/18028at5794.out --cpu 1 /home/inf-20-2025/Malaria/busco_downloads/lineages/apicomplexa_odb12/hmms/18028at5794.hmm /home/inf-20-2025/Malaria/Results/6_nobird_annotation/P_cynomolgi.faa
2026-03-04 18:30:40 DEBUG:busco.busco_tools.Toolset	cmd call: hmmsearch --domtblout Results/8_busco/P_cynomolgi/run_apicomplexa_odb12/hmmer_output/initial_run_results/31179at5794.out --cpu 1 /home/inf-20-2025/Malaria/busco_downloads/lineages/apicomplexa_odb12/hmms/31179at5794.hmm /home/inf-20-2025/Malaria/Results/6_nobird_annotation/P_cynomolgi.faa
2026-03-04 18:30:40 DEBUG:busco.busco_tools.Toolset	cmd call: hmmsearch --domtblout Results/8_busco/P_cynomolgi/run_apicomplexa_odb12/hmmer_output/initial_run_results/31183at5794.out --cpu 1 /home/inf-20-2025/Malaria/busco_downloads/lineages/apicomplexa_odb12/hmms/31183at5794.hmm /home/inf-20-2025/Malaria/Results/6_nobird_annotation/P_cynomolgi.faa
2026-03-04 18:30:40 DEBUG:busco.busco_tools.Toolset	cmd call: hmmsearch --domtblout Results/8_busco/P_cynomolgi/run_apicomplexa_odb12/hmmer_output/initial_run_results/31610at5794.out --cpu 1 /home/inf-20-2025/Malaria/busco_downloads/lineages/apicomplexa_odb12/hmms/31610at5794.hmm /home/inf-20-2025/Malaria/Results/6_nobird_annotation/P_cynomolgi.faa
2026-03-04 18:30:40 DEBUG:busco.busco_tools.Toolset	cmd call: hmmsearch --domtblout Results/8_busco/P_cynomolgi/run_apicomplexa_odb12/hmmer_output/initial_run_results/31354at5794.out --cpu 1 /home/inf-20-2025/Malaria/busco_downloads/lineages/apicomplexa_odb12/hmms/31354at5794.hmm /home/inf-20-2025/Malaria/Results/6_nobird_annotation/P_cynomolgi.faa
2026-03-04 18:30:40 DEBUG:busco.busco_tools.Toolset	cmd call: hmmsearch --domtblout Results/8_busco/P_cynomolgi/run_apicomplexa_odb12/hmmer_output/initial_run_results/18175at5794.out --cpu 1 /home/inf-20-2025/Malaria/busco_downloads/lineages/apicomplexa_odb12/hmms/18175at5794.hmm /home/inf-20-2025/Malaria/Results/6_nobird_annotation/P_cynomolgi.faa
2026-03-04 18:30:40 DEBUG:busco.busco_tools.Toolset	cmd call: hmmsearch --domtblout Results/8_busco/P_cynomolgi/run_apicomplexa_odb12/hmmer_output/initial_run_results/13315at5794.out --cpu 1 /home/inf-20-2025/Malaria/busco_downloads/lineages/apicomplexa_odb12/hmms/13315at5794.hmm /home/inf-20-2025/Malaria/Results/6_nobird_annotation/P_cynomolgi.faa
2026-03-04 18:30:40 DEBUG:busco.busco_tools.Toolset	cmd call: hmmsearch --domtblout Results/8_busco/P_cynomolgi/run_apicomplexa_odb12/hmmer_output/initial_run_results/14108at5794.out --cpu 1 /home/inf-20-2025/Malaria/busco_downloads/lineages/apicomplexa_odb12/hmms/14108at5794.hmm /home/inf-20-2025/Malaria/Results/6_nobird_annotation/P_cynomolgi.faa
2026-03-04 18:30:40 DEBUG:busco.busco_tools.Toolset	cmd call: hmmsearch --domtblout Results/8_busco/P_cynomolgi/run_apicomplexa_odb12/hmmer_output/initial_run_results/11563at5794.out --cpu 1 /home/inf-20-2025/Malaria/busco_downloads/lineages/apicomplexa_odb12/hmms/11563at5794.hmm /home/inf-20-2025/Malaria/Results/6_nobird_annotation/P_cynomolgi.faa
2026-03-04 18:30:40 DEBUG:busco.busco_tools.Toolset	cmd call: hmmsearch --domtblout Results/8_busco/P_cynomolgi/run_apicomplexa_odb12/hmmer_output/initial_run_results/18178at5794.out --cpu 1 /home/inf-20-2025/Malaria/busco_downloads/lineages/apicomplexa_odb12/hmms/18178at5794.hmm /home/inf-20-2025/Malaria/Results/6_nobird_annotation/P_cynomolgi.faa
2026-03-04 18:30:40 DEBUG:busco.busco_tools.Toolset	cmd call: hmmsearch --domtblout Results/8_busco/P_cynomolgi/run_apicomplexa_odb12/hmmer_output/initial_run_results/31618at5794.out --cpu 1 /home/inf-20-2025/Malaria/busco_downloads/lineages/apicomplexa_odb12/hmms/31618at5794.hmm /home/inf-20-2025/Malaria/Results/6_nobird_annotation/P_cynomolgi.faa
2026-03-04 18:30:40 DEBUG:busco.busco_tools.Toolset	cmd call: hmmsearch --domtblout Results/8_busco/P_cynomolgi/run_apicomplexa_odb12/hmmer_output/initial_run_results/13369at5794.out --cpu 1 /home/inf-20-2025/Malaria/busco_downloads/lineages/apicomplexa_odb12/hmms/13369at5794.hmm /home/inf-20-2025/Malaria/Results/6_nobird_annotation/P_cynomolgi.faa
2026-03-04 18:30:40 DEBUG:busco.busco_tools.Toolset	cmd call: hmmsearch --domtblout Results/8_busco/P_cynomolgi/run_apicomplexa_odb12/hmmer_output/initial_run_results/10486at5794.out --cpu 1 /home/inf-20-2025/Malaria/busco_downloads/lineages/apicomplexa_odb12/hmms/10486at5794.hmm /home/inf-20-2025/Malaria/Results/6_nobird_annotation/P_cynomolgi.faa
2026-03-04 18:30:40 DEBUG:busco.busco_tools.Toolset	cmd call: hmmsearch --domtblout Results/8_busco/P_cynomolgi/run_apicomplexa_odb12/hmmer_output/initial_run_results/31188at5794.out --cpu 1 /home/inf-20-2025/Malaria/busco_downloads/lineages/apicomplexa_odb12/hmms/31188at5794.hmm /home/inf-20-2025/Malaria/Results/6_nobird_annotation/P_cynomolgi.faa
2026-03-04 18:30:40 DEBUG:busco.busco_tools.Toolset	cmd call: hmmsearch --domtblout Results/8_busco/P_cynomolgi/run_apicomplexa_odb12/hmmer_output/initial_run_results/14164at5794.out --cpu 1 /home/inf-20-2025/Malaria/busco_downloads/lineages/apicomplexa_odb12/hmms/14164at5794.hmm /home/inf-20-2025/Malaria/Results/6_nobird_annotation/P_cynomolgi.faa
2026-03-04 18:30:40 DEBUG:busco.busco_tools.Toolset	cmd call: hmmsearch --domtblout Results/8_busco/P_cynomolgi/run_apicomplexa_odb12/hmmer_output/initial_run_results/18694at5794.out --cpu 1 /home/inf-20-2025/Malaria/busco_downloads/lineages/apicomplexa_odb12/hmms/18694at5794.hmm /home/inf-20-2025/Malaria/Results/6_nobird_annotation/P_cynomolgi.faa
2026-03-04 18:30:41 DEBUG:busco.busco_tools.Toolset	cmd call: hmmsearch --domtblout Results/8_busco/P_cynomolgi/run_apicomplexa_odb12/hmmer_output/initial_run_results/2329at5794.out --cpu 1 /home/inf-20-2025/Malaria/busco_downloads/lineages/apicomplexa_odb12/hmms/2329at5794.hmm /home/inf-20-2025/Malaria/Results/6_nobird_annotation/P_cynomolgi.faa
2026-03-04 18:30:41 DEBUG:busco.busco_tools.Toolset	cmd call: hmmsearch --domtblout Results/8_busco/P_cynomolgi/run_apicomplexa_odb12/hmmer_output/initial_run_results/31355at5794.out --cpu 1 /home/inf-20-2025/Malaria/busco_downloads/lineages/apicomplexa_odb12/hmms/31355at5794.hmm /home/inf-20-2025/Malaria/Results/6_nobird_annotation/P_cynomolgi.faa
2026-03-04 18:30:41 DEBUG:busco.busco_tools.Toolset	cmd call: hmmsearch --domtblout Results/8_busco/P_cynomolgi/run_apicomplexa_odb12/hmmer_output/initial_run_results/13548at5794.out --cpu 1 /home/inf-20-2025/Malaria/busco_downloads/lineages/apicomplexa_odb12/hmms/13548at5794.hmm /home/inf-20-2025/Malaria/Results/6_nobird_annotation/P_cynomolgi.faa
2026-03-04 18:30:41 DEBUG:busco.busco_tools.Toolset	cmd call: hmmsearch --domtblout Results/8_busco/P_cynomolgi/run_apicomplexa_odb12/hmmer_output/initial_run_results/26645at5794.out --cpu 1 /home/inf-20-2025/Malaria/busco_downloads/lineages/apicomplexa_odb12/hmms/26645at5794.hmm /home/inf-20-2025/Malaria/Results/6_nobird_annotation/P_cynomolgi.faa
2026-03-04 18:30:41 DEBUG:busco.busco_tools.Toolset	cmd call: hmmsearch --domtblout Results/8_busco/P_cynomolgi/run_apicomplexa_odb12/hmmer_output/initial_run_results/13630at5794.out --cpu 1 /home/inf-20-2025/Malaria/busco_downloads/lineages/apicomplexa_odb12/hmms/13630at5794.hmm /home/inf-20-2025/Malaria/Results/6_nobird_annotation/P_cynomolgi.faa
2026-03-04 18:30:41 DEBUG:busco.busco_tools.Toolset	cmd call: hmmsearch --domtblout Results/8_busco/P_cynomolgi/run_apicomplexa_odb12/hmmer_output/initial_run_results/31197at5794.out --cpu 1 /home/inf-20-2025/Malaria/busco_downloads/lineages/apicomplexa_odb12/hmms/31197at5794.hmm /home/inf-20-2025/Malaria/Results/6_nobird_annotation/P_cynomolgi.faa
2026-03-04 18:30:41 DEBUG:busco.busco_tools.Toolset	cmd call: hmmsearch --domtblout Results/8_busco/P_cynomolgi/run_apicomplexa_odb12/hmmer_output/initial_run_results/26678at5794.out --cpu 1 /home/inf-20-2025/Malaria/busco_downloads/lineages/apicomplexa_odb12/hmms/26678at5794.hmm /home/inf-20-2025/Malaria/Results/6_nobird_annotation/P_cynomolgi.faa
2026-03-04 18:30:41 DEBUG:busco.busco_tools.Toolset	cmd call: hmmsearch --domtblout Results/8_busco/P_cynomolgi/run_apicomplexa_odb12/hmmer_output/initial_run_results/31238at5794.out --cpu 1 /home/inf-20-2025/Malaria/busco_downloads/lineages/apicomplexa_odb12/hmms/31238at5794.hmm /home/inf-20-2025/Malaria/Results/6_nobird_annotation/P_cynomolgi.faa
2026-03-04 18:30:41 DEBUG:busco.busco_tools.Toolset	cmd call: hmmsearch --domtblout Results/8_busco/P_cynomolgi/run_apicomplexa_odb12/hmmer_output/initial_run_results/10895at5794.out --cpu 1 /home/inf-20-2025/Malaria/busco_downloads/lineages/apicomplexa_odb12/hmms/10895at5794.hmm /home/inf-20-2025/Malaria/Results/6_nobird_annotation/P_cynomolgi.faa
2026-03-04 18:30:41 DEBUG:busco.busco_tools.Toolset	cmd call: hmmsearch --domtblout Results/8_busco/P_cynomolgi/run_apicomplexa_odb12/hmmer_output/initial_run_results/31387at5794.out --cpu 1 /home/inf-20-2025/Malaria/busco_downloads/lineages/apicomplexa_odb12/hmms/31387at5794.hmm /home/inf-20-2025/Malaria/Results/6_nobird_annotation/P_cynomolgi.faa
2026-03-04 18:30:41 DEBUG:busco.busco_tools.Toolset	cmd call: hmmsearch --domtblout Results/8_busco/P_cynomolgi/run_apicomplexa_odb12/hmmer_output/initial_run_results/11750at5794.out --cpu 1 /home/inf-20-2025/Malaria/busco_downloads/lineages/apicomplexa_odb12/hmms/11750at5794.hmm /home/inf-20-2025/Malaria/Results/6_nobird_annotation/P_cynomolgi.faa
2026-03-04 18:30:41 DEBUG:busco.busco_tools.Toolset	cmd call: hmmsearch --domtblout Results/8_busco/P_cynomolgi/run_apicomplexa_odb12/hmmer_output/initial_run_results/31253at5794.out --cpu 1 /home/inf-20-2025/Malaria/busco_downloads/lineages/apicomplexa_odb12/hmms/31253at5794.hmm /home/inf-20-2025/Malaria/Results/6_nobird_annotation/P_cynomolgi.faa
2026-03-04 18:30:41 INFO:busco.busco_tools.Toolset	[hmmsearch]	49 of 481 task(s) completed
2026-03-04 18:30:41 DEBUG:busco.busco_tools.Toolset	cmd call: hmmsearch --domtblout Results/8_busco/P_cynomolgi/run_apicomplexa_odb12/hmmer_output/initial_run_results/2798at5794.out --cpu 1 /home/inf-20-2025/Malaria/busco_downloads/lineages/apicomplexa_odb12/hmms/2798at5794.hmm /home/inf-20-2025/Malaria/Results/6_nobird_annotation/P_cynomolgi.faa
2026-03-04 18:30:41 DEBUG:busco.busco_tools.Toolset	cmd call: hmmsearch --domtblout Results/8_busco/P_cynomolgi/run_apicomplexa_odb12/hmmer_output/initial_run_results/15301at5794.out --cpu 1 /home/inf-20-2025/Malaria/busco_downloads/lineages/apicomplexa_odb12/hmms/15301at5794.hmm /home/inf-20-2025/Malaria/Results/6_nobird_annotation/P_cynomolgi.faa
2026-03-04 18:30:41 DEBUG:busco.busco_tools.Toolset	cmd call: hmmsearch --domtblout Results/8_busco/P_cynomolgi/run_apicomplexa_odb12/hmmer_output/initial_run_results/31266at5794.out --cpu 1 /home/inf-20-2025/Malaria/busco_downloads/lineages/apicomplexa_odb12/hmms/31266at5794.hmm /home/inf-20-2025/Malaria/Results/6_nobird_annotation/P_cynomolgi.faa
2026-03-04 18:30:41 DEBUG:busco.busco_tools.Toolset	cmd call: hmmsearch --domtblout Results/8_busco/P_cynomolgi/run_apicomplexa_odb12/hmmer_output/initial_run_results/10954at5794.out --cpu 1 /home/inf-20-2025/Malaria/busco_downloads/lineages/apicomplexa_odb12/hmms/10954at5794.hmm /home/inf-20-2025/Malaria/Results/6_nobird_annotation/P_cynomolgi.faa
2026-03-04 18:30:41 DEBUG:busco.busco_tools.Toolset	cmd call: hmmsearch --domtblout Results/8_busco/P_cynomolgi/run_apicomplexa_odb12/hmmer_output/initial_run_results/31400at5794.out --cpu 1 /home/inf-20-2025/Malaria/busco_downloads/lineages/apicomplexa_odb12/hmms/31400at5794.hmm /home/inf-20-2025/Malaria/Results/6_nobird_annotation/P_cynomolgi.faa
2026-03-04 18:30:41 DEBUG:busco.busco_tools.Toolset	cmd call: hmmsearch --domtblout Results/8_busco/P_cynomolgi/run_apicomplexa_odb12/hmmer_output/initial_run_results/15360at5794.out --cpu 1 /home/inf-20-2025/Malaria/busco_downloads/lineages/apicomplexa_odb12/hmms/15360at5794.hmm /home/inf-20-2025/Malaria/Results/6_nobird_annotation/P_cynomolgi.faa
2026-03-04 18:30:41 DEBUG:busco.busco_tools.Toolset	cmd call: hmmsearch --domtblout Results/8_busco/P_cynomolgi/run_apicomplexa_odb12/hmmer_output/initial_run_results/31647at5794.out --cpu 1 /home/inf-20-2025/Malaria/busco_downloads/lineages/apicomplexa_odb12/hmms/31647at5794.hmm /home/inf-20-2025/Malaria/Results/6_nobird_annotation/P_cynomolgi.faa
2026-03-04 18:30:41 DEBUG:busco.busco_tools.Toolset	cmd call: hmmsearch --domtblout Results/8_busco/P_cynomolgi/run_apicomplexa_odb12/hmmer_output/initial_run_results/13731at5794.out --cpu 1 /home/inf-20-2025/Malaria/busco_downloads/lineages/apicomplexa_odb12/hmms/13731at5794.hmm /home/inf-20-2025/Malaria/Results/6_nobird_annotation/P_cynomolgi.faa
2026-03-04 18:30:41 DEBUG:busco.busco_tools.Toolset	cmd call: hmmsearch --domtblout Results/8_busco/P_cynomolgi/run_apicomplexa_odb12/hmmer_output/initial_run_results/31421at5794.out --cpu 1 /home/inf-20-2025/Malaria/busco_downloads/lineages/apicomplexa_odb12/hmms/31421at5794.hmm /home/inf-20-2025/Malaria/Results/6_nobird_annotation/P_cynomolgi.faa
2026-03-04 18:30:41 DEBUG:busco.busco_tools.Toolset	cmd call: hmmsearch --domtblout Results/8_busco/P_cynomolgi/run_apicomplexa_odb12/hmmer_output/initial_run_results/11080at5794.out --cpu 1 /home/inf-20-2025/Malaria/busco_downloads/lineages/apicomplexa_odb12/hmms/11080at5794.hmm /home/inf-20-2025/Malaria/Results/6_nobird_annotation/P_cynomolgi.faa
2026-03-04 18:30:41 DEBUG:busco.busco_tools.Toolset	cmd call: hmmsearch --domtblout Results/8_busco/P_cynomolgi/run_apicomplexa_odb12/hmmer_output/initial_run_results/15389at5794.out --cpu 1 /home/inf-20-2025/Malaria/busco_downloads/lineages/apicomplexa_odb12/hmms/15389at5794.hmm /home/inf-20-2025/Malaria/Results/6_nobird_annotation/P_cynomolgi.faa
2026-03-04 18:30:41 DEBUG:busco.busco_tools.Toolset	cmd call: hmmsearch --domtblout Results/8_busco/P_cynomolgi/run_apicomplexa_odb12/hmmer_output/initial_run_results/19052at5794.out --cpu 1 /home/inf-20-2025/Malaria/busco_downloads/lineages/apicomplexa_odb12/hmms/19052at5794.hmm /home/inf-20-2025/Malaria/Results/6_nobird_annotation/P_cynomolgi.faa
2026-03-04 18:30:41 DEBUG:busco.busco_tools.Toolset	cmd call: hmmsearch --domtblout Results/8_busco/P_cynomolgi/run_apicomplexa_odb12/hmmer_output/initial_run_results/31665at5794.out --cpu 1 /home/inf-20-2025/Malaria/busco_downloads/lineages/apicomplexa_odb12/hmms/31665at5794.hmm /home/inf-20-2025/Malaria/Results/6_nobird_annotation/P_cynomolgi.faa
2026-03-04 18:30:41 DEBUG:busco.busco_tools.Toolset	cmd call: hmmsearch --domtblout Results/8_busco/P_cynomolgi/run_apicomplexa_odb12/hmmer_output/initial_run_results/13853at5794.out --cpu 1 /home/inf-20-2025/Malaria/busco_downloads/lineages/apicomplexa_odb12/hmms/13853at5794.hmm /home/inf-20-2025/Malaria/Results/6_nobird_annotation/P_cynomolgi.faa
2026-03-04 18:30:42 DEBUG:busco.busco_tools.Toolset	cmd call: hmmsearch --domtblout Results/8_busco/P_cynomolgi/run_apicomplexa_odb12/hmmer_output/initial_run_results/19609at5794.out --cpu 1 /home/inf-20-2025/Malaria/busco_downloads/lineages/apicomplexa_odb12/hmms/19609at5794.hmm /home/inf-20-2025/Malaria/Results/6_nobird_annotation/P_cynomolgi.faa
2026-03-04 18:30:42 DEBUG:busco.busco_tools.Toolset	cmd call: hmmsearch --domtblout Results/8_busco/P_cynomolgi/run_apicomplexa_odb12/hmmer_output/initial_run_results/11788at5794.out --cpu 1 /home/inf-20-2025/Malaria/busco_downloads/lineages/apicomplexa_odb12/hmms/11788at5794.hmm /home/inf-20-2025/Malaria/Results/6_nobird_annotation/P_cynomolgi.faa
2026-03-04 18:30:42 DEBUG:busco.busco_tools.Toolset	cmd call: hmmsearch --domtblout Results/8_busco/P_cynomolgi/run_apicomplexa_odb12/hmmer_output/initial_run_results/13899at5794.out --cpu 1 /home/inf-20-2025/Malaria/busco_downloads/lineages/apicomplexa_odb12/hmms/13899at5794.hmm /home/inf-20-2025/Malaria/Results/6_nobird_annotation/P_cynomolgi.faa
2026-03-04 18:30:42 DEBUG:busco.busco_tools.Toolset	cmd call: hmmsearch --domtblout Results/8_busco/P_cynomolgi/run_apicomplexa_odb12/hmmer_output/initial_run_results/19917at5794.out --cpu 1 /home/inf-20-2025/Malaria/busco_downloads/lineages/apicomplexa_odb12/hmms/19917at5794.hmm /home/inf-20-2025/Malaria/Results/6_nobird_annotation/P_cynomolgi.faa
2026-03-04 18:30:42 DEBUG:busco.busco_tools.Toolset	cmd call: hmmsearch --domtblout Results/8_busco/P_cynomolgi/run_apicomplexa_odb12/hmmer_output/initial_run_results/12091at5794.out --cpu 1 /home/inf-20-2025/Malaria/busco_downloads/lineages/apicomplexa_odb12/hmms/12091at5794.hmm /home/inf-20-2025/Malaria/Results/6_nobird_annotation/P_cynomolgi.faa
2026-03-04 18:30:42 DEBUG:busco.busco_tools.Toolset	cmd call: hmmsearch --domtblout Results/8_busco/P_cynomolgi/run_apicomplexa_odb12/hmmer_output/initial_run_results/31696at5794.out --cpu 1 /home/inf-20-2025/Malaria/busco_downloads/lineages/apicomplexa_odb12/hmms/31696at5794.hmm /home/inf-20-2025/Malaria/Results/6_nobird_annotation/P_cynomolgi.faa
2026-03-04 18:30:42 DEBUG:busco.busco_tools.Toolset	cmd call: hmmsearch --domtblout Results/8_busco/P_cynomolgi/run_apicomplexa_odb12/hmmer_output/initial_run_results/11330at5794.out --cpu 1 /home/inf-20-2025/Malaria/busco_downloads/lineages/apicomplexa_odb12/hmms/11330at5794.hmm /home/inf-20-2025/Malaria/Results/6_nobird_annotation/P_cynomolgi.faa
2026-03-04 18:30:42 DEBUG:busco.busco_tools.Toolset	cmd call: hmmsearch --domtblout Results/8_busco/P_cynomolgi/run_apicomplexa_odb12/hmmer_output/initial_run_results/31431at5794.out --cpu 1 /home/inf-20-2025/Malaria/busco_downloads/lineages/apicomplexa_odb12/hmms/31431at5794.hmm /home/inf-20-2025/Malaria/Results/6_nobird_annotation/P_cynomolgi.faa
2026-03-04 18:30:42 DEBUG:busco.busco_tools.Toolset	cmd call: hmmsearch --domtblout Results/8_busco/P_cynomolgi/run_apicomplexa_odb12/hmmer_output/initial_run_results/31842at5794.out --cpu 1 /home/inf-20-2025/Malaria/busco_downloads/lineages/apicomplexa_odb12/hmms/31842at5794.hmm /home/inf-20-2025/Malaria/Results/6_nobird_annotation/P_cynomolgi.faa
2026-03-04 18:30:42 DEBUG:busco.busco_tools.Toolset	cmd call: hmmsearch --domtblout Results/8_busco/P_cynomolgi/run_apicomplexa_odb12/hmmer_output/initial_run_results/288at5794.out --cpu 1 /home/inf-20-2025/Malaria/busco_downloads/lineages/apicomplexa_odb12/hmms/288at5794.hmm /home/inf-20-2025/Malaria/Results/6_nobird_annotation/P_cynomolgi.faa
2026-03-04 18:30:42 DEBUG:busco.busco_tools.Toolset	cmd call: hmmsearch --domtblout Results/8_busco/P_cynomolgi/run_apicomplexa_odb12/hmmer_output/initial_run_results/12206at5794.out --cpu 1 /home/inf-20-2025/Malaria/busco_downloads/lineages/apicomplexa_odb12/hmms/12206at5794.hmm /home/inf-20-2025/Malaria/Results/6_nobird_annotation/P_cynomolgi.faa
2026-03-04 18:30:42 DEBUG:busco.busco_tools.Toolset	cmd call: hmmsearch --domtblout Results/8_busco/P_cynomolgi/run_apicomplexa_odb12/hmmer_output/initial_run_results/31484at5794.out --cpu 1 /home/inf-20-2025/Malaria/busco_downloads/lineages/apicomplexa_odb12/hmms/31484at5794.hmm /home/inf-20-2025/Malaria/Results/6_nobird_annotation/P_cynomolgi.faa
2026-03-04 18:30:42 DEBUG:busco.busco_tools.Toolset	cmd call: hmmsearch --domtblout Results/8_busco/P_cynomolgi/run_apicomplexa_odb12/hmmer_output/initial_run_results/15422at5794.out --cpu 1 /home/inf-20-2025/Malaria/busco_downloads/lineages/apicomplexa_odb12/hmms/15422at5794.hmm /home/inf-20-2025/Malaria/Results/6_nobird_annotation/P_cynomolgi.faa
2026-03-04 18:30:42 DEBUG:busco.busco_tools.Toolset	cmd call: hmmsearch --domtblout Results/8_busco/P_cynomolgi/run_apicomplexa_odb12/hmmer_output/initial_run_results/19925at5794.out --cpu 1 /home/inf-20-2025/Malaria/busco_downloads/lineages/apicomplexa_odb12/hmms/19925at5794.hmm /home/inf-20-2025/Malaria/Results/6_nobird_annotation/P_cynomolgi.faa
2026-03-04 18:30:42 DEBUG:busco.busco_tools.Toolset	cmd call: hmmsearch --domtblout Results/8_busco/P_cynomolgi/run_apicomplexa_odb12/hmmer_output/initial_run_results/31757at5794.out --cpu 1 /home/inf-20-2025/Malaria/busco_downloads/lineages/apicomplexa_odb12/hmms/31757at5794.hmm /home/inf-20-2025/Malaria/Results/6_nobird_annotation/P_cynomolgi.faa
2026-03-04 18:30:42 DEBUG:busco.busco_tools.Toolset	cmd call: hmmsearch --domtblout Results/8_busco/P_cynomolgi/run_apicomplexa_odb12/hmmer_output/initial_run_results/2981at5794.out --cpu 1 /home/inf-20-2025/Malaria/busco_downloads/lineages/apicomplexa_odb12/hmms/2981at5794.hmm /home/inf-20-2025/Malaria/Results/6_nobird_annotation/P_cynomolgi.faa
2026-03-04 18:30:42 DEBUG:busco.busco_tools.Toolset	cmd call: hmmsearch --domtblout Results/8_busco/P_cynomolgi/run_apicomplexa_odb12/hmmer_output/initial_run_results/12214at5794.out --cpu 1 /home/inf-20-2025/Malaria/busco_downloads/lineages/apicomplexa_odb12/hmms/12214at5794.hmm /home/inf-20-2025/Malaria/Results/6_nobird_annotation/P_cynomolgi.faa
2026-03-04 18:30:42 DEBUG:busco.busco_tools.Toolset	cmd call: hmmsearch --domtblout Results/8_busco/P_cynomolgi/run_apicomplexa_odb12/hmmer_output/initial_run_results/31487at5794.out --cpu 1 /home/inf-20-2025/Malaria/busco_downloads/lineages/apicomplexa_odb12/hmms/31487at5794.hmm /home/inf-20-2025/Malaria/Results/6_nobird_annotation/P_cynomolgi.faa
2026-03-04 18:30:42 DEBUG:busco.busco_tools.Toolset	cmd call: hmmsearch --domtblout Results/8_busco/P_cynomolgi/run_apicomplexa_odb12/hmmer_output/initial_run_results/15559at5794.out --cpu 1 /home/inf-20-2025/Malaria/busco_downloads/lineages/apicomplexa_odb12/hmms/15559at5794.hmm /home/inf-20-2025/Malaria/Results/6_nobird_annotation/P_cynomolgi.faa
2026-03-04 18:30:42 DEBUG:busco.busco_tools.Toolset	cmd call: hmmsearch --domtblout Results/8_busco/P_cynomolgi/run_apicomplexa_odb12/hmmer_output/initial_run_results/14250at5794.out --cpu 1 /home/inf-20-2025/Malaria/busco_downloads/lineages/apicomplexa_odb12/hmms/14250at5794.hmm /home/inf-20-2025/Malaria/Results/6_nobird_annotation/P_cynomolgi.faa
2026-03-04 18:30:42 DEBUG:busco.busco_tools.Toolset	cmd call: hmmsearch --domtblout Results/8_busco/P_cynomolgi/run_apicomplexa_odb12/hmmer_output/initial_run_results/32042at5794.out --cpu 1 /home/inf-20-2025/Malaria/busco_downloads/lineages/apicomplexa_odb12/hmms/32042at5794.hmm /home/inf-20-2025/Malaria/Results/6_nobird_annotation/P_cynomolgi.faa
2026-03-04 18:30:42 DEBUG:busco.busco_tools.Toolset	cmd call: hmmsearch --domtblout Results/8_busco/P_cynomolgi/run_apicomplexa_odb12/hmmer_output/initial_run_results/31016at5794.out --cpu 1 /home/inf-20-2025/Malaria/busco_downloads/lineages/apicomplexa_odb12/hmms/31016at5794.hmm /home/inf-20-2025/Malaria/Results/6_nobird_annotation/P_cynomolgi.faa
2026-03-04 18:30:42 DEBUG:busco.busco_tools.Toolset	cmd call: hmmsearch --domtblout Results/8_busco/P_cynomolgi/run_apicomplexa_odb12/hmmer_output/initial_run_results/31310at5794.out --cpu 1 /home/inf-20-2025/Malaria/busco_downloads/lineages/apicomplexa_odb12/hmms/31310at5794.hmm /home/inf-20-2025/Malaria/Results/6_nobird_annotation/P_cynomolgi.faa
2026-03-04 18:30:42 DEBUG:busco.busco_tools.Toolset	cmd call: hmmsearch --domtblout Results/8_busco/P_cynomolgi/run_apicomplexa_odb12/hmmer_output/initial_run_results/32054at5794.out --cpu 1 /home/inf-20-2025/Malaria/busco_downloads/lineages/apicomplexa_odb12/hmms/32054at5794.hmm /home/inf-20-2025/Malaria/Results/6_nobird_annotation/P_cynomolgi.faa
2026-03-04 18:30:42 DEBUG:busco.busco_tools.Toolset	cmd call: hmmsearch --domtblout Results/8_busco/P_cynomolgi/run_apicomplexa_odb12/hmmer_output/initial_run_results/14463at5794.out --cpu 1 /home/inf-20-2025/Malaria/busco_downloads/lineages/apicomplexa_odb12/hmms/14463at5794.hmm /home/inf-20-2025/Malaria/Results/6_nobird_annotation/P_cynomolgi.faa
2026-03-04 18:30:42 DEBUG:busco.busco_tools.Toolset	cmd call: hmmsearch --domtblout Results/8_busco/P_cynomolgi/run_apicomplexa_odb12/hmmer_output/initial_run_results/11341at5794.out --cpu 1 /home/inf-20-2025/Malaria/busco_downloads/lineages/apicomplexa_odb12/hmms/11341at5794.hmm /home/inf-20-2025/Malaria/Results/6_nobird_annotation/P_cynomolgi.faa
2026-03-04 18:30:43 DEBUG:busco.busco_tools.Toolset	cmd call: hmmsearch --domtblout Results/8_busco/P_cynomolgi/run_apicomplexa_odb12/hmmer_output/initial_run_results/15680at5794.out --cpu 1 /home/inf-20-2025/Malaria/busco_downloads/lineages/apicomplexa_odb12/hmms/15680at5794.hmm /home/inf-20-2025/Malaria/Results/6_nobird_annotation/P_cynomolgi.faa
2026-03-04 18:30:43 DEBUG:busco.busco_tools.Toolset	cmd call: hmmsearch --domtblout Results/8_busco/P_cynomolgi/run_apicomplexa_odb12/hmmer_output/initial_run_results/32074at5794.out --cpu 1 /home/inf-20-2025/Malaria/busco_downloads/lineages/apicomplexa_odb12/hmms/32074at5794.hmm /home/inf-20-2025/Malaria/Results/6_nobird_annotation/P_cynomolgi.faa
2026-03-04 18:30:43 DEBUG:busco.busco_tools.Toolset	cmd call: hmmsearch --domtblout Results/8_busco/P_cynomolgi/run_apicomplexa_odb12/hmmer_output/initial_run_results/31775at5794.out --cpu 1 /home/inf-20-2025/Malaria/busco_downloads/lineages/apicomplexa_odb12/hmms/31775at5794.hmm /home/inf-20-2025/Malaria/Results/6_nobird_annotation/P_cynomolgi.faa
2026-03-04 18:30:43 DEBUG:busco.busco_tools.Toolset	cmd call: hmmsearch --domtblout Results/8_busco/P_cynomolgi/run_apicomplexa_odb12/hmmer_output/initial_run_results/31844at5794.out --cpu 1 /home/inf-20-2025/Malaria/busco_downloads/lineages/apicomplexa_odb12/hmms/31844at5794.hmm /home/inf-20-2025/Malaria/Results/6_nobird_annotation/P_cynomolgi.faa
2026-03-04 18:30:43 DEBUG:busco.busco_tools.Toolset	cmd call: hmmsearch --domtblout Results/8_busco/P_cynomolgi/run_apicomplexa_odb12/hmmer_output/initial_run_results/14555at5794.out --cpu 1 /home/inf-20-2025/Malaria/busco_downloads/lineages/apicomplexa_odb12/hmms/14555at5794.hmm /home/inf-20-2025/Malaria/Results/6_nobird_annotation/P_cynomolgi.faa
2026-03-04 18:30:43 DEBUG:busco.busco_tools.Toolset	cmd call: hmmsearch --domtblout Results/8_busco/P_cynomolgi/run_apicomplexa_odb12/hmmer_output/initial_run_results/15803at5794.out --cpu 1 /home/inf-20-2025/Malaria/busco_downloads/lineages/apicomplexa_odb12/hmms/15803at5794.hmm /home/inf-20-2025/Malaria/Results/6_nobird_annotation/P_cynomolgi.faa
2026-03-04 18:30:43 DEBUG:busco.busco_tools.Toolset	cmd call: hmmsearch --domtblout Results/8_busco/P_cynomolgi/run_apicomplexa_odb12/hmmer_output/initial_run_results/11416at5794.out --cpu 1 /home/inf-20-2025/Malaria/busco_downloads/lineages/apicomplexa_odb12/hmms/11416at5794.hmm /home/inf-20-2025/Malaria/Results/6_nobird_annotation/P_cynomolgi.faa
2026-03-04 18:30:43 DEBUG:busco.busco_tools.Toolset	cmd call: hmmsearch --domtblout Results/8_busco/P_cynomolgi/run_apicomplexa_odb12/hmmer_output/initial_run_results/14579at5794.out --cpu 1 /home/inf-20-2025/Malaria/busco_downloads/lineages/apicomplexa_odb12/hmms/14579at5794.hmm /home/inf-20-2025/Malaria/Results/6_nobird_annotation/P_cynomolgi.faa
2026-03-04 18:30:43 INFO:busco.busco_tools.Toolset	[hmmsearch]	97 of 481 task(s) completed
2026-03-04 18:30:43 DEBUG:busco.busco_tools.Toolset	cmd call: hmmsearch --domtblout Results/8_busco/P_cynomolgi/run_apicomplexa_odb12/hmmer_output/initial_run_results/15911at5794.out --cpu 1 /home/inf-20-2025/Malaria/busco_downloads/lineages/apicomplexa_odb12/hmms/15911at5794.hmm /home/inf-20-2025/Malaria/Results/6_nobird_annotation/P_cynomolgi.faa
2026-03-04 18:30:43 DEBUG:busco.busco_tools.Toolset	cmd call: hmmsearch --domtblout Results/8_busco/P_cynomolgi/run_apicomplexa_odb12/hmmer_output/initial_run_results/31030at5794.out --cpu 1 /home/inf-20-2025/Malaria/busco_downloads/lineages/apicomplexa_odb12/hmms/31030at5794.hmm /home/inf-20-2025/Malaria/Results/6_nobird_annotation/P_cynomolgi.faa
2026-03-04 18:30:43 DEBUG:busco.busco_tools.Toolset	cmd call: hmmsearch --domtblout Results/8_busco/P_cynomolgi/run_apicomplexa_odb12/hmmer_output/initial_run_results/31324at5794.out --cpu 1 /home/inf-20-2025/Malaria/busco_downloads/lineages/apicomplexa_odb12/hmms/31324at5794.hmm /home/inf-20-2025/Malaria/Results/6_nobird_annotation/P_cynomolgi.faa
2026-03-04 18:30:43 DEBUG:busco.busco_tools.Toolset	cmd call: hmmsearch --domtblout Results/8_busco/P_cynomolgi/run_apicomplexa_odb12/hmmer_output/initial_run_results/31786at5794.out --cpu 1 /home/inf-20-2025/Malaria/busco_downloads/lineages/apicomplexa_odb12/hmms/31786at5794.hmm /home/inf-20-2025/Malaria/Results/6_nobird_annotation/P_cynomolgi.faa
2026-03-04 18:30:43 DEBUG:busco.busco_tools.Toolset	cmd call: hmmsearch --domtblout Results/8_busco/P_cynomolgi/run_apicomplexa_odb12/hmmer_output/initial_run_results/12280at5794.out --cpu 1 /home/inf-20-2025/Malaria/busco_downloads/lineages/apicomplexa_odb12/hmms/12280at5794.hmm /home/inf-20-2025/Malaria/Results/6_nobird_annotation/P_cynomolgi.faa
2026-03-04 18:30:43 DEBUG:busco.busco_tools.Toolset	cmd call: hmmsearch --domtblout Results/8_busco/P_cynomolgi/run_apicomplexa_odb12/hmmer_output/initial_run_results/31334at5794.out --cpu 1 /home/inf-20-2025/Malaria/busco_downloads/lineages/apicomplexa_odb12/hmms/31334at5794.hmm /home/inf-20-2025/Malaria/Results/6_nobird_annotation/P_cynomolgi.faa
2026-03-04 18:30:43 DEBUG:busco.busco_tools.Toolset	cmd call: hmmsearch --domtblout Results/8_busco/P_cynomolgi/run_apicomplexa_odb12/hmmer_output/initial_run_results/16038at5794.out --cpu 1 /home/inf-20-2025/Malaria/busco_downloads/lineages/apicomplexa_odb12/hmms/16038at5794.hmm /home/inf-20-2025/Malaria/Results/6_nobird_annotation/P_cynomolgi.faa
2026-03-04 18:30:43 DEBUG:busco.busco_tools.Toolset	cmd call: hmmsearch --domtblout Results/8_busco/P_cynomolgi/run_apicomplexa_odb12/hmmer_output/initial_run_results/31816at5794.out --cpu 1 /home/inf-20-2025/Malaria/busco_downloads/lineages/apicomplexa_odb12/hmms/31816at5794.hmm /home/inf-20-2025/Malaria/Results/6_nobird_annotation/P_cynomolgi.faa
2026-03-04 18:30:43 DEBUG:busco.busco_tools.Toolset	cmd call: hmmsearch --domtblout Results/8_busco/P_cynomolgi/run_apicomplexa_odb12/hmmer_output/initial_run_results/31916at5794.out --cpu 1 /home/inf-20-2025/Malaria/busco_downloads/lineages/apicomplexa_odb12/hmms/31916at5794.hmm /home/inf-20-2025/Malaria/Results/6_nobird_annotation/P_cynomolgi.faa
2026-03-04 18:30:43 DEBUG:busco.busco_tools.Toolset	cmd call: hmmsearch --domtblout Results/8_busco/P_cynomolgi/run_apicomplexa_odb12/hmmer_output/initial_run_results/14591at5794.out --cpu 1 /home/inf-20-2025/Malaria/busco_downloads/lineages/apicomplexa_odb12/hmms/14591at5794.hmm /home/inf-20-2025/Malaria/Results/6_nobird_annotation/P_cynomolgi.faa
2026-03-04 18:30:43 DEBUG:busco.busco_tools.Toolset	cmd call: hmmsearch --domtblout Results/8_busco/P_cynomolgi/run_apicomplexa_odb12/hmmer_output/initial_run_results/12327at5794.out --cpu 1 /home/inf-20-2025/Malaria/busco_downloads/lineages/apicomplexa_odb12/hmms/12327at5794.hmm /home/inf-20-2025/Malaria/Results/6_nobird_annotation/P_cynomolgi.faa
2026-03-04 18:30:43 DEBUG:busco.busco_tools.Toolset	cmd call: hmmsearch --domtblout Results/8_busco/P_cynomolgi/run_apicomplexa_odb12/hmmer_output/initial_run_results/11466at5794.out --cpu 1 /home/inf-20-2025/Malaria/busco_downloads/lineages/apicomplexa_odb12/hmms/11466at5794.hmm /home/inf-20-2025/Malaria/Results/6_nobird_annotation/P_cynomolgi.faa
2026-03-04 18:30:43 DEBUG:busco.busco_tools.Toolset	cmd call: hmmsearch --domtblout Results/8_busco/P_cynomolgi/run_apicomplexa_odb12/hmmer_output/initial_run_results/14730at5794.out --cpu 1 /home/inf-20-2025/Malaria/busco_downloads/lineages/apicomplexa_odb12/hmms/14730at5794.hmm /home/inf-20-2025/Malaria/Results/6_nobird_annotation/P_cynomolgi.faa
2026-03-04 18:30:43 DEBUG:busco.busco_tools.Toolset	cmd call: hmmsearch --domtblout Results/8_busco/P_cynomolgi/run_apicomplexa_odb12/hmmer_output/initial_run_results/31048at5794.out --cpu 1 /home/inf-20-2025/Malaria/busco_downloads/lineages/apicomplexa_odb12/hmms/31048at5794.hmm /home/inf-20-2025/Malaria/Results/6_nobird_annotation/P_cynomolgi.faa
2026-03-04 18:30:43 DEBUG:busco.busco_tools.Toolset	cmd call: hmmsearch --domtblout Results/8_busco/P_cynomolgi/run_apicomplexa_odb12/hmmer_output/initial_run_results/31496at5794.out --cpu 1 /home/inf-20-2025/Malaria/busco_downloads/lineages/apicomplexa_odb12/hmms/31496at5794.hmm /home/inf-20-2025/Malaria/Results/6_nobird_annotation/P_cynomolgi.faa
2026-03-04 18:30:43 DEBUG:busco.busco_tools.Toolset	cmd call: hmmsearch --domtblout Results/8_busco/P_cynomolgi/run_apicomplexa_odb12/hmmer_output/initial_run_results/32326at5794.out --cpu 1 /home/inf-20-2025/Malaria/busco_downloads/lineages/apicomplexa_odb12/hmms/32326at5794.hmm /home/inf-20-2025/Malaria/Results/6_nobird_annotation/P_cynomolgi.faa
2026-03-04 18:30:43 DEBUG:busco.busco_tools.Toolset	cmd call: hmmsearch --domtblout Results/8_busco/P_cynomolgi/run_apicomplexa_odb12/hmmer_output/initial_run_results/31935at5794.out --cpu 1 /home/inf-20-2025/Malaria/busco_downloads/lineages/apicomplexa_odb12/hmms/31935at5794.hmm /home/inf-20-2025/Malaria/Results/6_nobird_annotation/P_cynomolgi.faa
2026-03-04 18:30:43 DEBUG:busco.busco_tools.Toolset	cmd call: hmmsearch --domtblout Results/8_busco/P_cynomolgi/run_apicomplexa_odb12/hmmer_output/initial_run_results/11488at5794.out --cpu 1 /home/inf-20-2025/Malaria/busco_downloads/lineages/apicomplexa_odb12/hmms/11488at5794.hmm /home/inf-20-2025/Malaria/Results/6_nobird_annotation/P_cynomolgi.faa
2026-03-04 18:30:43 DEBUG:busco.busco_tools.Toolset	cmd call: hmmsearch --domtblout Results/8_busco/P_cynomolgi/run_apicomplexa_odb12/hmmer_output/initial_run_results/32087at5794.out --cpu 1 /home/inf-20-2025/Malaria/busco_downloads/lineages/apicomplexa_odb12/hmms/32087at5794.hmm /home/inf-20-2025/Malaria/Results/6_nobird_annotation/P_cynomolgi.faa
2026-03-04 18:30:43 DEBUG:busco.busco_tools.Toolset	cmd call: hmmsearch --domtblout Results/8_busco/P_cynomolgi/run_apicomplexa_odb12/hmmer_output/initial_run_results/31088at5794.out --cpu 1 /home/inf-20-2025/Malaria/busco_downloads/lineages/apicomplexa_odb12/hmms/31088at5794.hmm /home/inf-20-2025/Malaria/Results/6_nobird_annotation/P_cynomolgi.faa
2026-03-04 18:30:43 DEBUG:busco.busco_tools.Toolset	cmd call: hmmsearch --domtblout Results/8_busco/P_cynomolgi/run_apicomplexa_odb12/hmmer_output/initial_run_results/31510at5794.out --cpu 1 /home/inf-20-2025/Malaria/busco_downloads/lineages/apicomplexa_odb12/hmms/31510at5794.hmm /home/inf-20-2025/Malaria/Results/6_nobird_annotation/P_cynomolgi.faa
2026-03-04 18:30:43 DEBUG:busco.busco_tools.Toolset	cmd call: hmmsearch --domtblout Results/8_busco/P_cynomolgi/run_apicomplexa_odb12/hmmer_output/initial_run_results/16211at5794.out --cpu 1 /home/inf-20-2025/Malaria/busco_downloads/lineages/apicomplexa_odb12/hmms/16211at5794.hmm /home/inf-20-2025/Malaria/Results/6_nobird_annotation/P_cynomolgi.faa
2026-03-04 18:30:43 DEBUG:busco.busco_tools.Toolset	cmd call: hmmsearch --domtblout Results/8_busco/P_cynomolgi/run_apicomplexa_odb12/hmmer_output/initial_run_results/15005at5794.out --cpu 1 /home/inf-20-2025/Malaria/busco_downloads/lineages/apicomplexa_odb12/hmms/15005at5794.hmm /home/inf-20-2025/Malaria/Results/6_nobird_annotation/P_cynomolgi.faa
2026-03-04 18:30:43 DEBUG:busco.busco_tools.Toolset	cmd call: hmmsearch --domtblout Results/8_busco/P_cynomolgi/run_apicomplexa_odb12/hmmer_output/initial_run_results/12484at5794.out --cpu 1 /home/inf-20-2025/Malaria/busco_downloads/lineages/apicomplexa_odb12/hmms/12484at5794.hmm /home/inf-20-2025/Malaria/Results/6_nobird_annotation/P_cynomolgi.faa
2026-03-04 18:30:43 DEBUG:busco.busco_tools.Toolset	cmd call: hmmsearch --domtblout Results/8_busco/P_cynomolgi/run_apicomplexa_odb12/hmmer_output/initial_run_results/11496at5794.out --cpu 1 /home/inf-20-2025/Malaria/busco_downloads/lineages/apicomplexa_odb12/hmms/11496at5794.hmm /home/inf-20-2025/Malaria/Results/6_nobird_annotation/P_cynomolgi.faa
2026-03-04 18:30:43 DEBUG:busco.busco_tools.Toolset	cmd call: hmmsearch --domtblout Results/8_busco/P_cynomolgi/run_apicomplexa_odb12/hmmer_output/initial_run_results/15046at5794.out --cpu 1 /home/inf-20-2025/Malaria/busco_downloads/lineages/apicomplexa_odb12/hmms/15046at5794.hmm /home/inf-20-2025/Malaria/Results/6_nobird_annotation/P_cynomolgi.faa
2026-03-04 18:30:43 DEBUG:busco.busco_tools.Toolset	cmd call: hmmsearch --domtblout Results/8_busco/P_cynomolgi/run_apicomplexa_odb12/hmmer_output/initial_run_results/32100at5794.out --cpu 1 /home/inf-20-2025/Malaria/busco_downloads/lineages/apicomplexa_odb12/hmms/32100at5794.hmm /home/inf-20-2025/Malaria/Results/6_nobird_annotation/P_cynomolgi.faa
2026-03-04 18:30:43 DEBUG:busco.busco_tools.Toolset	cmd call: hmmsearch --domtblout Results/8_busco/P_cynomolgi/run_apicomplexa_odb12/hmmer_output/initial_run_results/31941at5794.out --cpu 1 /home/inf-20-2025/Malaria/busco_downloads/lineages/apicomplexa_odb12/hmms/31941at5794.hmm /home/inf-20-2025/Malaria/Results/6_nobird_annotation/P_cynomolgi.faa
2026-03-04 18:30:43 DEBUG:busco.busco_tools.Toolset	cmd call: hmmsearch --domtblout Results/8_busco/P_cynomolgi/run_apicomplexa_odb12/hmmer_output/initial_run_results/31099at5794.out --cpu 1 /home/inf-20-2025/Malaria/busco_downloads/lineages/apicomplexa_odb12/hmms/31099at5794.hmm /home/inf-20-2025/Malaria/Results/6_nobird_annotation/P_cynomolgi.faa
2026-03-04 18:30:43 DEBUG:busco.busco_tools.Toolset	cmd call: hmmsearch --domtblout Results/8_busco/P_cynomolgi/run_apicomplexa_odb12/hmmer_output/initial_run_results/31523at5794.out --cpu 1 /home/inf-20-2025/Malaria/busco_downloads/lineages/apicomplexa_odb12/hmms/31523at5794.hmm /home/inf-20-2025/Malaria/Results/6_nobird_annotation/P_cynomolgi.faa
2026-03-04 18:30:43 DEBUG:busco.busco_tools.Toolset	cmd call: hmmsearch --domtblout Results/8_busco/P_cynomolgi/run_apicomplexa_odb12/hmmer_output/initial_run_results/12878at5794.out --cpu 1 /home/inf-20-2025/Malaria/busco_downloads/lineages/apicomplexa_odb12/hmms/12878at5794.hmm /home/inf-20-2025/Malaria/Results/6_nobird_annotation/P_cynomolgi.faa
2026-03-04 18:30:43 DEBUG:busco.busco_tools.Toolset	cmd call: hmmsearch --domtblout Results/8_busco/P_cynomolgi/run_apicomplexa_odb12/hmmer_output/initial_run_results/1669at5794.out --cpu 1 /home/inf-20-2025/Malaria/busco_downloads/lineages/apicomplexa_odb12/hmms/1669at5794.hmm /home/inf-20-2025/Malaria/Results/6_nobird_annotation/P_cynomolgi.faa
2026-03-04 18:30:43 DEBUG:busco.busco_tools.Toolset	cmd call: hmmsearch --domtblout Results/8_busco/P_cynomolgi/run_apicomplexa_odb12/hmmer_output/initial_run_results/31823at5794.out --cpu 1 /home/inf-20-2025/Malaria/busco_downloads/lineages/apicomplexa_odb12/hmms/31823at5794.hmm /home/inf-20-2025/Malaria/Results/6_nobird_annotation/P_cynomolgi.faa
2026-03-04 18:30:43 DEBUG:busco.busco_tools.Toolset	cmd call: hmmsearch --domtblout Results/8_busco/P_cynomolgi/run_apicomplexa_odb12/hmmer_output/initial_run_results/32118at5794.out --cpu 1 /home/inf-20-2025/Malaria/busco_downloads/lineages/apicomplexa_odb12/hmms/32118at5794.hmm /home/inf-20-2025/Malaria/Results/6_nobird_annotation/P_cynomolgi.faa
2026-03-04 18:30:44 DEBUG:busco.busco_tools.Toolset	cmd call: hmmsearch --domtblout Results/8_busco/P_cynomolgi/run_apicomplexa_odb12/hmmer_output/initial_run_results/31553at5794.out --cpu 1 /home/inf-20-2025/Malaria/busco_downloads/lineages/apicomplexa_odb12/hmms/31553at5794.hmm /home/inf-20-2025/Malaria/Results/6_nobird_annotation/P_cynomolgi.faa
2026-03-04 18:30:44 DEBUG:busco.busco_tools.Toolset	cmd call: hmmsearch --domtblout Results/8_busco/P_cynomolgi/run_apicomplexa_odb12/hmmer_output/initial_run_results/32723at5794.out --cpu 1 /home/inf-20-2025/Malaria/busco_downloads/lineages/apicomplexa_odb12/hmms/32723at5794.hmm /home/inf-20-2025/Malaria/Results/6_nobird_annotation/P_cynomolgi.faa
2026-03-04 18:30:44 DEBUG:busco.busco_tools.Toolset	cmd call: hmmsearch --domtblout Results/8_busco/P_cynomolgi/run_apicomplexa_odb12/hmmer_output/initial_run_results/33206at5794.out --cpu 1 /home/inf-20-2025/Malaria/busco_downloads/lineages/apicomplexa_odb12/hmms/33206at5794.hmm /home/inf-20-2025/Malaria/Results/6_nobird_annotation/P_cynomolgi.faa
2026-03-04 18:30:44 DEBUG:busco.busco_tools.Toolset	cmd call: hmmsearch --domtblout Results/8_busco/P_cynomolgi/run_apicomplexa_odb12/hmmer_output/initial_run_results/32339at5794.out --cpu 1 /home/inf-20-2025/Malaria/busco_downloads/lineages/apicomplexa_odb12/hmms/32339at5794.hmm /home/inf-20-2025/Malaria/Results/6_nobird_annotation/P_cynomolgi.faa
2026-03-04 18:30:44 DEBUG:busco.busco_tools.Toolset	cmd call: hmmsearch --domtblout Results/8_busco/P_cynomolgi/run_apicomplexa_odb12/hmmer_output/initial_run_results/32123at5794.out --cpu 1 /home/inf-20-2025/Malaria/busco_downloads/lineages/apicomplexa_odb12/hmms/32123at5794.hmm /home/inf-20-2025/Malaria/Results/6_nobird_annotation/P_cynomolgi.faa
2026-03-04 18:30:44 DEBUG:busco.busco_tools.Toolset	cmd call: hmmsearch --domtblout Results/8_busco/P_cynomolgi/run_apicomplexa_odb12/hmmer_output/initial_run_results/33649at5794.out --cpu 1 /home/inf-20-2025/Malaria/busco_downloads/lineages/apicomplexa_odb12/hmms/33649at5794.hmm /home/inf-20-2025/Malaria/Results/6_nobird_annotation/P_cynomolgi.faa
2026-03-04 18:30:44 DEBUG:busco.busco_tools.Toolset	cmd call: hmmsearch --domtblout Results/8_busco/P_cynomolgi/run_apicomplexa_odb12/hmmer_output/initial_run_results/32347at5794.out --cpu 1 /home/inf-20-2025/Malaria/busco_downloads/lineages/apicomplexa_odb12/hmms/32347at5794.hmm /home/inf-20-2025/Malaria/Results/6_nobird_annotation/P_cynomolgi.faa
2026-03-04 18:30:44 DEBUG:busco.busco_tools.Toolset	cmd call: hmmsearch --domtblout Results/8_busco/P_cynomolgi/run_apicomplexa_odb12/hmmer_output/initial_run_results/33233at5794.out --cpu 1 /home/inf-20-2025/Malaria/busco_downloads/lineages/apicomplexa_odb12/hmms/33233at5794.hmm /home/inf-20-2025/Malaria/Results/6_nobird_annotation/P_cynomolgi.faa
2026-03-04 18:30:44 DEBUG:busco.busco_tools.Toolset	cmd call: hmmsearch --domtblout Results/8_busco/P_cynomolgi/run_apicomplexa_odb12/hmmer_output/initial_run_results/3276at5794.out --cpu 1 /home/inf-20-2025/Malaria/busco_downloads/lineages/apicomplexa_odb12/hmms/3276at5794.hmm /home/inf-20-2025/Malaria/Results/6_nobird_annotation/P_cynomolgi.faa
2026-03-04 18:30:44 DEBUG:busco.busco_tools.Toolset	cmd call: hmmsearch --domtblout Results/8_busco/P_cynomolgi/run_apicomplexa_odb12/hmmer_output/initial_run_results/32139at5794.out --cpu 1 /home/inf-20-2025/Malaria/busco_downloads/lineages/apicomplexa_odb12/hmms/32139at5794.hmm /home/inf-20-2025/Malaria/Results/6_nobird_annotation/P_cynomolgi.faa
2026-03-04 18:30:44 DEBUG:busco.busco_tools.Toolset	cmd call: hmmsearch --domtblout Results/8_busco/P_cynomolgi/run_apicomplexa_odb12/hmmer_output/initial_run_results/31955at5794.out --cpu 1 /home/inf-20-2025/Malaria/busco_downloads/lineages/apicomplexa_odb12/hmms/31955at5794.hmm /home/inf-20-2025/Malaria/Results/6_nobird_annotation/P_cynomolgi.faa
2026-03-04 18:30:44 DEBUG:busco.busco_tools.Toolset	cmd call: hmmsearch --domtblout Results/8_busco/P_cynomolgi/run_apicomplexa_odb12/hmmer_output/initial_run_results/35234at5794.out --cpu 1 /home/inf-20-2025/Malaria/busco_downloads/lineages/apicomplexa_odb12/hmms/35234at5794.hmm /home/inf-20-2025/Malaria/Results/6_nobird_annotation/P_cynomolgi.faa
2026-03-04 18:30:44 DEBUG:busco.busco_tools.Toolset	cmd call: hmmsearch --domtblout Results/8_busco/P_cynomolgi/run_apicomplexa_odb12/hmmer_output/initial_run_results/33665at5794.out --cpu 1 /home/inf-20-2025/Malaria/busco_downloads/lineages/apicomplexa_odb12/hmms/33665at5794.hmm /home/inf-20-2025/Malaria/Results/6_nobird_annotation/P_cynomolgi.faa
2026-03-04 18:30:44 DEBUG:busco.busco_tools.Toolset	cmd call: hmmsearch --domtblout Results/8_busco/P_cynomolgi/run_apicomplexa_odb12/hmmer_output/initial_run_results/35998at5794.out --cpu 1 /home/inf-20-2025/Malaria/busco_downloads/lineages/apicomplexa_odb12/hmms/35998at5794.hmm /home/inf-20-2025/Malaria/Results/6_nobird_annotation/P_cynomolgi.faa
2026-03-04 18:30:44 INFO:busco.busco_tools.Toolset	[hmmsearch]	145 of 481 task(s) completed
2026-03-04 18:30:44 DEBUG:busco.busco_tools.Toolset	cmd call: hmmsearch --domtblout Results/8_busco/P_cynomolgi/run_apicomplexa_odb12/hmmer_output/initial_run_results/35235at5794.out --cpu 1 /home/inf-20-2025/Malaria/busco_downloads/lineages/apicomplexa_odb12/hmms/35235at5794.hmm /home/inf-20-2025/Malaria/Results/6_nobird_annotation/P_cynomolgi.faa
2026-03-04 18:30:44 DEBUG:busco.busco_tools.Toolset	cmd call: hmmsearch --domtblout Results/8_busco/P_cynomolgi/run_apicomplexa_odb12/hmmer_output/initial_run_results/33766at5794.out --cpu 1 /home/inf-20-2025/Malaria/busco_downloads/lineages/apicomplexa_odb12/hmms/33766at5794.hmm /home/inf-20-2025/Malaria/Results/6_nobird_annotation/P_cynomolgi.faa
2026-03-04 18:30:44 DEBUG:busco.busco_tools.Toolset	cmd call: hmmsearch --domtblout Results/8_busco/P_cynomolgi/run_apicomplexa_odb12/hmmer_output/initial_run_results/33259at5794.out --cpu 1 /home/inf-20-2025/Malaria/busco_downloads/lineages/apicomplexa_odb12/hmms/33259at5794.hmm /home/inf-20-2025/Malaria/Results/6_nobird_annotation/P_cynomolgi.faa
2026-03-04 18:30:44 DEBUG:busco.busco_tools.Toolset	cmd call: hmmsearch --domtblout Results/8_busco/P_cynomolgi/run_apicomplexa_odb12/hmmer_output/initial_run_results/36219at5794.out --cpu 1 /home/inf-20-2025/Malaria/busco_downloads/lineages/apicomplexa_odb12/hmms/36219at5794.hmm /home/inf-20-2025/Malaria/Results/6_nobird_annotation/P_cynomolgi.faa
2026-03-04 18:30:44 DEBUG:busco.busco_tools.Toolset	cmd call: hmmsearch --domtblout Results/8_busco/P_cynomolgi/run_apicomplexa_odb12/hmmer_output/initial_run_results/35238at5794.out --cpu 1 /home/inf-20-2025/Malaria/busco_downloads/lineages/apicomplexa_odb12/hmms/35238at5794.hmm /home/inf-20-2025/Malaria/Results/6_nobird_annotation/P_cynomolgi.faa
2026-03-04 18:30:44 DEBUG:busco.busco_tools.Toolset	cmd call: hmmsearch --domtblout Results/8_busco/P_cynomolgi/run_apicomplexa_odb12/hmmer_output/initial_run_results/35272at5794.out --cpu 1 /home/inf-20-2025/Malaria/busco_downloads/lineages/apicomplexa_odb12/hmms/35272at5794.hmm /home/inf-20-2025/Malaria/Results/6_nobird_annotation/P_cynomolgi.faa
2026-03-04 18:30:44 DEBUG:busco.busco_tools.Toolset	cmd call: hmmsearch --domtblout Results/8_busco/P_cynomolgi/run_apicomplexa_odb12/hmmer_output/initial_run_results/33274at5794.out --cpu 1 /home/inf-20-2025/Malaria/busco_downloads/lineages/apicomplexa_odb12/hmms/33274at5794.hmm /home/inf-20-2025/Malaria/Results/6_nobird_annotation/P_cynomolgi.faa
2026-03-04 18:30:44 DEBUG:busco.busco_tools.Toolset	cmd call: hmmsearch --domtblout Results/8_busco/P_cynomolgi/run_apicomplexa_odb12/hmmer_output/initial_run_results/36223at5794.out --cpu 1 /home/inf-20-2025/Malaria/busco_downloads/lineages/apicomplexa_odb12/hmms/36223at5794.hmm /home/inf-20-2025/Malaria/Results/6_nobird_annotation/P_cynomolgi.faa
2026-03-04 18:30:44 DEBUG:busco.busco_tools.Toolset	cmd call: hmmsearch --domtblout Results/8_busco/P_cynomolgi/run_apicomplexa_odb12/hmmer_output/initial_run_results/32771at5794.out --cpu 1 /home/inf-20-2025/Malaria/busco_downloads/lineages/apicomplexa_odb12/hmms/32771at5794.hmm /home/inf-20-2025/Malaria/Results/6_nobird_annotation/P_cynomolgi.faa
2026-03-04 18:30:44 DEBUG:busco.busco_tools.Toolset	cmd call: hmmsearch --domtblout Results/8_busco/P_cynomolgi/run_apicomplexa_odb12/hmmer_output/initial_run_results/35350at5794.out --cpu 1 /home/inf-20-2025/Malaria/busco_downloads/lineages/apicomplexa_odb12/hmms/35350at5794.hmm /home/inf-20-2025/Malaria/Results/6_nobird_annotation/P_cynomolgi.faa
2026-03-04 18:30:44 DEBUG:busco.busco_tools.Toolset	cmd call: hmmsearch --domtblout Results/8_busco/P_cynomolgi/run_apicomplexa_odb12/hmmer_output/initial_run_results/33786at5794.out --cpu 1 /home/inf-20-2025/Malaria/busco_downloads/lineages/apicomplexa_odb12/hmms/33786at5794.hmm /home/inf-20-2025/Malaria/Results/6_nobird_annotation/P_cynomolgi.faa
2026-03-04 18:30:44 DEBUG:busco.busco_tools.Toolset	cmd call: hmmsearch --domtblout Results/8_busco/P_cynomolgi/run_apicomplexa_odb12/hmmer_output/initial_run_results/32393at5794.out --cpu 1 /home/inf-20-2025/Malaria/busco_downloads/lineages/apicomplexa_odb12/hmms/32393at5794.hmm /home/inf-20-2025/Malaria/Results/6_nobird_annotation/P_cynomolgi.faa
2026-03-04 18:30:44 DEBUG:busco.busco_tools.Toolset	cmd call: hmmsearch --domtblout Results/8_busco/P_cynomolgi/run_apicomplexa_odb12/hmmer_output/initial_run_results/32158at5794.out --cpu 1 /home/inf-20-2025/Malaria/busco_downloads/lineages/apicomplexa_odb12/hmms/32158at5794.hmm /home/inf-20-2025/Malaria/Results/6_nobird_annotation/P_cynomolgi.faa
2026-03-04 18:30:44 DEBUG:busco.busco_tools.Toolset	cmd call: hmmsearch --domtblout Results/8_busco/P_cynomolgi/run_apicomplexa_odb12/hmmer_output/initial_run_results/36358at5794.out --cpu 1 /home/inf-20-2025/Malaria/busco_downloads/lineages/apicomplexa_odb12/hmms/36358at5794.hmm /home/inf-20-2025/Malaria/Results/6_nobird_annotation/P_cynomolgi.faa
2026-03-04 18:30:44 DEBUG:busco.busco_tools.Toolset	cmd call: hmmsearch --domtblout Results/8_busco/P_cynomolgi/run_apicomplexa_odb12/hmmer_output/initial_run_results/15094at5794.out --cpu 1 /home/inf-20-2025/Malaria/busco_downloads/lineages/apicomplexa_odb12/hmms/15094at5794.hmm /home/inf-20-2025/Malaria/Results/6_nobird_annotation/P_cynomolgi.faa
2026-03-04 18:30:44 DEBUG:busco.busco_tools.Toolset	cmd call: hmmsearch --domtblout Results/8_busco/P_cynomolgi/run_apicomplexa_odb12/hmmer_output/initial_run_results/32429at5794.out --cpu 1 /home/inf-20-2025/Malaria/busco_downloads/lineages/apicomplexa_odb12/hmms/32429at5794.hmm /home/inf-20-2025/Malaria/Results/6_nobird_annotation/P_cynomolgi.faa
2026-03-04 18:30:44 DEBUG:busco.busco_tools.Toolset	cmd call: hmmsearch --domtblout Results/8_busco/P_cynomolgi/run_apicomplexa_odb12/hmmer_output/initial_run_results/37309at5794.out --cpu 1 /home/inf-20-2025/Malaria/busco_downloads/lineages/apicomplexa_odb12/hmms/37309at5794.hmm /home/inf-20-2025/Malaria/Results/6_nobird_annotation/P_cynomolgi.faa
2026-03-04 18:30:44 DEBUG:busco.busco_tools.Toolset	cmd call: hmmsearch --domtblout Results/8_busco/P_cynomolgi/run_apicomplexa_odb12/hmmer_output/initial_run_results/31960at5794.out --cpu 1 /home/inf-20-2025/Malaria/busco_downloads/lineages/apicomplexa_odb12/hmms/31960at5794.hmm /home/inf-20-2025/Malaria/Results/6_nobird_annotation/P_cynomolgi.faa
2026-03-04 18:30:44 DEBUG:busco.busco_tools.Toolset	cmd call: hmmsearch --domtblout Results/8_busco/P_cynomolgi/run_apicomplexa_odb12/hmmer_output/initial_run_results/32187at5794.out --cpu 1 /home/inf-20-2025/Malaria/busco_downloads/lineages/apicomplexa_odb12/hmms/32187at5794.hmm /home/inf-20-2025/Malaria/Results/6_nobird_annotation/P_cynomolgi.faa
2026-03-04 18:30:45 DEBUG:busco.busco_tools.Toolset	cmd call: hmmsearch --domtblout Results/8_busco/P_cynomolgi/run_apicomplexa_odb12/hmmer_output/initial_run_results/36459at5794.out --cpu 1 /home/inf-20-2025/Malaria/busco_downloads/lineages/apicomplexa_odb12/hmms/36459at5794.hmm /home/inf-20-2025/Malaria/Results/6_nobird_annotation/P_cynomolgi.faa
2026-03-04 18:30:45 DEBUG:busco.busco_tools.Toolset	cmd call: hmmsearch --domtblout Results/8_busco/P_cynomolgi/run_apicomplexa_odb12/hmmer_output/initial_run_results/32782at5794.out --cpu 1 /home/inf-20-2025/Malaria/busco_downloads/lineages/apicomplexa_odb12/hmms/32782at5794.hmm /home/inf-20-2025/Malaria/Results/6_nobird_annotation/P_cynomolgi.faa
2026-03-04 18:30:45 DEBUG:busco.busco_tools.Toolset	cmd call: hmmsearch --domtblout Results/8_busco/P_cynomolgi/run_apicomplexa_odb12/hmmer_output/initial_run_results/32487at5794.out --cpu 1 /home/inf-20-2025/Malaria/busco_downloads/lineages/apicomplexa_odb12/hmms/32487at5794.hmm /home/inf-20-2025/Malaria/Results/6_nobird_annotation/P_cynomolgi.faa
2026-03-04 18:30:45 DEBUG:busco.busco_tools.Toolset	cmd call: hmmsearch --domtblout Results/8_busco/P_cynomolgi/run_apicomplexa_odb12/hmmer_output/initial_run_results/35490at5794.out --cpu 1 /home/inf-20-2025/Malaria/busco_downloads/lineages/apicomplexa_odb12/hmms/35490at5794.hmm /home/inf-20-2025/Malaria/Results/6_nobird_annotation/P_cynomolgi.faa
2026-03-04 18:30:45 DEBUG:busco.busco_tools.Toolset	cmd call: hmmsearch --domtblout Results/8_busco/P_cynomolgi/run_apicomplexa_odb12/hmmer_output/initial_run_results/36738at5794.out --cpu 1 /home/inf-20-2025/Malaria/busco_downloads/lineages/apicomplexa_odb12/hmms/36738at5794.hmm /home/inf-20-2025/Malaria/Results/6_nobird_annotation/P_cynomolgi.faa
2026-03-04 18:30:45 DEBUG:busco.busco_tools.Toolset	cmd call: hmmsearch --domtblout Results/8_busco/P_cynomolgi/run_apicomplexa_odb12/hmmer_output/initial_run_results/40823at5794.out --cpu 1 /home/inf-20-2025/Malaria/busco_downloads/lineages/apicomplexa_odb12/hmms/40823at5794.hmm /home/inf-20-2025/Malaria/Results/6_nobird_annotation/P_cynomolgi.faa
2026-03-04 18:30:45 DEBUG:busco.busco_tools.Toolset	cmd call: hmmsearch --domtblout Results/8_busco/P_cynomolgi/run_apicomplexa_odb12/hmmer_output/initial_run_results/35557at5794.out --cpu 1 /home/inf-20-2025/Malaria/busco_downloads/lineages/apicomplexa_odb12/hmms/35557at5794.hmm /home/inf-20-2025/Malaria/Results/6_nobird_annotation/P_cynomolgi.faa
2026-03-04 18:30:45 DEBUG:busco.busco_tools.Toolset	cmd call: hmmsearch --domtblout Results/8_busco/P_cynomolgi/run_apicomplexa_odb12/hmmer_output/initial_run_results/3740at5794.out --cpu 1 /home/inf-20-2025/Malaria/busco_downloads/lineages/apicomplexa_odb12/hmms/3740at5794.hmm /home/inf-20-2025/Malaria/Results/6_nobird_annotation/P_cynomolgi.faa
2026-03-04 18:30:45 DEBUG:busco.busco_tools.Toolset	cmd call: hmmsearch --domtblout Results/8_busco/P_cynomolgi/run_apicomplexa_odb12/hmmer_output/initial_run_results/32794at5794.out --cpu 1 /home/inf-20-2025/Malaria/busco_downloads/lineages/apicomplexa_odb12/hmms/32794at5794.hmm /home/inf-20-2025/Malaria/Results/6_nobird_annotation/P_cynomolgi.faa
2026-03-04 18:30:45 DEBUG:busco.busco_tools.Toolset	cmd call: hmmsearch --domtblout Results/8_busco/P_cynomolgi/run_apicomplexa_odb12/hmmer_output/initial_run_results/3782at5794.out --cpu 1 /home/inf-20-2025/Malaria/busco_downloads/lineages/apicomplexa_odb12/hmms/3782at5794.hmm /home/inf-20-2025/Malaria/Results/6_nobird_annotation/P_cynomolgi.faa
2026-03-04 18:30:45 DEBUG:busco.busco_tools.Toolset	cmd call: hmmsearch --domtblout Results/8_busco/P_cynomolgi/run_apicomplexa_odb12/hmmer_output/initial_run_results/36848at5794.out --cpu 1 /home/inf-20-2025/Malaria/busco_downloads/lineages/apicomplexa_odb12/hmms/36848at5794.hmm /home/inf-20-2025/Malaria/Results/6_nobird_annotation/P_cynomolgi.faa
2026-03-04 18:30:45 DEBUG:busco.busco_tools.Toolset	cmd call: hmmsearch --domtblout Results/8_busco/P_cynomolgi/run_apicomplexa_odb12/hmmer_output/initial_run_results/38276at5794.out --cpu 1 /home/inf-20-2025/Malaria/busco_downloads/lineages/apicomplexa_odb12/hmms/38276at5794.hmm /home/inf-20-2025/Malaria/Results/6_nobird_annotation/P_cynomolgi.faa
2026-03-04 18:30:45 DEBUG:busco.busco_tools.Toolset	cmd call: hmmsearch --domtblout Results/8_busco/P_cynomolgi/run_apicomplexa_odb12/hmmer_output/initial_run_results/32495at5794.out --cpu 1 /home/inf-20-2025/Malaria/busco_downloads/lineages/apicomplexa_odb12/hmms/32495at5794.hmm /home/inf-20-2025/Malaria/Results/6_nobird_annotation/P_cynomolgi.faa
2026-03-04 18:30:45 DEBUG:busco.busco_tools.Toolset	cmd call: hmmsearch --domtblout Results/8_busco/P_cynomolgi/run_apicomplexa_odb12/hmmer_output/initial_run_results/32841at5794.out --cpu 1 /home/inf-20-2025/Malaria/busco_downloads/lineages/apicomplexa_odb12/hmms/32841at5794.hmm /home/inf-20-2025/Malaria/Results/6_nobird_annotation/P_cynomolgi.faa
2026-03-04 18:30:45 DEBUG:busco.busco_tools.Toolset	cmd call: hmmsearch --domtblout Results/8_busco/P_cynomolgi/run_apicomplexa_odb12/hmmer_output/initial_run_results/41100at5794.out --cpu 1 /home/inf-20-2025/Malaria/busco_downloads/lineages/apicomplexa_odb12/hmms/41100at5794.hmm /home/inf-20-2025/Malaria/Results/6_nobird_annotation/P_cynomolgi.faa
2026-03-04 18:30:45 DEBUG:busco.busco_tools.Toolset	cmd call: hmmsearch --domtblout Results/8_busco/P_cynomolgi/run_apicomplexa_odb12/hmmer_output/initial_run_results/32203at5794.out --cpu 1 /home/inf-20-2025/Malaria/busco_downloads/lineages/apicomplexa_odb12/hmms/32203at5794.hmm /home/inf-20-2025/Malaria/Results/6_nobird_annotation/P_cynomolgi.faa
2026-03-04 18:30:45 DEBUG:busco.busco_tools.Toolset	cmd call: hmmsearch --domtblout Results/8_busco/P_cynomolgi/run_apicomplexa_odb12/hmmer_output/initial_run_results/38318at5794.out --cpu 1 /home/inf-20-2025/Malaria/busco_downloads/lineages/apicomplexa_odb12/hmms/38318at5794.hmm /home/inf-20-2025/Malaria/Results/6_nobird_annotation/P_cynomolgi.faa
2026-03-04 18:30:45 DEBUG:busco.busco_tools.Toolset	cmd call: hmmsearch --domtblout Results/8_busco/P_cynomolgi/run_apicomplexa_odb12/hmmer_output/initial_run_results/33797at5794.out --cpu 1 /home/inf-20-2025/Malaria/busco_downloads/lineages/apicomplexa_odb12/hmms/33797at5794.hmm /home/inf-20-2025/Malaria/Results/6_nobird_annotation/P_cynomolgi.faa
2026-03-04 18:30:45 DEBUG:busco.busco_tools.Toolset	cmd call: hmmsearch --domtblout Results/8_busco/P_cynomolgi/run_apicomplexa_odb12/hmmer_output/initial_run_results/41239at5794.out --cpu 1 /home/inf-20-2025/Malaria/busco_downloads/lineages/apicomplexa_odb12/hmms/41239at5794.hmm /home/inf-20-2025/Malaria/Results/6_nobird_annotation/P_cynomolgi.faa
2026-03-04 18:30:45 DEBUG:busco.busco_tools.Toolset	cmd call: hmmsearch --domtblout Results/8_busco/P_cynomolgi/run_apicomplexa_odb12/hmmer_output/initial_run_results/36929at5794.out --cpu 1 /home/inf-20-2025/Malaria/busco_downloads/lineages/apicomplexa_odb12/hmms/36929at5794.hmm /home/inf-20-2025/Malaria/Results/6_nobird_annotation/P_cynomolgi.faa
2026-03-04 18:30:45 DEBUG:busco.busco_tools.Toolset	cmd call: hmmsearch --domtblout Results/8_busco/P_cynomolgi/run_apicomplexa_odb12/hmmer_output/initial_run_results/33810at5794.out --cpu 1 /home/inf-20-2025/Malaria/busco_downloads/lineages/apicomplexa_odb12/hmms/33810at5794.hmm /home/inf-20-2025/Malaria/Results/6_nobird_annotation/P_cynomolgi.faa
2026-03-04 18:30:45 DEBUG:busco.busco_tools.Toolset	cmd call: hmmsearch --domtblout Results/8_busco/P_cynomolgi/run_apicomplexa_odb12/hmmer_output/initial_run_results/3876at5794.out --cpu 1 /home/inf-20-2025/Malaria/busco_downloads/lineages/apicomplexa_odb12/hmms/3876at5794.hmm /home/inf-20-2025/Malaria/Results/6_nobird_annotation/P_cynomolgi.faa
2026-03-04 18:30:45 DEBUG:busco.busco_tools.Toolset	cmd call: hmmsearch --domtblout Results/8_busco/P_cynomolgi/run_apicomplexa_odb12/hmmer_output/initial_run_results/32216at5794.out --cpu 1 /home/inf-20-2025/Malaria/busco_downloads/lineages/apicomplexa_odb12/hmms/32216at5794.hmm /home/inf-20-2025/Malaria/Results/6_nobird_annotation/P_cynomolgi.faa
2026-03-04 18:30:45 DEBUG:busco.busco_tools.Toolset	cmd call: hmmsearch --domtblout Results/8_busco/P_cynomolgi/run_apicomplexa_odb12/hmmer_output/initial_run_results/32877at5794.out --cpu 1 /home/inf-20-2025/Malaria/busco_downloads/lineages/apicomplexa_odb12/hmms/32877at5794.hmm /home/inf-20-2025/Malaria/Results/6_nobird_annotation/P_cynomolgi.faa
2026-03-04 18:30:45 DEBUG:busco.busco_tools.Toolset	cmd call: hmmsearch --domtblout Results/8_busco/P_cynomolgi/run_apicomplexa_odb12/hmmer_output/initial_run_results/37207at5794.out --cpu 1 /home/inf-20-2025/Malaria/busco_downloads/lineages/apicomplexa_odb12/hmms/37207at5794.hmm /home/inf-20-2025/Malaria/Results/6_nobird_annotation/P_cynomolgi.faa
2026-03-04 18:30:45 DEBUG:busco.busco_tools.Toolset	cmd call: hmmsearch --domtblout Results/8_busco/P_cynomolgi/run_apicomplexa_odb12/hmmer_output/initial_run_results/4131at5794.out --cpu 1 /home/inf-20-2025/Malaria/busco_downloads/lineages/apicomplexa_odb12/hmms/4131at5794.hmm /home/inf-20-2025/Malaria/Results/6_nobird_annotation/P_cynomolgi.faa
2026-03-04 18:30:46 DEBUG:busco.busco_tools.Toolset	cmd call: hmmsearch --domtblout Results/8_busco/P_cynomolgi/run_apicomplexa_odb12/hmmer_output/initial_run_results/40301at5794.out --cpu 1 /home/inf-20-2025/Malaria/busco_downloads/lineages/apicomplexa_odb12/hmms/40301at5794.hmm /home/inf-20-2025/Malaria/Results/6_nobird_annotation/P_cynomolgi.faa
2026-03-04 18:30:46 DEBUG:busco.busco_tools.Toolset	cmd call: hmmsearch --domtblout Results/8_busco/P_cynomolgi/run_apicomplexa_odb12/hmmer_output/initial_run_results/32910at5794.out --cpu 1 /home/inf-20-2025/Malaria/busco_downloads/lineages/apicomplexa_odb12/hmms/32910at5794.hmm /home/inf-20-2025/Malaria/Results/6_nobird_annotation/P_cynomolgi.faa
2026-03-04 18:30:46 DEBUG:busco.busco_tools.Toolset	cmd call: hmmsearch --domtblout Results/8_busco/P_cynomolgi/run_apicomplexa_odb12/hmmer_output/initial_run_results/37223at5794.out --cpu 1 /home/inf-20-2025/Malaria/busco_downloads/lineages/apicomplexa_odb12/hmms/37223at5794.hmm /home/inf-20-2025/Malaria/Results/6_nobird_annotation/P_cynomolgi.faa
2026-03-04 18:30:46 INFO:busco.busco_tools.Toolset	[hmmsearch]	193 of 481 task(s) completed
2026-03-04 18:30:46 DEBUG:busco.busco_tools.Toolset	cmd call: hmmsearch --domtblout Results/8_busco/P_cynomolgi/run_apicomplexa_odb12/hmmer_output/initial_run_results/35708at5794.out --cpu 1 /home/inf-20-2025/Malaria/busco_downloads/lineages/apicomplexa_odb12/hmms/35708at5794.hmm /home/inf-20-2025/Malaria/Results/6_nobird_annotation/P_cynomolgi.faa
2026-03-04 18:30:46 DEBUG:busco.busco_tools.Toolset	cmd call: hmmsearch --domtblout Results/8_busco/P_cynomolgi/run_apicomplexa_odb12/hmmer_output/initial_run_results/41420at5794.out --cpu 1 /home/inf-20-2025/Malaria/busco_downloads/lineages/apicomplexa_odb12/hmms/41420at5794.hmm /home/inf-20-2025/Malaria/Results/6_nobird_annotation/P_cynomolgi.faa
2026-03-04 18:30:46 DEBUG:busco.busco_tools.Toolset	cmd call: hmmsearch --domtblout Results/8_busco/P_cynomolgi/run_apicomplexa_odb12/hmmer_output/initial_run_results/35745at5794.out --cpu 1 /home/inf-20-2025/Malaria/busco_downloads/lineages/apicomplexa_odb12/hmms/35745at5794.hmm /home/inf-20-2025/Malaria/Results/6_nobird_annotation/P_cynomolgi.faa
2026-03-04 18:30:46 DEBUG:busco.busco_tools.Toolset	cmd call: hmmsearch --domtblout Results/8_busco/P_cynomolgi/run_apicomplexa_odb12/hmmer_output/initial_run_results/40338at5794.out --cpu 1 /home/inf-20-2025/Malaria/busco_downloads/lineages/apicomplexa_odb12/hmms/40338at5794.hmm /home/inf-20-2025/Malaria/Results/6_nobird_annotation/P_cynomolgi.faa
2026-03-04 18:30:46 DEBUG:busco.busco_tools.Toolset	cmd call: hmmsearch --domtblout Results/8_busco/P_cynomolgi/run_apicomplexa_odb12/hmmer_output/initial_run_results/41662at5794.out --cpu 1 /home/inf-20-2025/Malaria/busco_downloads/lineages/apicomplexa_odb12/hmms/41662at5794.hmm /home/inf-20-2025/Malaria/Results/6_nobird_annotation/P_cynomolgi.faa
2026-03-04 18:30:46 DEBUG:busco.busco_tools.Toolset	cmd call: hmmsearch --domtblout Results/8_busco/P_cynomolgi/run_apicomplexa_odb12/hmmer_output/initial_run_results/37256at5794.out --cpu 1 /home/inf-20-2025/Malaria/busco_downloads/lineages/apicomplexa_odb12/hmms/37256at5794.hmm /home/inf-20-2025/Malaria/Results/6_nobird_annotation/P_cynomolgi.faa
2026-03-04 18:30:46 DEBUG:busco.busco_tools.Toolset	cmd call: hmmsearch --domtblout Results/8_busco/P_cynomolgi/run_apicomplexa_odb12/hmmer_output/initial_run_results/3250at5794.out --cpu 1 /home/inf-20-2025/Malaria/busco_downloads/lineages/apicomplexa_odb12/hmms/3250at5794.hmm /home/inf-20-2025/Malaria/Results/6_nobird_annotation/P_cynomolgi.faa
2026-03-04 18:30:46 DEBUG:busco.busco_tools.Toolset	cmd call: hmmsearch --domtblout Results/8_busco/P_cynomolgi/run_apicomplexa_odb12/hmmer_output/initial_run_results/35788at5794.out --cpu 1 /home/inf-20-2025/Malaria/busco_downloads/lineages/apicomplexa_odb12/hmms/35788at5794.hmm /home/inf-20-2025/Malaria/Results/6_nobird_annotation/P_cynomolgi.faa
2026-03-04 18:30:46 DEBUG:busco.busco_tools.Toolset	cmd call: hmmsearch --domtblout Results/8_busco/P_cynomolgi/run_apicomplexa_odb12/hmmer_output/initial_run_results/40473at5794.out --cpu 1 /home/inf-20-2025/Malaria/busco_downloads/lineages/apicomplexa_odb12/hmms/40473at5794.hmm /home/inf-20-2025/Malaria/Results/6_nobird_annotation/P_cynomolgi.faa
2026-03-04 18:30:46 DEBUG:busco.busco_tools.Toolset	cmd call: hmmsearch --domtblout Results/8_busco/P_cynomolgi/run_apicomplexa_odb12/hmmer_output/initial_run_results/40580at5794.out --cpu 1 /home/inf-20-2025/Malaria/busco_downloads/lineages/apicomplexa_odb12/hmms/40580at5794.hmm /home/inf-20-2025/Malaria/Results/6_nobird_annotation/P_cynomolgi.faa
2026-03-04 18:30:46 DEBUG:busco.busco_tools.Toolset	cmd call: hmmsearch --domtblout Results/8_busco/P_cynomolgi/run_apicomplexa_odb12/hmmer_output/initial_run_results/37275at5794.out --cpu 1 /home/inf-20-2025/Malaria/busco_downloads/lineages/apicomplexa_odb12/hmms/37275at5794.hmm /home/inf-20-2025/Malaria/Results/6_nobird_annotation/P_cynomolgi.faa
2026-03-04 18:30:46 DEBUG:busco.busco_tools.Toolset	cmd call: hmmsearch --domtblout Results/8_busco/P_cynomolgi/run_apicomplexa_odb12/hmmer_output/initial_run_results/32933at5794.out --cpu 1 /home/inf-20-2025/Malaria/busco_downloads/lineages/apicomplexa_odb12/hmms/32933at5794.hmm /home/inf-20-2025/Malaria/Results/6_nobird_annotation/P_cynomolgi.faa
2026-03-04 18:30:46 DEBUG:busco.busco_tools.Toolset	cmd call: hmmsearch --domtblout Results/8_busco/P_cynomolgi/run_apicomplexa_odb12/hmmer_output/initial_run_results/35825at5794.out --cpu 1 /home/inf-20-2025/Malaria/busco_downloads/lineages/apicomplexa_odb12/hmms/35825at5794.hmm /home/inf-20-2025/Malaria/Results/6_nobird_annotation/P_cynomolgi.faa
2026-03-04 18:30:46 DEBUG:busco.busco_tools.Toolset	cmd call: hmmsearch --domtblout Results/8_busco/P_cynomolgi/run_apicomplexa_odb12/hmmer_output/initial_run_results/32613at5794.out --cpu 1 /home/inf-20-2025/Malaria/busco_downloads/lineages/apicomplexa_odb12/hmms/32613at5794.hmm /home/inf-20-2025/Malaria/Results/6_nobird_annotation/P_cynomolgi.faa
2026-03-04 18:30:46 DEBUG:busco.busco_tools.Toolset	cmd call: hmmsearch --domtblout Results/8_busco/P_cynomolgi/run_apicomplexa_odb12/hmmer_output/initial_run_results/31972at5794.out --cpu 1 /home/inf-20-2025/Malaria/busco_downloads/lineages/apicomplexa_odb12/hmms/31972at5794.hmm /home/inf-20-2025/Malaria/Results/6_nobird_annotation/P_cynomolgi.faa
2026-03-04 18:30:46 DEBUG:busco.busco_tools.Toolset	cmd call: hmmsearch --domtblout Results/8_busco/P_cynomolgi/run_apicomplexa_odb12/hmmer_output/initial_run_results/41802at5794.out --cpu 1 /home/inf-20-2025/Malaria/busco_downloads/lineages/apicomplexa_odb12/hmms/41802at5794.hmm /home/inf-20-2025/Malaria/Results/6_nobird_annotation/P_cynomolgi.faa
2026-03-04 18:30:46 DEBUG:busco.busco_tools.Toolset	cmd call: hmmsearch --domtblout Results/8_busco/P_cynomolgi/run_apicomplexa_odb12/hmmer_output/initial_run_results/37282at5794.out --cpu 1 /home/inf-20-2025/Malaria/busco_downloads/lineages/apicomplexa_odb12/hmms/37282at5794.hmm /home/inf-20-2025/Malaria/Results/6_nobird_annotation/P_cynomolgi.faa
2026-03-04 18:30:46 DEBUG:busco.busco_tools.Toolset	cmd call: hmmsearch --domtblout Results/8_busco/P_cynomolgi/run_apicomplexa_odb12/hmmer_output/initial_run_results/32971at5794.out --cpu 1 /home/inf-20-2025/Malaria/busco_downloads/lineages/apicomplexa_odb12/hmms/32971at5794.hmm /home/inf-20-2025/Malaria/Results/6_nobird_annotation/P_cynomolgi.faa
2026-03-04 18:30:46 DEBUG:busco.busco_tools.Toolset	cmd call: hmmsearch --domtblout Results/8_busco/P_cynomolgi/run_apicomplexa_odb12/hmmer_output/initial_run_results/32308at5794.out --cpu 1 /home/inf-20-2025/Malaria/busco_downloads/lineages/apicomplexa_odb12/hmms/32308at5794.hmm /home/inf-20-2025/Malaria/Results/6_nobird_annotation/P_cynomolgi.faa
2026-03-04 18:30:46 DEBUG:busco.busco_tools.Toolset	cmd call: hmmsearch --domtblout Results/8_busco/P_cynomolgi/run_apicomplexa_odb12/hmmer_output/initial_run_results/40758at5794.out --cpu 1 /home/inf-20-2025/Malaria/busco_downloads/lineages/apicomplexa_odb12/hmms/40758at5794.hmm /home/inf-20-2025/Malaria/Results/6_nobird_annotation/P_cynomolgi.faa
2026-03-04 18:30:46 DEBUG:busco.busco_tools.Toolset	cmd call: hmmsearch --domtblout Results/8_busco/P_cynomolgi/run_apicomplexa_odb12/hmmer_output/initial_run_results/33846at5794.out --cpu 1 /home/inf-20-2025/Malaria/busco_downloads/lineages/apicomplexa_odb12/hmms/33846at5794.hmm /home/inf-20-2025/Malaria/Results/6_nobird_annotation/P_cynomolgi.faa
2026-03-04 18:30:46 DEBUG:busco.busco_tools.Toolset	cmd call: hmmsearch --domtblout Results/8_busco/P_cynomolgi/run_apicomplexa_odb12/hmmer_output/initial_run_results/32975at5794.out --cpu 1 /home/inf-20-2025/Malaria/busco_downloads/lineages/apicomplexa_odb12/hmms/32975at5794.hmm /home/inf-20-2025/Malaria/Results/6_nobird_annotation/P_cynomolgi.faa
2026-03-04 18:30:46 DEBUG:busco.busco_tools.Toolset	cmd call: hmmsearch --domtblout Results/8_busco/P_cynomolgi/run_apicomplexa_odb12/hmmer_output/initial_run_results/31975at5794.out --cpu 1 /home/inf-20-2025/Malaria/busco_downloads/lineages/apicomplexa_odb12/hmms/31975at5794.hmm /home/inf-20-2025/Malaria/Results/6_nobird_annotation/P_cynomolgi.faa
2026-03-04 18:30:46 DEBUG:busco.busco_tools.Toolset	cmd call: hmmsearch --domtblout Results/8_busco/P_cynomolgi/run_apicomplexa_odb12/hmmer_output/initial_run_results/4079at5794.out --cpu 1 /home/inf-20-2025/Malaria/busco_downloads/lineages/apicomplexa_odb12/hmms/4079at5794.hmm /home/inf-20-2025/Malaria/Results/6_nobird_annotation/P_cynomolgi.faa
2026-03-04 18:30:46 DEBUG:busco.busco_tools.Toolset	cmd call: hmmsearch --domtblout Results/8_busco/P_cynomolgi/run_apicomplexa_odb12/hmmer_output/initial_run_results/43035at5794.out --cpu 1 /home/inf-20-2025/Malaria/busco_downloads/lineages/apicomplexa_odb12/hmms/43035at5794.hmm /home/inf-20-2025/Malaria/Results/6_nobird_annotation/P_cynomolgi.faa
2026-03-04 18:30:46 DEBUG:busco.busco_tools.Toolset	cmd call: hmmsearch --domtblout Results/8_busco/P_cynomolgi/run_apicomplexa_odb12/hmmer_output/initial_run_results/33032at5794.out --cpu 1 /home/inf-20-2025/Malaria/busco_downloads/lineages/apicomplexa_odb12/hmms/33032at5794.hmm /home/inf-20-2025/Malaria/Results/6_nobird_annotation/P_cynomolgi.faa
2026-03-04 18:30:46 DEBUG:busco.busco_tools.Toolset	cmd call: hmmsearch --domtblout Results/8_busco/P_cynomolgi/run_apicomplexa_odb12/hmmer_output/initial_run_results/35840at5794.out --cpu 1 /home/inf-20-2025/Malaria/busco_downloads/lineages/apicomplexa_odb12/hmms/35840at5794.hmm /home/inf-20-2025/Malaria/Results/6_nobird_annotation/P_cynomolgi.faa
2026-03-04 18:30:46 DEBUG:busco.busco_tools.Toolset	cmd call: hmmsearch --domtblout Results/8_busco/P_cynomolgi/run_apicomplexa_odb12/hmmer_output/initial_run_results/32634at5794.out --cpu 1 /home/inf-20-2025/Malaria/busco_downloads/lineages/apicomplexa_odb12/hmms/32634at5794.hmm /home/inf-20-2025/Malaria/Results/6_nobird_annotation/P_cynomolgi.faa
2026-03-04 18:30:46 DEBUG:busco.busco_tools.Toolset	cmd call: hmmsearch --domtblout Results/8_busco/P_cynomolgi/run_apicomplexa_odb12/hmmer_output/initial_run_results/31981at5794.out --cpu 1 /home/inf-20-2025/Malaria/busco_downloads/lineages/apicomplexa_odb12/hmms/31981at5794.hmm /home/inf-20-2025/Malaria/Results/6_nobird_annotation/P_cynomolgi.faa
2026-03-04 18:30:46 DEBUG:busco.busco_tools.Toolset	cmd call: hmmsearch --domtblout Results/8_busco/P_cynomolgi/run_apicomplexa_odb12/hmmer_output/initial_run_results/43215at5794.out --cpu 1 /home/inf-20-2025/Malaria/busco_downloads/lineages/apicomplexa_odb12/hmms/43215at5794.hmm /home/inf-20-2025/Malaria/Results/6_nobird_annotation/P_cynomolgi.faa
2026-03-04 18:30:46 DEBUG:busco.busco_tools.Toolset	cmd call: hmmsearch --domtblout Results/8_busco/P_cynomolgi/run_apicomplexa_odb12/hmmer_output/initial_run_results/41938at5794.out --cpu 1 /home/inf-20-2025/Malaria/busco_downloads/lineages/apicomplexa_odb12/hmms/41938at5794.hmm /home/inf-20-2025/Malaria/Results/6_nobird_annotation/P_cynomolgi.faa
2026-03-04 18:30:46 DEBUG:busco.busco_tools.Toolset	cmd call: hmmsearch --domtblout Results/8_busco/P_cynomolgi/run_apicomplexa_odb12/hmmer_output/initial_run_results/33075at5794.out --cpu 1 /home/inf-20-2025/Malaria/busco_downloads/lineages/apicomplexa_odb12/hmms/33075at5794.hmm /home/inf-20-2025/Malaria/Results/6_nobird_annotation/P_cynomolgi.faa
2026-03-04 18:30:46 DEBUG:busco.busco_tools.Toolset	cmd call: hmmsearch --domtblout Results/8_busco/P_cynomolgi/run_apicomplexa_odb12/hmmer_output/initial_run_results/40821at5794.out --cpu 1 /home/inf-20-2025/Malaria/busco_downloads/lineages/apicomplexa_odb12/hmms/40821at5794.hmm /home/inf-20-2025/Malaria/Results/6_nobird_annotation/P_cynomolgi.faa
2026-03-04 18:30:47 DEBUG:busco.busco_tools.Toolset	cmd call: hmmsearch --domtblout Results/8_busco/P_cynomolgi/run_apicomplexa_odb12/hmmer_output/initial_run_results/31982at5794.out --cpu 1 /home/inf-20-2025/Malaria/busco_downloads/lineages/apicomplexa_odb12/hmms/31982at5794.hmm /home/inf-20-2025/Malaria/Results/6_nobird_annotation/P_cynomolgi.faa
2026-03-04 18:30:47 DEBUG:busco.busco_tools.Toolset	cmd call: hmmsearch --domtblout Results/8_busco/P_cynomolgi/run_apicomplexa_odb12/hmmer_output/initial_run_results/35862at5794.out --cpu 1 /home/inf-20-2025/Malaria/busco_downloads/lineages/apicomplexa_odb12/hmms/35862at5794.hmm /home/inf-20-2025/Malaria/Results/6_nobird_annotation/P_cynomolgi.faa
2026-03-04 18:30:47 DEBUG:busco.busco_tools.Toolset	cmd call: hmmsearch --domtblout Results/8_busco/P_cynomolgi/run_apicomplexa_odb12/hmmer_output/initial_run_results/46491at5794.out --cpu 1 /home/inf-20-2025/Malaria/busco_downloads/lineages/apicomplexa_odb12/hmms/46491at5794.hmm /home/inf-20-2025/Malaria/Results/6_nobird_annotation/P_cynomolgi.faa
2026-03-04 18:30:47 DEBUG:busco.busco_tools.Toolset	cmd call: hmmsearch --domtblout Results/8_busco/P_cynomolgi/run_apicomplexa_odb12/hmmer_output/initial_run_results/32004at5794.out --cpu 1 /home/inf-20-2025/Malaria/busco_downloads/lineages/apicomplexa_odb12/hmms/32004at5794.hmm /home/inf-20-2025/Malaria/Results/6_nobird_annotation/P_cynomolgi.faa
2026-03-04 18:30:47 DEBUG:busco.busco_tools.Toolset	cmd call: hmmsearch --domtblout Results/8_busco/P_cynomolgi/run_apicomplexa_odb12/hmmer_output/initial_run_results/3510at5794.out --cpu 1 /home/inf-20-2025/Malaria/busco_downloads/lineages/apicomplexa_odb12/hmms/3510at5794.hmm /home/inf-20-2025/Malaria/Results/6_nobird_annotation/P_cynomolgi.faa
2026-03-04 18:30:47 DEBUG:busco.busco_tools.Toolset	cmd call: hmmsearch --domtblout Results/8_busco/P_cynomolgi/run_apicomplexa_odb12/hmmer_output/initial_run_results/32660at5794.out --cpu 1 /home/inf-20-2025/Malaria/busco_downloads/lineages/apicomplexa_odb12/hmms/32660at5794.hmm /home/inf-20-2025/Malaria/Results/6_nobird_annotation/P_cynomolgi.faa
2026-03-04 18:30:47 DEBUG:busco.busco_tools.Toolset	cmd call: hmmsearch --domtblout Results/8_busco/P_cynomolgi/run_apicomplexa_odb12/hmmer_output/initial_run_results/46749at5794.out --cpu 1 /home/inf-20-2025/Malaria/busco_downloads/lineages/apicomplexa_odb12/hmms/46749at5794.hmm /home/inf-20-2025/Malaria/Results/6_nobird_annotation/P_cynomolgi.faa
2026-03-04 18:30:47 DEBUG:busco.busco_tools.Toolset	cmd call: hmmsearch --domtblout Results/8_busco/P_cynomolgi/run_apicomplexa_odb12/hmmer_output/initial_run_results/47873at5794.out --cpu 1 /home/inf-20-2025/Malaria/busco_downloads/lineages/apicomplexa_odb12/hmms/47873at5794.hmm /home/inf-20-2025/Malaria/Results/6_nobird_annotation/P_cynomolgi.faa
2026-03-04 18:30:47 DEBUG:busco.busco_tools.Toolset	cmd call: hmmsearch --domtblout Results/8_busco/P_cynomolgi/run_apicomplexa_odb12/hmmer_output/initial_run_results/51324at5794.out --cpu 1 /home/inf-20-2025/Malaria/busco_downloads/lineages/apicomplexa_odb12/hmms/51324at5794.hmm /home/inf-20-2025/Malaria/Results/6_nobird_annotation/P_cynomolgi.faa
2026-03-04 18:30:47 DEBUG:busco.busco_tools.Toolset	cmd call: hmmsearch --domtblout Results/8_busco/P_cynomolgi/run_apicomplexa_odb12/hmmer_output/initial_run_results/43229at5794.out --cpu 1 /home/inf-20-2025/Malaria/busco_downloads/lineages/apicomplexa_odb12/hmms/43229at5794.hmm /home/inf-20-2025/Malaria/Results/6_nobird_annotation/P_cynomolgi.faa
2026-03-04 18:30:47 DEBUG:busco.busco_tools.Toolset	cmd call: hmmsearch --domtblout Results/8_busco/P_cynomolgi/run_apicomplexa_odb12/hmmer_output/initial_run_results/51791at5794.out --cpu 1 /home/inf-20-2025/Malaria/busco_downloads/lineages/apicomplexa_odb12/hmms/51791at5794.hmm /home/inf-20-2025/Malaria/Results/6_nobird_annotation/P_cynomolgi.faa
2026-03-04 18:30:47 DEBUG:busco.busco_tools.Toolset	cmd call: hmmsearch --domtblout Results/8_busco/P_cynomolgi/run_apicomplexa_odb12/hmmer_output/initial_run_results/58968at5794.out --cpu 1 /home/inf-20-2025/Malaria/busco_downloads/lineages/apicomplexa_odb12/hmms/58968at5794.hmm /home/inf-20-2025/Malaria/Results/6_nobird_annotation/P_cynomolgi.faa
2026-03-04 18:30:47 DEBUG:busco.busco_tools.Toolset	cmd call: hmmsearch --domtblout Results/8_busco/P_cynomolgi/run_apicomplexa_odb12/hmmer_output/initial_run_results/33286at5794.out --cpu 1 /home/inf-20-2025/Malaria/busco_downloads/lineages/apicomplexa_odb12/hmms/33286at5794.hmm /home/inf-20-2025/Malaria/Results/6_nobird_annotation/P_cynomolgi.faa
2026-03-04 18:30:47 DEBUG:busco.busco_tools.Toolset	cmd call: hmmsearch --domtblout Results/8_busco/P_cynomolgi/run_apicomplexa_odb12/hmmer_output/initial_run_results/52248at5794.out --cpu 1 /home/inf-20-2025/Malaria/busco_downloads/lineages/apicomplexa_odb12/hmms/52248at5794.hmm /home/inf-20-2025/Malaria/Results/6_nobird_annotation/P_cynomolgi.faa
2026-03-04 18:30:47 DEBUG:busco.busco_tools.Toolset	cmd call: hmmsearch --domtblout Results/8_busco/P_cynomolgi/run_apicomplexa_odb12/hmmer_output/initial_run_results/32028at5794.out --cpu 1 /home/inf-20-2025/Malaria/busco_downloads/lineages/apicomplexa_odb12/hmms/32028at5794.hmm /home/inf-20-2025/Malaria/Results/6_nobird_annotation/P_cynomolgi.faa
2026-03-04 18:30:47 INFO:busco.busco_tools.Toolset	[hmmsearch]	241 of 481 task(s) completed
2026-03-04 18:30:47 DEBUG:busco.busco_tools.Toolset	cmd call: hmmsearch --domtblout Results/8_busco/P_cynomolgi/run_apicomplexa_odb12/hmmer_output/initial_run_results/54116at5794.out --cpu 1 /home/inf-20-2025/Malaria/busco_downloads/lineages/apicomplexa_odb12/hmms/54116at5794.hmm /home/inf-20-2025/Malaria/Results/6_nobird_annotation/P_cynomolgi.faa
2026-03-04 18:30:47 DEBUG:busco.busco_tools.Toolset	cmd call: hmmsearch --domtblout Results/8_busco/P_cynomolgi/run_apicomplexa_odb12/hmmer_output/initial_run_results/59603at5794.out --cpu 1 /home/inf-20-2025/Malaria/busco_downloads/lineages/apicomplexa_odb12/hmms/59603at5794.hmm /home/inf-20-2025/Malaria/Results/6_nobird_annotation/P_cynomolgi.faa
2026-03-04 18:30:47 DEBUG:busco.busco_tools.Toolset	cmd call: hmmsearch --domtblout Results/8_busco/P_cynomolgi/run_apicomplexa_odb12/hmmer_output/initial_run_results/68693at5794.out --cpu 1 /home/inf-20-2025/Malaria/busco_downloads/lineages/apicomplexa_odb12/hmms/68693at5794.hmm /home/inf-20-2025/Malaria/Results/6_nobird_annotation/P_cynomolgi.faa
2026-03-04 18:30:47 DEBUG:busco.busco_tools.Toolset	cmd call: hmmsearch --domtblout Results/8_busco/P_cynomolgi/run_apicomplexa_odb12/hmmer_output/initial_run_results/4331at5794.out --cpu 1 /home/inf-20-2025/Malaria/busco_downloads/lineages/apicomplexa_odb12/hmms/4331at5794.hmm /home/inf-20-2025/Malaria/Results/6_nobird_annotation/P_cynomolgi.faa
2026-03-04 18:30:47 DEBUG:busco.busco_tools.Toolset	cmd call: hmmsearch --domtblout Results/8_busco/P_cynomolgi/run_apicomplexa_odb12/hmmer_output/initial_run_results/33293at5794.out --cpu 1 /home/inf-20-2025/Malaria/busco_downloads/lineages/apicomplexa_odb12/hmms/33293at5794.hmm /home/inf-20-2025/Malaria/Results/6_nobird_annotation/P_cynomolgi.faa
2026-03-04 18:30:47 DEBUG:busco.busco_tools.Toolset	cmd call: hmmsearch --domtblout Results/8_busco/P_cynomolgi/run_apicomplexa_odb12/hmmer_output/initial_run_results/68694at5794.out --cpu 1 /home/inf-20-2025/Malaria/busco_downloads/lineages/apicomplexa_odb12/hmms/68694at5794.hmm /home/inf-20-2025/Malaria/Results/6_nobird_annotation/P_cynomolgi.faa
2026-03-04 18:30:47 DEBUG:busco.busco_tools.Toolset	cmd call: hmmsearch --domtblout Results/8_busco/P_cynomolgi/run_apicomplexa_odb12/hmmer_output/initial_run_results/42051at5794.out --cpu 1 /home/inf-20-2025/Malaria/busco_downloads/lineages/apicomplexa_odb12/hmms/42051at5794.hmm /home/inf-20-2025/Malaria/Results/6_nobird_annotation/P_cynomolgi.faa
2026-03-04 18:30:47 DEBUG:busco.busco_tools.Toolset	cmd call: hmmsearch --domtblout Results/8_busco/P_cynomolgi/run_apicomplexa_odb12/hmmer_output/initial_run_results/47880at5794.out --cpu 1 /home/inf-20-2025/Malaria/busco_downloads/lineages/apicomplexa_odb12/hmms/47880at5794.hmm /home/inf-20-2025/Malaria/Results/6_nobird_annotation/P_cynomolgi.faa
2026-03-04 18:30:47 DEBUG:busco.busco_tools.Toolset	cmd call: hmmsearch --domtblout Results/8_busco/P_cynomolgi/run_apicomplexa_odb12/hmmer_output/initial_run_results/68695at5794.out --cpu 1 /home/inf-20-2025/Malaria/busco_downloads/lineages/apicomplexa_odb12/hmms/68695at5794.hmm /home/inf-20-2025/Malaria/Results/6_nobird_annotation/P_cynomolgi.faa
2026-03-04 18:30:47 DEBUG:busco.busco_tools.Toolset	cmd call: hmmsearch --domtblout Results/8_busco/P_cynomolgi/run_apicomplexa_odb12/hmmer_output/initial_run_results/596at5794.out --cpu 1 /home/inf-20-2025/Malaria/busco_downloads/lineages/apicomplexa_odb12/hmms/596at5794.hmm /home/inf-20-2025/Malaria/Results/6_nobird_annotation/P_cynomolgi.faa
2026-03-04 18:30:47 DEBUG:busco.busco_tools.Toolset	cmd call: hmmsearch --domtblout Results/8_busco/P_cynomolgi/run_apicomplexa_odb12/hmmer_output/initial_run_results/42069at5794.out --cpu 1 /home/inf-20-2025/Malaria/busco_downloads/lineages/apicomplexa_odb12/hmms/42069at5794.hmm /home/inf-20-2025/Malaria/Results/6_nobird_annotation/P_cynomolgi.faa
2026-03-04 18:30:47 DEBUG:busco.busco_tools.Toolset	cmd call: hmmsearch --domtblout Results/8_busco/P_cynomolgi/run_apicomplexa_odb12/hmmer_output/initial_run_results/48601at5794.out --cpu 1 /home/inf-20-2025/Malaria/busco_downloads/lineages/apicomplexa_odb12/hmms/48601at5794.hmm /home/inf-20-2025/Malaria/Results/6_nobird_annotation/P_cynomolgi.faa
2026-03-04 18:30:48 DEBUG:busco.busco_tools.Toolset	cmd call: hmmsearch --domtblout Results/8_busco/P_cynomolgi/run_apicomplexa_odb12/hmmer_output/initial_run_results/33299at5794.out --cpu 1 /home/inf-20-2025/Malaria/busco_downloads/lineages/apicomplexa_odb12/hmms/33299at5794.hmm /home/inf-20-2025/Malaria/Results/6_nobird_annotation/P_cynomolgi.faa
2026-03-04 18:30:48 DEBUG:busco.busco_tools.Toolset	cmd call: hmmsearch --domtblout Results/8_busco/P_cynomolgi/run_apicomplexa_odb12/hmmer_output/initial_run_results/61544at5794.out --cpu 1 /home/inf-20-2025/Malaria/busco_downloads/lineages/apicomplexa_odb12/hmms/61544at5794.hmm /home/inf-20-2025/Malaria/Results/6_nobird_annotation/P_cynomolgi.faa
2026-03-04 18:30:48 DEBUG:busco.busco_tools.Toolset	cmd call: hmmsearch --domtblout Results/8_busco/P_cynomolgi/run_apicomplexa_odb12/hmmer_output/initial_run_results/68702at5794.out --cpu 1 /home/inf-20-2025/Malaria/busco_downloads/lineages/apicomplexa_odb12/hmms/68702at5794.hmm /home/inf-20-2025/Malaria/Results/6_nobird_annotation/P_cynomolgi.faa
2026-03-04 18:30:48 DEBUG:busco.busco_tools.Toolset	cmd call: hmmsearch --domtblout Results/8_busco/P_cynomolgi/run_apicomplexa_odb12/hmmer_output/initial_run_results/5439at5794.out --cpu 1 /home/inf-20-2025/Malaria/busco_downloads/lineages/apicomplexa_odb12/hmms/5439at5794.hmm /home/inf-20-2025/Malaria/Results/6_nobird_annotation/P_cynomolgi.faa
2026-03-04 18:30:48 DEBUG:busco.busco_tools.Toolset	cmd call: hmmsearch --domtblout Results/8_busco/P_cynomolgi/run_apicomplexa_odb12/hmmer_output/initial_run_results/43474at5794.out --cpu 1 /home/inf-20-2025/Malaria/busco_downloads/lineages/apicomplexa_odb12/hmms/43474at5794.hmm /home/inf-20-2025/Malaria/Results/6_nobird_annotation/P_cynomolgi.faa
2026-03-04 18:30:48 DEBUG:busco.busco_tools.Toolset	cmd call: hmmsearch --domtblout Results/8_busco/P_cynomolgi/run_apicomplexa_odb12/hmmer_output/initial_run_results/35114at5794.out --cpu 1 /home/inf-20-2025/Malaria/busco_downloads/lineages/apicomplexa_odb12/hmms/35114at5794.hmm /home/inf-20-2025/Malaria/Results/6_nobird_annotation/P_cynomolgi.faa
2026-03-04 18:30:48 DEBUG:busco.busco_tools.Toolset	cmd call: hmmsearch --domtblout Results/8_busco/P_cynomolgi/run_apicomplexa_odb12/hmmer_output/initial_run_results/68727at5794.out --cpu 1 /home/inf-20-2025/Malaria/busco_downloads/lineages/apicomplexa_odb12/hmms/68727at5794.hmm /home/inf-20-2025/Malaria/Results/6_nobird_annotation/P_cynomolgi.faa
2026-03-04 18:30:48 DEBUG:busco.busco_tools.Toolset	cmd call: hmmsearch --domtblout Results/8_busco/P_cynomolgi/run_apicomplexa_odb12/hmmer_output/initial_run_results/35146at5794.out --cpu 1 /home/inf-20-2025/Malaria/busco_downloads/lineages/apicomplexa_odb12/hmms/35146at5794.hmm /home/inf-20-2025/Malaria/Results/6_nobird_annotation/P_cynomolgi.faa
2026-03-04 18:30:48 DEBUG:busco.busco_tools.Toolset	cmd call: hmmsearch --domtblout Results/8_busco/P_cynomolgi/run_apicomplexa_odb12/hmmer_output/initial_run_results/68703at5794.out --cpu 1 /home/inf-20-2025/Malaria/busco_downloads/lineages/apicomplexa_odb12/hmms/68703at5794.hmm /home/inf-20-2025/Malaria/Results/6_nobird_annotation/P_cynomolgi.faa
2026-03-04 18:30:48 DEBUG:busco.busco_tools.Toolset	cmd call: hmmsearch --domtblout Results/8_busco/P_cynomolgi/run_apicomplexa_odb12/hmmer_output/initial_run_results/61687at5794.out --cpu 1 /home/inf-20-2025/Malaria/busco_downloads/lineages/apicomplexa_odb12/hmms/61687at5794.hmm /home/inf-20-2025/Malaria/Results/6_nobird_annotation/P_cynomolgi.faa
2026-03-04 18:30:48 DEBUG:busco.busco_tools.Toolset	cmd call: hmmsearch --domtblout Results/8_busco/P_cynomolgi/run_apicomplexa_odb12/hmmer_output/initial_run_results/42171at5794.out --cpu 1 /home/inf-20-2025/Malaria/busco_downloads/lineages/apicomplexa_odb12/hmms/42171at5794.hmm /home/inf-20-2025/Malaria/Results/6_nobird_annotation/P_cynomolgi.faa
2026-03-04 18:30:48 DEBUG:busco.busco_tools.Toolset	cmd call: hmmsearch --domtblout Results/8_busco/P_cynomolgi/run_apicomplexa_odb12/hmmer_output/initial_run_results/68705at5794.out --cpu 1 /home/inf-20-2025/Malaria/busco_downloads/lineages/apicomplexa_odb12/hmms/68705at5794.hmm /home/inf-20-2025/Malaria/Results/6_nobird_annotation/P_cynomolgi.faa
2026-03-04 18:30:48 DEBUG:busco.busco_tools.Toolset	cmd call: hmmsearch --domtblout Results/8_busco/P_cynomolgi/run_apicomplexa_odb12/hmmer_output/initial_run_results/35161at5794.out --cpu 1 /home/inf-20-2025/Malaria/busco_downloads/lineages/apicomplexa_odb12/hmms/35161at5794.hmm /home/inf-20-2025/Malaria/Results/6_nobird_annotation/P_cynomolgi.faa
2026-03-04 18:30:48 DEBUG:busco.busco_tools.Toolset	cmd call: hmmsearch --domtblout Results/8_busco/P_cynomolgi/run_apicomplexa_odb12/hmmer_output/initial_run_results/42431at5794.out --cpu 1 /home/inf-20-2025/Malaria/busco_downloads/lineages/apicomplexa_odb12/hmms/42431at5794.hmm /home/inf-20-2025/Malaria/Results/6_nobird_annotation/P_cynomolgi.faa
2026-03-04 18:30:48 DEBUG:busco.busco_tools.Toolset	cmd call: hmmsearch --domtblout Results/8_busco/P_cynomolgi/run_apicomplexa_odb12/hmmer_output/initial_run_results/68711at5794.out --cpu 1 /home/inf-20-2025/Malaria/busco_downloads/lineages/apicomplexa_odb12/hmms/68711at5794.hmm /home/inf-20-2025/Malaria/Results/6_nobird_annotation/P_cynomolgi.faa
2026-03-04 18:30:48 DEBUG:busco.busco_tools.Toolset	cmd call: hmmsearch --domtblout Results/8_busco/P_cynomolgi/run_apicomplexa_odb12/hmmer_output/initial_run_results/35206at5794.out --cpu 1 /home/inf-20-2025/Malaria/busco_downloads/lineages/apicomplexa_odb12/hmms/35206at5794.hmm /home/inf-20-2025/Malaria/Results/6_nobird_annotation/P_cynomolgi.faa
2026-03-04 18:30:48 DEBUG:busco.busco_tools.Toolset	cmd call: hmmsearch --domtblout Results/8_busco/P_cynomolgi/run_apicomplexa_odb12/hmmer_output/initial_run_results/68713at5794.out --cpu 1 /home/inf-20-2025/Malaria/busco_downloads/lineages/apicomplexa_odb12/hmms/68713at5794.hmm /home/inf-20-2025/Malaria/Results/6_nobird_annotation/P_cynomolgi.faa
2026-03-04 18:30:48 DEBUG:busco.busco_tools.Toolset	cmd call: hmmsearch --domtblout Results/8_busco/P_cynomolgi/run_apicomplexa_odb12/hmmer_output/initial_run_results/42868at5794.out --cpu 1 /home/inf-20-2025/Malaria/busco_downloads/lineages/apicomplexa_odb12/hmms/42868at5794.hmm /home/inf-20-2025/Malaria/Results/6_nobird_annotation/P_cynomolgi.faa
2026-03-04 18:30:48 DEBUG:busco.busco_tools.Toolset	cmd call: hmmsearch --domtblout Results/8_busco/P_cynomolgi/run_apicomplexa_odb12/hmmer_output/initial_run_results/35214at5794.out --cpu 1 /home/inf-20-2025/Malaria/busco_downloads/lineages/apicomplexa_odb12/hmms/35214at5794.hmm /home/inf-20-2025/Malaria/Results/6_nobird_annotation/P_cynomolgi.faa
2026-03-04 18:30:48 DEBUG:busco.busco_tools.Toolset	cmd call: hmmsearch --domtblout Results/8_busco/P_cynomolgi/run_apicomplexa_odb12/hmmer_output/initial_run_results/32662at5794.out --cpu 1 /home/inf-20-2025/Malaria/busco_downloads/lineages/apicomplexa_odb12/hmms/32662at5794.hmm /home/inf-20-2025/Malaria/Results/6_nobird_annotation/P_cynomolgi.faa
2026-03-04 18:30:48 DEBUG:busco.busco_tools.Toolset	cmd call: hmmsearch --domtblout Results/8_busco/P_cynomolgi/run_apicomplexa_odb12/hmmer_output/initial_run_results/68715at5794.out --cpu 1 /home/inf-20-2025/Malaria/busco_downloads/lineages/apicomplexa_odb12/hmms/68715at5794.hmm /home/inf-20-2025/Malaria/Results/6_nobird_annotation/P_cynomolgi.faa
2026-03-04 18:30:48 DEBUG:busco.busco_tools.Toolset	cmd call: hmmsearch --domtblout Results/8_busco/P_cynomolgi/run_apicomplexa_odb12/hmmer_output/initial_run_results/61784at5794.out --cpu 1 /home/inf-20-2025/Malaria/busco_downloads/lineages/apicomplexa_odb12/hmms/61784at5794.hmm /home/inf-20-2025/Malaria/Results/6_nobird_annotation/P_cynomolgi.faa
2026-03-04 18:30:48 DEBUG:busco.busco_tools.Toolset	cmd call: hmmsearch --domtblout Results/8_busco/P_cynomolgi/run_apicomplexa_odb12/hmmer_output/initial_run_results/43552at5794.out --cpu 1 /home/inf-20-2025/Malaria/busco_downloads/lineages/apicomplexa_odb12/hmms/43552at5794.hmm /home/inf-20-2025/Malaria/Results/6_nobird_annotation/P_cynomolgi.faa
2026-03-04 18:30:48 DEBUG:busco.busco_tools.Toolset	cmd call: hmmsearch --domtblout Results/8_busco/P_cynomolgi/run_apicomplexa_odb12/hmmer_output/initial_run_results/68778at5794.out --cpu 1 /home/inf-20-2025/Malaria/busco_downloads/lineages/apicomplexa_odb12/hmms/68778at5794.hmm /home/inf-20-2025/Malaria/Results/6_nobird_annotation/P_cynomolgi.faa
2026-03-04 18:30:48 DEBUG:busco.busco_tools.Toolset	cmd call: hmmsearch --domtblout Results/8_busco/P_cynomolgi/run_apicomplexa_odb12/hmmer_output/initial_run_results/68719at5794.out --cpu 1 /home/inf-20-2025/Malaria/busco_downloads/lineages/apicomplexa_odb12/hmms/68719at5794.hmm /home/inf-20-2025/Malaria/Results/6_nobird_annotation/P_cynomolgi.faa
2026-03-04 18:30:48 DEBUG:busco.busco_tools.Toolset	cmd call: hmmsearch --domtblout Results/8_busco/P_cynomolgi/run_apicomplexa_odb12/hmmer_output/initial_run_results/33365at5794.out --cpu 1 /home/inf-20-2025/Malaria/busco_downloads/lineages/apicomplexa_odb12/hmms/33365at5794.hmm /home/inf-20-2025/Malaria/Results/6_nobird_annotation/P_cynomolgi.faa
2026-03-04 18:30:48 DEBUG:busco.busco_tools.Toolset	cmd call: hmmsearch --domtblout Results/8_busco/P_cynomolgi/run_apicomplexa_odb12/hmmer_output/initial_run_results/61967at5794.out --cpu 1 /home/inf-20-2025/Malaria/busco_downloads/lineages/apicomplexa_odb12/hmms/61967at5794.hmm /home/inf-20-2025/Malaria/Results/6_nobird_annotation/P_cynomolgi.faa
2026-03-04 18:30:48 DEBUG:busco.busco_tools.Toolset	cmd call: hmmsearch --domtblout Results/8_busco/P_cynomolgi/run_apicomplexa_odb12/hmmer_output/initial_run_results/68808at5794.out --cpu 1 /home/inf-20-2025/Malaria/busco_downloads/lineages/apicomplexa_odb12/hmms/68808at5794.hmm /home/inf-20-2025/Malaria/Results/6_nobird_annotation/P_cynomolgi.faa
2026-03-04 18:30:48 DEBUG:busco.busco_tools.Toolset	cmd call: hmmsearch --domtblout Results/8_busco/P_cynomolgi/run_apicomplexa_odb12/hmmer_output/initial_run_results/62823at5794.out --cpu 1 /home/inf-20-2025/Malaria/busco_downloads/lineages/apicomplexa_odb12/hmms/62823at5794.hmm /home/inf-20-2025/Malaria/Results/6_nobird_annotation/P_cynomolgi.faa
2026-03-04 18:30:48 DEBUG:busco.busco_tools.Toolset	cmd call: hmmsearch --domtblout Results/8_busco/P_cynomolgi/run_apicomplexa_odb12/hmmer_output/initial_run_results/68780at5794.out --cpu 1 /home/inf-20-2025/Malaria/busco_downloads/lineages/apicomplexa_odb12/hmms/68780at5794.hmm /home/inf-20-2025/Malaria/Results/6_nobird_annotation/P_cynomolgi.faa
2026-03-04 18:30:48 DEBUG:busco.busco_tools.Toolset	cmd call: hmmsearch --domtblout Results/8_busco/P_cynomolgi/run_apicomplexa_odb12/hmmer_output/initial_run_results/68721at5794.out --cpu 1 /home/inf-20-2025/Malaria/busco_downloads/lineages/apicomplexa_odb12/hmms/68721at5794.hmm /home/inf-20-2025/Malaria/Results/6_nobird_annotation/P_cynomolgi.faa
2026-03-04 18:30:48 DEBUG:busco.busco_tools.Toolset	cmd call: hmmsearch --domtblout Results/8_busco/P_cynomolgi/run_apicomplexa_odb12/hmmer_output/initial_run_results/33372at5794.out --cpu 1 /home/inf-20-2025/Malaria/busco_downloads/lineages/apicomplexa_odb12/hmms/33372at5794.hmm /home/inf-20-2025/Malaria/Results/6_nobird_annotation/P_cynomolgi.faa
2026-03-04 18:30:48 DEBUG:busco.busco_tools.Toolset	cmd call: hmmsearch --domtblout Results/8_busco/P_cynomolgi/run_apicomplexa_odb12/hmmer_output/initial_run_results/68784at5794.out --cpu 1 /home/inf-20-2025/Malaria/busco_downloads/lineages/apicomplexa_odb12/hmms/68784at5794.hmm /home/inf-20-2025/Malaria/Results/6_nobird_annotation/P_cynomolgi.faa
2026-03-04 18:30:48 DEBUG:busco.busco_tools.Toolset	cmd call: hmmsearch --domtblout Results/8_busco/P_cynomolgi/run_apicomplexa_odb12/hmmer_output/initial_run_results/68729at5794.out --cpu 1 /home/inf-20-2025/Malaria/busco_downloads/lineages/apicomplexa_odb12/hmms/68729at5794.hmm /home/inf-20-2025/Malaria/Results/6_nobird_annotation/P_cynomolgi.faa
2026-03-04 18:30:48 DEBUG:busco.busco_tools.Toolset	cmd call: hmmsearch --domtblout Results/8_busco/P_cynomolgi/run_apicomplexa_odb12/hmmer_output/initial_run_results/68786at5794.out --cpu 1 /home/inf-20-2025/Malaria/busco_downloads/lineages/apicomplexa_odb12/hmms/68786at5794.hmm /home/inf-20-2025/Malaria/Results/6_nobird_annotation/P_cynomolgi.faa
2026-03-04 18:30:49 DEBUG:busco.busco_tools.Toolset	cmd call: hmmsearch --domtblout Results/8_busco/P_cynomolgi/run_apicomplexa_odb12/hmmer_output/initial_run_results/33413at5794.out --cpu 1 /home/inf-20-2025/Malaria/busco_downloads/lineages/apicomplexa_odb12/hmms/33413at5794.hmm /home/inf-20-2025/Malaria/Results/6_nobird_annotation/P_cynomolgi.faa
2026-03-04 18:30:49 INFO:busco.busco_tools.Toolset	[hmmsearch]	289 of 481 task(s) completed
2026-03-04 18:30:49 DEBUG:busco.busco_tools.Toolset	cmd call: hmmsearch --domtblout Results/8_busco/P_cynomolgi/run_apicomplexa_odb12/hmmer_output/initial_run_results/68809at5794.out --cpu 1 /home/inf-20-2025/Malaria/busco_downloads/lineages/apicomplexa_odb12/hmms/68809at5794.hmm /home/inf-20-2025/Malaria/Results/6_nobird_annotation/P_cynomolgi.faa
2026-03-04 18:30:49 DEBUG:busco.busco_tools.Toolset	cmd call: hmmsearch --domtblout Results/8_busco/P_cynomolgi/run_apicomplexa_odb12/hmmer_output/initial_run_results/68787at5794.out --cpu 1 /home/inf-20-2025/Malaria/busco_downloads/lineages/apicomplexa_odb12/hmms/68787at5794.hmm /home/inf-20-2025/Malaria/Results/6_nobird_annotation/P_cynomolgi.faa
2026-03-04 18:30:49 DEBUG:busco.busco_tools.Toolset	cmd call: hmmsearch --domtblout Results/8_busco/P_cynomolgi/run_apicomplexa_odb12/hmmer_output/initial_run_results/68734at5794.out --cpu 1 /home/inf-20-2025/Malaria/busco_downloads/lineages/apicomplexa_odb12/hmms/68734at5794.hmm /home/inf-20-2025/Malaria/Results/6_nobird_annotation/P_cynomolgi.faa
2026-03-04 18:30:49 DEBUG:busco.busco_tools.Toolset	cmd call: hmmsearch --domtblout Results/8_busco/P_cynomolgi/run_apicomplexa_odb12/hmmer_output/initial_run_results/68790at5794.out --cpu 1 /home/inf-20-2025/Malaria/busco_downloads/lineages/apicomplexa_odb12/hmms/68790at5794.hmm /home/inf-20-2025/Malaria/Results/6_nobird_annotation/P_cynomolgi.faa
2026-03-04 18:30:49 DEBUG:busco.busco_tools.Toolset	cmd call: hmmsearch --domtblout Results/8_busco/P_cynomolgi/run_apicomplexa_odb12/hmmer_output/initial_run_results/68811at5794.out --cpu 1 /home/inf-20-2025/Malaria/busco_downloads/lineages/apicomplexa_odb12/hmms/68811at5794.hmm /home/inf-20-2025/Malaria/Results/6_nobird_annotation/P_cynomolgi.faa
2026-03-04 18:30:49 DEBUG:busco.busco_tools.Toolset	cmd call: hmmsearch --domtblout Results/8_busco/P_cynomolgi/run_apicomplexa_odb12/hmmer_output/initial_run_results/48637at5794.out --cpu 1 /home/inf-20-2025/Malaria/busco_downloads/lineages/apicomplexa_odb12/hmms/48637at5794.hmm /home/inf-20-2025/Malaria/Results/6_nobird_annotation/P_cynomolgi.faa
2026-03-04 18:30:49 DEBUG:busco.busco_tools.Toolset	cmd call: hmmsearch --domtblout Results/8_busco/P_cynomolgi/run_apicomplexa_odb12/hmmer_output/initial_run_results/54761at5794.out --cpu 1 /home/inf-20-2025/Malaria/busco_downloads/lineages/apicomplexa_odb12/hmms/54761at5794.hmm /home/inf-20-2025/Malaria/Results/6_nobird_annotation/P_cynomolgi.faa
2026-03-04 18:30:49 DEBUG:busco.busco_tools.Toolset	cmd call: hmmsearch --domtblout Results/8_busco/P_cynomolgi/run_apicomplexa_odb12/hmmer_output/initial_run_results/438at5794.out --cpu 1 /home/inf-20-2025/Malaria/busco_downloads/lineages/apicomplexa_odb12/hmms/438at5794.hmm /home/inf-20-2025/Malaria/Results/6_nobird_annotation/P_cynomolgi.faa
2026-03-04 18:30:49 DEBUG:busco.busco_tools.Toolset	cmd call: hmmsearch --domtblout Results/8_busco/P_cynomolgi/run_apicomplexa_odb12/hmmer_output/initial_run_results/68736at5794.out --cpu 1 /home/inf-20-2025/Malaria/busco_downloads/lineages/apicomplexa_odb12/hmms/68736at5794.hmm /home/inf-20-2025/Malaria/Results/6_nobird_annotation/P_cynomolgi.faa
2026-03-04 18:30:49 DEBUG:busco.busco_tools.Toolset	cmd call: hmmsearch --domtblout Results/8_busco/P_cynomolgi/run_apicomplexa_odb12/hmmer_output/initial_run_results/5539at5794.out --cpu 1 /home/inf-20-2025/Malaria/busco_downloads/lineages/apicomplexa_odb12/hmms/5539at5794.hmm /home/inf-20-2025/Malaria/Results/6_nobird_annotation/P_cynomolgi.faa
2026-03-04 18:30:49 DEBUG:busco.busco_tools.Toolset	cmd call: hmmsearch --domtblout Results/8_busco/P_cynomolgi/run_apicomplexa_odb12/hmmer_output/initial_run_results/68812at5794.out --cpu 1 /home/inf-20-2025/Malaria/busco_downloads/lineages/apicomplexa_odb12/hmms/68812at5794.hmm /home/inf-20-2025/Malaria/Results/6_nobird_annotation/P_cynomolgi.faa
2026-03-04 18:30:49 DEBUG:busco.busco_tools.Toolset	cmd call: hmmsearch --domtblout Results/8_busco/P_cynomolgi/run_apicomplexa_odb12/hmmer_output/initial_run_results/48712at5794.out --cpu 1 /home/inf-20-2025/Malaria/busco_downloads/lineages/apicomplexa_odb12/hmms/48712at5794.hmm /home/inf-20-2025/Malaria/Results/6_nobird_annotation/P_cynomolgi.faa
2026-03-04 18:30:49 DEBUG:busco.busco_tools.Toolset	cmd call: hmmsearch --domtblout Results/8_busco/P_cynomolgi/run_apicomplexa_odb12/hmmer_output/initial_run_results/64228at5794.out --cpu 1 /home/inf-20-2025/Malaria/busco_downloads/lineages/apicomplexa_odb12/hmms/64228at5794.hmm /home/inf-20-2025/Malaria/Results/6_nobird_annotation/P_cynomolgi.faa
2026-03-04 18:30:49 DEBUG:busco.busco_tools.Toolset	cmd call: hmmsearch --domtblout Results/8_busco/P_cynomolgi/run_apicomplexa_odb12/hmmer_output/initial_run_results/68724at5794.out --cpu 1 /home/inf-20-2025/Malaria/busco_downloads/lineages/apicomplexa_odb12/hmms/68724at5794.hmm /home/inf-20-2025/Malaria/Results/6_nobird_annotation/P_cynomolgi.faa
2026-03-04 18:30:49 DEBUG:busco.busco_tools.Toolset	cmd call: hmmsearch --domtblout Results/8_busco/P_cynomolgi/run_apicomplexa_odb12/hmmer_output/initial_run_results/55588at5794.out --cpu 1 /home/inf-20-2025/Malaria/busco_downloads/lineages/apicomplexa_odb12/hmms/55588at5794.hmm /home/inf-20-2025/Malaria/Results/6_nobird_annotation/P_cynomolgi.faa
2026-03-04 18:30:49 DEBUG:busco.busco_tools.Toolset	cmd call: hmmsearch --domtblout Results/8_busco/P_cynomolgi/run_apicomplexa_odb12/hmmer_output/initial_run_results/68814at5794.out --cpu 1 /home/inf-20-2025/Malaria/busco_downloads/lineages/apicomplexa_odb12/hmms/68814at5794.hmm /home/inf-20-2025/Malaria/Results/6_nobird_annotation/P_cynomolgi.faa
2026-03-04 18:30:49 DEBUG:busco.busco_tools.Toolset	cmd call: hmmsearch --domtblout Results/8_busco/P_cynomolgi/run_apicomplexa_odb12/hmmer_output/initial_run_results/68739at5794.out --cpu 1 /home/inf-20-2025/Malaria/busco_downloads/lineages/apicomplexa_odb12/hmms/68739at5794.hmm /home/inf-20-2025/Malaria/Results/6_nobird_annotation/P_cynomolgi.faa
2026-03-04 18:30:49 DEBUG:busco.busco_tools.Toolset	cmd call: hmmsearch --domtblout Results/8_busco/P_cynomolgi/run_apicomplexa_odb12/hmmer_output/initial_run_results/68726at5794.out --cpu 1 /home/inf-20-2025/Malaria/busco_downloads/lineages/apicomplexa_odb12/hmms/68726at5794.hmm /home/inf-20-2025/Malaria/Results/6_nobird_annotation/P_cynomolgi.faa
2026-03-04 18:30:49 DEBUG:busco.busco_tools.Toolset	cmd call: hmmsearch --domtblout Results/8_busco/P_cynomolgi/run_apicomplexa_odb12/hmmer_output/initial_run_results/56595at5794.out --cpu 1 /home/inf-20-2025/Malaria/busco_downloads/lineages/apicomplexa_odb12/hmms/56595at5794.hmm /home/inf-20-2025/Malaria/Results/6_nobird_annotation/P_cynomolgi.faa
2026-03-04 18:30:49 DEBUG:busco.busco_tools.Toolset	cmd call: hmmsearch --domtblout Results/8_busco/P_cynomolgi/run_apicomplexa_odb12/hmmer_output/initial_run_results/68741at5794.out --cpu 1 /home/inf-20-2025/Malaria/busco_downloads/lineages/apicomplexa_odb12/hmms/68741at5794.hmm /home/inf-20-2025/Malaria/Results/6_nobird_annotation/P_cynomolgi.faa
2026-03-04 18:30:49 DEBUG:busco.busco_tools.Toolset	cmd call: hmmsearch --domtblout Results/8_busco/P_cynomolgi/run_apicomplexa_odb12/hmmer_output/initial_run_results/68815at5794.out --cpu 1 /home/inf-20-2025/Malaria/busco_downloads/lineages/apicomplexa_odb12/hmms/68815at5794.hmm /home/inf-20-2025/Malaria/Results/6_nobird_annotation/P_cynomolgi.faa
2026-03-04 18:30:49 DEBUG:busco.busco_tools.Toolset	cmd call: hmmsearch --domtblout Results/8_busco/P_cynomolgi/run_apicomplexa_odb12/hmmer_output/initial_run_results/64410at5794.out --cpu 1 /home/inf-20-2025/Malaria/busco_downloads/lineages/apicomplexa_odb12/hmms/64410at5794.hmm /home/inf-20-2025/Malaria/Results/6_nobird_annotation/P_cynomolgi.faa
2026-03-04 18:30:49 DEBUG:busco.busco_tools.Toolset	cmd call: hmmsearch --domtblout Results/8_busco/P_cynomolgi/run_apicomplexa_odb12/hmmer_output/initial_run_results/68742at5794.out --cpu 1 /home/inf-20-2025/Malaria/busco_downloads/lineages/apicomplexa_odb12/hmms/68742at5794.hmm /home/inf-20-2025/Malaria/Results/6_nobird_annotation/P_cynomolgi.faa
2026-03-04 18:30:49 DEBUG:busco.busco_tools.Toolset	cmd call: hmmsearch --domtblout Results/8_busco/P_cynomolgi/run_apicomplexa_odb12/hmmer_output/initial_run_results/44113at5794.out --cpu 1 /home/inf-20-2025/Malaria/busco_downloads/lineages/apicomplexa_odb12/hmms/44113at5794.hmm /home/inf-20-2025/Malaria/Results/6_nobird_annotation/P_cynomolgi.faa
2026-03-04 18:30:49 DEBUG:busco.busco_tools.Toolset	cmd call: hmmsearch --domtblout Results/8_busco/P_cynomolgi/run_apicomplexa_odb12/hmmer_output/initial_run_results/64460at5794.out --cpu 1 /home/inf-20-2025/Malaria/busco_downloads/lineages/apicomplexa_odb12/hmms/64460at5794.hmm /home/inf-20-2025/Malaria/Results/6_nobird_annotation/P_cynomolgi.faa
2026-03-04 18:30:49 DEBUG:busco.busco_tools.Toolset	cmd call: hmmsearch --domtblout Results/8_busco/P_cynomolgi/run_apicomplexa_odb12/hmmer_output/initial_run_results/56679at5794.out --cpu 1 /home/inf-20-2025/Malaria/busco_downloads/lineages/apicomplexa_odb12/hmms/56679at5794.hmm /home/inf-20-2025/Malaria/Results/6_nobird_annotation/P_cynomolgi.faa
2026-03-04 18:30:49 DEBUG:busco.busco_tools.Toolset	cmd call: hmmsearch --domtblout Results/8_busco/P_cynomolgi/run_apicomplexa_odb12/hmmer_output/initial_run_results/68834at5794.out --cpu 1 /home/inf-20-2025/Malaria/busco_downloads/lineages/apicomplexa_odb12/hmms/68834at5794.hmm /home/inf-20-2025/Malaria/Results/6_nobird_annotation/P_cynomolgi.faa
2026-03-04 18:30:49 DEBUG:busco.busco_tools.Toolset	cmd call: hmmsearch --domtblout Results/8_busco/P_cynomolgi/run_apicomplexa_odb12/hmmer_output/initial_run_results/68818at5794.out --cpu 1 /home/inf-20-2025/Malaria/busco_downloads/lineages/apicomplexa_odb12/hmms/68818at5794.hmm /home/inf-20-2025/Malaria/Results/6_nobird_annotation/P_cynomolgi.faa
2026-03-04 18:30:50 DEBUG:busco.busco_tools.Toolset	cmd call: hmmsearch --domtblout Results/8_busco/P_cynomolgi/run_apicomplexa_odb12/hmmer_output/initial_run_results/68743at5794.out --cpu 1 /home/inf-20-2025/Malaria/busco_downloads/lineages/apicomplexa_odb12/hmms/68743at5794.hmm /home/inf-20-2025/Malaria/Results/6_nobird_annotation/P_cynomolgi.faa
2026-03-04 18:30:50 DEBUG:busco.busco_tools.Toolset	cmd call: hmmsearch --domtblout Results/8_busco/P_cynomolgi/run_apicomplexa_odb12/hmmer_output/initial_run_results/68819at5794.out --cpu 1 /home/inf-20-2025/Malaria/busco_downloads/lineages/apicomplexa_odb12/hmms/68819at5794.hmm /home/inf-20-2025/Malaria/Results/6_nobird_annotation/P_cynomolgi.faa
2026-03-04 18:30:50 DEBUG:busco.busco_tools.Toolset	cmd call: hmmsearch --domtblout Results/8_busco/P_cynomolgi/run_apicomplexa_odb12/hmmer_output/initial_run_results/68792at5794.out --cpu 1 /home/inf-20-2025/Malaria/busco_downloads/lineages/apicomplexa_odb12/hmms/68792at5794.hmm /home/inf-20-2025/Malaria/Results/6_nobird_annotation/P_cynomolgi.faa
2026-03-04 18:30:50 DEBUG:busco.busco_tools.Toolset	cmd call: hmmsearch --domtblout Results/8_busco/P_cynomolgi/run_apicomplexa_odb12/hmmer_output/initial_run_results/5667at5794.out --cpu 1 /home/inf-20-2025/Malaria/busco_downloads/lineages/apicomplexa_odb12/hmms/5667at5794.hmm /home/inf-20-2025/Malaria/Results/6_nobird_annotation/P_cynomolgi.faa
2026-03-04 18:30:50 DEBUG:busco.busco_tools.Toolset	cmd call: hmmsearch --domtblout Results/8_busco/P_cynomolgi/run_apicomplexa_odb12/hmmer_output/initial_run_results/44136at5794.out --cpu 1 /home/inf-20-2025/Malaria/busco_downloads/lineages/apicomplexa_odb12/hmms/44136at5794.hmm /home/inf-20-2025/Malaria/Results/6_nobird_annotation/P_cynomolgi.faa
2026-03-04 18:30:50 DEBUG:busco.busco_tools.Toolset	cmd call: hmmsearch --domtblout Results/8_busco/P_cynomolgi/run_apicomplexa_odb12/hmmer_output/initial_run_results/68826at5794.out --cpu 1 /home/inf-20-2025/Malaria/busco_downloads/lineages/apicomplexa_odb12/hmms/68826at5794.hmm /home/inf-20-2025/Malaria/Results/6_nobird_annotation/P_cynomolgi.faa
2026-03-04 18:30:50 DEBUG:busco.busco_tools.Toolset	cmd call: hmmsearch --domtblout Results/8_busco/P_cynomolgi/run_apicomplexa_odb12/hmmer_output/initial_run_results/68747at5794.out --cpu 1 /home/inf-20-2025/Malaria/busco_downloads/lineages/apicomplexa_odb12/hmms/68747at5794.hmm /home/inf-20-2025/Malaria/Results/6_nobird_annotation/P_cynomolgi.faa
2026-03-04 18:30:50 DEBUG:busco.busco_tools.Toolset	cmd call: hmmsearch --domtblout Results/8_busco/P_cynomolgi/run_apicomplexa_odb12/hmmer_output/initial_run_results/68836at5794.out --cpu 1 /home/inf-20-2025/Malaria/busco_downloads/lineages/apicomplexa_odb12/hmms/68836at5794.hmm /home/inf-20-2025/Malaria/Results/6_nobird_annotation/P_cynomolgi.faa
2026-03-04 18:30:50 DEBUG:busco.busco_tools.Toolset	cmd call: hmmsearch --domtblout Results/8_busco/P_cynomolgi/run_apicomplexa_odb12/hmmer_output/initial_run_results/68750at5794.out --cpu 1 /home/inf-20-2025/Malaria/busco_downloads/lineages/apicomplexa_odb12/hmms/68750at5794.hmm /home/inf-20-2025/Malaria/Results/6_nobird_annotation/P_cynomolgi.faa
2026-03-04 18:30:50 DEBUG:busco.busco_tools.Toolset	cmd call: hmmsearch --domtblout Results/8_busco/P_cynomolgi/run_apicomplexa_odb12/hmmer_output/initial_run_results/68796at5794.out --cpu 1 /home/inf-20-2025/Malaria/busco_downloads/lineages/apicomplexa_odb12/hmms/68796at5794.hmm /home/inf-20-2025/Malaria/Results/6_nobird_annotation/P_cynomolgi.faa
2026-03-04 18:30:50 DEBUG:busco.busco_tools.Toolset	cmd call: hmmsearch --domtblout Results/8_busco/P_cynomolgi/run_apicomplexa_odb12/hmmer_output/initial_run_results/56734at5794.out --cpu 1 /home/inf-20-2025/Malaria/busco_downloads/lineages/apicomplexa_odb12/hmms/56734at5794.hmm /home/inf-20-2025/Malaria/Results/6_nobird_annotation/P_cynomolgi.faa
2026-03-04 18:30:50 DEBUG:busco.busco_tools.Toolset	cmd call: hmmsearch --domtblout Results/8_busco/P_cynomolgi/run_apicomplexa_odb12/hmmer_output/initial_run_results/32682at5794.out --cpu 1 /home/inf-20-2025/Malaria/busco_downloads/lineages/apicomplexa_odb12/hmms/32682at5794.hmm /home/inf-20-2025/Malaria/Results/6_nobird_annotation/P_cynomolgi.faa
2026-03-04 18:30:50 DEBUG:busco.busco_tools.Toolset	cmd call: hmmsearch --domtblout Results/8_busco/P_cynomolgi/run_apicomplexa_odb12/hmmer_output/initial_run_results/68758at5794.out --cpu 1 /home/inf-20-2025/Malaria/busco_downloads/lineages/apicomplexa_odb12/hmms/68758at5794.hmm /home/inf-20-2025/Malaria/Results/6_nobird_annotation/P_cynomolgi.faa
2026-03-04 18:30:50 DEBUG:busco.busco_tools.Toolset	cmd call: hmmsearch --domtblout Results/8_busco/P_cynomolgi/run_apicomplexa_odb12/hmmer_output/initial_run_results/68797at5794.out --cpu 1 /home/inf-20-2025/Malaria/busco_downloads/lineages/apicomplexa_odb12/hmms/68797at5794.hmm /home/inf-20-2025/Malaria/Results/6_nobird_annotation/P_cynomolgi.faa
2026-03-04 18:30:50 DEBUG:busco.busco_tools.Toolset	cmd call: hmmsearch --domtblout Results/8_busco/P_cynomolgi/run_apicomplexa_odb12/hmmer_output/initial_run_results/68827at5794.out --cpu 1 /home/inf-20-2025/Malaria/busco_downloads/lineages/apicomplexa_odb12/hmms/68827at5794.hmm /home/inf-20-2025/Malaria/Results/6_nobird_annotation/P_cynomolgi.faa
2026-03-04 18:30:50 DEBUG:busco.busco_tools.Toolset	cmd call: hmmsearch --domtblout Results/8_busco/P_cynomolgi/run_apicomplexa_odb12/hmmer_output/initial_run_results/58426at5794.out --cpu 1 /home/inf-20-2025/Malaria/busco_downloads/lineages/apicomplexa_odb12/hmms/58426at5794.hmm /home/inf-20-2025/Malaria/Results/6_nobird_annotation/P_cynomolgi.faa
2026-03-04 18:30:50 DEBUG:busco.busco_tools.Toolset	cmd call: hmmsearch --domtblout Results/8_busco/P_cynomolgi/run_apicomplexa_odb12/hmmer_output/initial_run_results/68759at5794.out --cpu 1 /home/inf-20-2025/Malaria/busco_downloads/lineages/apicomplexa_odb12/hmms/68759at5794.hmm /home/inf-20-2025/Malaria/Results/6_nobird_annotation/P_cynomolgi.faa
2026-03-04 18:30:50 DEBUG:busco.busco_tools.Toolset	cmd call: hmmsearch --domtblout Results/8_busco/P_cynomolgi/run_apicomplexa_odb12/hmmer_output/initial_run_results/49101at5794.out --cpu 1 /home/inf-20-2025/Malaria/busco_downloads/lineages/apicomplexa_odb12/hmms/49101at5794.hmm /home/inf-20-2025/Malaria/Results/6_nobird_annotation/P_cynomolgi.faa
2026-03-04 18:30:50 DEBUG:busco.busco_tools.Toolset	cmd call: hmmsearch --domtblout Results/8_busco/P_cynomolgi/run_apicomplexa_odb12/hmmer_output/initial_run_results/68884at5794.out --cpu 1 /home/inf-20-2025/Malaria/busco_downloads/lineages/apicomplexa_odb12/hmms/68884at5794.hmm /home/inf-20-2025/Malaria/Results/6_nobird_annotation/P_cynomolgi.faa
2026-03-04 18:30:50 INFO:busco.busco_tools.Toolset	[hmmsearch]	337 of 481 task(s) completed
2026-03-04 18:30:50 DEBUG:busco.busco_tools.Toolset	cmd call: hmmsearch --domtblout Results/8_busco/P_cynomolgi/run_apicomplexa_odb12/hmmer_output/initial_run_results/68830at5794.out --cpu 1 /home/inf-20-2025/Malaria/busco_downloads/lineages/apicomplexa_odb12/hmms/68830at5794.hmm /home/inf-20-2025/Malaria/Results/6_nobird_annotation/P_cynomolgi.faa
2026-03-04 18:30:50 DEBUG:busco.busco_tools.Toolset	cmd call: hmmsearch --domtblout Results/8_busco/P_cynomolgi/run_apicomplexa_odb12/hmmer_output/initial_run_results/68799at5794.out --cpu 1 /home/inf-20-2025/Malaria/busco_downloads/lineages/apicomplexa_odb12/hmms/68799at5794.hmm /home/inf-20-2025/Malaria/Results/6_nobird_annotation/P_cynomolgi.faa
2026-03-04 18:30:50 DEBUG:busco.busco_tools.Toolset	cmd call: hmmsearch --domtblout Results/8_busco/P_cynomolgi/run_apicomplexa_odb12/hmmer_output/initial_run_results/68923at5794.out --cpu 1 /home/inf-20-2025/Malaria/busco_downloads/lineages/apicomplexa_odb12/hmms/68923at5794.hmm /home/inf-20-2025/Malaria/Results/6_nobird_annotation/P_cynomolgi.faa
2026-03-04 18:30:50 DEBUG:busco.busco_tools.Toolset	cmd call: hmmsearch --domtblout Results/8_busco/P_cynomolgi/run_apicomplexa_odb12/hmmer_output/initial_run_results/68886at5794.out --cpu 1 /home/inf-20-2025/Malaria/busco_downloads/lineages/apicomplexa_odb12/hmms/68886at5794.hmm /home/inf-20-2025/Malaria/Results/6_nobird_annotation/P_cynomolgi.faa
2026-03-04 18:30:50 DEBUG:busco.busco_tools.Toolset	cmd call: hmmsearch --domtblout Results/8_busco/P_cynomolgi/run_apicomplexa_odb12/hmmer_output/initial_run_results/68844at5794.out --cpu 1 /home/inf-20-2025/Malaria/busco_downloads/lineages/apicomplexa_odb12/hmms/68844at5794.hmm /home/inf-20-2025/Malaria/Results/6_nobird_annotation/P_cynomolgi.faa
2026-03-04 18:30:50 DEBUG:busco.busco_tools.Toolset	cmd call: hmmsearch --domtblout Results/8_busco/P_cynomolgi/run_apicomplexa_odb12/hmmer_output/initial_run_results/68760at5794.out --cpu 1 /home/inf-20-2025/Malaria/busco_downloads/lineages/apicomplexa_odb12/hmms/68760at5794.hmm /home/inf-20-2025/Malaria/Results/6_nobird_annotation/P_cynomolgi.faa
2026-03-04 18:30:50 DEBUG:busco.busco_tools.Toolset	cmd call: hmmsearch --domtblout Results/8_busco/P_cynomolgi/run_apicomplexa_odb12/hmmer_output/initial_run_results/49371at5794.out --cpu 1 /home/inf-20-2025/Malaria/busco_downloads/lineages/apicomplexa_odb12/hmms/49371at5794.hmm /home/inf-20-2025/Malaria/Results/6_nobird_annotation/P_cynomolgi.faa
2026-03-04 18:30:50 DEBUG:busco.busco_tools.Toolset	cmd call: hmmsearch --domtblout Results/8_busco/P_cynomolgi/run_apicomplexa_odb12/hmmer_output/initial_run_results/68801at5794.out --cpu 1 /home/inf-20-2025/Malaria/busco_downloads/lineages/apicomplexa_odb12/hmms/68801at5794.hmm /home/inf-20-2025/Malaria/Results/6_nobird_annotation/P_cynomolgi.faa
2026-03-04 18:30:50 DEBUG:busco.busco_tools.Toolset	cmd call: hmmsearch --domtblout Results/8_busco/P_cynomolgi/run_apicomplexa_odb12/hmmer_output/initial_run_results/68804at5794.out --cpu 1 /home/inf-20-2025/Malaria/busco_downloads/lineages/apicomplexa_odb12/hmms/68804at5794.hmm /home/inf-20-2025/Malaria/Results/6_nobird_annotation/P_cynomolgi.faa
2026-03-04 18:30:50 DEBUG:busco.busco_tools.Toolset	cmd call: hmmsearch --domtblout Results/8_busco/P_cynomolgi/run_apicomplexa_odb12/hmmer_output/initial_run_results/68924at5794.out --cpu 1 /home/inf-20-2025/Malaria/busco_downloads/lineages/apicomplexa_odb12/hmms/68924at5794.hmm /home/inf-20-2025/Malaria/Results/6_nobird_annotation/P_cynomolgi.faa
2026-03-04 18:30:50 DEBUG:busco.busco_tools.Toolset	cmd call: hmmsearch --domtblout Results/8_busco/P_cynomolgi/run_apicomplexa_odb12/hmmer_output/initial_run_results/49646at5794.out --cpu 1 /home/inf-20-2025/Malaria/busco_downloads/lineages/apicomplexa_odb12/hmms/49646at5794.hmm /home/inf-20-2025/Malaria/Results/6_nobird_annotation/P_cynomolgi.faa
2026-03-04 18:30:50 DEBUG:busco.busco_tools.Toolset	cmd call: hmmsearch --domtblout Results/8_busco/P_cynomolgi/run_apicomplexa_odb12/hmmer_output/initial_run_results/68807at5794.out --cpu 1 /home/inf-20-2025/Malaria/busco_downloads/lineages/apicomplexa_odb12/hmms/68807at5794.hmm /home/inf-20-2025/Malaria/Results/6_nobird_annotation/P_cynomolgi.faa
2026-03-04 18:30:50 DEBUG:busco.busco_tools.Toolset	cmd call: hmmsearch --domtblout Results/8_busco/P_cynomolgi/run_apicomplexa_odb12/hmmer_output/initial_run_results/64694at5794.out --cpu 1 /home/inf-20-2025/Malaria/busco_downloads/lineages/apicomplexa_odb12/hmms/64694at5794.hmm /home/inf-20-2025/Malaria/Results/6_nobird_annotation/P_cynomolgi.faa
2026-03-04 18:30:50 DEBUG:busco.busco_tools.Toolset	cmd call: hmmsearch --domtblout Results/8_busco/P_cynomolgi/run_apicomplexa_odb12/hmmer_output/initial_run_results/68889at5794.out --cpu 1 /home/inf-20-2025/Malaria/busco_downloads/lineages/apicomplexa_odb12/hmms/68889at5794.hmm /home/inf-20-2025/Malaria/Results/6_nobird_annotation/P_cynomolgi.faa
2026-03-04 18:30:50 DEBUG:busco.busco_tools.Toolset	cmd call: hmmsearch --domtblout Results/8_busco/P_cynomolgi/run_apicomplexa_odb12/hmmer_output/initial_run_results/68925at5794.out --cpu 1 /home/inf-20-2025/Malaria/busco_downloads/lineages/apicomplexa_odb12/hmms/68925at5794.hmm /home/inf-20-2025/Malaria/Results/6_nobird_annotation/P_cynomolgi.faa
2026-03-04 18:30:50 DEBUG:busco.busco_tools.Toolset	cmd call: hmmsearch --domtblout Results/8_busco/P_cynomolgi/run_apicomplexa_odb12/hmmer_output/initial_run_results/68831at5794.out --cpu 1 /home/inf-20-2025/Malaria/busco_downloads/lineages/apicomplexa_odb12/hmms/68831at5794.hmm /home/inf-20-2025/Malaria/Results/6_nobird_annotation/P_cynomolgi.faa
2026-03-04 18:30:51 DEBUG:busco.busco_tools.Toolset	cmd call: hmmsearch --domtblout Results/8_busco/P_cynomolgi/run_apicomplexa_odb12/hmmer_output/initial_run_results/68689at5794.out --cpu 1 /home/inf-20-2025/Malaria/busco_downloads/lineages/apicomplexa_odb12/hmms/68689at5794.hmm /home/inf-20-2025/Malaria/Results/6_nobird_annotation/P_cynomolgi.faa
2026-03-04 18:30:51 DEBUG:busco.busco_tools.Toolset	cmd call: hmmsearch --domtblout Results/8_busco/P_cynomolgi/run_apicomplexa_odb12/hmmer_output/initial_run_results/68845at5794.out --cpu 1 /home/inf-20-2025/Malaria/busco_downloads/lineages/apicomplexa_odb12/hmms/68845at5794.hmm /home/inf-20-2025/Malaria/Results/6_nobird_annotation/P_cynomolgi.faa
2026-03-04 18:30:51 DEBUG:busco.busco_tools.Toolset	cmd call: hmmsearch --domtblout Results/8_busco/P_cynomolgi/run_apicomplexa_odb12/hmmer_output/initial_run_results/68980at5794.out --cpu 1 /home/inf-20-2025/Malaria/busco_downloads/lineages/apicomplexa_odb12/hmms/68980at5794.hmm /home/inf-20-2025/Malaria/Results/6_nobird_annotation/P_cynomolgi.faa
2026-03-04 18:30:51 DEBUG:busco.busco_tools.Toolset	cmd call: hmmsearch --domtblout Results/8_busco/P_cynomolgi/run_apicomplexa_odb12/hmmer_output/initial_run_results/68833at5794.out --cpu 1 /home/inf-20-2025/Malaria/busco_downloads/lineages/apicomplexa_odb12/hmms/68833at5794.hmm /home/inf-20-2025/Malaria/Results/6_nobird_annotation/P_cynomolgi.faa
2026-03-04 18:30:51 DEBUG:busco.busco_tools.Toolset	cmd call: hmmsearch --domtblout Results/8_busco/P_cynomolgi/run_apicomplexa_odb12/hmmer_output/initial_run_results/68931at5794.out --cpu 1 /home/inf-20-2025/Malaria/busco_downloads/lineages/apicomplexa_odb12/hmms/68931at5794.hmm /home/inf-20-2025/Malaria/Results/6_nobird_annotation/P_cynomolgi.faa
2026-03-04 18:30:51 DEBUG:busco.busco_tools.Toolset	cmd call: hmmsearch --domtblout Results/8_busco/P_cynomolgi/run_apicomplexa_odb12/hmmer_output/initial_run_results/68892at5794.out --cpu 1 /home/inf-20-2025/Malaria/busco_downloads/lineages/apicomplexa_odb12/hmms/68892at5794.hmm /home/inf-20-2025/Malaria/Results/6_nobird_annotation/P_cynomolgi.faa
2026-03-04 18:30:51 DEBUG:busco.busco_tools.Toolset	cmd call: hmmsearch --domtblout Results/8_busco/P_cynomolgi/run_apicomplexa_odb12/hmmer_output/initial_run_results/69037at5794.out --cpu 1 /home/inf-20-2025/Malaria/busco_downloads/lineages/apicomplexa_odb12/hmms/69037at5794.hmm /home/inf-20-2025/Malaria/Results/6_nobird_annotation/P_cynomolgi.faa
2026-03-04 18:30:51 DEBUG:busco.busco_tools.Toolset	cmd call: hmmsearch --domtblout Results/8_busco/P_cynomolgi/run_apicomplexa_odb12/hmmer_output/initial_run_results/44183at5794.out --cpu 1 /home/inf-20-2025/Malaria/busco_downloads/lineages/apicomplexa_odb12/hmms/44183at5794.hmm /home/inf-20-2025/Malaria/Results/6_nobird_annotation/P_cynomolgi.faa
2026-03-04 18:30:51 DEBUG:busco.busco_tools.Toolset	cmd call: hmmsearch --domtblout Results/8_busco/P_cynomolgi/run_apicomplexa_odb12/hmmer_output/initial_run_results/49897at5794.out --cpu 1 /home/inf-20-2025/Malaria/busco_downloads/lineages/apicomplexa_odb12/hmms/49897at5794.hmm /home/inf-20-2025/Malaria/Results/6_nobird_annotation/P_cynomolgi.faa
2026-03-04 18:30:51 DEBUG:busco.busco_tools.Toolset	cmd call: hmmsearch --domtblout Results/8_busco/P_cynomolgi/run_apicomplexa_odb12/hmmer_output/initial_run_results/68846at5794.out --cpu 1 /home/inf-20-2025/Malaria/busco_downloads/lineages/apicomplexa_odb12/hmms/68846at5794.hmm /home/inf-20-2025/Malaria/Results/6_nobird_annotation/P_cynomolgi.faa
2026-03-04 18:30:51 DEBUG:busco.busco_tools.Toolset	cmd call: hmmsearch --domtblout Results/8_busco/P_cynomolgi/run_apicomplexa_odb12/hmmer_output/initial_run_results/68947at5794.out --cpu 1 /home/inf-20-2025/Malaria/busco_downloads/lineages/apicomplexa_odb12/hmms/68947at5794.hmm /home/inf-20-2025/Malaria/Results/6_nobird_annotation/P_cynomolgi.faa
2026-03-04 18:30:51 DEBUG:busco.busco_tools.Toolset	cmd call: hmmsearch --domtblout Results/8_busco/P_cynomolgi/run_apicomplexa_odb12/hmmer_output/initial_run_results/68851at5794.out --cpu 1 /home/inf-20-2025/Malaria/busco_downloads/lineages/apicomplexa_odb12/hmms/68851at5794.hmm /home/inf-20-2025/Malaria/Results/6_nobird_annotation/P_cynomolgi.faa
2026-03-04 18:30:51 DEBUG:busco.busco_tools.Toolset	cmd call: hmmsearch --domtblout Results/8_busco/P_cynomolgi/run_apicomplexa_odb12/hmmer_output/initial_run_results/69043at5794.out --cpu 1 /home/inf-20-2025/Malaria/busco_downloads/lineages/apicomplexa_odb12/hmms/69043at5794.hmm /home/inf-20-2025/Malaria/Results/6_nobird_annotation/P_cynomolgi.faa
2026-03-04 18:30:51 DEBUG:busco.busco_tools.Toolset	cmd call: hmmsearch --domtblout Results/8_busco/P_cynomolgi/run_apicomplexa_odb12/hmmer_output/initial_run_results/69135at5794.out --cpu 1 /home/inf-20-2025/Malaria/busco_downloads/lineages/apicomplexa_odb12/hmms/69135at5794.hmm /home/inf-20-2025/Malaria/Results/6_nobird_annotation/P_cynomolgi.faa
2026-03-04 18:30:51 DEBUG:busco.busco_tools.Toolset	cmd call: hmmsearch --domtblout Results/8_busco/P_cynomolgi/run_apicomplexa_odb12/hmmer_output/initial_run_results/68852at5794.out --cpu 1 /home/inf-20-2025/Malaria/busco_downloads/lineages/apicomplexa_odb12/hmms/68852at5794.hmm /home/inf-20-2025/Malaria/Results/6_nobird_annotation/P_cynomolgi.faa
2026-03-04 18:30:51 DEBUG:busco.busco_tools.Toolset	cmd call: hmmsearch --domtblout Results/8_busco/P_cynomolgi/run_apicomplexa_odb12/hmmer_output/initial_run_results/68858at5794.out --cpu 1 /home/inf-20-2025/Malaria/busco_downloads/lineages/apicomplexa_odb12/hmms/68858at5794.hmm /home/inf-20-2025/Malaria/Results/6_nobird_annotation/P_cynomolgi.faa
2026-03-04 18:30:51 DEBUG:busco.busco_tools.Toolset	cmd call: hmmsearch --domtblout Results/8_busco/P_cynomolgi/run_apicomplexa_odb12/hmmer_output/initial_run_results/44402at5794.out --cpu 1 /home/inf-20-2025/Malaria/busco_downloads/lineages/apicomplexa_odb12/hmms/44402at5794.hmm /home/inf-20-2025/Malaria/Results/6_nobird_annotation/P_cynomolgi.faa
2026-03-04 18:30:51 DEBUG:busco.busco_tools.Toolset	cmd call: hmmsearch --domtblout Results/8_busco/P_cynomolgi/run_apicomplexa_odb12/hmmer_output/initial_run_results/68893at5794.out --cpu 1 /home/inf-20-2025/Malaria/busco_downloads/lineages/apicomplexa_odb12/hmms/68893at5794.hmm /home/inf-20-2025/Malaria/Results/6_nobird_annotation/P_cynomolgi.faa
2026-03-04 18:30:51 DEBUG:busco.busco_tools.Toolset	cmd call: hmmsearch --domtblout Results/8_busco/P_cynomolgi/run_apicomplexa_odb12/hmmer_output/initial_run_results/68860at5794.out --cpu 1 /home/inf-20-2025/Malaria/busco_downloads/lineages/apicomplexa_odb12/hmms/68860at5794.hmm /home/inf-20-2025/Malaria/Results/6_nobird_annotation/P_cynomolgi.faa
2026-03-04 18:30:51 DEBUG:busco.busco_tools.Toolset	cmd call: hmmsearch --domtblout Results/8_busco/P_cynomolgi/run_apicomplexa_odb12/hmmer_output/initial_run_results/68951at5794.out --cpu 1 /home/inf-20-2025/Malaria/busco_downloads/lineages/apicomplexa_odb12/hmms/68951at5794.hmm /home/inf-20-2025/Malaria/Results/6_nobird_annotation/P_cynomolgi.faa
2026-03-04 18:30:51 DEBUG:busco.busco_tools.Toolset	cmd call: hmmsearch --domtblout Results/8_busco/P_cynomolgi/run_apicomplexa_odb12/hmmer_output/initial_run_results/69136at5794.out --cpu 1 /home/inf-20-2025/Malaria/busco_downloads/lineages/apicomplexa_odb12/hmms/69136at5794.hmm /home/inf-20-2025/Malaria/Results/6_nobird_annotation/P_cynomolgi.faa
2026-03-04 18:30:51 DEBUG:busco.busco_tools.Toolset	cmd call: hmmsearch --domtblout Results/8_busco/P_cynomolgi/run_apicomplexa_odb12/hmmer_output/initial_run_results/69046at5794.out --cpu 1 /home/inf-20-2025/Malaria/busco_downloads/lineages/apicomplexa_odb12/hmms/69046at5794.hmm /home/inf-20-2025/Malaria/Results/6_nobird_annotation/P_cynomolgi.faa
2026-03-04 18:30:51 DEBUG:busco.busco_tools.Toolset	cmd call: hmmsearch --domtblout Results/8_busco/P_cynomolgi/run_apicomplexa_odb12/hmmer_output/initial_run_results/50010at5794.out --cpu 1 /home/inf-20-2025/Malaria/busco_downloads/lineages/apicomplexa_odb12/hmms/50010at5794.hmm /home/inf-20-2025/Malaria/Results/6_nobird_annotation/P_cynomolgi.faa
2026-03-04 18:30:51 DEBUG:busco.busco_tools.Toolset	cmd call: hmmsearch --domtblout Results/8_busco/P_cynomolgi/run_apicomplexa_odb12/hmmer_output/initial_run_results/68864at5794.out --cpu 1 /home/inf-20-2025/Malaria/busco_downloads/lineages/apicomplexa_odb12/hmms/68864at5794.hmm /home/inf-20-2025/Malaria/Results/6_nobird_annotation/P_cynomolgi.faa
2026-03-04 18:30:51 DEBUG:busco.busco_tools.Toolset	cmd call: hmmsearch --domtblout Results/8_busco/P_cynomolgi/run_apicomplexa_odb12/hmmer_output/initial_run_results/69169at5794.out --cpu 1 /home/inf-20-2025/Malaria/busco_downloads/lineages/apicomplexa_odb12/hmms/69169at5794.hmm /home/inf-20-2025/Malaria/Results/6_nobird_annotation/P_cynomolgi.faa
2026-03-04 18:30:51 DEBUG:busco.busco_tools.Toolset	cmd call: hmmsearch --domtblout Results/8_busco/P_cynomolgi/run_apicomplexa_odb12/hmmer_output/initial_run_results/68894at5794.out --cpu 1 /home/inf-20-2025/Malaria/busco_downloads/lineages/apicomplexa_odb12/hmms/68894at5794.hmm /home/inf-20-2025/Malaria/Results/6_nobird_annotation/P_cynomolgi.faa
2026-03-04 18:30:51 DEBUG:busco.busco_tools.Toolset	cmd call: hmmsearch --domtblout Results/8_busco/P_cynomolgi/run_apicomplexa_odb12/hmmer_output/initial_run_results/5090at5794.out --cpu 1 /home/inf-20-2025/Malaria/busco_downloads/lineages/apicomplexa_odb12/hmms/5090at5794.hmm /home/inf-20-2025/Malaria/Results/6_nobird_annotation/P_cynomolgi.faa
2026-03-04 18:30:51 DEBUG:busco.busco_tools.Toolset	cmd call: hmmsearch --domtblout Results/8_busco/P_cynomolgi/run_apicomplexa_odb12/hmmer_output/initial_run_results/69047at5794.out --cpu 1 /home/inf-20-2025/Malaria/busco_downloads/lineages/apicomplexa_odb12/hmms/69047at5794.hmm /home/inf-20-2025/Malaria/Results/6_nobird_annotation/P_cynomolgi.faa
2026-03-04 18:30:51 DEBUG:busco.busco_tools.Toolset	cmd call: hmmsearch --domtblout Results/8_busco/P_cynomolgi/run_apicomplexa_odb12/hmmer_output/initial_run_results/68869at5794.out --cpu 1 /home/inf-20-2025/Malaria/busco_downloads/lineages/apicomplexa_odb12/hmms/68869at5794.hmm /home/inf-20-2025/Malaria/Results/6_nobird_annotation/P_cynomolgi.faa
2026-03-04 18:30:52 DEBUG:busco.busco_tools.Toolset	cmd call: hmmsearch --domtblout Results/8_busco/P_cynomolgi/run_apicomplexa_odb12/hmmer_output/initial_run_results/69170at5794.out --cpu 1 /home/inf-20-2025/Malaria/busco_downloads/lineages/apicomplexa_odb12/hmms/69170at5794.hmm /home/inf-20-2025/Malaria/Results/6_nobird_annotation/P_cynomolgi.faa
2026-03-04 18:30:52 DEBUG:busco.busco_tools.Toolset	cmd call: hmmsearch --domtblout Results/8_busco/P_cynomolgi/run_apicomplexa_odb12/hmmer_output/initial_run_results/69137at5794.out --cpu 1 /home/inf-20-2025/Malaria/busco_downloads/lineages/apicomplexa_odb12/hmms/69137at5794.hmm /home/inf-20-2025/Malaria/Results/6_nobird_annotation/P_cynomolgi.faa
2026-03-04 18:30:52 DEBUG:busco.busco_tools.Toolset	cmd call: hmmsearch --domtblout Results/8_busco/P_cynomolgi/run_apicomplexa_odb12/hmmer_output/initial_run_results/69048at5794.out --cpu 1 /home/inf-20-2025/Malaria/busco_downloads/lineages/apicomplexa_odb12/hmms/69048at5794.hmm /home/inf-20-2025/Malaria/Results/6_nobird_annotation/P_cynomolgi.faa
2026-03-04 18:30:52 DEBUG:busco.busco_tools.Toolset	cmd call: hmmsearch --domtblout Results/8_busco/P_cynomolgi/run_apicomplexa_odb12/hmmer_output/initial_run_results/46092at5794.out --cpu 1 /home/inf-20-2025/Malaria/busco_downloads/lineages/apicomplexa_odb12/hmms/46092at5794.hmm /home/inf-20-2025/Malaria/Results/6_nobird_annotation/P_cynomolgi.faa
2026-03-04 18:30:52 INFO:busco.busco_tools.Toolset	[hmmsearch]	385 of 481 task(s) completed
2026-03-04 18:30:52 DEBUG:busco.busco_tools.Toolset	cmd call: hmmsearch --domtblout Results/8_busco/P_cynomolgi/run_apicomplexa_odb12/hmmer_output/initial_run_results/68873at5794.out --cpu 1 /home/inf-20-2025/Malaria/busco_downloads/lineages/apicomplexa_odb12/hmms/68873at5794.hmm /home/inf-20-2025/Malaria/Results/6_nobird_annotation/P_cynomolgi.faa
2026-03-04 18:30:52 DEBUG:busco.busco_tools.Toolset	cmd call: hmmsearch --domtblout Results/8_busco/P_cynomolgi/run_apicomplexa_odb12/hmmer_output/initial_run_results/7878at5794.out --cpu 1 /home/inf-20-2025/Malaria/busco_downloads/lineages/apicomplexa_odb12/hmms/7878at5794.hmm /home/inf-20-2025/Malaria/Results/6_nobird_annotation/P_cynomolgi.faa
2026-03-04 18:30:52 DEBUG:busco.busco_tools.Toolset	cmd call: hmmsearch --domtblout Results/8_busco/P_cynomolgi/run_apicomplexa_odb12/hmmer_output/initial_run_results/46461at5794.out --cpu 1 /home/inf-20-2025/Malaria/busco_downloads/lineages/apicomplexa_odb12/hmms/46461at5794.hmm /home/inf-20-2025/Malaria/Results/6_nobird_annotation/P_cynomolgi.faa
2026-03-04 18:30:52 DEBUG:busco.busco_tools.Toolset	cmd call: hmmsearch --domtblout Results/8_busco/P_cynomolgi/run_apicomplexa_odb12/hmmer_output/initial_run_results/69175at5794.out --cpu 1 /home/inf-20-2025/Malaria/busco_downloads/lineages/apicomplexa_odb12/hmms/69175at5794.hmm /home/inf-20-2025/Malaria/Results/6_nobird_annotation/P_cynomolgi.faa
2026-03-04 18:30:52 DEBUG:busco.busco_tools.Toolset	cmd call: hmmsearch --domtblout Results/8_busco/P_cynomolgi/run_apicomplexa_odb12/hmmer_output/initial_run_results/69056at5794.out --cpu 1 /home/inf-20-2025/Malaria/busco_downloads/lineages/apicomplexa_odb12/hmms/69056at5794.hmm /home/inf-20-2025/Malaria/Results/6_nobird_annotation/P_cynomolgi.faa
2026-03-04 18:30:52 DEBUG:busco.busco_tools.Toolset	cmd call: hmmsearch --domtblout Results/8_busco/P_cynomolgi/run_apicomplexa_odb12/hmmer_output/initial_run_results/68879at5794.out --cpu 1 /home/inf-20-2025/Malaria/busco_downloads/lineages/apicomplexa_odb12/hmms/68879at5794.hmm /home/inf-20-2025/Malaria/Results/6_nobird_annotation/P_cynomolgi.faa
2026-03-04 18:30:52 DEBUG:busco.busco_tools.Toolset	cmd call: hmmsearch --domtblout Results/8_busco/P_cynomolgi/run_apicomplexa_odb12/hmmer_output/initial_run_results/7921at5794.out --cpu 1 /home/inf-20-2025/Malaria/busco_downloads/lineages/apicomplexa_odb12/hmms/7921at5794.hmm /home/inf-20-2025/Malaria/Results/6_nobird_annotation/P_cynomolgi.faa
2026-03-04 18:30:52 DEBUG:busco.busco_tools.Toolset	cmd call: hmmsearch --domtblout Results/8_busco/P_cynomolgi/run_apicomplexa_odb12/hmmer_output/initial_run_results/69176at5794.out --cpu 1 /home/inf-20-2025/Malaria/busco_downloads/lineages/apicomplexa_odb12/hmms/69176at5794.hmm /home/inf-20-2025/Malaria/Results/6_nobird_annotation/P_cynomolgi.faa
2026-03-04 18:30:52 DEBUG:busco.busco_tools.Toolset	cmd call: hmmsearch --domtblout Results/8_busco/P_cynomolgi/run_apicomplexa_odb12/hmmer_output/initial_run_results/68895at5794.out --cpu 1 /home/inf-20-2025/Malaria/busco_downloads/lineages/apicomplexa_odb12/hmms/68895at5794.hmm /home/inf-20-2025/Malaria/Results/6_nobird_annotation/P_cynomolgi.faa
2026-03-04 18:30:52 DEBUG:busco.busco_tools.Toolset	cmd call: hmmsearch --domtblout Results/8_busco/P_cynomolgi/run_apicomplexa_odb12/hmmer_output/initial_run_results/8083at5794.out --cpu 1 /home/inf-20-2025/Malaria/busco_downloads/lineages/apicomplexa_odb12/hmms/8083at5794.hmm /home/inf-20-2025/Malaria/Results/6_nobird_annotation/P_cynomolgi.faa
2026-03-04 18:30:52 DEBUG:busco.busco_tools.Toolset	cmd call: hmmsearch --domtblout Results/8_busco/P_cynomolgi/run_apicomplexa_odb12/hmmer_output/initial_run_results/8796at5794.out --cpu 1 /home/inf-20-2025/Malaria/busco_downloads/lineages/apicomplexa_odb12/hmms/8796at5794.hmm /home/inf-20-2025/Malaria/Results/6_nobird_annotation/P_cynomolgi.faa
2026-03-04 18:30:52 DEBUG:busco.busco_tools.Toolset	cmd call: hmmsearch --domtblout Results/8_busco/P_cynomolgi/run_apicomplexa_odb12/hmmer_output/initial_run_results/69139at5794.out --cpu 1 /home/inf-20-2025/Malaria/busco_downloads/lineages/apicomplexa_odb12/hmms/69139at5794.hmm /home/inf-20-2025/Malaria/Results/6_nobird_annotation/P_cynomolgi.faa
2026-03-04 18:30:52 DEBUG:busco.busco_tools.Toolset	cmd call: hmmsearch --domtblout Results/8_busco/P_cynomolgi/run_apicomplexa_odb12/hmmer_output/initial_run_results/8233at5794.out --cpu 1 /home/inf-20-2025/Malaria/busco_downloads/lineages/apicomplexa_odb12/hmms/8233at5794.hmm /home/inf-20-2025/Malaria/Results/6_nobird_annotation/P_cynomolgi.faa
2026-03-04 18:30:52 DEBUG:busco.busco_tools.Toolset	cmd call: hmmsearch --domtblout Results/8_busco/P_cynomolgi/run_apicomplexa_odb12/hmmer_output/initial_run_results/69058at5794.out --cpu 1 /home/inf-20-2025/Malaria/busco_downloads/lineages/apicomplexa_odb12/hmms/69058at5794.hmm /home/inf-20-2025/Malaria/Results/6_nobird_annotation/P_cynomolgi.faa
2026-03-04 18:30:52 DEBUG:busco.busco_tools.Toolset	cmd call: hmmsearch --domtblout Results/8_busco/P_cynomolgi/run_apicomplexa_odb12/hmmer_output/initial_run_results/8812at5794.out --cpu 1 /home/inf-20-2025/Malaria/busco_downloads/lineages/apicomplexa_odb12/hmms/8812at5794.hmm /home/inf-20-2025/Malaria/Results/6_nobird_annotation/P_cynomolgi.faa
2026-03-04 18:30:52 DEBUG:busco.busco_tools.Toolset	cmd call: hmmsearch --domtblout Results/8_busco/P_cynomolgi/run_apicomplexa_odb12/hmmer_output/initial_run_results/68903at5794.out --cpu 1 /home/inf-20-2025/Malaria/busco_downloads/lineages/apicomplexa_odb12/hmms/68903at5794.hmm /home/inf-20-2025/Malaria/Results/6_nobird_annotation/P_cynomolgi.faa
2026-03-04 18:30:52 DEBUG:busco.busco_tools.Toolset	cmd call: hmmsearch --domtblout Results/8_busco/P_cynomolgi/run_apicomplexa_odb12/hmmer_output/initial_run_results/8315at5794.out --cpu 1 /home/inf-20-2025/Malaria/busco_downloads/lineages/apicomplexa_odb12/hmms/8315at5794.hmm /home/inf-20-2025/Malaria/Results/6_nobird_annotation/P_cynomolgi.faa
2026-03-04 18:30:52 DEBUG:busco.busco_tools.Toolset	cmd call: hmmsearch --domtblout Results/8_busco/P_cynomolgi/run_apicomplexa_odb12/hmmer_output/initial_run_results/9051at5794.out --cpu 1 /home/inf-20-2025/Malaria/busco_downloads/lineages/apicomplexa_odb12/hmms/9051at5794.hmm /home/inf-20-2025/Malaria/Results/6_nobird_annotation/P_cynomolgi.faa
2026-03-04 18:30:52 DEBUG:busco.busco_tools.Toolset	cmd call: hmmsearch --domtblout Results/8_busco/P_cynomolgi/run_apicomplexa_odb12/hmmer_output/initial_run_results/68909at5794.out --cpu 1 /home/inf-20-2025/Malaria/busco_downloads/lineages/apicomplexa_odb12/hmms/68909at5794.hmm /home/inf-20-2025/Malaria/Results/6_nobird_annotation/P_cynomolgi.faa
2026-03-04 18:30:52 DEBUG:busco.busco_tools.Toolset	cmd call: hmmsearch --domtblout Results/8_busco/P_cynomolgi/run_apicomplexa_odb12/hmmer_output/initial_run_results/69143at5794.out --cpu 1 /home/inf-20-2025/Malaria/busco_downloads/lineages/apicomplexa_odb12/hmms/69143at5794.hmm /home/inf-20-2025/Malaria/Results/6_nobird_annotation/P_cynomolgi.faa
2026-03-04 18:30:52 DEBUG:busco.busco_tools.Toolset	cmd call: hmmsearch --domtblout Results/8_busco/P_cynomolgi/run_apicomplexa_odb12/hmmer_output/initial_run_results/68953at5794.out --cpu 1 /home/inf-20-2025/Malaria/busco_downloads/lineages/apicomplexa_odb12/hmms/68953at5794.hmm /home/inf-20-2025/Malaria/Results/6_nobird_annotation/P_cynomolgi.faa
2026-03-04 18:30:52 DEBUG:busco.busco_tools.Toolset	cmd call: hmmsearch --domtblout Results/8_busco/P_cynomolgi/run_apicomplexa_odb12/hmmer_output/initial_run_results/69177at5794.out --cpu 1 /home/inf-20-2025/Malaria/busco_downloads/lineages/apicomplexa_odb12/hmms/69177at5794.hmm /home/inf-20-2025/Malaria/Results/6_nobird_annotation/P_cynomolgi.faa
2026-03-04 18:30:52 DEBUG:busco.busco_tools.Toolset	cmd call: hmmsearch --domtblout Results/8_busco/P_cynomolgi/run_apicomplexa_odb12/hmmer_output/initial_run_results/8326at5794.out --cpu 1 /home/inf-20-2025/Malaria/busco_downloads/lineages/apicomplexa_odb12/hmms/8326at5794.hmm /home/inf-20-2025/Malaria/Results/6_nobird_annotation/P_cynomolgi.faa
2026-03-04 18:30:53 DEBUG:busco.busco_tools.Toolset	cmd call: hmmsearch --domtblout Results/8_busco/P_cynomolgi/run_apicomplexa_odb12/hmmer_output/initial_run_results/69144at5794.out --cpu 1 /home/inf-20-2025/Malaria/busco_downloads/lineages/apicomplexa_odb12/hmms/69144at5794.hmm /home/inf-20-2025/Malaria/Results/6_nobird_annotation/P_cynomolgi.faa
2026-03-04 18:30:53 DEBUG:busco.busco_tools.Toolset	cmd call: hmmsearch --domtblout Results/8_busco/P_cynomolgi/run_apicomplexa_odb12/hmmer_output/initial_run_results/8327at5794.out --cpu 1 /home/inf-20-2025/Malaria/busco_downloads/lineages/apicomplexa_odb12/hmms/8327at5794.hmm /home/inf-20-2025/Malaria/Results/6_nobird_annotation/P_cynomolgi.faa
2026-03-04 18:30:53 DEBUG:busco.busco_tools.Toolset	cmd call: hmmsearch --domtblout Results/8_busco/P_cynomolgi/run_apicomplexa_odb12/hmmer_output/initial_run_results/69147at5794.out --cpu 1 /home/inf-20-2025/Malaria/busco_downloads/lineages/apicomplexa_odb12/hmms/69147at5794.hmm /home/inf-20-2025/Malaria/Results/6_nobird_annotation/P_cynomolgi.faa
2026-03-04 18:30:53 DEBUG:busco.busco_tools.Toolset	cmd call: hmmsearch --domtblout Results/8_busco/P_cynomolgi/run_apicomplexa_odb12/hmmer_output/initial_run_results/8399at5794.out --cpu 1 /home/inf-20-2025/Malaria/busco_downloads/lineages/apicomplexa_odb12/hmms/8399at5794.hmm /home/inf-20-2025/Malaria/Results/6_nobird_annotation/P_cynomolgi.faa
2026-03-04 18:30:53 DEBUG:busco.busco_tools.Toolset	cmd call: hmmsearch --domtblout Results/8_busco/P_cynomolgi/run_apicomplexa_odb12/hmmer_output/initial_run_results/69103at5794.out --cpu 1 /home/inf-20-2025/Malaria/busco_downloads/lineages/apicomplexa_odb12/hmms/69103at5794.hmm /home/inf-20-2025/Malaria/Results/6_nobird_annotation/P_cynomolgi.faa
2026-03-04 18:30:53 DEBUG:busco.busco_tools.Toolset	cmd call: hmmsearch --domtblout Results/8_busco/P_cynomolgi/run_apicomplexa_odb12/hmmer_output/initial_run_results/9112at5794.out --cpu 1 /home/inf-20-2025/Malaria/busco_downloads/lineages/apicomplexa_odb12/hmms/9112at5794.hmm /home/inf-20-2025/Malaria/Results/6_nobird_annotation/P_cynomolgi.faa
2026-03-04 18:30:53 DEBUG:busco.busco_tools.Toolset	cmd call: hmmsearch --domtblout Results/8_busco/P_cynomolgi/run_apicomplexa_odb12/hmmer_output/initial_run_results/69186at5794.out --cpu 1 /home/inf-20-2025/Malaria/busco_downloads/lineages/apicomplexa_odb12/hmms/69186at5794.hmm /home/inf-20-2025/Malaria/Results/6_nobird_annotation/P_cynomolgi.faa
2026-03-04 18:30:53 DEBUG:busco.busco_tools.Toolset	cmd call: hmmsearch --domtblout Results/8_busco/P_cynomolgi/run_apicomplexa_odb12/hmmer_output/initial_run_results/8453at5794.out --cpu 1 /home/inf-20-2025/Malaria/busco_downloads/lineages/apicomplexa_odb12/hmms/8453at5794.hmm /home/inf-20-2025/Malaria/Results/6_nobird_annotation/P_cynomolgi.faa
2026-03-04 18:30:53 DEBUG:busco.busco_tools.Toolset	cmd call: hmmsearch --domtblout Results/8_busco/P_cynomolgi/run_apicomplexa_odb12/hmmer_output/initial_run_results/68984at5794.out --cpu 1 /home/inf-20-2025/Malaria/busco_downloads/lineages/apicomplexa_odb12/hmms/68984at5794.hmm /home/inf-20-2025/Malaria/Results/6_nobird_annotation/P_cynomolgi.faa
2026-03-04 18:30:53 DEBUG:busco.busco_tools.Toolset	cmd call: hmmsearch --domtblout Results/8_busco/P_cynomolgi/run_apicomplexa_odb12/hmmer_output/initial_run_results/69187at5794.out --cpu 1 /home/inf-20-2025/Malaria/busco_downloads/lineages/apicomplexa_odb12/hmms/69187at5794.hmm /home/inf-20-2025/Malaria/Results/6_nobird_annotation/P_cynomolgi.faa
2026-03-04 18:30:53 DEBUG:busco.busco_tools.Toolset	cmd call: hmmsearch --domtblout Results/8_busco/P_cynomolgi/run_apicomplexa_odb12/hmmer_output/initial_run_results/68958at5794.out --cpu 1 /home/inf-20-2025/Malaria/busco_downloads/lineages/apicomplexa_odb12/hmms/68958at5794.hmm /home/inf-20-2025/Malaria/Results/6_nobird_annotation/P_cynomolgi.faa
2026-03-04 18:30:53 DEBUG:busco.busco_tools.Toolset	cmd call: hmmsearch --domtblout Results/8_busco/P_cynomolgi/run_apicomplexa_odb12/hmmer_output/initial_run_results/9198at5794.out --cpu 1 /home/inf-20-2025/Malaria/busco_downloads/lineages/apicomplexa_odb12/hmms/9198at5794.hmm /home/inf-20-2025/Malaria/Results/6_nobird_annotation/P_cynomolgi.faa
2026-03-04 18:30:53 DEBUG:busco.busco_tools.Toolset	cmd call: hmmsearch --domtblout Results/8_busco/P_cynomolgi/run_apicomplexa_odb12/hmmer_output/initial_run_results/8461at5794.out --cpu 1 /home/inf-20-2025/Malaria/busco_downloads/lineages/apicomplexa_odb12/hmms/8461at5794.hmm /home/inf-20-2025/Malaria/Results/6_nobird_annotation/P_cynomolgi.faa
2026-03-04 18:30:53 DEBUG:busco.busco_tools.Toolset	cmd call: hmmsearch --domtblout Results/8_busco/P_cynomolgi/run_apicomplexa_odb12/hmmer_output/initial_run_results/69189at5794.out --cpu 1 /home/inf-20-2025/Malaria/busco_downloads/lineages/apicomplexa_odb12/hmms/69189at5794.hmm /home/inf-20-2025/Malaria/Results/6_nobird_annotation/P_cynomolgi.faa
2026-03-04 18:30:53 DEBUG:busco.busco_tools.Toolset	cmd call: hmmsearch --domtblout Results/8_busco/P_cynomolgi/run_apicomplexa_odb12/hmmer_output/initial_run_results/68989at5794.out --cpu 1 /home/inf-20-2025/Malaria/busco_downloads/lineages/apicomplexa_odb12/hmms/68989at5794.hmm /home/inf-20-2025/Malaria/Results/6_nobird_annotation/P_cynomolgi.faa
2026-03-04 18:30:53 DEBUG:busco.busco_tools.Toolset	cmd call: hmmsearch --domtblout Results/8_busco/P_cynomolgi/run_apicomplexa_odb12/hmmer_output/initial_run_results/68965at5794.out --cpu 1 /home/inf-20-2025/Malaria/busco_downloads/lineages/apicomplexa_odb12/hmms/68965at5794.hmm /home/inf-20-2025/Malaria/Results/6_nobird_annotation/P_cynomolgi.faa
2026-03-04 18:30:53 DEBUG:busco.busco_tools.Toolset	cmd call: hmmsearch --domtblout Results/8_busco/P_cynomolgi/run_apicomplexa_odb12/hmmer_output/initial_run_results/69148at5794.out --cpu 1 /home/inf-20-2025/Malaria/busco_downloads/lineages/apicomplexa_odb12/hmms/69148at5794.hmm /home/inf-20-2025/Malaria/Results/6_nobird_annotation/P_cynomolgi.faa
2026-03-04 18:30:53 DEBUG:busco.busco_tools.Toolset	cmd call: hmmsearch --domtblout Results/8_busco/P_cynomolgi/run_apicomplexa_odb12/hmmer_output/initial_run_results/8471at5794.out --cpu 1 /home/inf-20-2025/Malaria/busco_downloads/lineages/apicomplexa_odb12/hmms/8471at5794.hmm /home/inf-20-2025/Malaria/Results/6_nobird_annotation/P_cynomolgi.faa
2026-03-04 18:30:53 DEBUG:busco.busco_tools.Toolset	cmd call: hmmsearch --domtblout Results/8_busco/P_cynomolgi/run_apicomplexa_odb12/hmmer_output/initial_run_results/68992at5794.out --cpu 1 /home/inf-20-2025/Malaria/busco_downloads/lineages/apicomplexa_odb12/hmms/68992at5794.hmm /home/inf-20-2025/Malaria/Results/6_nobird_annotation/P_cynomolgi.faa
2026-03-04 18:30:53 DEBUG:busco.busco_tools.Toolset	cmd call: hmmsearch --domtblout Results/8_busco/P_cynomolgi/run_apicomplexa_odb12/hmmer_output/initial_run_results/69196at5794.out --cpu 1 /home/inf-20-2025/Malaria/busco_downloads/lineages/apicomplexa_odb12/hmms/69196at5794.hmm /home/inf-20-2025/Malaria/Results/6_nobird_annotation/P_cynomolgi.faa
2026-03-04 18:30:53 DEBUG:busco.busco_tools.Toolset	cmd call: hmmsearch --domtblout Results/8_busco/P_cynomolgi/run_apicomplexa_odb12/hmmer_output/initial_run_results/9558at5794.out --cpu 1 /home/inf-20-2025/Malaria/busco_downloads/lineages/apicomplexa_odb12/hmms/9558at5794.hmm /home/inf-20-2025/Malaria/Results/6_nobird_annotation/P_cynomolgi.faa
2026-03-04 18:30:53 DEBUG:busco.busco_tools.Toolset	cmd call: hmmsearch --domtblout Results/8_busco/P_cynomolgi/run_apicomplexa_odb12/hmmer_output/initial_run_results/69198at5794.out --cpu 1 /home/inf-20-2025/Malaria/busco_downloads/lineages/apicomplexa_odb12/hmms/69198at5794.hmm /home/inf-20-2025/Malaria/Results/6_nobird_annotation/P_cynomolgi.faa
2026-03-04 18:30:53 DEBUG:busco.busco_tools.Toolset	cmd call: hmmsearch --domtblout Results/8_busco/P_cynomolgi/run_apicomplexa_odb12/hmmer_output/initial_run_results/68993at5794.out --cpu 1 /home/inf-20-2025/Malaria/busco_downloads/lineages/apicomplexa_odb12/hmms/68993at5794.hmm /home/inf-20-2025/Malaria/Results/6_nobird_annotation/P_cynomolgi.faa
2026-03-04 18:30:53 DEBUG:busco.busco_tools.Toolset	cmd call: hmmsearch --domtblout Results/8_busco/P_cynomolgi/run_apicomplexa_odb12/hmmer_output/initial_run_results/69153at5794.out --cpu 1 /home/inf-20-2025/Malaria/busco_downloads/lineages/apicomplexa_odb12/hmms/69153at5794.hmm /home/inf-20-2025/Malaria/Results/6_nobird_annotation/P_cynomolgi.faa
2026-03-04 18:30:53 INFO:busco.busco_tools.Toolset	[hmmsearch]	433 of 481 task(s) completed
2026-03-04 18:30:53 DEBUG:busco.busco_tools.Toolset	cmd call: hmmsearch --domtblout Results/8_busco/P_cynomolgi/run_apicomplexa_odb12/hmmer_output/initial_run_results/7741at5794.out --cpu 1 /home/inf-20-2025/Malaria/busco_downloads/lineages/apicomplexa_odb12/hmms/7741at5794.hmm /home/inf-20-2025/Malaria/Results/6_nobird_annotation/P_cynomolgi.faa
2026-03-04 18:30:53 DEBUG:busco.busco_tools.Toolset	cmd call: hmmsearch --domtblout Results/8_busco/P_cynomolgi/run_apicomplexa_odb12/hmmer_output/initial_run_results/68967at5794.out --cpu 1 /home/inf-20-2025/Malaria/busco_downloads/lineages/apicomplexa_odb12/hmms/68967at5794.hmm /home/inf-20-2025/Malaria/Results/6_nobird_annotation/P_cynomolgi.faa
2026-03-04 18:30:53 DEBUG:busco.busco_tools.Toolset	cmd call: hmmsearch --domtblout Results/8_busco/P_cynomolgi/run_apicomplexa_odb12/hmmer_output/initial_run_results/69159at5794.out --cpu 1 /home/inf-20-2025/Malaria/busco_downloads/lineages/apicomplexa_odb12/hmms/69159at5794.hmm /home/inf-20-2025/Malaria/Results/6_nobird_annotation/P_cynomolgi.faa
2026-03-04 18:30:53 DEBUG:busco.busco_tools.Toolset	cmd call: hmmsearch --domtblout Results/8_busco/P_cynomolgi/run_apicomplexa_odb12/hmmer_output/initial_run_results/69108at5794.out --cpu 1 /home/inf-20-2025/Malaria/busco_downloads/lineages/apicomplexa_odb12/hmms/69108at5794.hmm /home/inf-20-2025/Malaria/Results/6_nobird_annotation/P_cynomolgi.faa
2026-03-04 18:30:53 DEBUG:busco.busco_tools.Toolset	cmd call: hmmsearch --domtblout Results/8_busco/P_cynomolgi/run_apicomplexa_odb12/hmmer_output/initial_run_results/7803at5794.out --cpu 1 /home/inf-20-2025/Malaria/busco_downloads/lineages/apicomplexa_odb12/hmms/7803at5794.hmm /home/inf-20-2025/Malaria/Results/6_nobird_annotation/P_cynomolgi.faa
2026-03-04 18:30:53 DEBUG:busco.busco_tools.Toolset	cmd call: hmmsearch --domtblout Results/8_busco/P_cynomolgi/run_apicomplexa_odb12/hmmer_output/initial_run_results/8569at5794.out --cpu 1 /home/inf-20-2025/Malaria/busco_downloads/lineages/apicomplexa_odb12/hmms/8569at5794.hmm /home/inf-20-2025/Malaria/Results/6_nobird_annotation/P_cynomolgi.faa
2026-03-04 18:30:53 DEBUG:busco.busco_tools.Toolset	cmd call: hmmsearch --domtblout Results/8_busco/P_cynomolgi/run_apicomplexa_odb12/hmmer_output/initial_run_results/69116at5794.out --cpu 1 /home/inf-20-2025/Malaria/busco_downloads/lineages/apicomplexa_odb12/hmms/69116at5794.hmm /home/inf-20-2025/Malaria/Results/6_nobird_annotation/P_cynomolgi.faa
2026-03-04 18:30:53 DEBUG:busco.busco_tools.Toolset	cmd call: hmmsearch --domtblout Results/8_busco/P_cynomolgi/run_apicomplexa_odb12/hmmer_output/initial_run_results/69160at5794.out --cpu 1 /home/inf-20-2025/Malaria/busco_downloads/lineages/apicomplexa_odb12/hmms/69160at5794.hmm /home/inf-20-2025/Malaria/Results/6_nobird_annotation/P_cynomolgi.faa
2026-03-04 18:30:53 DEBUG:busco.busco_tools.Toolset	cmd call: hmmsearch --domtblout Results/8_busco/P_cynomolgi/run_apicomplexa_odb12/hmmer_output/initial_run_results/68969at5794.out --cpu 1 /home/inf-20-2025/Malaria/busco_downloads/lineages/apicomplexa_odb12/hmms/68969at5794.hmm /home/inf-20-2025/Malaria/Results/6_nobird_annotation/P_cynomolgi.faa
2026-03-04 18:30:53 DEBUG:busco.busco_tools.Toolset	cmd call: hmmsearch --domtblout Results/8_busco/P_cynomolgi/run_apicomplexa_odb12/hmmer_output/initial_run_results/69001at5794.out --cpu 1 /home/inf-20-2025/Malaria/busco_downloads/lineages/apicomplexa_odb12/hmms/69001at5794.hmm /home/inf-20-2025/Malaria/Results/6_nobird_annotation/P_cynomolgi.faa
2026-03-04 18:30:53 DEBUG:busco.busco_tools.Toolset	cmd call: hmmsearch --domtblout Results/8_busco/P_cynomolgi/run_apicomplexa_odb12/hmmer_output/initial_run_results/8628at5794.out --cpu 1 /home/inf-20-2025/Malaria/busco_downloads/lineages/apicomplexa_odb12/hmms/8628at5794.hmm /home/inf-20-2025/Malaria/Results/6_nobird_annotation/P_cynomolgi.faa
2026-03-04 18:30:53 DEBUG:busco.busco_tools.Toolset	cmd call: hmmsearch --domtblout Results/8_busco/P_cynomolgi/run_apicomplexa_odb12/hmmer_output/initial_run_results/69120at5794.out --cpu 1 /home/inf-20-2025/Malaria/busco_downloads/lineages/apicomplexa_odb12/hmms/69120at5794.hmm /home/inf-20-2025/Malaria/Results/6_nobird_annotation/P_cynomolgi.faa
2026-03-04 18:30:53 DEBUG:busco.busco_tools.Toolset	cmd call: hmmsearch --domtblout Results/8_busco/P_cynomolgi/run_apicomplexa_odb12/hmmer_output/initial_run_results/69163at5794.out --cpu 1 /home/inf-20-2025/Malaria/busco_downloads/lineages/apicomplexa_odb12/hmms/69163at5794.hmm /home/inf-20-2025/Malaria/Results/6_nobird_annotation/P_cynomolgi.faa
2026-03-04 18:30:53 DEBUG:busco.busco_tools.Toolset	cmd call: hmmsearch --domtblout Results/8_busco/P_cynomolgi/run_apicomplexa_odb12/hmmer_output/initial_run_results/7861at5794.out --cpu 1 /home/inf-20-2025/Malaria/busco_downloads/lineages/apicomplexa_odb12/hmms/7861at5794.hmm /home/inf-20-2025/Malaria/Results/6_nobird_annotation/P_cynomolgi.faa
2026-03-04 18:30:53 DEBUG:busco.busco_tools.Toolset	cmd call: hmmsearch --domtblout Results/8_busco/P_cynomolgi/run_apicomplexa_odb12/hmmer_output/initial_run_results/69121at5794.out --cpu 1 /home/inf-20-2025/Malaria/busco_downloads/lineages/apicomplexa_odb12/hmms/69121at5794.hmm /home/inf-20-2025/Malaria/Results/6_nobird_annotation/P_cynomolgi.faa
2026-03-04 18:30:53 DEBUG:busco.busco_tools.Toolset	cmd call: hmmsearch --domtblout Results/8_busco/P_cynomolgi/run_apicomplexa_odb12/hmmer_output/initial_run_results/68970at5794.out --cpu 1 /home/inf-20-2025/Malaria/busco_downloads/lineages/apicomplexa_odb12/hmms/68970at5794.hmm /home/inf-20-2025/Malaria/Results/6_nobird_annotation/P_cynomolgi.faa
2026-03-04 18:30:53 DEBUG:busco.busco_tools.Toolset	cmd call: hmmsearch --domtblout Results/8_busco/P_cynomolgi/run_apicomplexa_odb12/hmmer_output/initial_run_results/69003at5794.out --cpu 1 /home/inf-20-2025/Malaria/busco_downloads/lineages/apicomplexa_odb12/hmms/69003at5794.hmm /home/inf-20-2025/Malaria/Results/6_nobird_annotation/P_cynomolgi.faa
2026-03-04 18:30:54 DEBUG:busco.busco_tools.Toolset	cmd call: hmmsearch --domtblout Results/8_busco/P_cynomolgi/run_apicomplexa_odb12/hmmer_output/initial_run_results/68972at5794.out --cpu 1 /home/inf-20-2025/Malaria/busco_downloads/lineages/apicomplexa_odb12/hmms/68972at5794.hmm /home/inf-20-2025/Malaria/Results/6_nobird_annotation/P_cynomolgi.faa
2026-03-04 18:30:54 DEBUG:busco.busco_tools.Toolset	cmd call: hmmsearch --domtblout Results/8_busco/P_cynomolgi/run_apicomplexa_odb12/hmmer_output/initial_run_results/69164at5794.out --cpu 1 /home/inf-20-2025/Malaria/busco_downloads/lineages/apicomplexa_odb12/hmms/69164at5794.hmm /home/inf-20-2025/Malaria/Results/6_nobird_annotation/P_cynomolgi.faa
2026-03-04 18:30:54 DEBUG:busco.busco_tools.Toolset	cmd call: hmmsearch --domtblout Results/8_busco/P_cynomolgi/run_apicomplexa_odb12/hmmer_output/initial_run_results/69010at5794.out --cpu 1 /home/inf-20-2025/Malaria/busco_downloads/lineages/apicomplexa_odb12/hmms/69010at5794.hmm /home/inf-20-2025/Malaria/Results/6_nobird_annotation/P_cynomolgi.faa
2026-03-04 18:30:54 DEBUG:busco.busco_tools.Toolset	cmd call: hmmsearch --domtblout Results/8_busco/P_cynomolgi/run_apicomplexa_odb12/hmmer_output/initial_run_results/9567at5794.out --cpu 1 /home/inf-20-2025/Malaria/busco_downloads/lineages/apicomplexa_odb12/hmms/9567at5794.hmm /home/inf-20-2025/Malaria/Results/6_nobird_annotation/P_cynomolgi.faa
2026-03-04 18:30:54 DEBUG:busco.busco_tools.Toolset	cmd call: hmmsearch --domtblout Results/8_busco/P_cynomolgi/run_apicomplexa_odb12/hmmer_output/initial_run_results/9663at5794.out --cpu 1 /home/inf-20-2025/Malaria/busco_downloads/lineages/apicomplexa_odb12/hmms/9663at5794.hmm /home/inf-20-2025/Malaria/Results/6_nobird_annotation/P_cynomolgi.faa
2026-03-04 18:30:54 DEBUG:busco.busco_tools.Toolset	cmd call: hmmsearch --domtblout Results/8_busco/P_cynomolgi/run_apicomplexa_odb12/hmmer_output/initial_run_results/69130at5794.out --cpu 1 /home/inf-20-2025/Malaria/busco_downloads/lineages/apicomplexa_odb12/hmms/69130at5794.hmm /home/inf-20-2025/Malaria/Results/6_nobird_annotation/P_cynomolgi.faa
2026-03-04 18:30:54 DEBUG:busco.busco_tools.Toolset	cmd call: hmmsearch --domtblout Results/8_busco/P_cynomolgi/run_apicomplexa_odb12/hmmer_output/initial_run_results/9716at5794.out --cpu 1 /home/inf-20-2025/Malaria/busco_downloads/lineages/apicomplexa_odb12/hmms/9716at5794.hmm /home/inf-20-2025/Malaria/Results/6_nobird_annotation/P_cynomolgi.faa
2026-03-04 18:30:54 DEBUG:busco.busco_tools.Toolset	cmd call: hmmsearch --domtblout Results/8_busco/P_cynomolgi/run_apicomplexa_odb12/hmmer_output/initial_run_results/68910at5794.out --cpu 1 /home/inf-20-2025/Malaria/busco_downloads/lineages/apicomplexa_odb12/hmms/68910at5794.hmm /home/inf-20-2025/Malaria/Results/6_nobird_annotation/P_cynomolgi.faa
2026-03-04 18:30:54 DEBUG:busco.busco_tools.Toolset	cmd call: hmmsearch --domtblout Results/8_busco/P_cynomolgi/run_apicomplexa_odb12/hmmer_output/initial_run_results/69012at5794.out --cpu 1 /home/inf-20-2025/Malaria/busco_downloads/lineages/apicomplexa_odb12/hmms/69012at5794.hmm /home/inf-20-2025/Malaria/Results/6_nobird_annotation/P_cynomolgi.faa
2026-03-04 18:30:54 DEBUG:busco.busco_tools.Toolset	cmd call: hmmsearch --domtblout Results/8_busco/P_cynomolgi/run_apicomplexa_odb12/hmmer_output/initial_run_results/9722at5794.out --cpu 1 /home/inf-20-2025/Malaria/busco_downloads/lineages/apicomplexa_odb12/hmms/9722at5794.hmm /home/inf-20-2025/Malaria/Results/6_nobird_annotation/P_cynomolgi.faa
2026-03-04 18:30:54 DEBUG:busco.busco_tools.Toolset	cmd call: hmmsearch --domtblout Results/8_busco/P_cynomolgi/run_apicomplexa_odb12/hmmer_output/initial_run_results/9831at5794.out --cpu 1 /home/inf-20-2025/Malaria/busco_downloads/lineages/apicomplexa_odb12/hmms/9831at5794.hmm /home/inf-20-2025/Malaria/Results/6_nobird_annotation/P_cynomolgi.faa
2026-03-04 18:30:54 DEBUG:busco.busco_tools.Toolset	cmd call: hmmsearch --domtblout Results/8_busco/P_cynomolgi/run_apicomplexa_odb12/hmmer_output/initial_run_results/9903at5794.out --cpu 1 /home/inf-20-2025/Malaria/busco_downloads/lineages/apicomplexa_odb12/hmms/9903at5794.hmm /home/inf-20-2025/Malaria/Results/6_nobird_annotation/P_cynomolgi.faa
2026-03-04 18:30:55 DEBUG:busco.busco_tools.Toolset	cmd call: hmmsearch --domtblout Results/8_busco/P_cynomolgi/run_apicomplexa_odb12/hmmer_output/initial_run_results/9998at5794.out --cpu 1 /home/inf-20-2025/Malaria/busco_downloads/lineages/apicomplexa_odb12/hmms/9998at5794.hmm /home/inf-20-2025/Malaria/Results/6_nobird_annotation/P_cynomolgi.faa
2026-03-04 18:30:55 DEBUG:busco.busco_tools.Toolset	cmd call: hmmsearch --domtblout Results/8_busco/P_cynomolgi/run_apicomplexa_odb12/hmmer_output/initial_run_results/68917at5794.out --cpu 1 /home/inf-20-2025/Malaria/busco_downloads/lineages/apicomplexa_odb12/hmms/68917at5794.hmm /home/inf-20-2025/Malaria/Results/6_nobird_annotation/P_cynomolgi.faa
2026-03-04 18:30:55 DEBUG:busco.busco_tools.Toolset	cmd call: hmmsearch --domtblout Results/8_busco/P_cynomolgi/run_apicomplexa_odb12/hmmer_output/initial_run_results/69028at5794.out --cpu 1 /home/inf-20-2025/Malaria/busco_downloads/lineages/apicomplexa_odb12/hmms/69028at5794.hmm /home/inf-20-2025/Malaria/Results/6_nobird_annotation/P_cynomolgi.faa
2026-03-04 18:30:55 DEBUG:busco.busco_tools.Toolset	cmd call: hmmsearch --domtblout Results/8_busco/P_cynomolgi/run_apicomplexa_odb12/hmmer_output/initial_run_results/68918at5794.out --cpu 1 /home/inf-20-2025/Malaria/busco_downloads/lineages/apicomplexa_odb12/hmms/68918at5794.hmm /home/inf-20-2025/Malaria/Results/6_nobird_annotation/P_cynomolgi.faa
2026-03-04 18:30:55 DEBUG:busco.busco_tools.Toolset	cmd call: hmmsearch --domtblout Results/8_busco/P_cynomolgi/run_apicomplexa_odb12/hmmer_output/initial_run_results/69029at5794.out --cpu 1 /home/inf-20-2025/Malaria/busco_downloads/lineages/apicomplexa_odb12/hmms/69029at5794.hmm /home/inf-20-2025/Malaria/Results/6_nobird_annotation/P_cynomolgi.faa
2026-03-04 18:30:55 DEBUG:busco.busco_tools.Toolset	cmd call: hmmsearch --domtblout Results/8_busco/P_cynomolgi/run_apicomplexa_odb12/hmmer_output/initial_run_results/68919at5794.out --cpu 1 /home/inf-20-2025/Malaria/busco_downloads/lineages/apicomplexa_odb12/hmms/68919at5794.hmm /home/inf-20-2025/Malaria/Results/6_nobird_annotation/P_cynomolgi.faa
2026-03-04 18:30:55 DEBUG:busco.busco_tools.Toolset	cmd call: hmmsearch --domtblout Results/8_busco/P_cynomolgi/run_apicomplexa_odb12/hmmer_output/initial_run_results/69033at5794.out --cpu 1 /home/inf-20-2025/Malaria/busco_downloads/lineages/apicomplexa_odb12/hmms/69033at5794.hmm /home/inf-20-2025/Malaria/Results/6_nobird_annotation/P_cynomolgi.faa
2026-03-04 18:30:56 DEBUG:busco.busco_tools.Toolset	cmd call: hmmsearch --domtblout Results/8_busco/P_cynomolgi/run_apicomplexa_odb12/hmmer_output/initial_run_results/69034at5794.out --cpu 1 /home/inf-20-2025/Malaria/busco_downloads/lineages/apicomplexa_odb12/hmms/69034at5794.hmm /home/inf-20-2025/Malaria/Results/6_nobird_annotation/P_cynomolgi.faa
2026-03-04 18:30:57 DEBUG:busco.busco_tools.Toolset	cmd call: hmmsearch --domtblout Results/8_busco/P_cynomolgi/run_apicomplexa_odb12/hmmer_output/initial_run_results/33447at5794.out --cpu 1 /home/inf-20-2025/Malaria/busco_downloads/lineages/apicomplexa_odb12/hmms/33447at5794.hmm /home/inf-20-2025/Malaria/Results/6_nobird_annotation/P_cynomolgi.faa
2026-03-04 18:30:57 DEBUG:busco.busco_tools.Toolset	cmd call: hmmsearch --domtblout Results/8_busco/P_cynomolgi/run_apicomplexa_odb12/hmmer_output/initial_run_results/33519at5794.out --cpu 1 /home/inf-20-2025/Malaria/busco_downloads/lineages/apicomplexa_odb12/hmms/33519at5794.hmm /home/inf-20-2025/Malaria/Results/6_nobird_annotation/P_cynomolgi.faa
2026-03-04 18:30:58 DEBUG:busco.busco_tools.Toolset	cmd call: hmmsearch --domtblout Results/8_busco/P_cynomolgi/run_apicomplexa_odb12/hmmer_output/initial_run_results/33556at5794.out --cpu 1 /home/inf-20-2025/Malaria/busco_downloads/lineages/apicomplexa_odb12/hmms/33556at5794.hmm /home/inf-20-2025/Malaria/Results/6_nobird_annotation/P_cynomolgi.faa
2026-03-04 18:30:59 INFO:busco.busco_tools.Toolset	[hmmsearch]	481 of 481 task(s) completed
2026-03-04 18:31:00 DEBUG:busco.busco_tools.hmmer	***** Results: *****

 C:97.3%[S:97.3%,D:0.0%],F:1.7%,M:1.0%,n:481	   
 468	Complete BUSCOs (C)			   
 468	Complete and single-copy BUSCOs (S)	   
 0	Complete and duplicated BUSCOs (D)	   
 8	Fragmented BUSCOs (F)			   
 5	Missing BUSCOs (M)			   
 481	Total BUSCO groups searched		   

2026-03-04 18:31:00 INFO:busco.BuscoRunner	

    ---------------------------------------------------
    |Results from dataset apicomplexa_odb12            |
    ---------------------------------------------------
    |C:97.3%[S:97.3%,D:0.0%],F:1.7%,M:1.0%,n:481       |
    |468    Complete BUSCOs (C)                        |
    |468    Complete and single-copy BUSCOs (S)        |
    |0    Complete and duplicated BUSCOs (D)           |
    |8    Fragmented BUSCOs (F)                        |
    |5    Missing BUSCOs (M)                           |
    |481    Total BUSCO groups searched                |
    ---------------------------------------------------
2026-03-04 18:31:00 INFO:busco.BuscoRunner	BUSCO analysis done. Total running time: 22 seconds
2026-03-04 18:31:00 INFO:busco.BuscoRunner	Results written in Results/8_busco/P_cynomolgi
2026-03-04 18:31:00 INFO:busco.BuscoRunner	For assistance with interpreting the results, please consult the userguide: https://busco.ezlab.org/busco_userguide.html

2026-03-04 18:31:00 INFO:busco.BuscoRunner	Visit this page https://gitlab.com/ezlab/busco#how-to-cite-busco to see how to cite BUSCO
2026-03-04 18:31:00 INFO:busco.run_BUSCO	Thank you for using BUSCO! Anonymous usage data is gathered to improve the tool. You may opt out with --opt-out-run-stats.
2026-03-04 18:31:00 DEBUG:urllib3.connectionpool	Starting new HTTPS connection (1): ipinfo.io:443
2026-03-04 18:31:00 DEBUG:urllib3.connectionpool	Starting new HTTPS connection (1): ipinfo.io:443
2026-03-04 18:31:00 DEBUG:urllib3.connectionpool	https://ipinfo.io:443 "GET /130.235.8.214/json HTTP/1.1" 200 None
2026-03-04 18:31:00 DEBUG:urllib3.connectionpool	https://ipinfo.io:443 "GET /130.235.8.214/json HTTP/1.1" 200 None
2026-03-04 18:31:00 DEBUG:urllib3.connectionpool	Starting new HTTPS connection (1): busco-data.ezlab.org:443
2026-03-04 18:31:00 DEBUG:urllib3.connectionpool	Starting new HTTPS connection (1): busco-data.ezlab.org:443
2026-03-04 18:31:01 DEBUG:urllib3.connectionpool	https://busco-data.ezlab.org:443 "POST /uploaddb HTTP/1.1" 200 64
2026-03-04 18:31:01 DEBUG:urllib3.connectionpool	https://busco-data.ezlab.org:443 "POST /uploaddb HTTP/1.1" 200 64
2026-03-04 18:31:01 DEBUG:busco.run_BUSCO	Data uploaded successfully.
